date,train_end_date,residual_history_start_date,residual_history_end_date,soc_open_kwh,soc_close_kwh,original_purchase_kwh,effective_purchase_kwh,upward_adjustment_kwh,downward_adjustment_kwh,emergency_purchase_kwh,base_plan_cost_yuan,downward_credit_yuan,upward_adjustment_cost_yuan,normal_settlement_cost_yuan,emergency_cost_yuan,total_cost_yuan,charge_kwh,discharge_kwh,surplus_discard_kwh,net_adjustment_cost_yuan,gross_adjustment_fee_yuan,settlement_kind,downward_component_yuan
2025-02-01,2025-01-31,2025-01-02,2025-01-31,6000.0,9758.454871193826,51247.516323716874,51247.516323716874,0.0,0.0,0.0,26892.026562188967,0.0,0.0,26892.026562188967,0.0,26892.026562188967,22541.473640750344,14875.984264933333,9203.85101456653,0.0,0.0,no_refund,0.0
2025-02-02,2025-02-01,2025-01-02,2025-02-01,9758.454871193826,9532.116331246914,93024.30530163649,93124.2095752587,99.90427362222067,0.0,0.0,59158.89159079037,0.0,139.20398342002716,59298.0955742104,0.0,59298.0955742104,21201.332134626882,17376.783715,10943.383205631824,139.20398342002716,139.20398342002716,no_refund,0.0
2025-02-03,2025-02-02,2025-01-02,2025-02-02,9532.116331246914,9410.58513116914,95680.99169039231,95680.99169039231,0.0,0.0,0.0,60859.01072747827,0.0,0.0,60859.01072747827,0.0,60859.01072747827,21246.833059858713,17319.312858555553,11536.554989089156,0.0,0.0,no_refund,0.0
2025-02-04,2025-02-03,2025-01-02,2025-02-03,9410.58513116914,9481.523380665434,97935.24928936761,98005.26827977096,70.01899040333495,0.0,0.0,62798.0750803036,0.0,98.07335234111383,62896.14843264472,0.0,62896.14843264472,21859.706738260626,17642.518033444445,12593.215624954775,98.07335234111383,98.07335234111383,no_refund,0.0
2025-02-05,2025-02-04,2025-01-02,2025-02-04,9481.523380665434,9483.27930116173,92541.39275264746,93048.55822286969,507.1654702222221,0.0,0.0,58885.58807965829,0.0,610.5160066623663,59496.10408632066,0.0,59496.10408632066,22236.79380946776,18010.22265722222,8073.560087290813,610.5160066623663,610.5160066623663,no_refund,0.0
2025-02-06,2025-02-05,2025-01-02,2025-02-05,9483.27930116173,9425.868090053087,98291.45188204251,98291.45188204251,0.0,0.0,0.0,62993.567368590826,0.0,0.0,62993.567368590826,0.0,62993.567368590826,21297.66165459808,17302.776030222223,14025.509040999994,0.0,0.0,no_refund,0.0
2025-02-07,2025-02-06,2025-01-02,2025-02-06,9425.868090053087,9277.328113425921,47795.3018282332,47795.3018282332,0.0,0.0,0.0,25055.983530227713,0.0,0.0,25055.98353022771,0.0,25055.98353022771,18545.145696751708,15155.253993333336,12599.730458148157,0.0,0.0,no_refund,0.0
2025-02-08,2025-02-07,2025-01-02,2025-02-07,9277.328113425921,9413.562782283945,39017.33177416461,39438.11927372016,420.7874995555565,0.0,0.0,20341.84105723853,0.0,512.1104689133344,20853.951526151865,0.0,20853.951526151865,18623.287886111124,14962.25198577778,4199.920656720157,512.1104689133344,512.1104689133344,no_refund,0.0
2025-02-09,2025-02-08,2025-01-02,2025-02-08,9413.562782283945,9169.035099271607,92298.9358445734,92317.89753736116,18.96169278777836,0.0,0.0,58620.10998984667,0.0,25.354049631280496,58645.46403947795,0.0,58645.46403947795,21009.33214631001,17237.63395322222,8990.783377606716,25.354049631280496,25.354049631280496,no_refund,0.0
2025-02-10,2025-02-09,2025-01-02,2025-02-09,9169.035099271607,9121.483905364197,88597.13909280933,88617.15751751044,20.018424701111144,0.0,0.0,55829.35970004559,0.0,27.32920568322036,55856.68890572881,0.0,55856.68890572881,20390.99293155555,16559.50034907666,10459.027351698223,27.329205683220362,27.329205683220362,no_refund,0.0
2025-02-11,2025-02-10,2025-01-02,2025-02-10,9121.483905364197,8963.634111281479,89203.03598766803,89203.12652489025,0.09053722222211036,0.0,0.0,56483.478178084515,0.0,0.12722290466650948,56483.60540098918,0.0,56483.60540098918,21990.733006849106,17954.558550222224,9946.354934930041,0.12722290466650948,0.12722290466650948,no_refund,0.0
2025-02-12,2025-02-11,2025-01-02,2025-02-11,8963.634111281479,9108.797407475307,89399.66444357613,89399.66444357613,0.0,0.0,0.0,56383.255523828586,0.0,0.0,56383.255523828586,0.0,56383.255523828586,21202.145725537728,17043.091071111114,9973.87365581618,0.0,0.0,no_refund,0.0
2025-02-13,2025-02-12,2025-01-02,2025-02-12,9108.797407475307,8574.512291879011,83460.18957240054,83674.85597873387,214.66640633333282,0.0,0.0,52146.328615121776,0.0,274.80206722576594,52421.130682347546,0.0,52421.130682347546,19119.38575701921,15967.559067222228,9193.55027227023,274.80206722576594,274.80206722576594,no_refund,0.0
2025-02-14,2025-02-13,2025-01-02,2025-02-13,8574.512291879011,8564.514762330866,39823.63373701509,40527.352491570644,703.718754555554,0.0,0.0,20438.446265992665,0.0,946.5308096447304,21384.977075637395,0.0,21384.977075637395,18090.179015591224,14662.042779222225,7297.414438534977,946.5308096447304,946.5308096447304,no_refund,0.0
2025-02-15,2025-02-14,2025-01-02,2025-02-14,8564.514762330866,8884.444467879013,40421.01490429492,40448.204817628255,27.18991333333514,0.0,0.0,21026.144124967548,0.0,49.86358206200331,21076.007707029552,0.0,21076.007707029552,18149.02459903155,14412.773190222219,7431.86230881893,49.86358206200331,49.86358206200331,no_refund,0.0
2025-02-16,2025-02-15,2025-01-02,2025-02-15,8884.444467879013,8944.676400254322,89066.79805780109,89102.48970535665,35.69164755555539,0.0,0.0,55930.421703241656,0.0,68.96161682446635,55999.383320066125,0.0,55999.383320066125,21563.83970099313,17412.501418666667,9573.772323030185,68.96161682446635,68.96161682446635,no_refund,0.0
2025-02-17,2025-02-16,2025-01-02,2025-02-16,8944.676400254322,8864.700615740743,88978.0626508834,88978.0626508834,0.0,0.0,0.0,55379.54245655489,0.0,0.0,55379.54245655489,0.0,55379.54245655489,19115.60826274897,15555.620898888887,14234.212120356646,0.0,0.0,no_refund,0.0
2025-02-18,2025-02-17,2025-01-02,2025-02-17,8864.700615740743,9041.014170993827,79719.34666184636,79909.65247075746,190.30580891111185,0.0,12.7897999999999,49462.72305586947,0.0,173.81719066628463,49636.540246535755,56.35232843333287,49692.89257496909,21598.622289842242,17336.201855044445,3568.6340526263393,173.81719066628463,173.81719066628463,no_refund,0.0
2025-02-19,2025-02-18,2025-01-02,2025-02-18,9041.014170993827,8648.7809445642,79817.2618935584,79998.15611212509,180.89421856666763,0.0,0.0,49678.32253327059,0.0,243.77670653846437,49922.09923980906,0.0,49922.09923980906,21950.939082460907,18133.27056058,3301.160206910831,243.7767065384644,243.7767065384644,no_refund,0.0
2025-02-20,2025-02-19,2025-01-02,2025-02-19,8648.7809445642,8183.954003411111,82484.74077586831,82703.05078864608,218.3100127777762,0.0,15.793727222222174,51158.838201114515,0.0,324.075897781847,51482.914098896355,73.97781830888866,51556.89191720525,19608.868268540464,16301.527544555556,8418.370058550066,324.075897781847,324.075897781847,no_refund,0.0
2025-02-21,2025-02-20,2025-01-02,2025-02-20,8183.954003411111,7911.692855908646,35470.302274844995,35696.13861251166,225.83633766666952,0.0,0.0,18315.294927605668,0.0,353.6239797606052,18668.918907366275,0.0,18668.918907366275,17157.25287684911,14142.409862999997,7121.033565329217,353.6239797606052,353.6239797606052,no_refund,0.0
2025-02-22,2025-02-21,2025-01-02,2025-02-21,7911.692855908646,9033.733694104938,37054.08415590993,37300.62262450437,246.5384685944448,0.0,0.0,19284.17061574389,0.0,433.2901448966974,19717.460760640588,0.0,19717.460760640588,18862.271785630997,14268.603391984449,4862.191347524489,433.2901448966974,433.2901448966974,no_refund,0.0
2025-02-23,2025-02-22,2025-01-02,2025-02-22,9033.733694104938,8794.233984233333,81447.18649687548,81506.91014834326,59.723651467776904,0.0,18.084320666666372,50348.416799814746,0.0,109.259181857349,50457.675981672095,83.91344980488755,50541.58943147698,22283.80204128944,18265.429392328886,5974.768136716044,109.259181857349,109.259181857349,no_refund,0.0
2025-02-24,2025-02-23,2025-01-02,2025-02-23,8794.233984233333,9006.229609475306,78366.11418798902,78431.58177054458,65.46758255555648,0.0,52.39974177777788,48685.209192834736,0.0,126.49318963471845,48811.70238246945,237.51779958100047,49049.22018205045,20983.51055616735,16805.847487777777,6103.284827266116,126.49318963471845,126.49318963471845,no_refund,0.0
2025-02-25,2025-02-24,2025-01-02,2025-02-24,9006.229609475306,8816.524159080247,80759.48625827735,80794.69438476623,35.20812648889023,0.0,52.41323333333344,49949.93988371802,0.0,61.502930400265654,50011.44281411829,233.16785505000047,50244.61066916829,18538.81445747875,15187.174615913333,11674.144543200815,61.50293040026566,61.50293040026566,no_refund,0.0
2025-02-26,2025-02-25,2025-01-02,2025-02-25,8816.524159080247,9053.576405281481,74146.94627775172,75596.04614846638,1449.0998707146746,0.0,27.341170777777847,45279.07464101275,0.0,1409.9242153130976,46688.998856325845,119.73959558422253,46808.73845191007,22413.28769865981,17941.416014333336,2336.6676015843623,1409.9242153130976,1409.9242153130976,no_refund,0.0
2025-02-27,2025-02-26,2025-01-02,2025-02-26,9053.576405281481,7399.784143141977,73442.0543265048,73655.68339158711,213.62906508230333,0.0,10.682676666667021,45474.525166500884,0.0,305.06201906628235,45779.587185567165,47.846384159446075,45827.433569726614,20754.013182670777,18299.16371388889,4254.9323994718825,305.0620190662823,305.0620190662823,no_refund,0.0
2025-02-28,2025-02-27,2025-01-03,2025-02-27,7399.784143141977,7172.186950580252,34185.83753870308,34185.83753870308,0.0,0.0,0.0,17816.476814718324,0.0,0.0,17816.476814718324,0.0,17816.476814718324,16966.596602153633,13947.78072105,7874.42810759945,0.0,0.0,no_refund,0.0
2025-03-01,2025-02-28,2025-01-04,2025-02-28,7172.186950580252,8996.355415858026,41586.624703155,41586.624703155,0.0,0.0,0.0,21161.494117075003,0.0,0.0,21161.494117075003,0.0,21161.494117075003,18200.498207647463,13100.651929444444,12828.01249161865,0.0,0.0,no_refund,0.0
2025-03-02,2025-03-01,2025-01-05,2025-03-01,8996.355415858026,8746.298405179012,84013.62479904664,84914.45722626886,900.8324272222221,0.0,0.0,52149.86706778728,0.0,1204.0456051663325,53353.91267295362,0.0,53353.91267295362,21707.607636968445,17808.213495555556,8656.756018189295,1204.0456051663325,1204.0456051663325,no_refund,0.0
2025-03-03,2025-03-02,2025-01-06,2025-03-02,8746.298405179012,8694.563476993826,86173.86604368998,86911.90667035665,738.0406266666664,0.0,0.0,53456.929257953394,0.0,968.1532237225832,54425.08248167598,0.0,54425.08248167598,21244.242765665294,17254.398075555553,10904.91534691358,968.153223722583,968.153223722583,no_refund,0.0
2025-03-04,2025-03-03,2025-01-07,2025-03-03,8694.563476993826,8674.525830537035,77014.1605553155,77609.39429130439,595.2337359888918,0.0,0.0,47427.74168016063,0.0,772.0159559395238,48199.75763610015,0.0,48199.75763610015,21199.645971165985,17189.747118455554,4400.037505260625,772.0159559395239,772.0159559395239,no_refund,0.0
2025-03-05,2025-03-04,2025-01-08,2025-03-04,8674.525830537035,8784.146254660493,80862.93329520576,80895.93017687244,32.99688166666715,0.0,0.0,49818.00133013477,0.0,48.36655126175067,49866.36788139652,0.0,49866.36788139652,20070.874375226347,16158.749862222223,10853.333647201642,48.366551261750665,48.366551261750665,no_refund,0.0
2025-03-06,2025-03-05,2025-01-09,2025-03-05,8784.146254660493,7197.711798858027,73734.2923516118,74127.69211369718,393.39976208539224,0.0,0.0,45489.64086815344,0.0,509.8677678660632,45999.508636019506,0.0,45999.508636019506,19531.016481893002,17247.91436055556,5903.935859026408,509.8677678660632,509.8677678660632,no_refund,0.0
2025-03-07,2025-03-06,2025-01-10,2025-03-06,7197.711798858027,6648.987355648146,34135.649579470846,34135.649579470846,0.0,0.0,0.0,18091.19330814009,0.0,0.0,18091.19330814009,0.0,18091.19330814009,14946.384808744857,12600.423693972225,10867.402931364883,0.0,0.0,no_refund,0.0
2025-03-08,2025-03-07,2025-01-11,2025-03-07,6648.987355648146,8983.58057512963,35140.64805658333,35144.17866215,3.530605566665429,0.0,0.0,18039.7529035189,0.0,5.993969609434323,18045.746873128337,0.0,18045.746873128337,18319.516077304528,12737.674125083331,10499.197193262136,5.993969609434323,5.993969609434323,no_refund,0.0
2025-03-09,2025-03-08,2025-01-12,2025-03-08,8983.58057512963,8802.548143129628,78302.14972272291,78326.15540377291,24.00568104999877,0.0,0.0,47880.574997339034,0.0,34.39205832859654,47914.96705566763,0.0,47914.96705566763,20425.23196787379,16707.36708277778,11274.765468676891,34.39205832859654,34.39205832859654,no_refund,0.0
2025-03-10,2025-03-09,2025-01-13,2025-03-09,8802.548143129628,8846.184029765429,75120.95700390261,75862.36609882709,741.4090949244875,0.0,0.0,45556.55595001465,0.0,805.9081853660034,46362.46413538065,0.0,46362.46413538065,21939.900900788754,17732.047431666666,3612.4411797050084,805.9081853660034,805.9081853660034,no_refund,0.0
2025-03-11,2025-03-10,2025-01-14,2025-03-10,8846.184029765429,8978.315198586419,66635.78149627571,70430.09224733684,3794.3107510611158,0.0,0.0,40708.24324634667,0.0,3275.794924300916,43984.03817064759,0.0,43984.03817064759,21026.727256851846,16912.731026111112,2377.177216596102,3275.794924300916,3275.794924300916,no_refund,0.0
2025-03-12,2025-03-11,2025-01-15,2025-03-11,8978.315198586419,8817.399584882718,76246.99240657064,76279.01690657064,32.02449999999993,0.0,0.0,46721.89097775348,0.0,61.87613767499987,46783.76711542848,0.0,46783.76711542848,19731.577478600815,16127.401809999996,10239.306554636489,61.87613767499987,61.87613767499987,no_refund,0.0
2025-03-13,2025-03-12,2025-01-16,2025-03-12,8817.399584882718,5771.382467314815,72828.1931360631,73404.15430439706,575.9611683339532,0.0,84.69475444444276,44933.11270846505,0.0,601.8419324802451,45534.95464094529,580.8070734394328,46115.761714384724,17100.32586182442,16592.67935388889,5435.584534239293,601.8419324802451,601.8419324802451,no_refund,0.0
2025-03-14,2025-03-13,2025-01-17,2025-03-13,5771.382467314815,5671.69707658642,31262.676025274348,31589.68692749657,327.01090222222115,0.0,0.0,16075.61770923214,0.0,445.5451010439144,16521.16281027605,0.0,16521.16281027605,15182.622277791492,12387.640896666668,12765.27956303841,445.5451010439144,445.5451010439144,no_refund,0.0
2025-03-15,2025-03-14,2025-01-18,2025-03-14,5671.69707658642,8510.03623882716,34493.94548510288,34919.485453991765,425.5399688888892,0.0,0.0,17359.50236810976,0.0,573.2995789396671,17932.801947049426,0.0,17932.801947049426,18890.886750912203,12747.11302222222,7851.586575301785,573.2995789396672,573.2995789396672,no_refund,0.0
2025-03-16,2025-03-15,2025-01-19,2025-03-15,8510.03623882716,9050.73959102469,72523.5226865295,73283.44211819617,759.9194316666669,0.0,1.6400000000001,44351.03760592594,0.0,599.5459029423334,44950.58350886828,7.461180000000455,44958.04468886828,21421.598977064466,16864.862154444443,5377.298362242807,599.5459029423334,599.5459029423334,no_refund,0.0
2025-03-17,2025-03-16,2025-01-20,2025-03-16,9050.73959102469,8989.695557796298,67461.66762891755,67932.56416447312,470.89653555555606,0.0,0.0,40277.113440648776,0.0,595.038834612084,40872.152275260865,0.0,40872.152275260865,21024.918687510282,17085.12376678889,6134.637810418382,595.038834612084,595.038834612084,no_refund,0.0
2025-03-18,2025-03-17,2025-01-21,2025-03-17,8989.695557796298,8896.147704055555,76077.52259022633,76077.52259022633,0.0,0.0,0.0,46614.87034028881,0.0,0.0,46614.87034028881,0.0,46614.87034028881,18711.096558943755,15240.18128111111,11480.648945727022,0.0,0.0,no_refund,0.0
2025-03-19,2025-03-18,2025-01-22,2025-03-18,8896.147704055555,9024.90847476543,62769.8501048834,66345.97733442386,3576.127229540469,0.0,0.0,38408.005093272004,0.0,3058.332765769021,41466.33785904102,0.0,41466.33785904102,20963.80277746913,16864.79555611111,2781.499663065847,3058.332765769021,3058.332765769021,no_refund,0.0
2025-03-20,2025-03-19,2025-01-23,2025-03-19,9024.90847476543,5221.344702283951,67095.76551371742,67501.6775076063,405.91199388888737,0.0,0.0,41790.78585864457,0.0,481.7655955295815,42272.55145417415,0.0,42272.55145417415,17765.350280233204,17813.141122222223,5340.50653292866,481.76559552958145,481.76559552958145,no_refund,0.0
2025-03-21,2025-03-20,2025-01-24,2025-03-20,5221.344702283951,4841.845701049382,29458.684680303842,29549.676015809393,90.99133550555553,0.0,0.0,15244.184021655758,0.0,115.10607927183673,15359.290100927596,0.0,15359.290100927596,14870.766359252399,12386.869852105556,15032.314991995885,115.10607927183673,115.10607927183673,no_refund,0.0
2025-03-22,2025-03-21,2025-01-25,2025-03-21,4841.845701049382,9168.852501734566,35268.65586823045,35268.65586823045,0.0,0.0,0.0,18003.760410822633,0.0,0.0,18003.760410822633,0.0,18003.760410822633,19210.141899938273,11665.908818333333,11843.22305329218,0.0,0.0,no_refund,0.0
2025-03-23,2025-03-22,2025-01-26,2025-03-22,9168.852501734566,8728.378374203705,71739.95309510287,71745.3900173251,5.436922222222506,0.0,0.0,43756.41961763858,0.0,10.504949271667215,43766.92456691025,0.0,43766.92456691025,19300.837878875176,16030.105396666664,9704.937418449928,10.504949271667215,10.504949271667215,no_refund,0.0
2025-03-24,2025-03-23,2025-01-27,2025-03-23,8728.378374203705,8962.578573148148,68147.81899463649,68724.44929296982,576.630298333333,0.0,0.0,41043.09199120475,0.0,721.9790014193327,41765.07099262408,0.0,41765.07099262408,20981.004519403294,16783.83348166667,6528.78117189986,721.9790014193328,721.9790014193328,no_refund,0.0
2025-03-25,2025-03-24,2025-01-28,2025-03-24,8962.578573148148,8614.20573540741,74964.96491567214,74967.40020733883,2.4352916666666715,0.0,0.0,45626.25564310491,0.0,4.545526151250007,45630.801169256156,0.0,45630.801169256156,19651.151149423877,16230.967985000003,10597.092326248274,4.545526151250007,4.545526151250007,no_refund,0.0
2025-03-26,2025-03-25,2025-01-29,2025-03-25,8614.20573540741,8772.082560592595,64948.53723693415,65779.89336715637,831.3561302222224,0.0,0.0,39335.90269502467,0.0,968.3632849156165,40304.26597994028,0.0,40304.26597994028,21097.87803936899,16947.192069222223,6036.652530342939,968.3632849156164,968.3632849156164,no_refund,0.0
2025-03-27,2025-03-26,2025-01-30,2025-03-26,8772.082560592595,4668.846802253088,64116.97429816873,64126.66871525206,9.694417083332041,0.0,0.0,39827.952897680894,0.0,13.934964371373097,39841.88786205227,0.0,39841.88786205227,15409.653826810694,16174.731782222221,6174.757270663582,13.934964371373097,13.934964371373097,no_refund,0.0
2025-03-28,2025-03-27,2025-01-31,2025-03-27,4668.846802253088,4616.63765454321,29699.144525603566,29699.144525603566,0.0,0.0,0.0,15191.358962264261,0.0,0.0,15191.358962264263,0.0,15191.358962264263,14782.16577620713,12020.542511666667,16115.640494396437,0.0,0.0,no_refund,0.0
2025-03-29,2025-03-28,2025-02-01,2025-03-28,4616.63765454321,8921.380311037043,33425.10671467078,33898.171149115224,473.06443444444693,0.0,0.0,16543.858956471482,0.0,642.1962691710874,17186.05522564257,0.0,17186.05522564257,19145.088193086416,11633.253045555553,18679.126818251032,642.1962691710875,642.1962691710875,no_refund,0.0
2025-03-30,2025-03-29,2025-02-02,2025-03-29,8921.380311037043,8887.782763666664,67147.92195499313,67150.51724665979,2.5952916666666397,0.0,0.0,40209.073517271754,0.0,4.883119129583288,40213.956636401344,0.0,40213.956636401344,20463.723306076812,16605.853670555553,7947.0279111385435,4.883119129583288,4.883119129583288,no_refund,0.0
2025-03-31,2025-03-30,2025-02-03,2025-03-30,8887.782763666664,9062.317837111113,58265.11046793553,62188.77402948607,3923.663561550552,0.0,0.0,35441.748354148884,0.0,3083.28135425738,38525.02970840626,0.0,38525.02970840626,21175.202461941026,16994.832428072226,1057.0145122839472,3083.2813542573795,3083.2813542573795,no_refund,0.0
2025-04-01,2025-03-31,2025-02-04,2025-03-31,9062.317837111113,8740.96016262963,71272.10520713992,71494.88834133436,222.78313419444154,0.0,0.0,42382.8132985696,0.0,282.55237843016664,42665.36567699977,0.0,42665.36567699977,19012.64985993826,15689.468293583337,7962.855258312758,282.55237843016664,282.55237843016664,no_refund,0.0
2025-04-02,2025-04-01,2025-02-05,2025-04-01,8740.96016262963,8692.265247203699,68006.36312374484,68178.07675587264,171.7136321277773,0.0,0.0,40681.86525539004,0.0,195.24397186017387,40877.109227250214,0.0,40877.109227250214,20434.267563223595,16595.582150094444,3904.0559427434814,195.24397186017387,195.24397186017387,no_refund,0.0
2025-04-03,2025-04-02,2025-02-06,2025-04-02,8692.265247203699,4203.74024121605,64062.75877597394,64062.75877597394,0.0,0.0,0.0,40042.28864691887,0.0,0.0,40042.28864691887,0.0,40042.28864691887,14428.316662757206,15726.609002222223,9497.520848772294,0.0,0.0,no_refund,0.0
2025-04-04,2025-04-03,2025-02-07,2025-04-03,4203.74024121605,4325.918977104938,27994.629397633747,28060.10064652263,65.47124888888436,0.0,0.0,14165.605428139268,0.0,91.75122293832679,14257.356651077595,0.0,14257.356651077595,14321.366376639231,11490.345902777779,18798.277922661182,91.75122293832679,91.75122293832679,no_refund,0.0
2025-04-05,2025-04-04,2025-02-08,2025-04-04,4325.918977104938,8853.217476981481,32824.102802272224,33150.67173096667,326.56892869444994,0.0,0.0,16174.310142915416,0.0,431.87611724040755,16606.186260155824,0.0,16606.186260155824,19190.83751190672,11470.00973475555,13385.728970482169,431.8761172404076,431.8761172404076,no_refund,0.0
2025-04-06,2025-04-05,2025-02-09,2025-04-05,8853.217476981481,8753.554049666665,65722.06029820986,66450.2413304321,728.1810322222224,0.0,0.0,38805.594687447454,0.0,1002.8073637563333,39808.40205120379,0.0,39808.40205120379,20519.754845507552,16710.698509444443,8231.108727702323,1002.8073637563334,1002.8073637563334,no_refund,0.0
2025-04-07,2025-04-06,2025-02-10,2025-04-06,8753.554049666665,8890.88541104321,57653.23839930371,59523.229257948005,1869.9908586442996,0.0,0.0,34320.533162861146,0.0,1959.6487969142254,36280.18195977537,0.0,36280.18195977537,20342.79225606995,16354.063502177773,2291.7812207224943,1959.6487969142254,1959.6487969142254,no_refund,0.0
2025-04-08,2025-04-07,2025-02-11,2025-04-07,8890.88541104321,8658.159664185188,66827.56128574074,66910.18889462962,82.62760888888783,0.0,0.0,40230.052395914485,0.0,121.05183434858154,40351.10423026307,0.0,40351.10423026307,19687.957888950616,16156.69906222222,9025.736451234567,121.05183434858152,121.05183434858152,no_refund,0.0
2025-04-09,2025-04-08,2025-02-12,2025-04-08,8658.159664185188,8764.342060407407,65472.15270945129,67120.6885094513,1648.5357999999974,0.0,0.0,39089.13358910308,0.0,1313.603955807414,40402.737544910495,0.0,40402.737544910495,21175.2581254321,17056.394925,3867.5142923525264,1313.603955807414,1313.603955807414,no_refund,0.0
2025-04-10,2025-04-09,2025-02-13,2025-04-09,8764.342060407407,4141.103106364195,58261.37028008231,59464.289880534976,1202.919600452667,0.0,0.0,36348.857381808164,0.0,874.1360755709757,37222.99345737914,0.0,37222.99345737914,15561.82750785322,16765.99534,6207.819812681749,874.1360755709757,874.1360755709757,no_refund,0.0
2025-04-11,2025-04-10,2025-02-14,2025-04-10,4141.103106364195,3932.0464481456174,26427.42738993066,26814.844003925107,387.4166139944431,0.0,62.593828888888375,13180.477062270369,0.0,506.1006268711554,13686.577689141524,260.8284849799978,13947.406174121523,14075.875796430659,11589.610387505552,19074.52225722222,506.1006268711554,506.1006268711554,no_refund,0.0
2025-04-12,2025-04-11,2025-02-15,2025-04-11,3932.0464481456174,9062.681017574076,33719.315105557835,33740.47503000228,21.15992444444339,0.0,0.0,16849.761710986735,0.0,38.80518543866473,16888.566896425396,0.0,16888.566896425396,18842.25790361454,10644.657789442168,16517.714365829903,38.80518543866473,38.80518543866473,no_refund,0.0
2025-04-13,2025-04-12,2025-02-16,2025-04-12,9062.681017574076,8940.113426339509,60891.982060473245,61056.41309399548,164.43103352222386,0.0,0.0,36196.247569103376,0.0,181.103710357397,36377.35127946077,0.0,36377.35127946077,20253.3841507956,16515.551994255547,3042.2224541220926,181.10371035739703,181.10371035739703,no_refund,0.0
2025-04-14,2025-04-13,2025-02-17,2025-04-13,8940.113426339509,8681.390226166666,64303.45410340878,64303.45410340878,0.0,0.0,32.8461799999983,38658.52510001879,0.0,0.0,38658.52510001879,229.13495167998812,38887.66005169878,19039.838581426608,15655.12013111111,8423.550033093274,0.0,0.0,no_refund,0.0
2025-04-15,2025-04-14,2025-02-18,2025-04-14,8681.390226166666,8888.473983697528,56468.071837565156,57938.060982651295,1469.9891450861458,0.0,0.0,33536.2104846069,0.0,1551.8696147006467,35088.080099307546,0.0,35088.080099307546,20004.9343885048,16017.621472911114,3811.319233724281,1551.8696147006465,1551.8696147006465,no_refund,0.0
2025-04-16,2025-04-15,2025-02-19,2025-04-15,8888.473983697528,8792.376236888886,62848.58456748285,63754.89093186557,906.3063643827147,0.0,0.0,36829.30526028949,0.0,1181.7979895818876,38011.10324987138,0.0,38011.10324987138,19841.468131117974,16158.077158333335,4291.9080090809275,1181.7979895818878,1181.7979895818878,no_refund,0.0
2025-04-17,2025-04-16,2025-02-20,2025-04-16,8792.376236888886,3893.4324771419733,50699.49030936214,53661.71067906037,2962.2203696982265,0.0,0.0,31949.58475373683,0.0,2080.5388695525007,34030.123623289335,0.0,34030.123623289335,14922.192898635123,16496.025631666667,2367.20106209191,2080.5388695525007,2080.5388695525007,no_refund,0.0
2025-04-18,2025-04-17,2025-02-21,2025-04-17,3893.4324771419733,3938.2964772962973,26429.467728960426,26465.551535777096,36.083806816670446,0.0,0.0,13209.15073698721,0.0,43.71849612655008,13252.86923311376,0.0,13252.86923311376,13342.293497407405,10766.88013276111,17536.020987797467,43.71849612655008,43.71849612655008,no_refund,0.0
2025-04-19,2025-04-18,2025-02-22,2025-04-18,3938.2964772962973,8887.901795425923,32058.756935211106,32591.18413043333,532.4271952222211,0.0,0.0,15317.264281259679,0.0,737.7080722979318,16054.972353557609,0.0,16054.972353557609,18813.372665013718,10784.187072344448,17777.31928776406,737.7080722979318,737.7080722979318,no_refund,0.0
2025-04-20,2025-04-19,2025-02-23,2025-04-19,8887.901795425923,9121.924962648149,57876.28924550754,58837.8522090535,961.5629635459551,0.0,0.0,34622.105052668376,0.0,997.0031133487691,35619.10816601715,0.0,35619.10816601715,20180.049674828537,16135.219386111112,2835.2770370027442,997.0031133487693,997.0031133487693,no_refund,0.0
2025-04-21,2025-04-20,2025-02-24,2025-04-20,9121.924962648149,8723.080400932098,61385.356330603565,61385.356330603565,0.0,0.0,0.0,36434.463690723496,0.0,0.0,36434.463690723496,0.0,36434.463690723496,18388.65974555555,15253.774499444447,9733.560701159126,0.0,0.0,no_refund,0.0
2025-04-22,2025-04-21,2025-02-25,2025-04-21,8723.080400932098,8870.438000018521,54790.84548954047,57051.989418127574,2261.1439285871065,0.0,0.0,32755.10953648591,0.0,2156.507875133784,34911.61741161969,0.0,34911.61741161969,19770.115312427984,15881.171563888887,1010.1163529218088,2156.5078751337846,2156.5078751337846,no_refund,0.0
2025-04-23,2025-04-22,2025-02-26,2025-04-22,8870.438000018521,8989.394533944444,52777.09725648834,56641.269521950606,3864.1722654622713,0.0,0.0,31706.83713165923,0.0,3033.1047336908205,34739.94186535005,0.0,34739.94186535005,19583.510517496565,15755.582638638896,1413.4249264262692,3033.10473369082,3033.10473369082,no_refund,0.0
2025-04-24,2025-04-23,2025-02-27,2025-04-23,8989.394533944444,3284.256028462968,48201.86318237311,49090.737469039785,888.8742866666671,0.0,0.0,29973.35696383041,0.0,1173.9539077335007,31147.310871563917,0.0,31147.310871563917,12763.21671750343,15472.83019611111,4710.2442476474625,1173.953907733501,1173.953907733501,no_refund,0.0
2025-04-25,2025-04-24,2025-02-28,2025-04-24,3284.256028462968,3169.4152486358057,25925.70383784698,25925.70383784698,0.0,0.0,0.0,13005.570077448645,0.0,0.0,13005.570077448645,0.0,13005.570077448645,12776.980298209877,10452.710743394447,21601.076633031545,0.0,0.0,no_refund,0.0
2025-04-26,2025-04-25,2025-03-01,2025-04-25,3169.4152486358057,8906.631001197535,32345.474463450002,32475.072972366663,129.59850891666406,0.0,0.0,15636.781878072678,0.0,175.2814450801712,15812.06332315285,0.0,15812.06332315285,19172.02236415638,10365.843937661111,23598.700912538065,175.2814450801712,175.2814450801712,no_refund,0.0
2025-04-27,2025-04-26,2025-03-02,2025-04-26,8906.631001197535,8819.127637981483,53639.30869793553,55644.55703309574,2005.2483351602236,0.0,0.0,32108.895058289876,0.0,1837.1509961137624,33946.04605440364,0.0,33946.04605440364,20005.157668058986,16282.930738022224,3348.8589197256533,1837.1509961137624,1837.1509961137624,no_refund,0.0
2025-04-28,2025-04-27,2025-03-03,2025-04-27,8819.127637981483,8928.839867203702,65849.11523893691,67479.90868763607,1630.793448699173,0.0,0.0,38606.300602183925,0.0,1360.8455777935428,39967.14617997747,0.0,39967.14617997747,19732.658068724268,15884.712029366669,7009.995331611804,1360.8455777935428,1360.8455777935428,no_refund,0.0
2025-04-29,2025-04-28,2025-03-04,2025-04-28,8928.839867203702,9052.299644685185,55509.63584236625,56463.342952366256,953.7071099999991,0.0,0.0,33177.328136765194,0.0,1284.7688036804986,34462.096940445685,0.0,34462.096940445685,17990.481558655694,14461.176262777779,5500.823939821669,1284.7688036804989,1284.7688036804989,no_refund,0.0
2025-04-30,2025-04-29,2025-03-05,2025-04-29,9052.299644685185,8740.97050951852,52491.37568394444,52937.304923375166,445.92923943072793,0.0,0.0,31931.668410523267,0.0,296.4537583735479,32228.122168896818,0.0,32228.122168896818,18454.404515727023,15228.26387938889,1454.3098537037017,296.4537583735479,296.4537583735479,no_refund,0.0
2025-05-01,2025-04-30,2025-03-06,2025-04-30,8740.97050951852,1890.333938728394,48865.90450345679,49113.89955354012,247.99505008333188,0.0,1351.7486060277806,30706.232010780113,0.0,479.1636360185097,31185.39564679862,8430.812708191865,39616.208354990486,12982.438684032919,16681.34824777778,3153.178923312762,479.1636360185097,479.1636360185097,no_refund,0.0
2025-05-02,2025-05-01,2025-03-07,2025-05-01,1890.333938728394,2166.4537123518508,28802.998618539095,28802.998618539095,0.0,0.0,1096.6517921,14535.248855417874,0.0,0.0,14535.248855417874,6170.346191647934,20705.59504706581,14088.030621735255,11162.797007344445,12684.09671291495,0.0,0.0,no_refund,0.0
2025-05-03,2025-05-02,2025-03-08,2025-05-02,2166.4537123518508,8379.859683592591,34243.49380476681,34291.04921032236,47.5554055555541,0.0,1411.2937349999984,16388.770214686345,0.0,70.41291123583119,16459.183125922176,7944.041343422766,24403.22446934494,19940.16288642661,10559.466563888891,17454.474972784636,70.41291123583119,70.41291123583119,no_refund,0.0
2025-05-04,2025-05-03,2025-03-09,2025-05-03,8379.859683592591,8209.303464407407,60255.65351048697,60282.54971782585,26.896207338889326,0.0,1304.1248315500002,35585.72645944389,0.0,51.96750700983501,35637.69396645373,8126.991700003143,43764.68566645687,17256.460973196154,14131.233985555553,6726.780228401929,51.96750700983501,51.96750700983501,no_refund,0.0
2025-05-05,2025-05-04,2025-03-10,2025-05-04,8209.303464407407,8247.803668925926,62428.55783510287,62428.55783510287,0.0,0.0,918.575419444443,37457.24162776753,0.0,0.0,37457.24162776753,5908.440920256101,43365.68254802363,19591.40693917695,15834.389436666668,4514.108952037033,0.0,0.0,no_refund,0.0
2025-05-06,2025-05-05,2025-03-11,2025-05-05,8247.803668925926,8056.609096407406,53262.888515850485,56966.86441626174,3703.975900411251,0.0,1055.7509592166657,32036.33596344376,0.0,3745.7068336086577,35782.04279705242,6641.7901687571275,42423.832965809546,19523.58316993827,15986.17748291666,1615.1273217901357,3745.706833608658,3745.706833608658,no_refund,0.0
2025-05-07,2025-05-06,2025-03-12,2025-05-06,8056.609096407406,8229.161317611113,57165.5576090535,59525.49508636605,2359.937477312547,0.0,1075.7334137388827,34520.12779490206,0.0,1976.6776592093104,36496.80545411137,6966.123723596895,43462.92917770826,20472.841791529485,16427.704852055558,1488.2456106310026,1976.6776592093101,1976.6776592093101,no_refund,0.0
2025-05-08,2025-05-07,2025-03-13,2025-05-07,8229.161317611113,2690.5902094781286,58495.096686700956,58906.80673343429,411.7100467333338,0.0,440.3032893499987,35400.95289633961,0.0,679.6550364391568,36080.60793277877,2460.9763215582157,38541.58425433698,13270.089979945124,15733.486881075238,5983.994523914405,679.6550364391568,679.6550364391568,no_refund,0.0
2025-05-09,2025-05-08,2025-03-14,2025-05-08,2690.5902094781286,3043.6444884259263,27778.705442225946,28188.721566037057,410.0161238111088,0.0,362.3510799999991,14014.502714405337,0.0,665.4161937553597,14679.918908160695,2006.2023585458276,16686.121266706523,13562.46515434529,10667.847923966667,17157.06956565844,665.4161937553597,665.4161937553597,no_refund,0.0
2025-05-10,2025-05-09,2025-03-15,2025-05-09,3043.6444884259263,8425.124880666666,33797.03778258643,34256.304168641975,459.2663860555524,0.0,313.87623333333465,16559.575496520345,0.0,640.5485539018782,17200.124050422222,1672.681305060008,18872.805355482233,18933.67537478052,10492.944700555554,14008.404444417007,640.5485539018782,640.5485539018782,no_refund,0.0
2025-05-11,2025-05-10,2025-03-16,2025-05-10,8425.124880666666,8441.897700314814,62715.480794403295,63388.53745229218,673.056657888889,0.0,571.2382049999983,36934.59706948518,0.0,1007.3559828762666,37941.953052361445,3975.0420780716545,41916.9951304331,18836.63302580933,15242.577213222223,4881.640761371737,1007.3559828762665,1007.3559828762665,no_refund,0.0
2025-05-12,2025-05-11,2025-03-17,2025-05-11,8441.897700314814,8676.020788629628,55222.80482734569,57944.87567785507,2722.070850509387,0.0,144.71355888183155,33253.038638457074,0.0,2857.220065784275,36110.25870424135,901.8199207546566,37012.07862499601,17499.045720907205,13963.5162544515,2622.8645369478672,2857.220065784275,2857.220065784275,no_refund,0.0
2025-05-13,2025-05-12,2025-03-18,2025-05-12,8676.020788629628,8715.2044575,64895.38579175583,65906.90266726338,1011.516875507547,0.0,159.94676817777594,38120.37857965209,0.0,1352.4969471787247,39472.875526830816,956.0343449541632,40428.90987178498,17848.119650102883,14421.711614599999,9511.228633271598,1352.4969471787247,1352.4969471787247,no_refund,0.0
2025-05-14,2025-05-13,2025-03-19,2025-05-13,8715.2044575,8508.274995753087,62660.22664314958,64345.13833301927,1684.9116898696861,0.0,0.0,37990.189841754545,0.0,1176.187662934217,39166.37750468876,0.0,39166.37750468876,18134.158638244175,14874.905012550002,8071.735923991768,1176.187662934217,1176.187662934217,no_refund,0.0
2025-05-15,2025-05-14,2025-03-20,2025-05-14,8508.274995753087,3171.478799506172,54733.27158660494,56310.73494498628,1577.4633583813413,0.0,0.0,35481.549823612964,0.0,1096.2089868733437,36577.7588104863,0.0,36577.7588104863,12660.377271659807,15058.022166666666,5943.3215566598055,1096.2089868733437,1096.2089868733437,no_refund,0.0
2025-05-16,2025-05-15,2025-03-21,2025-05-15,3171.478799506172,2847.274276907407,27390.887947467767,27390.887947467767,0.0,0.0,0.0,14740.642815889329,0.0,0.0,14740.642815889329,0.0,14740.642815889329,12182.741131406034,10159.804386777776,22652.444669506174,0.0,0.0,no_refund,0.0
2025-05-17,2025-05-16,2025-03-22,2025-05-16,2847.274276907407,8803.587278333334,34637.67202133889,34670.05274295,32.38072161111111,0.0,0.0,17657.828622762332,0.0,56.73575592398339,17714.564378686315,0.0,17714.564378686315,19128.38775919067,10133.312383661112,15226.178284087106,56.73575592398339,56.73575592398339,no_refund,0.0
2025-05-18,2025-05-17,2025-03-23,2025-05-17,8803.587278333334,9084.093729092592,66732.5434385871,66782.89959089266,50.35615230555425,0.0,5.2366666666667925,39830.85901080488,0.0,85.99271340502287,39916.851724209904,35.31869833333418,39952.17042254323,18656.141416481474,14859.018741666667,9314.845482744513,85.99271340502287,85.99271340502287,no_refund,0.0
2025-05-19,2025-05-18,2025-03-24,2025-05-18,9084.093729092592,8819.16551730247,59671.833978559676,60233.26450690967,561.4305283500014,0.0,67.00333333333344,35869.55425168605,0.0,730.3736635854855,36599.92791527154,451.90398166666745,37051.83189693821,17106.92713854595,14095.04637283333,9773.170524530384,730.3736635854855,730.3736635854855,no_refund,0.0
2025-05-20,2025-05-19,2025-03-25,2025-05-19,8819.16551730247,8738.102258092593,59594.42732700253,61378.822058387996,1784.3947313854608,0.0,0.0,35978.02472158799,0.0,1518.9974590109487,37497.02218059894,0.0,37497.02218059894,18244.823227510286,14851.263747572226,3457.867761783261,1518.9974590109487,1518.9974590109487,no_refund,0.0
2025-05-21,2025-05-20,2025-03-26,2025-05-20,8738.102258092593,8893.754868166667,55788.543197674895,58459.96136654884,2671.4181688739454,0.0,0.0,34520.96971995846,0.0,2355.4467639346312,36876.416483893096,0.0,36876.416483893096,17460.98389048011,14003.309602222222,3639.6717949576196,2355.4467639346312,2355.4467639346312,no_refund,0.0
2025-05-22,2025-05-21,2025-03-27,2025-05-21,8893.754868166667,3348.3500529259254,51660.03866471193,51660.03866471193,0.0,0.0,2.57000000000005,33432.22945839311,0.0,0.0,33432.22945839311,17.333365000000338,33449.56282339311,11499.505642873803,14305.463904444445,3651.936109615912,0.0,0.0,no_refund,0.0
2025-05-23,2025-05-22,2025-03-28,2025-05-22,3348.3500529259254,3416.9516038950655,27012.535480535393,27888.338535535393,875.8030549999992,0.0,0.0,14368.99054434897,0.0,1240.7098581404152,15609.700402489385,0.0,15609.700402489385,12280.505812969823,9885.468312633333,19072.35215186557,1240.7098581404152,1240.7098581404152,no_refund,0.0
2025-05-24,2025-05-23,2025-03-29,2025-05-23,3416.9516038950655,9723.151565265434,34816.932099827776,34816.932099827776,0.0,0.0,0.0,18133.735694902454,0.0,0.0,18133.735694902454,0.0,18133.735694902454,19112.594398991772,9805.621497950002,21755.457815452675,0.0,0.0,no_refund,0.0
2025-05-25,2025-05-24,2025-03-30,2025-05-24,9723.151565265434,9310.860667148148,60399.780495274346,60753.84826560768,354.06777033333157,0.0,0.0,36622.59364482414,0.0,475.1282462911298,37097.721891115274,0.0,37097.721891115274,15872.686102229085,13227.93755111111,9564.089531156369,475.1282462911298,475.1282462911298,no_refund,0.0
2025-05-26,2025-05-25,2025-03-31,2025-05-25,9310.860667148148,9382.808832925924,58536.46910995885,61655.187481593835,3118.718371634989,0.0,0.0,36063.573160200496,0.0,2197.3043994510645,38260.87755965156,0.0,38260.87755965156,18723.50129325103,15101.282698333334,3453.135936676139,2197.3043994510645,2197.3043994510645,no_refund,0.0
2025-05-27,2025-05-26,2025-04-01,2025-05-26,9382.808832925924,9191.386104407406,55167.68553545556,56347.18765911859,1179.5021236630287,0.0,0.0,34493.325019414275,0.0,821.6874053343226,35315.0124247486,0.0,35315.0124247486,17333.359919053495,14212.301990099997,3835.7624301650876,821.6874053343228,821.6874053343228,no_refund,0.0
2025-05-28,2025-05-27,2025-04-02,2025-05-27,9191.386104407406,9470.311981314817,63948.62765404665,64400.877454363304,452.24980031666695,0.0,0.0,38420.17674942753,0.0,616.8319382630515,39037.00868769058,0.0,39037.00868769058,18161.691443477368,14459.93678,8425.298690885935,616.8319382630515,616.8319382630515,no_refund,0.0
2025-05-29,2025-05-28,2025-04-03,2025-05-28,9470.311981314817,3281.973076222221,55115.687298477365,56762.67965033607,1646.9923518587098,0.0,17.817433333333497,34742.37255567802,0.0,1215.9726434051413,35958.34519908316,119.77769558333443,36078.12289466649,11919.325999828528,15224.15907444444,5975.20665828532,1215.9726434051413,1215.9726434051413,no_refund,0.0
2025-05-30,2025-05-29,2025-04-04,2025-05-29,3281.973076222221,3864.2251546419784,27929.067935549523,28080.741822605072,151.67388705555587,0.0,0.0,15295.776139423904,0.0,218.488987584617,15514.26512700852,0.0,15514.26512700852,12666.019510644717,9735.448933044443,18553.937978338137,218.488987584617,218.488987584617,no_refund,0.0
2025-05-31,2025-05-30,2025-04-05,2025-05-30,3864.2251546419784,9829.379909765432,36942.98198582222,36942.98198582222,0.0,0.0,0.0,19739.67019597515,0.0,0.0,19739.67019597515,0.0,19739.67019597515,18584.033619903974,9684.42795251111,19654.19476842936,0.0,0.0,no_refund,0.0
2025-06-01,2025-05-31,2025-04-06,2025-05-31,9829.379909765432,7780.912138777779,78199.42427210562,79501.5019788203,1302.0777067146785,0.0,1155.8573611111128,48040.419699493104,0.0,1597.1684136461017,49637.588113139216,7070.6216581944545,56708.20977133367,18990.9913079561,17226.323953333333,7667.865685308638,1597.1684136461017,1597.1684136461017,no_refund,0.0
2025-06-02,2025-06-01,2025-04-07,2025-06-01,7780.912138777779,7713.998595796296,81491.41994486284,82080.44272306838,589.0227782055567,0.0,948.4905601277784,50226.23315425409,0.0,1183.8374216955567,51410.070575949656,5868.610262964715,57278.68083891437,20701.578326423558,16828.50063308642,10515.04813985902,1183.8374216955567,1183.8374216955567,no_refund,0.0
2025-06-03,2025-06-02,2025-04-08,2025-06-02,7713.998595796296,7933.69700088889,75481.94229783189,76939.23380582634,1457.2915079944496,0.0,878.7934816666666,46037.24830492417,0.0,2580.1603765289224,48617.40868145309,5272.976453935833,53890.385135388926,21097.10601932098,16890.92731106666,5419.481745905356,2580.1603765289224,2580.1603765289224,no_refund,0.0
2025-06-04,2025-06-03,2025-04-09,2025-06-03,7933.69700088889,7898.992887166666,85859.36537982167,86023.35760554945,163.9922257277787,0.0,763.1147547222168,53181.44546304816,0.0,326.07105424183516,53507.516517289994,4763.92974773552,58271.446265025515,19251.200913552813,15624.70644232778,13514.717072379968,326.07105424183516,326.07105424183516,no_refund,0.0
2025-06-05,2025-06-04,2025-04-10,2025-06-04,7898.992887166666,1560.7542911296289,67947.0765410965,70568.27235603539,2621.195814938891,0.0,949.3041947166645,42234.73643822185,0.0,4012.1379349780173,46246.87437319986,5780.226323633262,52027.10069683313,15270.969032503426,18073.89965276111,3171.1891543430747,4012.1379349780173,4012.1379349780173,no_refund,0.0
2025-06-06,2025-06-05,2025-04-11,2025-06-05,1560.7542911296289,1950.449848969135,35102.93342185872,35997.18047769616,894.2470558374464,0.0,842.4852857333314,19693.443318676065,0.0,1249.3685266862406,20942.81184536231,5223.738916521585,26166.550761883896,14860.617465898484,11686.374145322223,2810.4270428532272,1249.3685266862406,1249.3685266862406,no_refund,0.0
2025-06-07,2025-06-06,2025-04-12,2025-06-06,1950.449848969135,8074.991666962962,46620.06392465706,47314.26887741817,694.2049527611169,0.0,571.2787641666663,23969.97412804183,0.0,1140.0115647515393,25109.985692793372,3948.484669371664,29058.470362165033,20701.29093050754,11255.958017516665,7313.701561927293,1140.0115647515393,1140.0115647515393,no_refund,0.0
2025-06-08,2025-06-07,2025-04-13,2025-06-07,8074.991666962962,8660.597631296296,75838.70513822036,77335.35051823972,1496.645380019344,0.0,109.45959333333349,46449.95142836774,0.0,1600.384552558942,48050.33598092668,738.6514635866677,48788.98744451335,18872.888877139914,14759.99462258333,8146.9925903498,1600.384552558942,1600.384552558942,no_refund,0.0
2025-06-09,2025-06-08,2025-04-14,2025-06-08,8660.597631296296,8564.298466425926,83932.17787862825,83932.17787862825,0.0,0.0,94.39153333333354,52801.12636330329,0.0,0.0,52801.12636330329,636.5222218333347,53437.64858513662,19988.780179636487,16277.58119388889,9382.657692880655,0.0,0.0,no_refund,0.0
2025-06-10,2025-06-09,2025-04-15,2025-06-09,8564.298466425926,8678.554708462965,78456.26751739177,78857.00054366398,400.7330262722225,0.0,9.518935000000283,48602.548479863246,0.0,542.551927836832,49145.10040770007,64.31577032416858,49209.416178024236,22361.147211234565,18009.698623266668,2896.62665736276,542.5519278368321,542.5519278368321,no_refund,0.0
2025-06-11,2025-06-10,2025-04-16,2025-06-10,8678.554708462965,8878.51760488889,83928.59128398003,84943.68481808642,1015.0935341063807,0.0,49.524924999999826,53166.91433788969,0.0,1113.0383882909994,54279.95272618069,333.9207976291655,54613.87352380985,23491.644642805208,18848.265553888887,4265.3843375034285,1113.0383882909994,1113.0383882909994,no_refund,0.0
2025-06-12,2025-06-11,2025-04-17,2025-06-11,8878.51760488889,3438.6579984691375,75768.03542975307,75769.51228586418,1.4768561111116014,0.0,0.0,48916.95251458542,0.0,2.853507535084281,48919.8060221205,0.0,48919.8060221205,14714.433847462285,16814.565062222224,5417.252067290796,2.853507535084281,2.853507535084281,no_refund,0.0
2025-06-13,2025-06-12,2025-04-18,2025-06-12,3438.6579984691375,3551.8086984709257,35429.07987146776,35598.14434151776,169.06447004999853,0.0,0.0,20414.428974534647,0.0,305.83112117199545,20720.260095706642,0.0,20720.260095706642,13450.91177023518,10793.402903888888,4595.321775171469,305.83112117199545,305.83112117199545,no_refund,0.0
2025-06-14,2025-06-13,2025-04-19,2025-06-13,3551.8086984709257,9119.88055417901,42491.59417531351,42491.59417531351,0.0,0.0,0.0,23647.86147533406,0.0,0.0,23647.86147533406,0.0,23647.86147533406,18864.257762172216,10268.784117222223,7702.777780363515,0.0,0.0,no_refund,0.0
2025-06-15,2025-06-14,2025-04-20,2025-06-14,9119.88055417901,9897.225813074076,78499.0395777915,80299.69911931371,1800.6595415222205,0.0,0.0,49214.25224685978,0.0,1713.2907366256713,50927.54298348546,0.0,50927.54298348546,21934.260479197532,17067.140255144444,4805.6045619273,1713.2907366256713,1713.2907366256713,no_refund,0.0
2025-06-16,2025-06-15,2025-04-21,2025-06-15,9897.225813074076,9646.447361567902,81021.41118929615,81962.98586017147,941.5746708753076,0.0,0.0,51060.24778693703,0.0,1112.9539995474065,52173.20178648443,0.0,52173.20178648443,21723.943446886144,17822.09479833333,5367.084394951986,1112.9539995474065,1112.9539995474065,no_refund,0.0
2025-06-17,2025-06-16,2025-04-22,2025-06-16,9646.447361567902,9476.206022277776,82987.04274047325,84003.11184970659,1016.0691092333368,0.0,18.42167500000005,52332.2871463043,0.0,1203.459202400244,53535.74634870454,124.18972201250034,53659.93607071704,21488.92699269547,17559.24806944444,5454.84338478889,1203.4592024002438,1203.4592024002438,no_refund,0.0
2025-06-18,2025-06-17,2025-04-23,2025-06-17,9476.206022277776,9764.992542438273,84013.28589806583,84876.81886943805,863.532971372226,0.0,0.0,52711.86531570161,0.0,913.4772912516165,53625.34260695323,0.0,53625.34260695323,19747.337786152253,15735.435738638887,9936.525921924698,913.4772912516164,913.4772912516164,no_refund,0.0
2025-06-19,2025-06-18,2025-04-24,2025-06-18,9764.992542438273,4110.75415871605,72725.79928527435,75455.55451741426,2729.755232139917,0.0,30.266366666666727,46882.734981560156,0.0,3129.3391880247405,50012.07416958489,204.04071088333376,50216.11488046823,12762.327971447186,15426.300202222219,9890.288914855966,3129.3391880247405,3129.3391880247405,no_refund,0.0
2025-06-20,2025-06-19,2025-04-25,2025-06-19,4110.75415871605,4710.230432746914,36096.942753321535,36096.942753321535,0.0,0.0,0.0,21755.96906024261,0.0,0.0,21755.96906024261,0.0,21755.96906024261,12803.221958882028,9831.081140066666,10724.221084506173,0.0,0.0,no_refund,0.0
2025-06-21,2025-06-20,2025-04-26,2025-06-20,4710.230432746914,10562.475977345683,41838.79078663889,41852.67869775,13.88791111111101,0.0,0.0,23772.230800613503,0.0,22.102773611499888,23794.333574225002,0.0,23794.333574225002,19422.498833539095,10465.203065027774,13560.642529238683,22.102773611499888,22.102773611499888,no_refund,0.0
2025-06-22,2025-06-21,2025-04-27,2025-06-21,10562.475977345683,10124.889651253086,77362.97919266802,79454.60737698217,2091.6281843141282,0.0,0.0,48274.99497850243,0.0,2552.777324957259,50827.772303459686,0.0,50827.772303459686,19337.657944259256,16057.330628333333,8716.938961056234,2552.777324957259,2552.777324957259,no_refund,0.0
2025-06-23,2025-06-22,2025-04-28,2025-06-22,10124.889651253086,10063.282098407408,78821.03603963766,78821.03603963766,0.0,0.0,0.0,50252.79145512035,0.0,0.0,50252.79145512035,0.0,50252.79145512035,19642.25923375857,15965.676776905555,8083.167582784641,0.0,0.0,no_refund,0.0
2025-06-24,2025-06-23,2025-04-29,2025-06-23,10063.282098407408,10114.880735462963,90222.17956010287,90222.17956010287,0.0,0.0,0.0,57863.831686955586,0.0,0.0,57863.831686955586,0.0,57863.831686955586,21593.11746709876,17443.986375,9804.256218004115,0.0,0.0,no_refund,0.0
2025-06-25,2025-06-24,2025-04-30,2025-06-24,10114.880735462963,10143.124231111113,81137.36194888203,83382.6407944856,2245.2788456035732,0.0,0.0,50787.548090103526,0.0,2725.354769171382,53512.90285927491,0.0,53512.90285927491,19456.615761282566,15734.439620555553,9223.043287091923,2725.3547691713825,2725.3547691713825,no_refund,0.0
2025-06-26,2025-06-25,2025-05-01,2025-06-25,10143.124231111113,4212.836325216052,70851.85563837449,72028.83790337449,1176.9822649999946,0.0,0.0,46615.180498050766,0.0,1129.1568239540543,47744.337322004816,0.0,47744.337322004816,12613.616910459532,15554.288812777777,7422.125972359392,1129.156823954054,1129.156823954054,no_refund,0.0
2025-06-27,2025-06-26,2025-05-02,2025-06-26,4212.836325216052,5204.135692790122,37722.17235133848,37723.83723467181,1.6648833333331368,0.0,0.0,22755.20605122006,0.0,3.074956272499637,22758.28100749256,0.0,22758.28100749256,12573.628721858708,9292.469833888888,14671.032480035325,3.074956272499637,3.074956272499637,no_refund,0.0
2025-06-28,2025-06-27,2025-05-03,2025-06-27,5204.135692790122,10724.342689296294,42224.39916259999,42224.39916259999,0.0,0.0,0.0,24311.39366532259,0.0,0.0,24311.39366532259,0.0,24311.39366532259,19508.221268628255,10833.472930733333,11772.724708038411,0.0,0.0,no_refund,0.0
2025-06-29,2025-06-28,2025-05-04,2025-06-28,10724.342689296294,10340.254880919754,75860.61297096708,79612.56205261317,3751.949081646088,0.0,0.0,47692.04467537093,0.0,4333.846292770209,52025.89096814114,0.0,52025.89096814114,18215.127487263366,15099.932292222218,7229.598324238688,4333.846292770209,4333.846292770209,no_refund,0.0
2025-06-30,2025-06-29,2025-05-05,2025-06-29,10340.254880919754,10045.81931671605,82648.74904242798,82836.60304082798,187.85399840000161,0.0,0.0,52516.30651771764,0.0,297.3141536406963,52813.62067135833,0.0,52813.62067135833,18758.46167351851,15459.345963333331,9659.80334730947,297.3141536406963,297.3141536406963,no_refund,0.0
2025-07-01,2025-06-30,2025-05-06,2025-06-30,10045.81931671605,8061.7476792222205,73248.09014601509,79912.25822419094,6664.168078175847,0.0,879.6353410055547,45952.75718273605,0.0,9212.691785150631,55165.44896788668,5114.544272963919,60279.9932408506,19412.53704705761,17509.819481861115,22.631966666667267,9212.691785150631,9212.691785150631,no_refund,0.0
2025-07-02,2025-07-01,2025-05-07,2025-07-01,8061.7476792222205,7999.647356907408,71239.18236844309,74903.31988932737,3664.137520884291,0.0,1755.8092221944419,44890.292808011916,0.0,4838.913865667158,49729.20667367907,10030.632781313428,59759.83945499251,19946.326464588474,16212.414726399998,20.45100666666667,4838.913865667157,4838.913865667157,no_refund,0.0
2025-07-03,2025-07-02,2025-05-08,2025-07-02,7999.647356907408,2019.3870279691355,73781.42580636489,77156.461830176,3375.0360238111125,0.0,974.7595414777776,47397.15459547595,0.0,4324.798377323169,51721.95297279912,5719.22434338314,57441.17731618226,16612.583311111117,18838.426778044446,596.6459052537633,4324.798377323169,4324.798377323169,no_refund,0.0
2025-07-04,2025-07-03,2025-05-09,2025-07-03,2019.3870279691355,1955.7578965679018,36643.215673120714,38237.07038160405,1593.8547084833335,0.0,2864.554651933336,21109.85277096723,0.0,2434.5611476247154,23544.413918591945,11832.86546367894,35377.279382270885,13247.548693676265,10787.780660138884,9760.989533333337,2434.5611476247154,2434.5611476247154,no_refund,0.0
2025-07-05,2025-07-04,2025-05-10,2025-07-04,1955.7578965679018,8135.356376907408,44714.11064288066,46770.426521247326,2056.3158783666654,0.0,1770.9731197111087,24673.46294077412,0.0,3212.636419263069,27886.099360037188,8220.883693226986,36106.98305326417,20057.069036769546,10684.587287477778,10378.837924999998,3212.636419263069,3212.636419263069,no_refund,0.0
2025-07-06,2025-07-05,2025-05-11,2025-07-05,8135.356376907408,8058.151703666667,74884.90456226372,83283.09329167243,8398.188729408708,0.0,1296.974080000002,47349.85304047553,0.0,8362.826481067163,55712.679521542705,7739.324345039182,63452.00386658189,23471.610422983536,19081.488648533334,395.96404722222246,8362.826481067163,8362.826481067163,no_refund,0.0
2025-07-07,2025-07-06,2025-05-12,2025-07-06,8058.151703666667,8137.535865666667,76201.35029071331,77644.61291091912,1443.2626202058327,0.0,1302.8333634388937,47788.83659139782,0.0,1465.4175383720021,49254.25412976981,7290.211008690832,56544.46513846065,21729.106945987653,17529.130880449993,1337.9874421537002,1465.417538372002,1465.417538372002,no_refund,0.0
2025-07-08,2025-07-07,2025-05-13,2025-07-07,8137.535865666667,8983.925405765434,86479.73204189815,87287.01792523148,807.285883333333,0.0,69.09558666666669,54619.69854924931,0.0,1113.310927993666,55733.00947724297,470.98207558666684,56203.99155282964,21567.901142805214,16708.24933958333,6925.074692009601,1113.310927993666,1113.310927993666,no_refund,0.0
2025-07-09,2025-07-08,2025-05-14,2025-07-08,8983.925405765434,9153.09993303704,85807.28264488696,86260.37208799808,453.08944311111304,0.0,76.42593166666643,53903.19971752302,0.0,724.3439897098372,54627.54370723286,515.3312823583318,55142.87498959119,20785.14795449931,16683.7127686,8176.637817098768,724.3439897098372,724.3439897098372,no_refund,0.0
2025-07-10,2025-07-09,2025-05-15,2025-07-09,9153.09993303704,3353.0995430061753,72249.95233419066,72418.24709391844,168.29475972777857,0.0,49.65599999999995,47500.40069886627,0.0,278.67421383005205,47779.07491269633,334.57315241666635,48113.64806511299,15365.059667455414,17665.698681666665,1914.9187247963628,278.67421383005205,278.67421383005205,no_refund,0.0
2025-07-11,2025-07-10,2025-05-16,2025-07-10,3353.0995430061753,3417.158957765432,43001.11239381344,43001.11239381344,0.0,0.0,168.24547481110898,26021.009256257254,0.0,0.0,26021.00925625725,659.944429713747,26680.953685970995,13846.989291666665,11158.407852966668,7961.999279924549,0.0,0.0,no_refund,0.0
2025-07-12,2025-07-11,2025-05-17,2025-07-11,3417.158957765432,8968.746117037035,48117.10778382716,49125.788892732715,1008.6811089055567,0.0,0.0,27568.58636597952,0.0,1314.7985281202014,28883.384894099727,0.0,28883.384894099727,19601.71253293553,10880.958708333335,9320.791734797187,1314.7985281202014,1314.7985281202014,no_refund,0.0
2025-07-13,2025-07-12,2025-05-18,2025-07-12,8968.746117037035,9131.872735722225,84896.06163821674,84896.06163821674,0.0,0.0,88.08293000000026,54561.91769875052,0.0,0.0,54561.91769875051,593.1913280016685,55155.10902675219,19800.581125699595,15891.656754999998,11807.49979751714,0.0,0.0,no_refund,0.0
2025-07-14,2025-07-13,2025-05-19,2025-07-13,9131.872735722225,9035.899721018519,80694.15902473938,81696.95708477366,1002.7980600342929,0.0,32.12411333333307,50343.4724373105,0.0,1342.6561117082015,51686.1285490187,216.40064944749824,51902.5291984662,19240.806850603563,15671.429262222218,6352.02439305898,1342.6561117082017,1342.6561117082017,no_refund,0.0
2025-07-15,2025-07-14,2025-05-20,2025-07-14,9035.899721018519,10212.403715808645,88934.56759528807,88987.07113528808,52.503540000000385,0.0,0.0,56115.080460221296,0.0,97.33210393783419,56212.41256415913,0.0,56212.41256415913,19919.91412658436,15076.276847222221,11394.383272592597,97.33210393783418,97.33210393783418,no_refund,0.0
2025-07-16,2025-07-15,2025-05-21,2025-07-15,10212.403715808645,10028.603062234568,83902.40184880658,83902.40184880658,0.0,0.0,0.0,54089.048283062235,0.0,0.0,54089.048283062235,0.0,54089.048283062235,18134.925353367624,14854.710124444446,8487.623236550062,0.0,0.0,no_refund,0.0
2025-07-17,2025-07-16,2025-05-22,2025-07-16,10028.603062234568,4879.115791888892,76251.05984776406,78356.19804973937,2105.138201975308,0.0,0.0,50012.68416003113,0.0,2468.2994199725017,52480.98358000363,0.0,52480.98358000363,14017.80888617284,15988.96374111111,7606.936838010972,2468.2994199725017,2468.2994199725017,no_refund,0.0
2025-07-18,2025-07-17,2025-05-23,2025-07-17,4879.115791888892,5022.11039414815,46166.17457416557,46178.97135361001,12.796779444443587,0.0,0.0,28633.450459910986,0.0,24.13080184183169,28657.581261752817,0.0,28657.581261752817,13152.69148389575,10524.984959922225,12277.016729636487,24.13080184183169,24.13080184183169,no_refund,0.0
2025-07-19,2025-07-18,2025-05-24,2025-07-18,5022.11039414815,9764.988244129627,52410.23594402523,52453.379051803015,43.14310777777689,0.0,0.0,31523.456158617348,0.0,79.86639942491504,31603.322558042266,0.0,31603.322558042266,18937.547753422492,11070.823615288893,17403.835863669414,79.86639942491504,79.86639942491504,no_refund,0.0
2025-07-20,2025-07-19,2025-05-25,2025-07-19,9764.988244129627,10041.742679512348,88264.42893155679,88789.35220754569,524.9232759888898,0.0,0.0,55784.44575746867,0.0,778.6085293599965,56563.054286828665,0.0,56563.054286828665,18632.946409972566,14843.607600233328,12910.035181139781,778.6085293599965,778.6085293599965,no_refund,0.0
2025-07-21,2025-07-20,2025-05-26,2025-07-20,10041.742679512348,10202.841688623457,88966.48919187515,89122.04636465292,155.55717277777796,0.0,0.0,56794.014606091,0.0,259.23356550750066,57053.2481715985,0.0,57053.2481715985,19144.758702578874,15362.265440888888,11349.803752962956,259.23356550750066,259.23356550750066,no_refund,0.0
2025-07-22,2025-07-21,2025-05-27,2025-07-21,10202.841688623457,10555.621442956792,87273.72978673868,89445.7465664609,2172.0167797222207,0.0,0.0,56057.42843308773,0.0,1899.0962301982486,57956.52466328597,0.0,57956.52466328597,19002.789876556926,15074.75802111111,11722.570094348423,1899.0962301982488,1899.0962301982488,no_refund,0.0
2025-07-23,2025-07-22,2025-05-28,2025-07-22,10555.621442956792,10383.745127734568,97012.22213162552,97040.9955487755,28.773417150000228,0.0,0.0,62971.75892701017,0.0,52.662581932172884,63024.42150894234,0.0,63024.42150894234,17593.953189533604,14405.790767222225,19636.286009797466,52.66258193217289,52.66258193217289,no_refund,0.0
2025-07-24,2025-07-23,2025-05-29,2025-07-23,10383.745127734568,6210.904081450616,90365.50681664608,90365.50681664608,0.0,0.0,0.0,60070.71282854295,0.0,0.0,60070.71282854295,0.0,60070.71282854295,12516.592075459532,13893.99652277778,18126.439263964334,0.0,0.0,no_refund,0.0
2025-07-25,2025-07-24,2025-05-30,2025-07-24,6210.904081450616,6012.0729171604935,44674.15614432819,44697.40378750597,23.24764317777698,0.0,0.0,27774.28280170996,0.0,37.34283157494867,27811.62563328491,0.0,27811.62563328491,14109.224176165982,11607.419630555556,15690.279675228874,37.34283157494867,37.34283157494867,no_refund,0.0
2025-07-26,2025-07-25,2025-05-31,2025-07-25,6012.0729171604935,10475.5836818642,51084.1164981701,51381.82824594787,297.71174777777645,0.0,0.0,30280.63471777282,0.0,473.3032299762477,30753.93794774907,0.0,30753.93794774907,19062.072025253772,11423.11865222222,15273.783306249654,473.3032299762477,473.3032299762477,no_refund,0.0
2025-07-27,2025-07-26,2025-06-01,2025-07-26,10475.5836818642,10686.375780567905,88200.71743570644,89624.8631658779,1424.1457301714713,0.0,0.0,56531.74469867439,0.0,1779.0983661697585,58310.84306484414,0.0,58310.84306484414,19051.082824348425,15241.66419888889,12130.254740418373,1779.0983661697585,1779.0983661697585,no_refund,0.0
2025-07-28,2025-07-27,2025-06-02,2025-07-27,10686.375780567905,10621.32838777778,91086.45612783366,91677.2176400559,590.7615122222227,0.0,0.0,58539.779384201356,0.0,891.3976767780008,59431.17706097935,0.0,59431.17706097935,19661.630483902598,15984.46334547222,10045.173268292181,891.3976767780009,891.3976767780009,no_refund,0.0
2025-07-29,2025-07-28,2025-06-03,2025-07-28,10621.32838777778,10676.309814759261,89214.84140547873,92579.62247090803,3364.78106542929,0.0,0.0,57273.33576339099,0.0,3508.977923275119,60782.313686666115,0.0,60782.313686666115,18116.341892119344,14624.753648333333,13018.788277122014,3508.977923275119,3508.977923275119,no_refund,0.0
2025-07-30,2025-07-29,2025-06-04,2025-07-29,10676.309814759261,10800.0,82030.13407672838,88483.54801910637,6453.413942377981,0.0,0.0,52792.9316191043,0.0,6734.043111304208,59526.9747304085,0.0,59526.9747304085,18247.036087914952,14668.778064494447,10802.035945685864,6734.043111304208,6734.043111304208,no_refund,0.0
2025-07-31,2025-07-30,2025-06-05,2025-07-30,10800.0,6369.807236314817,80753.79050697183,83075.47449835652,2321.683991384704,0.0,0.0,52844.03933841002,0.0,2759.8313516451694,55603.870690055184,0.0,55603.870690055184,14347.674200171472,15608.789589455555,9641.593620973934,2759.8313516451694,2759.8313516451694,no_refund,0.0
2025-08-01,2025-07-31,2025-06-06,2025-07-31,6369.807236314817,6294.491667919753,44819.18378347963,44821.13997070185,1.9561872222230932,0.0,0.0,27859.946770205403,0.0,3.6790872030849724,27863.625857408486,0.0,27863.625857408486,14262.02440811386,11620.02378212778,20927.779678049104,3.6790872030849724,3.6790872030849724,no_refund,0.0
2025-08-02,2025-08-01,2025-06-07,2025-08-01,6294.491667919753,10713.319531777779,52089.332079496504,52116.915875607614,27.58379611110854,0.0,0.0,31280.22718378003,0.0,51.129201842078515,31331.356385622104,0.0,31331.356385622104,18845.281755871056,11287.733144783333,23632.342331186555,51.129201842078515,51.129201842078515,no_refund,0.0
2025-08-03,2025-08-02,2025-06-08,2025-08-02,10713.319531777779,10014.348158240744,74810.08240381084,74833.32462836639,23.24222455555355,0.0,0.0,48348.547186183874,0.0,43.60832963289627,48392.155515816776,0.0,48392.155515816776,17448.694932681756,14762.517131655553,9307.666844006852,43.608329632896265,43.608329632896265,no_refund,0.0
2025-08-04,2025-08-03,2025-06-09,2025-08-03,10014.348158240744,10620.001514703703,80916.72875965707,82461.85145812757,1545.1226984705029,0.0,0.0,52306.48997116514,0.0,1104.3157156015093,53410.805686766646,0.0,53410.805686766646,17735.6031697325,13820.750546666666,13131.343751728395,1104.3157156015093,1104.3157156015093,no_refund,0.0
2025-08-05,2025-08-04,2025-06-10,2025-08-04,10620.001514703703,10533.761443623458,78633.99612010288,80592.23235243792,1958.2362323350465,0.0,0.0,50752.667510648775,0.0,1477.7043538282232,52230.371864477,0.0,52230.371864477,17354.247170679017,14134.556272222222,12220.231720647796,1477.7043538282235,1477.7043538282235,no_refund,0.0
2025-08-06,2025-08-05,2025-06-11,2025-08-05,10533.761443623458,10464.849147419753,86453.74690306584,86453.74690306584,0.0,0.0,0.0,56544.70978785768,0.0,0.0,56544.70978785768,0.0,56544.70978785768,17487.747725068584,14227.096723888888,15078.696635219478,0.0,0.0,no_refund,0.0
2025-08-07,2025-08-06,2025-06-12,2025-08-06,10464.849147419753,5486.913025660495,81902.17605027434,82686.31155416323,784.1355038888878,0.0,0.0,53297.16580409451,0.0,1108.1706199600812,54405.33642405459,0.0,54405.33642405459,10706.655668552808,13152.53360111111,21744.204236721536,1108.1706199600812,1108.1706199600812,no_refund,0.0
2025-08-08,2025-08-07,2025-06-13,2025-08-07,5486.913025660495,5635.361222574079,43659.98268135,43673.585956411116,13.603275061112981,0.0,0.0,26547.862331095857,0.0,25.454742276789467,26573.31707337265,0.0,26573.31707337265,13233.440154026066,10585.483147538886,25250.457699923933,25.454742276789467,25.454742276789467,no_refund,0.0
2025-08-09,2025-08-08,2025-06-14,2025-08-08,5635.361222574079,10508.63167469136,49504.882111349994,49506.57288357222,1.6907722222218808,0.0,0.0,29220.30698013158,0.0,3.1757774649993586,29223.48275759658,0.0,29223.48275759658,18764.17114540466,10813.035220872225,22633.507959039784,3.1757774649993586,3.1757774649993586,no_refund,0.0
2025-08-10,2025-08-09,2025-06-15,2025-08-09,10508.63167469136,10304.144711074076,81219.73544758573,81219.73544758573,0.0,0.0,0.0,52712.674121270604,0.0,0.0,52712.674121270604,0.0,52712.674121270604,16714.55930791495,13722.831306666667,12923.388396337452,0.0,0.0,no_refund,0.0
2025-08-11,2025-08-10,2025-06-16,2025-08-10,10304.144711074076,10121.404454185185,79785.16672816186,80876.13435832647,1090.9676301646068,0.0,0.0,50594.78146874876,0.0,1367.5520424902102,51962.33351123897,0.0,51962.33351123897,18223.27249989026,14925.316956111112,13016.925481213986,1367.5520424902104,1367.5520424902104,no_refund,0.0
2025-08-12,2025-08-11,2025-06-17,2025-08-11,10121.404454185185,10135.131397500001,85900.75263347737,86297.26464958847,396.51201611111003,0.0,0.0,54557.62060247054,0.0,571.9058052603316,55129.526407730875,0.0,55129.526407730875,17296.53467158436,13997.838835,15238.025163004118,571.9058052603316,571.9058052603316,no_refund,0.0
2025-08-13,2025-08-12,2025-06-18,2025-08-12,10135.131397500001,10315.257993388892,78129.54189030864,79735.43551616598,1605.8936258573442,0.0,0.0,49520.68930171749,0.0,1526.012283093315,51046.701584810806,0.0,51046.701584810806,17617.85087403292,14108.345271666665,10104.95046379973,1526.012283093315,1526.012283093315,no_refund,0.0
2025-08-14,2025-08-13,2025-06-19,2025-08-13,10315.257993388892,5039.153792395066,73355.9412618107,76302.972325679,2947.031063868308,0.0,0.0,48621.81894834604,0.0,2457.695559140053,51079.51450748609,0.0,51079.51450748609,12854.65824100823,15160.76695611111,12682.790057448556,2457.6955591400524,2457.6955591400524,no_refund,0.0
2025-08-15,2025-08-14,2025-06-20,2025-08-14,5039.153792395066,5056.2816672839535,44857.286483593416,44857.286483593416,0.0,0.0,0.0,27678.54173307534,0.0,0.0,27678.54173307534,0.0,27678.54173307534,13300.409213991768,10757.916375933335,25155.06676220164,0.0,0.0,no_refund,0.0
2025-08-16,2025-08-15,2025-06-21,2025-08-15,5056.2816672839535,10252.386632555552,52251.51002675583,52251.51002675583,0.0,0.0,0.0,31606.72313833696,0.0,0.0,31606.723138336958,0.0,31606.723138336958,19520.27597170096,11134.929068333335,26936.88275672154,0.0,0.0,no_refund,0.0
2025-08-17,2025-08-16,2025-06-22,2025-08-16,10252.386632555552,10173.951466722221,83286.16153195995,83780.90749807106,494.74596611111144,0.0,0.0,52644.80604786639,0.0,735.3180901990839,53380.124138065476,0.0,53380.124138065476,17680.778455685875,14392.022198355557,17326.757624074075,735.3180901990839,735.3180901990839,no_refund,0.0
2025-08-18,2025-08-17,2025-06-23,2025-08-17,10173.951466722221,10021.348458,80581.88508098079,80581.88508098079,0.0,0.0,0.0,51930.30955792415,0.0,0.0,51930.30955792415,0.0,51930.30955792415,18026.461515,14738.776534999997,12900.08448431413,0.0,0.0,no_refund,0.0
2025-08-19,2025-08-18,2025-06-24,2025-08-18,10021.348458,9924.825100537038,79286.71193520576,79290.16025520576,3.4483200000000807,0.0,4.538833333333173,50817.699073251875,0.0,6.485561487000149,50824.18463473888,30.59854491666559,50854.78317965555,17319.092718045264,14115.33612333333,11773.282443827164,6.485561487000149,6.485561487000149,no_refund,0.0
2025-08-20,2025-08-19,2025-06-25,2025-08-19,9924.825100537038,9940.398657629628,88407.92687529656,89190.64129138546,782.7144160888915,0.0,0.0,55967.43589743228,0.0,1029.3321789514732,56996.768076383756,0.0,56996.768076383756,19252.896004451293,15580.829562222221,14867.883782489718,1029.3321789514732,1029.3321789514732,no_refund,0.0
2025-08-21,2025-08-20,2025-06-26,2025-08-20,9940.398657629628,5516.779659524693,78529.9943744033,78550.74837970885,20.754005305554074,0.0,0.0,50949.06917738395,0.0,36.699134351987084,50985.76831173594,0.0,50985.76831173594,12432.608355390941,14051.66986616111,14325.39140714569,36.699134351987084,36.699134351987084,no_refund,0.0
2025-08-22,2025-08-21,2025-06-27,2025-08-21,5516.779659524693,5329.788072962961,44306.775166496365,44310.9009698297,4.12580333333392,0.0,0.0,27241.888226966028,0.0,7.7548792021677695,27249.643106168198,0.0,27249.643106168198,14020.625485048009,11524.999070794445,20584.70515557613,7.7548792021677695,7.7548792021677695,no_refund,0.0
2025-08-23,2025-08-22,2025-06-28,2025-08-22,5329.788072962961,10062.596711481481,48488.438197111114,49238.27091933334,749.8327222222222,0.0,0.0,28146.044505677924,0.0,1097.4463204395001,29243.490826117424,0.0,29243.490826117424,18296.097866666667,10560.311497333332,18972.4784,1097.4463204395001,1097.4463204395001,no_refund,0.0
2025-08-24,2025-08-23,2025-06-29,2025-08-23,10062.596711481481,10356.592463925928,78821.17203438959,78838.61028848958,17.438254100000904,0.0,0.0,51278.62902944391,0.0,32.000814077093324,51310.629843521005,0.0,51310.629843521005,18892.390733168722,15038.240316666666,11250.870388654192,32.00081407709332,32.00081407709332,no_refund,0.0
2025-08-25,2025-08-24,2025-06-30,2025-08-24,10356.592463925928,10231.960161111112,100381.552658834,100390.78878846734,9.236129633333121,0.0,0.0,64835.920798250525,0.0,17.38615849597793,64853.3069567465,0.0,64853.3069567465,16578.21616971193,13540.524169999997,26580.009772088757,17.386158495977927,17.386158495977927,no_refund,0.0
2025-08-26,2025-08-25,2025-07-01,2025-08-25,10231.960161111112,10377.514342240744,78837.34139131002,80270.82651962963,1433.485128319613,0.0,0.0,51339.60403810932,0.0,1041.0978039094023,52380.70184201872,0.0,52380.70184201872,18834.665312366255,15125.080139999998,11032.422963930043,1041.0978039094025,1041.0978039094025,no_refund,0.0
2025-08-27,2025-08-26,2025-07-02,2025-08-26,10377.514342240744,9982.605879611116,79379.82130587776,82709.99894493064,3330.17763905288,0.0,0.0,51464.3084288041,0.0,3110.870210203714,54575.17863900781,0.0,54575.17863900781,17955.63805798353,14899.484443333331,11739.696463613782,3110.870210203714,3110.870210203714,no_refund,0.0
2025-08-28,2025-08-27,2025-07-03,2025-08-27,9982.605879611116,5433.887744635806,73137.29249961591,76757.47370499314,3620.181205377231,0.0,0.0,47568.30744187899,0.0,3950.8206823195414,51519.12812419853,0.0,51519.12812419853,14307.331310246911,15682.78468277778,7365.132094190669,3950.8206823195414,3950.8206823195414,no_refund,0.0
2025-08-29,2025-08-28,2025-07-04,2025-08-28,5433.887744635806,5437.975962320987,45547.387655575374,45547.387655575374,0.0,0.0,0.0,27981.045831387826,0.0,0.0,27981.045831387826,0.0,27981.045831387826,13951.936709163236,11297.389338505558,20337.619934917697,0.0,0.0,no_refund,0.0
2025-08-30,2025-08-29,2025-07-05,2025-08-29,5437.975962320987,9681.704949530867,49502.491867779434,49502.491867779434,0.0,0.0,0.0,29270.86137432453,0.0,0.0,29270.861374324526,0.0,29270.861374324526,18200.20371141289,10922.808917755552,23712.37724078876,0.0,0.0,no_refund,0.0
2025-08-31,2025-08-30,2025-07-06,2025-08-30,9681.704949530867,9961.148262314813,76725.15240265563,78932.23059579005,2207.078193134432,0.0,0.0,49580.616144346895,0.0,1558.892315609235,51139.50845995613,0.0,51139.50845995613,20251.004103374475,16151.814342227775,8186.417751310021,1558.8923156092353,1558.8923156092353,no_refund,0.0
2025-09-01,2025-08-31,2025-07-07,2025-08-31,9961.148262314813,10800.0,85997.93991731132,86129.79907854465,131.85916123333368,0.0,0.0,54509.79509883925,0.0,168.7808580805368,54678.57595691978,0.0,54678.57595691978,14803.132952853217,11235.571127894442,28988.102720252544,168.7808580805368,168.7808580805368,no_refund,0.0
2025-09-02,2025-09-01,2025-07-08,2025-09-01,10800.0,10800.0,74846.9441612963,77146.59465259554,2299.650491299243,0.0,0.0,47888.325259596895,0.0,2017.8507566735866,49906.17601627048,0.0,49906.17601627048,17128.188264060354,13873.832493888889,19834.483032424076,2017.8507566735866,2017.8507566735866,no_refund,0.0
2025-09-03,2025-09-02,2025-07-09,2025-09-02,10800.0,10800.0,79270.91973016462,79650.39697410906,379.47724394444515,0.0,0.0,50721.6440129291,0.0,493.8191466522927,51215.46315958139,0.0,51215.46315958139,15705.72842798354,12721.640026666668,21118.59132279218,493.8191466522927,493.8191466522927,no_refund,0.0
2025-09-04,2025-09-03,2025-07-10,2025-09-03,10800.0,8257.841060388888,71849.67699218106,71849.67699218106,0.0,0.0,0.0,48030.61690458902,0.0,0.0,48030.61690458901,0.0,48030.61690458901,14375.902558868307,13932.424118333332,17480.633001646092,0.0,0.0,no_refund,0.0
2025-09-05,2025-09-04,2025-07-11,2025-09-04,8257.841060388888,8217.92290488889,39222.80879797511,39222.80879797511,0.0,0.0,0.0,24415.20144222654,0.0,0.0,24415.20144222654,0.0,24415.20144222654,14654.164433415635,11905.799531016663,29650.182228909467,0.0,0.0,no_refund,0.0
2025-09-06,2025-09-05,2025-07-12,2025-09-05,8217.92290488889,10800.0,44565.1742506,44565.1742506,0.0,0.0,0.0,26465.516211070903,0.0,0.0,26465.516211070903,0.0,26465.516211070903,17442.254007544583,11804.356360511112,31206.19290356653,0.0,0.0,no_refund,0.0
2025-09-07,2025-09-06,2025-07-13,2025-09-06,10800.0,10800.0,72359.70947193415,76169.82106042202,3810.1115884878586,0.0,0.0,46828.53255702919,0.0,2912.5789715391625,49741.111528568355,0.0,49741.111528568355,17436.522248971185,14123.583021666665,17895.898216450834,2912.578971539162,2912.578971539162,no_refund,0.0
2025-09-08,2025-09-07,2025-07-14,2025-09-07,10800.0,10800.0,75838.07965659362,77377.36470629183,1539.2850496982173,0.0,0.0,47854.19693597936,0.0,1588.2405339576253,49442.43746993698,0.0,49442.43746993698,17236.643489471873,13961.681226472218,14706.832909958848,1588.240533957625,1588.240533957625,no_refund,0.0
2025-09-09,2025-09-08,2025-07-15,2025-09-08,10800.0,10800.0,64542.76600004801,66702.9297483135,2160.163748265493,0.0,0.0,41647.547690592335,0.0,2190.6668008903343,43838.21449148267,0.0,43838.21449148267,18649.76878600823,15106.312716666667,10056.639412305278,2190.6668008903343,2190.6668008903343,no_refund,0.0
2025-09-10,2025-09-09,2025-07-16,2025-09-09,10800.0,10671.699982777778,77138.85787277222,77539.63842127778,400.780548505557,0.0,0.0,48709.64579557942,0.0,492.9762390088543,49202.622034588276,0.0,49202.622034588276,18546.846324492457,15138.415538338893,12815.208985124209,492.97623900885424,492.97623900885424,no_refund,0.0
2025-09-11,2025-09-10,2025-07-17,2025-09-10,10671.699982777778,6824.672861024693,70988.72874506857,70988.72874506857,0.0,0.0,0.0,46334.84791804974,0.0,0.0,46334.847918049745,0.0,46334.847918049745,14523.11590792867,15226.048295,18195.57534880658,0.0,0.0,no_refund,0.0
2025-09-12,2025-09-11,2025-07-18,2025-09-11,6824.672861024693,7102.04787965432,36385.16265229314,36411.97938754314,26.816735250001436,0.0,0.0,21712.643562480014,0.0,30.88454766186419,21743.52811014188,0.0,21743.52811014188,14470.820442414262,11471.727041588889,21861.22978671777,30.88454766186419,30.88454766186419,no_refund,0.0
2025-09-13,2025-09-12,2025-07-19,2025-09-12,7102.04787965432,10800.0,41307.65274831111,41307.65274831111,0.0,0.0,0.0,23696.881424822295,0.0,0.0,23696.88142482229,0.0,23696.88142482229,18611.226348395063,11746.936433888888,26436.261350471603,0.0,0.0,no_refund,0.0
2025-09-14,2025-09-13,2025-07-20,2025-09-13,10800.0,10547.118515111111,79726.83174421125,79727.5150247668,0.6832805555554842,0.0,0.0,51154.72953251923,0.0,1.3202005254165288,51156.049733044645,0.0,51156.049733044645,15800.431066172838,13025.942500000001,16853.701708593966,1.3202005254165288,1.3202005254165288,no_refund,0.0
2025-09-15,2025-09-14,2025-07-21,2025-09-14,10547.118515111111,9788.098690296298,62075.77131010974,62494.26360174671,418.49229163696344,0.0,114.9690111111104,39808.14892357658,0.0,463.28413994039266,40271.43306351697,592.1936467222187,40863.62671023919,20049.91539246913,16923.549310233335,4415.835897288684,463.28413994039266,463.28413994039266,no_refund,0.0
2025-09-16,2025-09-15,2025-07-22,2025-09-15,9788.098690296298,9497.277933203703,76780.67717494293,76847.38816073739,66.71098579444708,0.0,0.0,47876.69530703391,0.0,94.19507572142552,47970.89038275533,0.0,47970.89038275533,18841.527325946492,15523.375815399999,14037.466666857561,94.19507572142552,94.19507572142552,no_refund,0.0
2025-09-17,2025-09-16,2025-07-23,2025-09-16,9497.277933203703,9680.984184759262,72518.46783769547,72583.33417158437,64.86633388888629,0.0,7.62916666666672,45980.73089195306,0.0,77.00573035441349,46057.73662230747,34.70889375000024,46092.44551605747,20084.511335061725,16103.118555,8649.452158189304,77.0057303544135,77.0057303544135,no_refund,0.0
2025-09-18,2025-09-17,2025-07-24,2025-09-17,9680.984184759262,5216.613171703705,59390.208911399175,64267.62710410472,4877.418192705549,0.0,0.0,38886.23242541213,0.0,3943.80168859168,42830.034114003814,0.0,42830.034114003814,14976.967658559672,16149.277715183332,6483.8860440617245,3943.8016885916795,3943.8016885916795,no_refund,0.0
2025-09-19,2025-09-18,2025-07-25,2025-09-18,5216.613171703705,6309.601994154323,35104.32085547353,35104.32085547353,0.0,0.0,0.0,20388.167537095207,0.0,0.0,20388.167537095207,0.0,20388.167537095207,14976.69300379287,11147.431392866667,15173.70692788066,0.0,0.0,no_refund,0.0
2025-09-20,2025-09-19,2025-07-26,2025-09-19,6309.601994154323,10295.851110314821,39358.92815748333,39358.92815748333,0.0,0.0,0.0,22151.960698198083,0.0,0.0,22151.960698198083,0.0,22151.960698198083,19741.12553272291,12402.68747696111,16375.056368388205,0.0,0.0,no_refund,0.0
2025-09-21,2025-09-20,2025-07-27,2025-09-20,10295.851110314821,9521.801492703702,71263.97326778463,71263.97326778463,0.0,0.0,0.0,44794.904789337954,0.0,0.0,44794.904789337954,0.0,44794.904789337954,17706.060971515763,15038.554042777778,10308.978855713309,0.0,0.0,no_refund,0.0
2025-09-22,2025-09-21,2025-07-28,2025-09-21,9521.801492703702,8839.426636481481,73867.0703204664,73867.86009213307,0.7897716666668657,0.0,19.555900000000065,46235.71709024825,0.0,1.5127011610003718,46237.22979140925,131.78740035000044,46369.017191759245,20157.536339451304,16941.741805555554,10057.60157490398,1.5127011610003718,1.5127011610003718,no_refund,0.0
2025-09-23,2025-09-22,2025-07-29,2025-09-22,8839.426636481481,8869.78477505556,73098.89828439643,73104.73356439643,5.835280000000466,0.0,6.375000000000114,45610.76730148733,0.0,11.007086467250874,45621.77438795458,42.99618750000077,45664.77057545458,20992.681284286693,16976.74951555555,6978.561212331957,11.007086467250874,11.007086467250874,no_refund,0.0
2025-09-24,2025-09-23,2025-07-30,2025-09-23,8869.78477505556,9121.355860555557,62744.82877160494,66753.6257287194,4008.79695711447,0.0,0.0,39720.807248047386,0.0,3264.87973162666,42985.68697967404,0.0,42985.68697967404,21061.552865919057,16833.443844444446,1462.2916072447902,3264.87973162666,3264.87973162666,no_refund,0.0
2025-09-25,2025-09-24,2025-07-31,2025-09-24,9121.355860555557,4908.654375191358,64056.42744860083,66183.08017965144,2126.6527310506103,0.0,15.37166666666667,41116.841228513826,0.0,1816.5560228424354,42933.397251356255,103.4974316666667,43036.894683022925,15417.53643890946,16279.635852344445,6725.102359753086,1816.5560228424354,1816.5560228424354,no_refund,0.0
2025-09-26,2025-09-25,2025-08-01,2025-09-25,4908.654375191358,5525.237853561731,34595.511278374484,34595.511278374484,0.0,0.0,0.0,19604.980246286363,0.0,0.0,19604.980246286363,0.0,19604.980246286363,14858.916468422496,11480.79720888889,13523.148518840879,0.0,0.0,no_refund,0.0
2025-09-27,2025-09-26,2025-08-02,2025-09-26,5525.237853561731,8925.538427888892,37553.696060127775,37981.26789573889,427.57183561111776,0.0,0.0,20470.984460424275,0.0,567.9081664806525,21038.892626904926,0.0,21038.892626904926,19455.414938737988,12698.615583483333,13423.166290484234,567.9081664806525,567.9081664806525,no_refund,0.0
2025-09-28,2025-09-27,2025-08-03,2025-09-27,8925.538427888892,9056.176010333334,69383.29274511659,72105.03158917258,2721.73884405597,0.0,5.868333333333453,43272.22788828774,0.0,2602.431208160893,45874.65909644864,39.561369166667475,45914.22046561531,20480.524784821664,16471.65125150555,4614.397222523114,2602.431208160893,2602.431208160893,no_refund,0.0
2025-09-29,2025-09-28,2025-08-04,2025-09-28,9056.176010333334,8599.558341277778,71750.83894224279,71753.43707514279,2.5981329000001097,0.0,96.582748333332,44941.26042237063,0.0,4.8691282420752025,44946.12955061271,610.1221800549905,45556.251730667704,20503.060867030174,17018.435204444442,5605.502560890395,4.8691282420752025,4.8691282420752025,no_refund,0.0
2025-09-30,2025-09-29,2025-08-05,2025-09-29,8599.558341277778,8820.86570716667,70983.85527400549,71964.7979219461,980.9426479406061,0.0,70.42720523333278,44776.85232437501,0.0,1081.5412645607548,45858.39358893576,396.979095183981,46255.37268411974,22669.949683662555,18163.482614466662,2106.58329131687,1081.5412645607548,1081.5412645607548,no_refund,0.0
2025-10-01,2025-09-30,2025-08-06,2025-09-30,8820.86570716667,10272.833100185184,66933.43874914953,66985.96243462175,52.523685472221246,0.0,0.0,41302.733030631905,0.0,76.12559760619007,41378.8586282381,0.0,41378.8586282381,21229.78416645404,15889.354521111109,11984.01125594548,76.12559760619007,76.12559760619007,no_refund,0.0
2025-10-02,2025-10-01,2025-08-07,2025-10-01,10272.833100185184,7047.962924203704,67717.38197227023,67718.3629431369,0.980970866667235,0.0,0.0,43587.707391882715,0.0,1.8327105538610662,43589.54010243658,0.0,43589.54010243658,13913.074600075452,14171.973584444444,16246.478810839228,1.8327105538610662,1.8327105538610662,no_refund,0.0
2025-10-03,2025-10-02,2025-08-08,2025-10-02,7047.962924203704,7189.284889802471,30090.490089176892,30359.01666639911,268.5265772222226,0.0,0.0,16546.45408800144,0.0,365.2578067634172,16911.711894764856,0.0,16911.711894764856,15536.245818573389,12457.169344005553,19462.786491831277,365.25780676341725,365.25780676341725,no_refund,0.0
2025-10-04,2025-10-03,2025-08-09,2025-10-03,7189.284889802471,10496.3776192037,36136.57473862222,36143.660733066674,7.08599444444485,0.0,0.0,19697.91814446253,0.0,13.117215824667419,19711.035360287195,0.0,19711.035360287195,19163.288244245537,12545.88002137778,16430.27007686557,13.117215824667419,13.117215824667419,no_refund,0.0
2025-10-05,2025-10-04,2025-08-10,2025-10-04,10496.3776192037,10200.910917777777,70655.82900004802,70920.75384577025,264.92484572222384,0.0,0.0,44131.42336903472,0.0,341.31951626363576,44472.74288529836,0.0,44472.74288529836,17287.759525164613,14269.005246666664,13166.038500605626,341.31951626363576,341.31951626363576,no_refund,0.0
2025-10-06,2025-10-05,2025-08-11,2025-10-05,10200.910917777777,10000.065678425926,60358.86052672153,62764.650590070705,2405.790063349176,0.0,0.0,38446.70338336965,0.0,1852.6200685943209,40299.323451963974,0.0,40299.323451963974,20011.417166632375,16390.00862038889,1410.1327938272243,1852.6200685943209,1852.6200685943209,no_refund,0.0
2025-10-07,2025-10-06,2025-08-12,2025-10-06,10000.065678425926,10195.36856622222,65386.04279920439,66824.27710520927,1438.2343060048706,0.0,0.0,40789.862474642185,0.0,1701.5609164223888,42491.42339106457,0.0,42491.42339106457,20101.381899334698,16106.346739444441,5057.678945319009,1701.5609164223886,1701.5609164223886,no_refund,0.0
2025-10-08,2025-10-07,2025-08-13,2025-10-07,10195.36856622222,9625.536025691357,61623.94382937586,61862.6253382814,238.68150890555467,0.0,0.0,38124.76479646535,0.0,392.8918356065817,38517.656632071936,0.0,38517.656632071936,20237.256754711936,16905.027257794445,2051.900174697255,392.8918356065817,392.8918356065817,no_refund,0.0
2025-10-09,2025-10-08,2025-08-14,2025-10-08,9625.536025691357,6056.088940117284,68045.19515860082,68156.9225636286,111.72740502777594,0.0,0.0,42949.271822879484,0.0,214.2988474054173,43163.5706702849,0.0,43163.5706702849,14990.304244389576,15354.64881497222,12761.285450877918,214.2988474054173,214.2988474054173,no_refund,0.0
2025-10-10,2025-10-09,2025-08-15,2025-10-09,6056.088940117284,6280.631660265434,31679.853487358094,31866.98908013587,187.1355927777778,0.0,0.0,16970.690877492845,0.0,343.18796359516665,17313.878841088015,0.0,17313.878841088015,15446.248031982163,12309.372457772222,19386.502589259264,343.18796359516665,343.18796359516665,no_refund,0.0
2025-10-11,2025-10-10,2025-08-16,2025-10-10,6280.631660265434,9554.464773796299,35832.93536903292,35919.48000488292,86.54463584999974,0.0,0.0,18767.017573773424,0.0,156.7438833205215,18923.761457093944,0.0,18923.761457093944,18799.196823285318,12280.899624683334,15294.869222947602,156.7438833205215,156.7438833205215,no_refund,0.0
2025-10-12,2025-10-11,2025-08-17,2025-10-11,9554.464773796299,9400.115567518518,65500.68301313443,66221.73311388746,721.0501007530198,0.0,20.92993333333345,40206.952404120755,0.0,1235.1326890475223,41442.08509316828,98.0358077333339,41540.12090090162,19671.706003593958,16072.996148561107,4128.9972088546,1235.132689047522,1235.132689047522,no_refund,0.0
2025-10-13,2025-10-12,2025-08-18,2025-10-12,9400.115567518518,9302.571873154322,68140.54736149519,68655.54462927853,514.9972677833357,0.0,0.0,41939.92947190132,0.0,635.2696741709037,42575.19914607223,0.0,42575.19914607223,20798.850698299044,16934.858390549998,7764.157021529485,635.2696741709038,635.2696741709038,no_refund,0.0
2025-10-14,2025-10-13,2025-08-19,2025-10-13,9302.571873154322,9215.440136907408,71158.97372334704,71497.36730983038,338.393586483333,0.0,88.8002259944439,44036.03023537041,0.0,417.6338742852626,44453.66410965568,423.554017023053,44877.21812667873,21031.015772626888,17113.541338450003,6894.863818314603,417.6338742852626,417.6338742852626,no_refund,0.0
2025-10-15,2025-10-14,2025-08-20,2025-10-14,9215.440136907408,8718.614727537037,72978.70173090123,73030.719019479,52.01728857777766,0.0,0.0,44872.17984007424,0.0,100.41969623221978,44972.59953630646,0.0,44972.59953630646,20774.79679106996,17274.728269200004,7610.626847609055,100.41969623221978,100.41969623221978,no_refund,0.0
2025-10-16,2025-10-15,2025-08-21,2025-10-15,8718.614727537037,5819.4579040493845,66191.5347758642,66765.03701556976,573.5022397055599,0.0,0.0,41422.55576703125,0.0,769.2475112634299,42191.803278294676,0.0,42191.803278294676,18650.61232474622,17716.237124183328,2864.1888650068668,769.24751126343,769.24751126343,no_refund,0.0
2025-10-17,2025-10-16,2025-08-22,2025-10-16,5819.4579040493845,5717.177404030863,30320.18385653388,31241.570415422768,921.3865588888881,0.0,0.0,15491.13218759312,0.0,1256.440805963915,16747.572993557034,0.0,16747.572993557034,15913.23058952675,12981.769227533336,12305.909736762691,1256.4408059639152,1256.4408059639152,no_refund,0.0
2025-10-18,2025-10-17,2025-08-23,2025-10-17,5717.177404030863,9072.221715444444,36140.78948502744,36144.42285169411,3.6333666666656654,0.0,0.0,18905.5682368413,0.0,6.663231129998163,18912.231467971298,0.0,18912.231467971298,19234.571362475996,12560.462923333333,13393.72114588477,6.663231129998163,6.663231129998163,no_refund,0.0
2025-10-19,2025-10-18,2025-08-24,2025-10-18,9072.221715444444,8573.250983092592,71275.2234903155,71289.07330577106,13.849815455555131,0.0,22.915077533332852,44067.03981899043,0.0,26.334879146617503,44093.37469813704,116.00459056993051,44209.37928870697,21387.901299183814,17773.273711455557,3811.6382622428014,26.3348791466175,26.3348791466175,no_refund,0.0
2025-10-20,2025-10-19,2025-08-25,2025-10-19,8573.250983092592,8558.33794411111,76242.84488703115,76250.74047480893,7.8955877777781325,0.0,0.0,47575.81888308123,0.0,14.830418139000667,47590.649301220226,0.0,47590.649301220226,20522.41920227023,16636.581288922218,7924.120194794242,14.830418139000667,14.830418139000667,no_refund,0.0
2025-10-21,2025-10-20,2025-08-26,2025-10-20,8558.33794411111,8800.264734753087,75061.15836982167,75147.80830101612,86.64993119444432,0.0,0.0,46221.36700758354,0.0,164.10405410904573,46385.47106169258,0.0,46385.47106169258,22342.88026737998,17879.998905,4222.345588636141,164.1040541090457,164.1040541090457,no_refund,0.0
2025-10-22,2025-10-21,2025-08-27,2025-10-21,8800.264734753087,8440.710564407409,70762.10743258572,70971.26065643017,209.15322384444562,0.0,356.9701898722225,43585.38632084372,0.0,346.2839346493614,43931.67025549308,2290.15674709974,46221.82700259282,21430.365355349793,17682.194691144447,2025.1634820970512,346.2839346493614,346.2839346493614,no_refund,0.0
2025-10-23,2025-10-22,2025-08-28,2025-10-22,8440.710564407409,5943.652101820989,79219.2432786214,79942.92960973251,723.6863311111097,0.0,53.80251609999971,49432.297080166616,0.0,1029.3686242520807,50461.6657044187,375.32635231359797,50836.9920567323,15313.975792613164,14651.673008344445,15954.932308230455,1029.3686242520807,1029.3686242520807,no_refund,0.0
2025-10-24,2025-10-23,2025-08-29,2025-10-23,5943.652101820989,6111.746003691358,32365.338625054865,32821.49390179376,456.1552767388905,0.0,399.9148783333318,16555.83811316923,0.0,621.470456742938,17177.308569912166,2169.1030078766994,19346.411577788866,17060.88844917695,13668.035132149998,11408.50474643347,621.4704567429382,621.4704567429382,no_refund,0.0
2025-10-25,2025-10-24,2025-08-30,2025-10-24,6111.746003691358,8441.47743724074,35040.33151766118,35372.74723710562,332.4157194444442,0.0,297.3890966666666,17746.63409864593,0.0,477.08092649399964,18223.71502513993,1555.6032619299988,19779.318287069927,19084.723895987652,13361.868065555554,10548.847770006858,477.08092649399964,477.08092649399964,no_refund,0.0
2025-10-26,2025-10-25,2025-08-31,2025-10-25,8441.47743724074,8637.41816274074,76406.78477879973,76854.39824468862,447.61346588889023,0.0,0.0,47096.03333053591,0.0,714.9177470828024,47810.9510776187,0.0,47810.9510776187,18922.62969458848,15150.983399666668,8538.439933100137,714.9177470828023,714.9177470828023,no_refund,0.0
2025-10-27,2025-10-26,2025-09-01,2025-10-26,8637.41816274074,8450.156076907406,69579.7183554664,72233.77401008664,2654.0556546202542,0.0,112.74154360094568,42980.81520259089,0.0,2484.8549373629858,45465.67013995387,654.1094255224966,46119.779565476376,21536.219931323732,17612.87402162222,4870.587977319412,2484.8549373629853,2484.8549373629853,no_refund,0.0
2025-10-28,2025-10-27,2025-09-02,2025-10-27,8450.156076907406,8502.677431259259,69799.15293268861,71717.75552154206,1918.602588853441,0.0,105.1069573499982,43120.48715300417,0.0,2164.849830182826,45285.33698318699,692.1055235310871,45977.442506718085,21045.543884463652,16999.62132749889,1804.5182219272883,2164.849830182826,2164.849830182826,no_refund,0.0
2025-10-29,2025-10-28,2025-09-03,2025-10-28,8502.677431259259,8456.116085277778,77868.16188196206,78093.63251196875,225.47063000666833,0.0,379.1700145277808,47925.93126708429,0.0,372.77113994138045,48298.702407025674,2433.9145854774656,50732.61699250314,22214.75888935391,18035.859911759995,4981.646748902606,372.7711399413805,372.7711399413805,no_refund,0.0
2025-10-30,2025-10-29,2025-09-04,2025-10-29,8456.116085277778,6319.130616825713,66766.08804676268,68450.22891462114,1684.1408678584403,0.0,176.54715687222028,41569.31502768022,0.0,1924.999919357004,43494.314947037215,980.370854723226,44474.685801760446,19282.257765973936,17541.915712045746,2098.616367565157,1924.999919357004,1924.999919357004,no_refund,0.0
2025-10-31,2025-10-30,2025-09-05,2025-10-30,6319.130616825713,6515.90127087037,34810.57339900023,34810.57339900023,0.0,0.0,213.20649166666547,18368.34040885902,0.0,0.0,18368.340408859025,1041.3678537366611,19409.708262595686,17276.602823424102,13816.954698333335,7659.839698909469,0.0,0.0,no_refund,0.0
2025-11-01,2025-10-31,2025-09-06,2025-10-31,6515.90127087037,8529.434363240742,35965.269322990396,36009.1733096404,43.90398665000072,0.0,0.0,18517.860571707053,0.0,62.49270301387373,18580.35327472093,0.0,18580.35327472093,19330.54039140603,13845.557933905555,7980.152418806589,62.49270301387372,62.49270301387372,no_refund,0.0
2025-11-02,2025-11-01,2025-09-07,2025-11-01,8529.434363240742,8572.461023074076,75742.61648554013,77461.7085978179,1719.0921122777736,0.0,363.9605063333327,46995.19318338618,0.0,1624.4913601169828,48619.684543503165,2473.1540867929957,51092.83863029616,22284.78057454047,18011.94827152778,4756.452867805212,1624.4913601169826,1624.4913601169826,no_refund,0.0
2025-11-03,2025-11-02,2025-09-08,2025-11-02,8572.461023074076,8601.081377518516,80786.43220199588,80858.96114888761,72.5289468917216,0.0,0.0,49988.13800671192,0.0,136.0723412470479,50124.210347958964,0.0,50124.210347958964,20359.776064530102,16465.660293269386,7459.915094293555,136.0723412470479,136.0723412470479,no_refund,0.0
2025-11-04,2025-11-03,2025-09-09,2025-11-03,8601.081377518516,8584.508968851853,74855.16922779835,75333.0755747428,477.90634694444134,0.0,427.05053601110785,46229.21959846854,0.0,654.0132306455017,46883.23282911404,2735.632422336155,49618.865251450196,21072.105674307273,17083.32076398889,4191.269167102189,654.0132306455016,654.0132306455016,no_refund,0.0
2025-11-05,2025-11-04,2025-09-10,2025-11-04,8584.508968851853,8630.436973277776,83190.38505788065,83207.03589121398,16.650833333333253,0.0,0.0,51837.5620585846,0.0,31.37266762499985,51868.9347262096,0.0,51868.9347262096,21289.063867743484,17202.80652888889,9442.758485692731,31.37266762499985,31.37266762499985,no_refund,0.0
2025-11-06,2025-11-05,2025-09-11,2025-11-05,8630.436973277776,6755.143435543209,75918.59442017146,76829.91468409926,911.3202639277806,0.0,172.83303500000022,47385.05896711901,0.0,1163.9810977939946,48549.040064913,870.8682225158344,49419.90828742884,20143.80457285322,18004.245887972218,3493.604484218248,1163.9810977939946,1163.9810977939946,no_refund,0.0
2025-11-07,2025-11-06,2025-09-12,2025-11-06,6755.143435543209,6957.715904969136,34939.07679395062,35315.11882161728,376.0420276666648,0.0,31.97236166666562,18069.08177872569,0.0,534.2143339353635,18603.29611266105,195.4470468683269,18798.74315952938,18428.491774670783,14744.763115000005,8344.900740279836,534.2143339353635,534.2143339353635,no_refund,0.0
2025-11-08,2025-11-07,2025-09-13,2025-11-07,6957.715904969136,8676.390319098766,36940.296514691356,37018.077611769135,77.78109707777675,0.0,0.0,19069.00965943648,0.0,95.61432211321701,19164.623981549696,0.0,19164.623981549696,19266.791036961593,14059.293767222222,8019.373242029763,95.61432211321701,95.61432211321701,no_refund,0.0
2025-11-09,2025-11-08,2025-09-14,2025-11-08,8676.390319098766,8577.335033314814,80347.92461917008,80596.65234387075,248.72772470066303,0.0,55.89911656600314,50132.767997157134,0.0,315.41660037037644,50448.184597527514,256.19543620947064,50704.38003373698,21612.664975466385,17595.408387333337,5288.477688970374,315.41660037037644,315.41660037037644,no_refund,0.0
2025-11-10,2025-11-09,2025-09-15,2025-11-09,8577.335033314814,8618.458659,81397.98411883568,83132.98704011345,1735.0029212777795,0.0,175.30104229999534,50884.46492612726,0.0,1570.5641761681463,52455.029102295404,1029.934493886901,53484.96359618231,22552.48649048696,18230.50279417778,5127.861286104258,1570.5641761681463,1570.5641761681463,no_refund,0.0
2025-11-11,2025-11-10,2025-09-16,2025-11-10,8618.458659,8547.465378759263,83445.70666759946,83467.21683426612,21.51016666666601,0.0,0.0,52518.332180758975,0.0,41.56086852499873,52559.89304928397,0.0,52559.89304928397,20121.340657757202,16362.179885,8149.036394842251,41.56086852499873,41.56086852499873,no_refund,0.0
2025-11-12,2025-11-11,2025-09-17,2025-11-11,8547.465378759263,8642.38143212963,80125.14382966817,81188.97758182372,1063.8337521555563,0.0,65.17544166666539,49978.361635586545,0.0,1139.9848362224827,51118.346471809025,454.6638810666578,51573.01035287568,21732.41691096022,17517.833249844447,6083.581612374618,1139.9848362224827,1139.9848362224827,no_refund,0.0
2025-11-13,2025-11-12,2025-09-18,2025-11-12,8642.38143212963,7541.146851141977,76259.43838360082,78243.45509036927,1984.0167067684458,0.0,89.9595710333341,47939.73702735132,0.0,2348.4730654021087,50288.21009275343,627.5579675285387,50915.76806028197,19757.189345884774,16994.434493055556,3174.788491906722,2348.4730654021087,2348.4730654021087,no_refund,0.0
2025-11-14,2025-11-13,2025-09-19,2025-11-13,7541.146851141977,7680.792802833337,35776.08186764746,35780.21270225302,4.130834605555663,0.0,0.0,19030.188031044905,0.0,6.110743631998491,19036.298774676903,0.0,19036.298774676903,17672.01570421124,14188.651363888888,4698.393061930663,6.110743631998491,6.110743631998491,no_refund,0.0
2025-11-15,2025-11-14,2025-09-20,2025-11-14,7680.792802833337,8672.274581580246,40821.26888727709,40821.26888727709,0.0,0.0,0.0,21200.96819321588,0.0,0.0,21200.96819321588,0.0,21200.96819321588,19174.384578580248,14638.917907777777,8073.915299807956,0.0,0.0,no_refund,0.0
2025-11-16,2025-11-15,2025-09-21,2025-11-15,8672.274581580246,8708.058703462964,80453.53574604972,81812.65895284925,1359.1232067995188,0.0,0.0,50369.65725789274,0.0,1691.5903763001463,52061.24763419288,0.0,52061.24763419288,22618.927309074068,18289.125410655557,3048.3126710973993,1691.5903763001463,1691.5903763001463,no_refund,0.0
2025-11-17,2025-11-16,2025-09-22,2025-11-16,8708.058703462964,8851.597074944444,77564.16335868998,81461.21050316872,3897.047144478738,0.0,0.0,48650.85022736406,0.0,3918.2053391496256,52569.05556651369,0.0,52569.05556651369,21877.37667750343,17591.490574444444,4479.570066776401,3918.205339149626,3918.205339149626,no_refund,0.0
2025-11-18,2025-11-17,2025-09-23,2025-11-17,8851.597074944444,8724.261002925925,81388.28229123491,81396.08922546824,7.806934233332413,0.0,0.0,50993.20825422989,0.0,10.348416698868611,51003.55667092876,0.0,51003.55667092876,23577.54638633745,19212.415037749997,2140.4060435474585,10.348416698868611,10.348416698868611,no_refund,0.0
2025-11-19,2025-11-18,2025-09-24,2025-11-18,8724.261002925925,8534.383296018517,80731.2372111594,83584.73471865384,2853.4975074944427,0.0,48.19804833333192,50563.52497337759,0.0,3126.1266820453375,53689.65165542293,221.13354390332674,53910.78519932626,22312.68521497256,18244.164960344446,4196.10091235905,3126.1266820453375,3126.1266820453375,no_refund,0.0
2025-11-20,2025-11-19,2025-09-25,2025-11-19,8534.383296018517,8036.14118319136,79870.79128996661,81268.22705640514,1397.4357664385418,0.0,0.0,50073.86937944091,0.0,1564.3398670616064,51638.20924650251,0.0,51638.20924650251,22633.151458497952,18781.270582927777,2623.270147501636,1564.3398670616064,1564.3398670616064,no_refund,0.0
2025-11-21,2025-11-20,2025-09-26,2025-11-20,8036.14118319136,8325.933839475307,36721.61829886831,37386.53075862297,664.9124597546564,0.0,0.0,19516.26710846554,0.0,509.0485050270592,20025.3156134926,0.0,20025.3156134926,18279.9268732373,14545.927376666668,4788.147195385671,509.0485050270592,509.0485050270592,no_refund,0.0
2025-11-22,2025-11-21,2025-09-27,2025-11-21,8325.933839475307,8725.42025808025,42288.241357359395,42293.20898685384,4.967629494443884,0.0,0.0,21883.62590461321,0.0,7.348614311130836,21890.97451892434,0.0,21890.97451892434,18916.3360433059,14962.694418333333,8119.737878547932,7.348614311130836,7.348614311130836,no_refund,0.0
2025-11-23,2025-11-22,2025-09-28,2025-11-22,8725.42025808025,8747.748742111115,81320.87455233862,82858.7026177275,1537.8280653888862,0.0,0.0,51141.302975360064,0.0,1788.5042525028725,52929.80722786293,0.0,52929.80722786293,22461.9724280727,18174.102031111106,3338.7359374325792,1788.5042525028723,1788.5042525028723,no_refund,0.0
2025-11-24,2025-11-23,2025-09-29,2025-11-23,8747.748742111115,8510.074489574074,80126.79360790987,80754.04490042591,627.2512925160498,0.0,57.02757722221918,50314.17514358612,0.0,642.2054030742328,50956.38054666035,328.93055512220144,51285.31110178255,22557.075525672146,18485.13800307778,2577.1912550537763,642.2054030742328,642.2054030742328,no_refund,0.0
2025-11-25,2025-11-24,2025-09-30,2025-11-24,8510.074489574074,8719.085431907408,91904.18282631689,91904.93320028354,0.7503739666678939,0.0,0.0,58580.31074329322,0.0,1.1100282088918154,58581.42077150212,0.0,58581.42077150212,21500.59536253772,17227.372395555554,11463.049766634711,1.1100282088918154,1.1100282088918154,no_refund,0.0
2025-11-26,2025-11-25,2025-10-01,2025-11-25,8719.085431907408,8850.326129074077,86717.13759621399,87558.21364466399,841.076048449997,0.0,0.0,54614.07471772703,0.0,1043.8588277395547,55657.93354546659,0.0,55657.93354546659,23062.951572448554,18562.874146233335,6300.4693351154365,1043.8588277395547,1043.8588277395547,no_refund,0.0
2025-11-27,2025-11-26,2025-10-02,2025-11-26,8850.326129074077,8322.464724962963,83366.50045794924,84008.79626673812,642.2958087888863,0.0,0.0,52755.64307871711,0.0,670.8355582627067,53426.47863697982,0.0,53426.47863697982,21897.076342318236,18211.70710097778,4542.534292064339,670.8355582627067,670.8355582627067,no_refund,0.0
2025-11-28,2025-11-27,2025-10-03,2025-11-27,8322.464724962963,8166.547541679013,37759.90574728395,38176.384056429975,416.47830914601866,0.0,0.0,20026.87075272376,0.0,279.24475966149845,20306.11551238526,0.0,20306.11551238526,18742.09102817558,15321.419197777777,3834.4736760321734,279.24475966149845,279.24475966149845,no_refund,0.0
2025-11-29,2025-11-28,2025-10-04,2025-11-28,8166.547541679013,8802.010128123457,49472.79164514403,49475.909242805144,3.117597661110949,0.0,0.0,25612.79330452396,0.0,4.611862220081426,25617.40516674404,0.0,25617.40516674404,18796.691473278457,14653.403765555555,10403.171435082242,4.611862220081426,4.611862220081426,no_refund,0.0
2025-11-30,2025-11-29,2025-10-05,2025-11-29,8802.010128123457,8701.415692888893,87507.67945479424,88223.33055406256,715.6510992683136,0.0,0.0,55202.31049944666,0.0,832.4320655626135,56034.74256500928,0.0,56034.74256500928,24147.82745947874,19650.27523388889,3480.9502118060395,832.4320655626135,832.4320655626135,no_refund,0.0
2025-12-01,2025-11-30,2025-10-06,2025-11-30,8701.415692888893,8638.52793418518,91051.29697449245,91259.39889787578,208.10192338333468,0.0,2447.946788005559,58311.11981116138,0.0,303.7147079979722,58614.83451915935,11927.120292756521,70541.95481191587,24587.876351152256,19972.778827266666,2793.3204286624123,303.7147079979722,303.7147079979722,no_refund,0.0
2025-12-02,2025-12-01,2025-10-07,2025-12-01,8638.52793418518,8522.976644685183,94129.65273442387,95230.49250117957,1100.8397667556899,0.0,2012.5626397444473,60035.58019829978,0.0,1450.948358526277,61486.52855682606,10101.096217106748,71587.62477393281,24972.594376865574,20331.79760581111,3964.4484198695463,1450.948358526277,1450.948358526277,no_refund,0.0
2025-12-03,2025-12-02,2025-10-08,2025-12-02,8522.976644685183,8680.41057609259,84518.88055698217,91340.63902462984,6821.7584676476745,0.0,1207.9919394277806,53448.45910469693,0.0,7330.13467522711,60778.59377992404,5968.792093123817,66747.38587304785,25669.33013025378,20650.466867238887,367.01913437605845,7330.13467522711,7330.13467522711,no_refund,0.0
2025-12-04,2025-12-03,2025-10-09,2025-12-03,8680.41057609259,8601.921187407406,92062.86528878601,93680.33665717524,1617.4713683892312,0.0,2097.766945688889,59129.28817021613,0.0,2190.738651602235,61320.02682181836,10322.514990116546,71642.5418119349,24643.44164066529,20031.828178755553,4395.281390954392,2190.738651602235,2190.738651602235,no_refund,0.0
2025-12-05,2025-12-04,2025-10-10,2025-12-04,8601.921187407406,8640.682996432102,44126.32586257887,45662.0122196384,1535.6863570595262,0.0,942.6732048833305,23143.886137287904,0.0,1160.516250808797,24304.402388096696,4885.019073864626,29189.421461961323,21408.07401977366,17305.654327894445,1190.6380493091851,1160.5162508087967,1160.5162508087967,no_refund,0.0
2025-12-06,2025-12-05,2025-10-11,2025-12-05,8640.682996432102,8613.966980685185,47237.342541728394,47736.42394590061,499.08140417222285,0.0,850.3937477777741,24750.407408724,0.0,547.4317732793698,25297.839182003372,4300.157980186092,29597.997162189466,21280.59057200274,17261.322777494446,902.9190825034322,547.4317732793698,547.4317732793698,no_refund,0.0
2025-12-07,2025-12-06,2025-10-12,2025-12-06,8613.966980685185,8601.841109333332,95421.5012653498,95429.53382722757,8.03256187777663,0.0,1414.1455183444418,61197.120324764765,0.0,11.480040201373606,61208.60036496613,7201.159885223531,68409.76025018966,24969.21423814815,20235.97681711667,4457.760674540532,11.480040201373606,11.480040201373606,no_refund,0.0
2025-12-08,2025-12-07,2025-10-13,2025-12-07,8601.841109333332,8844.187595592595,97945.66716476681,97960.54117210014,14.874007333330383,0.0,7.200816666666469,62843.610329743184,0.0,19.809251389876035,62863.41958113306,41.82594360833218,62905.24552474139,24568.913756337446,19682.708305,5234.325420762689,19.809251389876035,19.809251389876035,no_refund,0.0
2025-12-09,2025-12-08,2025-10-14,2025-12-08,8844.187595592595,8746.497855728396,96856.58197820302,96899.89410242524,43.31212422222188,0.0,60.411570555555386,62209.59811471624,0.0,56.94354075508815,62266.54165547133,351.75537810027674,62618.2970335716,24838.013404718786,20206.711623699994,4940.549625295341,56.943540755088144,56.943540755088144,no_refund,0.0
2025-12-10,2025-12-09,2025-10-15,2025-12-09,8746.497855728396,8789.725194074077,93001.06444659122,94468.84947844122,1467.7850318500014,0.0,372.9709063111082,59376.72378873793,0.0,1469.5638450905599,60846.2876338285,1813.3901427541632,62659.67777658266,25302.995267297658,20456.521562,1607.7282127879996,1469.5638450905599,1469.5638450905599,no_refund,0.0
2025-12-11,2025-12-10,2025-10-16,2025-12-10,8789.725194074077,8862.421246000005,96576.27672989026,96578.6872734458,2.410543555555023,0.0,0.0,61906.681986803196,0.0,3.5476746282325475,61910.229661431425,0.0,61910.229661431425,23953.871277860067,19337.209288333335,6000.770583919078,3.5476746282325475,3.5476746282325475,no_refund,0.0
2025-12-12,2025-12-11,2025-10-17,2025-12-11,8862.421246000005,8885.196055166669,49216.09035473937,50815.72003187674,1599.6296771373752,0.0,0.0,25602.204915040238,0.0,1421.0330198634147,27023.23793490365,0.0,27023.23793490365,20851.050033347048,16868.853198761113,3119.1097139574713,1421.033019863415,1421.033019863415,no_refund,0.0
2025-12-13,2025-12-12,2025-10-18,2025-12-12,8885.196055166669,8995.80852640123,50423.84266814815,50846.96905150466,423.126383356514,0.0,0.0,26367.386502755,0.0,456.1072166015755,26823.493719356575,0.0,26823.493719356575,20413.885239657066,16435.69582001111,3070.246248525377,456.10721660157554,456.10721660157554,no_refund,0.0
2025-12-14,2025-12-13,2025-10-19,2025-12-13,8995.80852640123,8842.244547944443,92092.17892879288,94796.79472396434,2704.615795171464,0.0,461.789754616667,58809.61991004976,0.0,2727.603965352855,61537.22387540262,2248.92662425061,63786.15049965323,25108.41298531551,20476.02209871667,1847.471791982163,2727.6039653528546,2727.6039653528546,no_refund,0.0
2025-12-15,2025-12-14,2025-10-20,2025-12-14,8842.244547944443,9010.153166555554,94281.49000265432,96909.83942054321,2628.3494178888895,0.0,0.0,60194.27767673282,0.0,2821.5467342224665,63015.82441095528,0.0,63015.82441095528,24536.413382818926,19723.37708333334,2627.245154390953,2821.546734222467,2821.546734222467,no_refund,0.0
2025-12-16,2025-12-15,2025-10-21,2025-12-15,9010.153166555554,8905.055152537041,99453.0436521605,99453.0436521605,0.0,0.0,0.0,64454.72078617878,0.0,0.0,64454.72078617878,0.0,64454.72078617878,23278.23082667353,18949.95518222222,5706.676674375854,0.0,0.0,no_refund,0.0
2025-12-17,2025-12-16,2025-10-22,2025-12-16,8905.055152537041,8950.443271962966,100018.64641469136,100018.64641469136,0.0,0.0,0.0,64290.26388743271,0.0,0.0,64290.26388743272,0.0,64290.26388743272,23261.584581255138,18801.034203333333,7366.248970102886,0.0,0.0,no_refund,0.0
2025-12-18,2025-12-17,2025-10-23,2025-12-17,8950.443271962966,8970.934866685186,95288.61554261316,95461.75923717982,173.14369456666827,0.0,0.0,61492.00503857323,0.0,143.37633464252178,61635.38137321576,0.0,61635.38137321576,24305.457434465017,19668.978086666662,3459.012922714811,143.3763346425218,143.3763346425218,no_refund,0.0
2025-12-19,2025-12-18,2025-10-24,2025-12-18,8970.934866685186,8857.082199734567,49221.156143971195,50834.01664593965,1612.8605019684546,0.0,0.0,26114.058549939604,0.0,1170.5845834452227,27284.643133384827,0.0,27284.643133384827,20010.677922181065,16311.11651722222,4226.063940980801,1170.5845834452227,1170.5845834452227,no_refund,0.0
2025-12-20,2025-12-19,2025-10-25,2025-12-19,8857.082199734567,9068.077819641976,52477.599706488334,52477.599706488334,0.0,0.0,0.0,27873.87300104405,0.0,0.0,27873.873001044045,0.0,27873.873001044045,20133.38902760631,16118.149054444448,5606.007483326468,0.0,0.0,no_refund,0.0
2025-12-21,2025-12-20,2025-10-26,2025-12-20,9068.077819641976,8990.216271462965,98419.91073673526,98419.9964511797,0.08571444444407916,0.0,1.6522333333332426,63319.73042857223,0.0,0.15021027816602653,63319.8806388504,9.596997316666139,63329.47763616707,23891.777744821666,19422.415366666664,4914.5044396913645,0.15021027816602653,0.15021027816602653,no_refund,0.0
2025-12-22,2025-12-21,2025-10-27,2025-12-21,8990.216271462965,8744.265260314813,97799.13616839505,97811.12720506173,11.991036666666105,0.0,0.0,63078.45778572137,0.0,22.585977356498958,63101.04376307787,0.0,63101.04376307787,23753.29579625514,19461.525505,4581.92983047325,22.585977356498958,22.585977356498958,no_refund,0.0
2025-12-23,2025-12-22,2025-10-28,2025-12-22,8744.265260314813,9112.836182685185,100654.94508211935,100654.94508211935,0.0,0.0,0.0,64881.85405334881,0.0,0.0,64881.85405334882,0.0,64881.85405334882,23233.452935692723,18487.383047777777,8650.782660871057,0.0,0.0,no_refund,0.0
2025-12-24,2025-12-23,2025-10-29,2025-12-23,9112.836182685185,8837.754214537037,98763.83112312757,98772.9696253498,9.138502222222769,0.0,0.0,63872.434532606036,0.0,16.243378202167737,63888.677910808205,0.0,63888.677910808205,23163.80518902606,19010.25597444444,6764.861094101509,16.24337820216774,16.24337820216774,no_refund,0.0
2025-12-25,2025-12-24,2025-10-30,2025-12-24,8837.754214537037,8871.451701333335,95564.26086706447,96272.36357716174,708.1027100972609,0.0,0.0,61185.50246957534,0.0,626.512141060977,61812.01461063632,0.0,61812.01461063632,24058.676120445823,19457.199919444443,3858.4388428270213,626.512141060977,626.512141060977,no_refund,0.0
2025-12-26,2025-12-25,2025-10-31,2025-12-25,8871.451701333335,9420.259724802469,51171.350850610426,51622.89454561043,451.54369499999984,0.0,0.0,27042.660283823265,0.0,525.4834418874163,27568.14372571068,0.0,27568.14372571068,20067.741185198905,15760.943138888893,4308.474065967074,525.4834418874165,525.4834418874165,no_refund,0.0
2025-12-27,2025-12-26,2025-11-01,2025-12-26,9420.259724802469,9194.403715851855,52467.35375524355,52739.54246596022,272.1887107166677,0.0,0.0,27651.07031134757,0.0,320.95494379398025,27972.02525514155,0.0,27972.02525514155,19331.749922839503,15861.987845555554,5930.9713220096,320.95494379398025,320.95494379398025,no_refund,0.0
2025-12-28,2025-12-27,2025-11-02,2025-12-27,9194.403715851855,9263.713387993825,98086.49621650204,98128.47942761317,41.983211111110734,0.0,0.0,63273.08280919906,0.0,81.11786134833261,63354.20067054739,0.0,63354.20067054739,22833.644800322345,18432.873583333334,6918.453460624149,81.11786134833261,81.11786134833261,no_refund,0.0
2025-12-29,2025-12-28,2025-11-03,2025-12-28,9263.713387993825,8931.852020425924,97507.84649410151,98516.4412926904,1008.5947985888878,0.0,0.0,62378.09341778049,0.0,946.6309046631912,63324.724322443675,0.0,63324.724322443675,23081.908974307273,18995.021500000003,6905.787551716452,946.6309046631914,946.6309046631914,no_refund,0.0
2025-12-30,2025-12-29,2025-11-04,2025-12-29,8931.852020425924,9069.18401992593,98903.03965265432,99043.82214370988,140.78249105555508,0.0,0.0,63591.523373056,0.0,213.1548062050992,63804.6781792611,0.0,63804.6781792611,23376.823377427987,18811.628136166666,8254.224302448558,213.1548062050992,213.1548062050992,no_refund,0.0
2025-12-31,2025-12-30,2025-11-05,2025-12-30,9069.18401992593,8687.221395111112,100474.64041964334,100476.1193480989,1.4789284555557742,0.0,0.0,64522.893918027694,0.0,2.081431484924467,64524.97534951262,0.0,64524.97534951262,23160.619320850477,19103.86801222222,7772.945106137307,2.081431484924467,2.081431484924467,no_refund,0.0
