date,train_end_date,residual_history_start_date,residual_history_end_date,soc_open_kwh,soc_close_kwh,original_purchase_kwh,effective_purchase_kwh,upward_adjustment_kwh,downward_adjustment_kwh,emergency_purchase_kwh,base_plan_cost_yuan,downward_credit_yuan,upward_adjustment_cost_yuan,normal_settlement_cost_yuan,emergency_cost_yuan,total_cost_yuan,charge_kwh,discharge_kwh,surplus_discard_kwh
2025-02-01,2025-01-31,2025-01-02,2025-01-31,6000.0,9698.132278601235,51247.516323716874,47113.03302696653,0.0,4134.4832967503435,0.0,26892.026562188967,1166.973421984947,0.0,25725.05314020402,0.0,25725.05314020402,22541.473640750344,14930.274598266666,5123.6580511495185
2025-02-02,2025-02-01,2025-01-02,2025-02-01,9698.132278601235,9532.116331246914,93091.33040451714,88262.33786976487,99.90427362222067,4928.896808374489,0.0,59187.343746963204,1635.6717525458876,139.20398342002716,57690.87597783735,0.0,57690.87597783735,21727.072498138543,17748.343076111116,5927.330497737441
2025-02-03,2025-02-02,2025-01-02,2025-02-02,9532.116331246914,9410.58513116914,95680.99169039231,88895.42776903842,0.0,6785.563921353906,0.0,60859.01072747827,2357.4064264453054,0.0,58501.60430103297,0.0,58501.60430103297,22126.286442437584,18031.670098444443,4583.894925045266
2025-02-04,2025-02-03,2025-01-02,2025-02-03,9410.58513116914,9481.523380665434,97935.24928936761,91171.90429354736,70.01899040333495,6833.3639862235905,0.0,62798.0750803036,2449.8336984519624,98.07335234111383,60446.314734192754,0.0,60446.314734192754,22623.10471631275,18260.870395666665,5614.806022901281
2025-02-05,2025-02-04,2025-01-02,2025-02-04,9481.523380665434,9483.27930116173,92541.39275264746,89900.5223465199,507.1654702222221,3148.0358763497948,0.0,58885.58807965829,1165.494440423185,610.5160066623663,58330.609645897464,0.0,58330.609645897464,22340.12294732784,18093.919258888887,4905.891674747602
2025-02-06,2025-02-05,2025-01-02,2025-02-05,9483.27930116173,9425.868090053087,98291.45188204251,89387.68798140329,0.0,8903.763900639231,7.959461000000147,62993.567368590826,3278.635967229311,0.0,59714.93140136152,46.49519143150086,59761.426592793025,22554.400916738,18320.734832555558,4890.9241415541765
2025-02-07,2025-02-06,2025-01-02,2025-02-06,9425.868090053087,9274.601607253082,47795.3018282332,42991.22957039368,0.0,4804.0722578395125,0.0,25055.983530227713,1327.4348851958298,0.0,23728.548645031882,0.0,23728.548645031882,18545.14569675171,15157.707848888891,7798.112055864196
2025-02-08,2025-02-07,2025-01-02,2025-02-07,9274.601607253082,9413.562782283945,39020.361225467765,39441.14872502332,420.7874995555565,0.0,0.0,20342.96589250739,0.0,512.1104689133344,20855.076361420724,0.0,20855.076361420724,18626.31733741428,14962.25198577778,4199.920656720157
2025-02-09,2025-02-08,2025-01-02,2025-02-08,9413.562782283945,9169.035099271607,92298.9358445734,88615.25745376054,18.96169278777836,3702.6400836006333,0.0,58620.10998984667,1195.44530221632,25.354049631280496,57450.01873726163,0.0,57450.01873726163,21379.526286235938,17537.49120656222,5217.8064074201575
2025-02-10,2025-02-09,2025-01-02,2025-02-09,9169.035099271607,9121.483905364197,88597.13909280933,82336.14923459863,20.018424701111144,6281.008282911799,0.0,55829.35970004559,2176.402697395625,27.32920568322036,53680.286208333186,0.0,53680.286208333186,22222.10348226886,18042.699895154445,3830.108064150894
2025-02-11,2025-02-10,2025-01-02,2025-02-10,9121.483905364197,8963.634111281479,89203.03598766803,82645.21380146539,0.09053722222211036,6557.912723424869,0.0,56483.478178084515,2451.3805406970346,0.12722290466650948,54032.224860292146,0.0,54032.224860292146,22092.484867251034,18036.97755714778,3369.109358028805
2025-02-12,2025-02-11,2025-01-02,2025-02-11,8963.634111281479,9108.797407475307,89399.66444357613,82569.9039859218,0.0,6829.760457654323,7.652699999999982,56383.255523828586,2416.763332277495,0.0,53966.492191551086,33.51499964999992,54000.00719120108,22866.166930613173,18390.948247222223,2835.6018691975264
2025-02-13,2025-02-12,2025-01-02,2025-02-12,9108.797407475307,8574.512291879011,83460.18957240054,79196.14721509363,214.66640633333282,4478.708763640243,2.767724999999814,52146.328615121776,1552.9843123579822,274.80206722576594,50868.14636998957,12.121251637499185,50880.26762162706,21328.23891598766,17756.730125986673,4297.927133425981
2025-02-14,2025-02-13,2025-01-02,2025-02-13,8574.512291879011,8564.514762330866,39823.63373701509,40154.789072126194,703.718754555554,372.5634194444445,0.0,20438.446265992665,76.61766720875,946.5308096447304,21308.359408428645,0.0,21308.359408428645,18090.179015591224,14662.042779222225,6924.851019090533
2025-02-15,2025-02-14,2025-01-02,2025-02-14,8564.514762330866,8884.444467879013,40421.01490429492,39366.38838018381,44.975669777777796,1099.602193888889,0.0,21026.144124967548,343.6054175002,82.4808808054667,20765.01958827282,0.0,20765.01958827282,18149.02459903155,14412.773190222222,6350.045871374485
2025-02-16,2025-02-15,2025-01-02,2025-02-15,8884.444467879013,9014.41134214321,89066.79805780109,81289.61772286872,98.45309525555456,7875.633430187932,16.49964666666665,55930.421703241656,2834.967474268407,190.22614799801974,53285.68037697127,72.2602025766666,53357.94057954794,22881.871115670772,18417.345416855558,1464.2125707201694
2025-02-17,2025-02-16,2025-01-02,2025-02-16,9014.41134214321,8864.700615740743,88900.57938211795,77172.40345522709,0.0,11728.175926890875,0.0,55346.62756398333,3761.5890670221734,0.0,51585.03849696116,0.0,51585.03849696116,20875.212297474623,17043.661614716664,2156.9896058024624
2025-02-18,2025-02-17,2025-01-02,2025-02-17,8864.700615740743,9066.83631211852,79719.34666184636,78122.33035343426,319.48985161889084,1916.506160030999,12.7897999999999,49462.72305586947,608.029758041683,423.4201387841198,49278.11343661191,56.35232843333287,49334.46576504524,21647.883712989023,17352.86368078111,1748.7123378930048
2025-02-19,2025-02-18,2025-01-02,2025-02-18,9066.83631211852,8648.7809445642,79788.57062564208,79176.44299939895,180.89421856666763,793.0218448097987,69.32041166666659,49666.134482659734,296.2130453843994,243.77670653846437,49613.6981438138,303.58874289416633,49917.28688670797,22441.630781945136,18553.970764174446,2478.7760099615916
2025-02-20,2025-02-19,2025-01-02,2025-02-19,8648.7809445642,8183.954003411111,82484.74077586831,77682.37613723619,218.3100127777762,5020.674651409892,16.592149444444317,51158.838201114515,1656.8261432755116,324.075897781847,49826.08795562085,77.71762799777719,49903.805583618625,20833.9945000919,17293.87979211222,3165.719845367623
2025-02-21,2025-02-20,2025-01-02,2025-02-20,8183.954003411111,7911.692855908646,35470.302274844995,35696.13861251166,225.83633766666952,0.0,0.0,18315.294927605668,0.0,353.6239797606052,18668.918907366275,0.0,18668.918907366275,17157.25287684911,14142.409862999997,7121.033565329217
2025-02-22,2025-02-21,2025-01-02,2025-02-21,7911.692855908646,9033.733694104938,37054.08415590993,36849.97718827666,246.5384685944448,450.6454362277099,0.0,19284.17061574389,158.6571310312554,433.2901448966974,19558.803629609334,0.0,19558.803629609334,18862.271785630997,14268.603391984449,4411.54591129678
2025-02-23,2025-02-22,2025-01-02,2025-02-22,9033.733694104938,8794.233984233333,81447.18649687548,77085.54030687001,59.723651467776904,4421.369841473248,18.084320666666372,50348.416799814746,1524.8634835557789,109.259181857349,48932.81249811631,83.91344980488755,49016.7259479212,22433.61384334705,18386.776951995555,1524.9340528518508
2025-02-24,2025-02-23,2025-01-02,2025-02-23,8794.233984233333,9006.229609475306,78366.11418798902,74663.528476321,140.65115777777675,3843.2368694458114,52.39974177777788,48685.209192834736,1248.8666488040901,271.75913450033136,47708.10167853098,237.51779958100047,47945.61947811197,21009.90287235391,16827.225263888893,2330.216992967081
2025-02-25,2025-02-24,2025-01-02,2025-02-24,9006.229609475306,8816.524159080247,80759.48625827735,72469.11765415556,35.20812648889023,8325.576730610674,61.22655677777789,49949.93988371802,2795.747389883855,61.502930400265654,47215.695424234436,271.76139841322276,47487.456822647655,21281.192237695483,17408.500617888887,2836.329357793407
2025-02-26,2025-02-25,2025-01-02,2025-02-25,8816.524159080247,9053.576405281481,74146.94627775172,75580.71473635526,1449.0998707146746,15.331412111111263,27.341170777777847,45279.07464101275,3.5818763513222542,1409.9242153130976,46685.41697997453,119.73959558422253,46805.15657555875,22413.28769865981,17941.416014333336,2321.3361894732507
2025-02-27,2025-02-26,2025-01-02,2025-02-26,9053.576405281481,7399.784143141977,73442.0543265048,72060.00662416598,213.62906508230333,1595.6767674211285,20.962080555555644,45474.525166500884,440.0222810364811,305.06201906628235,45339.564904530685,93.87699846944487,45433.44190300013,20888.56672656652,18408.152084444446,2643.9698625994542
2025-02-28,2025-02-27,2025-01-03,2025-02-27,7399.784143141977,7162.1265028024745,34185.83753870308,33999.14149165919,0.0,186.6960470438956,0.0,17816.476814718324,87.99271606406681,0.0,17728.48409865426,0.0,17728.48409865426,17003.213736995887,13986.495003272223,7689.829207935526
2025-03-01,2025-02-28,2025-01-04,2025-02-28,7162.1265028024745,8962.478477271605,41597.802978463646,40431.88970124142,0.0,1165.9132772222213,0.0,21166.268358459325,367.47024857211073,0.0,20798.79810988721,0.0,20798.79810988721,18214.400676021945,13133.347770555554,11692.070862441697
2025-03-02,2025-03-01,2025-01-05,2025-03-01,8962.478477271605,8746.298405179012,84051.26584192044,79921.05742209396,904.89147323937,5035.099893065842,0.0,52165.85698280008,1583.3697634455843,1211.8882909283648,51794.37551028286,0.0,51794.37551028286,21839.198949869686,17884.31321427778,3607.864619835389
2025-03-03,2025-03-02,2025-01-06,2025-03-02,8746.298405179012,8694.563476993826,86173.86604368998,78873.0578996146,738.0406266666664,8038.84877074205,0.0,53456.929257953394,2635.3094441487283,968.1532237225832,51789.77303752725,0.0,51789.77303752725,22465.165131913574,18243.345192216668,2634.091326584361
2025-03-04,2025-03-03,2025-01-07,2025-03-03,8694.563476993826,8674.525830537035,77014.1605553155,75027.749510886,595.2337359888918,2581.644780418381,0.0,47427.74168016063,758.4316569202766,772.0159559395238,47441.32597917988,0.0,47441.32597917988,21303.75793481482,17274.07780901111,1798.6114517489616
2025-03-05,2025-03-04,2025-01-08,2025-03-04,8674.525830537035,8846.596669660492,80862.93329520576,72521.32715612621,196.75680277777815,8538.36294185734,0.0,49818.00133013477,2703.866283112514,364.77528283658376,47478.910329858845,0.0,47478.910329858845,21147.25343702332,16974.411528777775,2218.0132312139895
2025-03-06,2025-03-05,2025-01-09,2025-03-05,8846.596669660492,7197.711798858027,73664.90300161179,70560.4712927301,393.39976208539224,3497.8314709670813,0.0,45460.16427227344,986.7602318807601,509.8677678660632,44983.27180825874,0.0,44983.27180825874,19500.434287585733,17279.348156666667,2398.7310284777086
2025-03-07,2025-03-06,2025-01-10,2025-03-06,7197.711798858027,6610.670685277775,34135.649579470846,32778.139607907055,0.0,1357.509971563788,0.0,18091.19330814009,540.9752932977724,0.0,17550.218014842314,0.0,17550.218014842314,15037.470502160493,12708.688108972226,9527.071681385458
2025-03-08,2025-03-07,2025-01-11,2025-03-07,6610.670685277775,8983.58057512963,35175.13305991667,35163.42375996893,3.530605566665429,15.239905514404501,0.0,18055.06079649857,6.744398824523159,5.993969609434323,18054.31036728348,0.0,18054.31036728348,18325.0409380727,12707.664258972218,10482.907564201783
2025-03-09,2025-03-08,2025-01-12,2025-03-08,8983.58057512963,8802.548143129628,78302.14972272291,69294.26769005548,24.00568104999877,9031.887713717424,0.0,47880.574997339034,2659.7040754407208,34.39205832859654,45255.26298022691,0.0,45255.26298022691,20874.147858820295,17070.988954444445,2157.58373567963
2025-03-10,2025-03-09,2025-01-13,2025-03-09,8802.548143129628,8846.184029765429,75120.95700390261,74094.5291806515,741.4090949244875,1767.8369181755813,0.0,45556.55595001465,557.2396761529603,805.9081853660034,45805.22445922769,0.0,45805.22445922769,21951.908972805217,17741.773970000002,1842.3227278462964
2025-03-11,2025-03-10,2025-01-14,2025-03-10,8846.184029765429,8987.341921530862,66635.78149627571,70376.82020945816,3804.2214460611167,63.18273287867498,0.0,40708.24324634667,29.948484366441498,3294.943873645168,43973.2386356254,0.0,43973.2386356254,21049.26069386831,16922.859059444443,2311.4997750342995
2025-03-12,2025-03-11,2025-01-15,2025-03-11,8987.341921530862,8817.399584882718,76236.96271441015,67819.16662866942,34.39917555555587,8452.19526129629,0.0,46717.630364523706,2609.6901867255556,66.46436704966727,44174.404544847814,0.0,44174.404544847814,20633.075357085036,16865.739142222217,1616.2957304732595
2025-03-13,2025-03-12,2025-01-16,2025-03-12,8817.399584882718,5771.382467314815,72828.1931360631,70838.53114583052,575.9611683339532,2565.623158566529,84.69475444444276,44933.11270846505,806.6350767696155,601.8419324802451,44728.319564175676,580.8070734394328,45309.12663761511,17981.84573562415,17306.710451666666,2702.4725996508187
2025-03-14,2025-03-13,2025-01-17,2025-03-13,5771.382467314815,5671.69707658642,31262.676025274348,31589.68692749657,327.01090222222115,0.0,0.0,16075.61770923214,0.0,445.5451010439144,16521.16281027605,0.0,16521.16281027605,15182.622277791492,12387.640896666668,12765.27956303841
2025-03-15,2025-03-14,2025-01-18,2025-03-14,5671.69707658642,8510.03623882716,34493.94548510288,34919.485453991765,425.5399688888892,0.0,0.0,17359.50236810976,0.0,573.2995789396671,17932.801947049426,0.0,17932.801947049426,18890.886750912203,12747.11302222222,7851.586575301785
2025-03-16,2025-03-15,2025-01-19,2025-03-15,8510.03623882716,9050.73959102469,72523.5226865295,70497.13696171468,759.9194316666669,2786.305156481489,1.6400000000001,44351.03760592594,966.6811946394495,599.5459029423334,43983.902314228835,7.461180000000455,43991.36349422883,21457.647982551436,16894.06184888889,2584.143894718793
2025-03-17,2025-03-16,2025-01-20,2025-03-16,9050.73959102469,8989.695557796298,67461.66762891755,63283.2688373594,599.2515966529556,4777.650388211116,0.0,40277.113440648776,1160.8815861287321,722.1103450985096,39838.34219961856,0.0,39838.34219961856,21133.97800628944,17173.461815000002,1464.6212127366268
2025-03-18,2025-03-17,2025-01-21,2025-03-17,8989.695557796298,8896.147704055555,76077.52259022633,67185.0841165135,0.0,8892.43847371283,0.0,46614.87034028881,2869.407509826027,0.0,43745.462830462784,0.0,43745.462830462784,20875.060462873796,16992.992043294445,2177.057330267485
2025-03-19,2025-03-18,2025-01-22,2025-03-18,8896.147704055555,9024.90847476543,62769.8501048834,66345.97733442386,3576.127229540469,0.0,0.0,38408.005093272004,0.0,3058.332765769021,41466.33785904103,0.0,41466.33785904103,20963.80277746913,16864.79555611111,2781.499663065847
2025-03-20,2025-03-19,2025-01-23,2025-03-19,9024.90847476543,5260.932192586423,67095.76551371742,62885.6282045164,441.5407351611125,4651.678044362133,0.0,41790.78585864457,1487.716045673325,550.6056679787113,40853.675480949954,0.0,40853.675480949954,17857.287651289455,17851.981651505557,671.360388065835
2025-03-21,2025-03-20,2025-01-24,2025-03-20,5260.932192586423,4783.084143641973,29423.055939031616,29200.522656759393,90.99133550555553,313.5246177777789,0.0,15228.368423405016,137.1198777183339,115.10607927183673,15206.35462495852,0.0,15206.35462495852,14879.107608223592,12482.140406711114,14770.090938580248
2025-03-22,2025-03-21,2025-01-25,2025-03-21,4783.084143641973,9163.501765314813,35333.946487572015,34981.65479423868,0.0,352.2916933333337,0.0,18028.002817784156,154.76394539383347,0.0,17873.23887239032,0.0,17873.23887239032,19275.43251927984,11670.724481111112,11495.747022736623
2025-03-23,2025-03-22,2025-01-26,2025-03-22,9163.501765314813,8743.903776901236,71745.89835779149,64754.22899130981,19.409784650000233,7011.079151131685,0.0,43758.94516522871,2295.213716592419,37.50261541149795,41501.234064047785,0.0,41501.234064047785,20401.154801371744,16902.573578683332,2485.92765195473
2025-03-24,2025-03-23,2025-01-27,2025-03-23,8743.903776901236,8962.578573148148,68130.56854719478,64392.05610014404,576.630298333333,4315.142745384086,42.69086440555513,41035.76400113151,1192.8710505979097,721.9790014193327,40564.87195195294,205.10442131694236,40769.97637326988,21859.26263716735,17509.19541948333,2086.1826635322363
2025-03-25,2025-03-24,2025-01-28,2025-03-24,8962.578573148148,8614.20573540741,74964.96491567214,65190.70550340192,2.4352916666666715,9776.694703936897,0.0,45626.25564310491,3107.351117029267,4.545526151250007,42523.45005222689,0.0,42523.45005222689,21375.666899080945,17627.825742222223,492.73962987652794
2025-03-26,2025-03-25,2025-01-29,2025-03-25,8614.20573540741,8772.131949481483,64948.53723693415,61104.04040156651,831.4005802222222,4675.897415589852,0.0,39335.90269502467,1395.8796399228136,968.449168983116,38908.47222408497,0.0,38908.47222408497,21114.16914362138,16960.343413666666,1357.6598049451395
2025-03-27,2025-03-26,2025-01-30,2025-03-26,8772.131949481483,4668.793095462964,64116.91942162552,59187.75498191097,9.694417083332041,4938.858856797876,0.0,39827.92958612534,1650.4093347009039,13.934964371373097,38191.45521579581,0.0,38191.45521579581,17194.893043360764,17620.86833373889,896.7408722890972
2025-03-28,2025-03-27,2025-01-31,2025-03-27,4668.793095462964,4614.817839728397,29699.204199814812,29633.502954814816,0.0,65.70124499999969,0.0,15191.384293966938,30.74513909833315,0.0,15160.639154868604,0.0,15160.639154868604,14782.225450418378,12022.180344999997,16051.577082729771
2025-03-29,2025-03-28,2025-02-01,2025-03-28,4614.817839728397,8921.380311037043,33427.128731131685,33900.19316557613,473.06443444444693,0.0,0.0,16544.609731183416,0.0,642.1962691710874,17186.806000354503,0.0,17186.806000354503,19147.110209547318,11633.253045555553,18679.126818251032
2025-03-30,2025-03-29,2025-02-02,2025-03-29,8921.380311037043,8887.782763666664,67147.92195499313,59599.81138402867,349.1483494777839,7897.258920442247,0.0,40209.073517271754,2247.227579981334,674.4756097793335,38636.32154706976,0.0,38636.32154706976,21309.156070150882,17290.654209455544,235.6898233333343
2025-03-31,2025-03-30,2025-02-03,2025-03-30,8887.782763666664,9062.317837111113,58265.11046793553,61821.385963971676,3923.663561550552,367.3880655143993,0.0,35441.748354148884,81.62624490369869,3083.28135425738,38443.40346350257,0.0,38443.40346350257,21175.202461941022,16994.832428072226,689.6264467695507
2025-04-01,2025-03-31,2025-02-04,2025-03-31,9062.317837111113,8740.96016262963,71272.10520713992,65260.97298194204,222.78313419444154,6233.915359392312,0.0,42382.8132985696,1720.0523242112586,282.55237843016664,40945.31335278851,0.0,40945.31335278851,19831.532068717417,16352.762882694451,1573.352279252405
2025-04-02,2025-04-01,2025-02-05,2025-04-01,8740.96016262963,8692.265247203699,68006.36312374484,66047.01608827319,171.7136321277773,2131.060667599448,0.0,40681.86525539004,480.6719964666139,195.24397186017387,40396.437230783595,0.0,40396.437230783595,20434.26756322359,16595.582150094444,1772.995275144036
2025-04-03,2025-04-02,2025-02-06,2025-04-02,8692.265247203699,4191.97078195679,64062.75877597394,56690.390622887586,0.0,7372.368153086354,0.0,40042.28864691887,2319.1458737444964,0.0,37723.14277317437,0.0,37723.14277317437,15984.920758635122,16998.050833216672,1839.9904308024684
2025-04-04,2025-04-03,2025-02-07,2025-04-03,4191.97078195679,4325.918977104938,28007.70657458848,28067.65676403292,65.47124888888436,5.52105944444429,0.0,14170.460983942561,2.3516952703610454,91.75122293832679,14259.860511610528,0.0,14259.860511610528,14334.443553593963,11490.345902777779,18792.75686321673
2025-04-05,2025-04-04,2025-02-08,2025-04-04,4325.918977104938,8853.217476981481,32824.102802272224,33150.67173096667,326.56892869444994,0.0,0.0,16174.310142915416,0.0,431.87611724040755,16606.186260155824,0.0,16606.186260155824,19190.83751190672,11470.00973475555,13385.728970482169
2025-04-06,2025-04-05,2025-02-09,2025-04-05,8853.217476981481,8753.554049666665,65722.06029820986,60562.44997403979,728.1810322222224,5887.791356392312,0.0,38805.594687447454,1483.5163698400138,1002.8073637563333,38324.88568136377,0.0,38324.88568136377,20815.017959362143,16949.861631666667,2287.2173796776406
2025-04-07,2025-04-06,2025-02-10,2025-04-06,8753.554049666665,8887.748142105547,57653.23839930371,58556.2161602594,1869.9908586442996,967.0130976886105,0.0,34320.533162861146,219.06174669585894,1959.6487969142254,36061.12021307951,0.0,36061.12021307951,20342.792256069948,16356.887044221668,1327.591665077784
2025-04-08,2025-04-07,2025-02-11,2025-04-07,8887.748142105547,8658.159664185188,66831.04714011593,59653.78916925858,82.62760888888783,7259.885579746226,0.0,40231.53318685306,2089.579658975294,121.05183434858154,38263.00536222635,0.0,38263.00536222635,20652.86065484843,16935.446760555555,1583.1816582990386
2025-04-09,2025-04-08,2025-02-12,2025-04-08,8658.159664185188,8764.342060407407,65472.15270945129,65437.61865334019,1648.5357999999974,1683.069856111107,0.0,39089.13358910308,601.7330491126864,1313.603955807414,39801.00449579781,0.0,39801.00449579781,21241.918622002748,17110.389927222226,2171.778941892997
2025-04-10,2025-04-09,2025-02-13,2025-04-09,8764.342060407407,4111.988448925924,58261.37028008231,55596.7304839454,1214.5825015860014,3879.222297722907,0.0,36348.857381808164,1264.253108965115,896.6705499957476,35981.27482283879,0.0,35981.27482283879,15779.401538655697,16968.433496644444,2325.1245419341453
2025-04-11,2025-04-10,2025-02-14,2025-04-10,4111.988448925924,3932.0464481456174,26453.630581625104,26842.176163586213,388.5455819611096,0.0,62.5938288888884,13192.07106175274,0.0,507.5119497262851,13699.583011479026,260.82848497999794,13960.411496459023,14081.817733097325,11568.220164511109,19074.52225722222
2025-04-12,2025-04-11,2025-02-15,2025-04-11,3932.0464481456174,9062.681017574076,33719.315105557835,33091.16852500227,29.669635555555317,657.8162161111113,0.0,16849.761710986735,291.8278823224446,54.41114464533289,16612.34497330962,0.0,16612.34497330962,18936.59957165295,10721.07454055328,15850.4829439026
2025-04-13,2025-04-12,2025-02-16,2025-04-12,9062.681017574076,8929.357947944447,60891.982060473245,59421.90906097765,164.43103352222386,1634.504033017833,0.0,36196.247569103376,395.488655917673,181.103710357397,35981.86262354309,0.0,35981.86262354309,20321.979674115217,16580.794298699995,1404.365202229088
2025-04-14,2025-04-13,2025-02-17,2025-04-13,8929.357947944447,8681.390226166666,64315.40463495885,56275.97837902655,461.3650058166638,8500.791261748958,46.976390344441825,38663.60168582127,2748.1477497400674,891.426395988667,36806.880332069864,327.70729904282615,37134.58763111269,19745.696222654326,16217.184889950004,266.4116366666673
2025-04-15,2025-04-14,2025-02-18,2025-04-14,8681.390226166666,8888.473983697528,56468.071837565156,56558.7288743454,1469.9891450861458,1379.3321083058968,0.0,33536.2104846069,299.0923423780068,1551.8696147006467,34788.987756929535,0.0,34788.987756929535,20004.9343885048,16017.621472911114,2431.9871254183818
2025-04-16,2025-04-15,2025-02-19,2025-04-15,8888.473983697528,8792.376236888886,62848.58456748285,61280.27542,906.3063643827147,2474.615511865567,0.0,36829.30526028949,571.7816110354894,1181.7979895818876,37439.3216388359,0.0,37439.3216388359,19841.468131117974,16158.077158333335,1817.292497215361
2025-04-17,2025-04-16,2025-02-20,2025-04-16,8792.376236888886,3864.5019458456763,50699.49030936214,52670.85917112484,2962.2203696982265,990.851507935527,0.0,31949.58475373683,339.29326939686274,2080.5388695525007,33690.83035389247,0.0,33690.83035389247,14949.963009266126,16544.556899444444,1397.110711303158
2025-04-18,2025-04-17,2025-02-21,2025-04-17,3864.5019458456763,3938.2964772962973,26455.50520712709,26477.544683943765,36.083806816670446,14.044329999999837,0.0,13220.708773545393,6.231963928499929,43.71849612655008,13258.195305743444,0.0,13258.195305743444,13342.293497407405,10740.842654594444,17521.976657797466
2025-04-19,2025-04-18,2025-02-22,2025-04-18,3938.2964772962973,8887.901795425923,32058.756935211106,32591.18413043333,532.4271952222211,0.0,0.0,15317.264281259679,0.0,737.7080722979318,16054.972353557609,0.0,16054.972353557609,18813.372665013718,10784.187072344448,17777.31928776406
2025-04-20,2025-04-19,2025-02-23,2025-04-19,8887.901795425923,9121.924962648149,57876.28924550754,57760.65456816186,961.5629635459551,1077.197640891632,0.0,34622.105052668376,241.44868305142725,997.0031133487691,35377.65948296572,0.0,35377.65948296572,20180.049674828537,16135.219386111112,1758.0793961111112
2025-04-21,2025-04-20,2025-02-24,2025-04-20,9121.924962648149,8671.271055249885,61385.356330603565,54671.633500288066,0.0,6713.722830315501,0.0,36434.463690723496,1875.6349594447113,0.0,34558.82873127879,0.0,34558.82873127879,18436.526563923173,15339.175033436215,3057.37158646777
2025-04-22,2025-04-21,2025-02-25,2025-04-21,8671.271055249885,8870.438000018521,54848.41142918737,57109.55535777448,2261.1439285871065,0.0,0.0,32779.563547647915,0.0,2156.507875133784,34936.0714227817,0.0,34936.0714227817,19827.681252074886,15881.171563888887,1010.1163529218088
2025-04-23,2025-04-22,2025-02-26,2025-04-22,8870.438000018521,8988.275976537036,52777.09725648834,56638.26826417283,3864.1722654622713,3.0012577777778233,0.0,31706.83713165923,1.873124768833363,3033.1047336908205,34738.06874058122,0.0,34738.06874058122,19583.510517496565,15756.589340305563,1411.430370315158
2025-04-24,2025-04-23,2025-02-27,2025-04-23,8988.275976537036,3283.1389630308704,48203.1060239369,48634.2756338203,888.8742866666671,457.7046767832636,0.0,29973.884922926707,97.16994412110441,1173.9539077335007,31050.668886539104,0.0,31050.668886539104,12764.459559067218,15473.835554999998,4253.544929753086
2025-04-25,2025-04-24,2025-02-28,2025-04-24,3283.1389630308704,3030.4040961666665,25926.70919673587,25296.97571229142,0.0,629.7334844444474,0.0,13006.01635625942,298.0577157211959,0.0,12707.958640538225,0.0,12707.958640538225,12776.980298209877,10576.815421727786,21096.453185809325
2025-04-26,2025-04-25,2025-03-01,2025-04-25,3030.4040961666665,8906.631001197535,32470.584500672227,32600.183009588887,129.59850891666406,0.0,0.0,15692.318223595623,0.0,175.2814450801712,15867.599668675794,0.0,15867.599668675794,19172.02236415638,10240.733900438885,23598.700912538065
2025-04-27,2025-04-26,2025-03-02,2025-04-26,8906.631001197535,8819.127637981483,53639.30869793553,55141.449615975245,2149.4955359546702,647.3546179149506,0.0,32108.895058289876,163.91036567229486,2115.8582251287526,34060.84291774634,0.0,34060.84291774634,19993.37526652949,16273.386992783333,2847.990158895752
2025-04-28,2025-04-27,2025-03-03,2025-04-27,8819.127637981483,8928.839867203702,65849.11523893691,63567.794894412466,1630.793448699173,3912.113793223598,0.0,38606.300602183925,1042.2299568237913,1360.8455777935428,38924.916223153676,0.0,38924.916223153676,19732.65806872427,15884.712029366669,3097.8815383882047
2025-04-29,2025-04-28,2025-03-04,2025-04-28,8928.839867203702,9052.299644685185,55509.63584236625,55676.316237510284,953.7071099999991,787.0267148559674,0.0,33177.328136765194,177.93189193130257,1284.7688036804986,34284.16504851439,0.0,34284.16504851439,17990.481558655694,14461.176262777779,4713.797224965701
2025-04-30,2025-04-29,2025-03-05,2025-04-29,9052.299644685185,8737.171889148149,52491.37568394444,52515.49572518587,445.92923943072793,421.8091981892983,0.0,31931.668410523267,214.89397950126147,296.4537583735479,32013.228189395555,0.0,32013.228189395555,18458.662234519892,15235.131389944445,1035.1104472770917
2025-05-01,2025-04-30,2025-03-06,2025-04-30,8737.171889148149,1890.333938728394,48870.1251927572,48512.82120716838,278.468372305554,635.7723578943744,1351.7486060277806,30708.024959594928,159.55094799581133,538.0426655501761,31086.51667714929,8430.812708191865,39517.32938534116,12986.659373333332,16681.34824777778,2547.879887640609
2025-05-02,2025-05-01,2025-03-07,2025-05-01,1890.333938728394,2166.4537123518508,28802.998618539095,28745.074320450207,197.9731474666669,255.89744555555617,1110.921576666664,14535.248855417874,121.74895516594479,363.0629551391204,14776.56285539105,6440.743035048714,21217.305890439766,14047.069907290812,11129.618828644449,12648.22473513717
2025-05-03,2025-05-02,2025-03-08,2025-05-02,2166.4537123518508,8379.859683592591,34243.49380476681,34257.563636433464,72.57510944444215,58.50527777777806,1411.2937349999984,16388.770214686345,27.134999162555687,107.45833579891327,16469.0935513227,7995.094049208042,24464.187600530742,19940.545869965703,10559.77678055556,17420.91663202332
2025-05-04,2025-05-03,2025-03-09,2025-05-03,8379.859683592591,8209.303464407407,60255.65351048697,55515.18890445823,763.9457590055549,5504.410365034296,1304.1248315500015,35585.72645944389,1549.23846414671,1492.9793070119156,35529.4673023091,8126.991700003151,43656.459002312244,17256.460973196154,14131.233985555557,1959.4194150343005
2025-05-05,2025-05-04,2025-03-10,2025-05-04,8209.303464407407,8247.803668925926,62428.55783510287,59267.62734823066,589.8690075722233,3750.7994944444445,999.4542008499982,37457.24162776753,1310.116584678306,1144.064078014669,37291.1891211039,6467.062549611146,43758.251670715035,19569.125664032916,15816.3416038,1438.2906888477373
2025-05-06,2025-05-05,2025-03-11,2025-05-05,8247.803668925926,8056.609096407406,53262.888515850485,56635.314432043626,3703.975900411251,331.54998421811524,1055.7509592166657,32036.33596344376,99.41295911989091,3745.7068336086577,35682.62983793253,6641.7901687571275,42324.42000668965,19565.630448401917,16020.235778472215,1275.588354663927
2025-05-07,2025-05-06,2025-03-12,2025-05-06,8056.609096407406,8229.161317611113,57165.5576090535,59525.49508636605,2360.8418768941574,0.9043995816113011,1075.7334137388827,34520.12779490206,0.5567936024189976,1978.4250948609188,36497.996096160554,6966.123723596895,43464.119819757456,20472.841791529485,16427.704852055558,1488.2456106310026
2025-05-08,2025-05-07,2025-03-13,2025-05-07,8229.161317611113,2690.5902094781286,58495.096686700956,54132.13293254266,411.7100467333338,4774.673800891629,440.3032893499987,35400.95289633961,1139.7694940019355,679.6550364391568,34940.83843877683,2460.9763215582157,37401.814760335044,13270.089979945124,15733.486881075238,1209.3207230227752
2025-05-09,2025-05-08,2025-03-14,2025-05-08,2690.5902094781286,3043.6444884259263,27778.705442225946,28099.44510659261,410.0161238111088,89.27645944444458,362.3510799999991,14014.502714405337,38.61655476547229,665.4161937553597,14641.302353395222,2006.2023585458276,16647.504711941052,13562.46515434529,10667.847923966667,17067.793106213994
2025-05-10,2025-05-09,2025-03-15,2025-05-09,3043.6444884259263,8425.124880666666,33797.03778258643,34256.304168641975,459.2663860555524,0.0,313.87623333333465,16559.575496520345,0.0,640.5485539018782,17200.124050422222,1672.681305060008,18872.805355482233,18933.67537478052,10492.944700555554,14008.404444417007
2025-05-11,2025-05-10,2025-03-16,2025-05-10,8425.124880666666,8441.897700314814,62715.480794403295,59574.86607445268,673.056657888889,3813.6713778394987,571.2382049999983,36934.59706948518,916.811827219248,1007.3559828762666,37025.1412251422,3975.0420780716545,41000.18330321385,18838.24426037723,15243.882313222224,1067.6632489643373
2025-05-12,2025-05-11,2025-03-17,2025-05-11,8441.897700314814,8676.020788629628,55222.80482734569,57391.2430711884,2722.070850509387,553.6326066666666,144.71355888183155,33253.038638457074,113.85454556099998,2857.220065784275,35996.40415868035,901.8199207546566,36898.22407943501,17499.045720907205,13963.5162544515,2069.2319302812
2025-05-13,2025-05-12,2025-03-18,2025-05-12,8676.020788629628,8715.2044575,64895.38579175583,59254.87610532921,1011.516875507547,6652.026561934155,159.94676817777594,38120.37857965209,1723.225720707209,1352.4969471787247,37749.649806123605,956.0343449541633,38705.684151077774,18627.94005133745,15053.366139599999,2711.0361951028763
2025-05-14,2025-05-13,2025-03-19,2025-05-13,8715.2044575,8502.849674148147,62660.22664314958,59232.39472109191,1715.5500403085732,5143.381962366257,10.302830038888828,37990.189841754545,1565.052417473736,1237.77074731638,37662.908171597184,63.54434927295517,37726.45252087014,18270.72889005487,14990.409705961114,2948.2295837037027
2025-05-15,2025-05-14,2025-03-20,2025-05-14,8502.849674148147,3170.9163328395057,54739.29972172154,53059.6003101509,1577.4633583813413,3257.1627699519895,0.0,35484.12323449424,1162.0889356216842,1096.2089868733437,35418.2432857459,0.0,35418.2432857459,12854.095281262007,15210.557185000001,2651.0039305555524
2025-05-16,2025-05-15,2025-03-21,2025-05-15,3170.9163328395057,2574.5745395802446,27391.394167467763,26636.072624467764,0.0,755.3215430000016,0.0,14740.866666373327,389.95009957262334,0.0,14350.916566800706,0.0,14350.916566800706,12133.310549739368,10364.689159222224,22151.944700617285
2025-05-17,2025-05-16,2025-03-22,2025-05-16,2574.5745395802446,8800.420187333335,34891.76991917696,34739.563287960846,78.65001656166791,230.85664777777757,0.0,17767.310539896403,102.97648999147212,142.35306381742043,17806.687113722353,0.0,17806.687113722353,19217.2688665631,9962.726698938333,15036.222037002744
2025-05-18,2025-05-17,2025-03-23,2025-05-17,8800.420187333335,9084.093729092592,66736.0624285871,60071.97378859499,50.35615230555425,6714.444792297665,5.2366666666667925,39832.35387775688,1720.1236983124563,85.99271340502287,38198.222892849444,35.31869833333418,38233.54159118278,18683.532978497937,14878.355525,2595.8649017637226
2025-05-19,2025-05-18,2025-03-24,2025-05-18,9084.093729092592,8819.16551730247,59671.833978559676,57213.65827269157,561.4305283500014,3019.606234218106,67.00333333333344,35869.55425168605,672.761477804657,730.3736635854855,35927.16643746688,451.90398166666745,36379.07041913355,17106.92713854595,14095.04637283333,6753.56429031228
2025-05-20,2025-05-19,2025-03-25,2025-05-19,8819.16551730247,8738.102258092593,59594.42732700253,60008.773609245334,1784.3947313854608,1370.0484491426582,0.0,35978.02472158799,317.7001121384691,1518.9974590109487,37179.322068460475,0.0,37179.322068460475,18260.021706934152,14863.574515905559,2084.93160155007
2025-05-21,2025-05-20,2025-03-26,2025-05-20,8738.102258092593,8893.754868166667,55788.543197674895,58459.96136654884,2671.4181688739454,0.0,0.0,34520.96971995846,0.0,2355.4467639346312,36876.416483893096,0.0,36876.416483893096,17460.98389048011,14003.309602222222,3639.6717949576196
2025-05-22,2025-05-21,2025-03-27,2025-05-21,8893.754868166667,3348.3500529259254,51660.03866471193,50332.69977596708,0.0,1327.3388887448557,2.57000000000005,33432.22945839311,450.9524647827118,0.0,32981.2769936104,17.333365000000338,32998.6103586104,11506.181378127574,14310.871250000002,2323.328831172841
2025-05-23,2025-05-22,2025-03-28,2025-05-22,3348.3500529259254,3364.6981176481518,27012.535480535393,27839.386361646502,875.8030549999992,48.952173888889774,0.0,14368.99054434897,29.924463898278315,1240.7098581404152,15579.775938591105,0.0,15579.775938591105,12270.379306303155,9924.293979855556,19072.35215186557
2025-05-24,2025-05-23,2025-03-29,2025-05-23,3364.6981176481518,9612.050410592594,34863.960237449995,34368.22011911667,0.0,495.740118333332,0.0,18154.531537359,258.14714153924933,0.0,17896.38439581975,0.0,17896.38439581975,19103.256567325105,9851.020755883335,21361.482924341566
2025-05-25,2025-05-24,2025-03-30,2025-05-24,9612.050410592594,9310.860667148148,60523.22622268861,57766.98004856378,354.06777033333157,3110.313944458164,0.0,36674.9963561115,703.2491418404211,475.1282462911298,36446.87546056221,0.0,36446.87546056221,16008.12346544582,13237.65077611111,6451.497175895738
2025-05-26,2025-05-25,2025-03-31,2025-05-25,9310.860667148148,9382.808832925924,58536.46910995885,61644.73793492718,3118.718371634989,10.449546666666606,0.0,36063.573160200496,6.539521037833296,2197.3043994510645,38254.33803861373,0.0,38254.33803861373,18723.50129325103,15101.282698333334,3442.6863900094722
2025-05-27,2025-05-26,2025-04-01,2025-05-26,9382.808832925924,9191.386104407406,55167.68553545556,56314.09691085384,1179.5021236630287,33.09074826474733,0.0,34493.325019414275,14.839975845119156,821.6874053343226,35300.17244890348,0.0,35300.17244890348,17333.359919053495,14212.301990099997,3802.6716819003395
2025-05-28,2025-05-27,2025-04-02,2025-05-27,9191.386104407406,9470.311981314817,63948.62765404665,60031.25215258004,452.24980031666695,4369.625301783264,0.0,38420.17674942753,1002.271781367826,616.8319382630515,38034.736906322745,0.0,38034.736906322745,18161.691443477368,14459.93678,4055.673389102672
2025-05-29,2025-05-28,2025-04-03,2025-05-28,9470.311981314817,3281.973076222221,55115.687298477365,54615.49864356653,1646.9923518587098,2147.1810067695474,17.817433333333497,34742.37255567802,512.4871788405759,1215.9726434051413,35445.85802024258,119.77769558333443,35565.63571582592,11930.775515230991,15233.433181920434,3825.8502435893047
2025-05-30,2025-05-29,2025-04-04,2025-05-29,3281.973076222221,3864.2251546419784,27929.067935549523,28080.741822605072,151.67388705555587,0.0,0.0,15295.776139423904,0.0,218.488987584617,15514.265127008519,0.0,15514.265127008519,12666.019510644717,9735.448933044443,18553.937978338137
2025-05-31,2025-05-30,2025-04-05,2025-05-30,3864.2251546419784,9753.90595359259,36942.98198582222,35385.025171377776,0.0,1557.9568144444456,0.0,19739.67019597515,714.2004320760284,0.0,19025.469763899124,0.0,19025.469763899124,18584.033619903974,9752.354513066668,18164.16451454047
2025-06-01,2025-05-31,2025-04-06,2025-05-31,9753.90595359259,7780.912138777779,78283.28422340879,72836.58003023698,3210.487515909129,8657.191709080931,1134.009871461115,48076.018248821296,2982.865040398478,5445.425865742472,50538.579074165296,6949.99536753107,57488.57444169636,18584.052628820304,16828.777062677767,990.4880355555539
2025-06-02,2025-06-01,2025-04-07,2025-06-01,7780.912138777779,7713.998595796296,81491.41994486284,72049.6952809574,1465.0794150552852,10906.804078960704,948.4905601277775,50226.23315425409,3550.836886043436,2951.241053193171,49626.63732140384,5869.078240464709,55495.71556186854,22369.452837962956,18179.478987433333,167.40454055555495
2025-06-03,2025-06-02,2025-04-08,2025-06-02,7713.998595796296,7933.69700088889,75481.94229783189,72534.33973182208,1788.7160634277834,4736.3186294375855,880.1492652999993,46037.24830492417,1233.694595340903,3249.283356431373,48052.83706601463,5293.363447061963,53346.2005130766,20782.06942856653,16635.74767255555,1075.8004077777775
2025-06-04,2025-06-03,2025-04-09,2025-06-03,7933.69700088889,7898.992887166666,85859.36537982167,73327.74186609375,211.85172670857463,12743.475240436488,763.1147547222168,53181.44546304816,4350.115864584673,422.268651213235,49253.598249676725,4763.929747735519,54017.52799741224,22013.56733566529,17862.223244238892,294.251712722909
2025-06-05,2025-06-04,2025-04-10,2025-06-04,7898.992887166666,1560.7542911296289,67947.0765410965,67662.62866921914,2989.1436591666634,3273.5915310440314,949.3041947166658,42234.73643822185,859.3393068391738,4754.24915068539,46129.64628206806,5784.268675768521,51913.914957836576,14816.712434691359,17705.951808533333,351.85422111111063
2025-06-06,2025-06-05,2025-04-11,2025-06-05,1560.7542911296289,1950.449848969135,35102.93342185872,35510.10599004061,1927.7571004041163,1520.5845322222212,842.4852857333298,19693.443318676065,563.9458118690552,3192.6549621870668,22322.152468994078,5223.7389165215745,27545.891385515653,14751.242375898482,11597.780322422223,2344.1338222976738
2025-06-07,2025-06-06,2025-04-12,2025-06-06,1950.449848969135,8074.991666962962,46620.06392465706,46514.07574008484,860.9113620944507,966.8995466666663,571.2787641666663,23969.97412804183,259.6148274234721,1453.13621340234,25163.495514020702,3948.4846693716636,29111.980183392363,20686.597517750342,11244.056353183329,6516.3001730178285
2025-06-08,2025-06-07,2025-04-13,2025-06-07,8074.991666962962,8771.74508198148,75838.70513822036,70327.28000440123,1654.2669102860082,7165.69204410515,109.45959333333349,46449.95142836774,1923.8596966929288,1917.2038283949375,46443.295560069746,738.6514635866677,47181.947023656416,20041.974922242793,15606.921613499999,816.7630223251042
2025-06-09,2025-06-08,2025-04-14,2025-06-08,8771.74508198148,8561.773559018518,83808.68071120026,76276.16260455213,0.0,7532.518106648142,94.39153333333354,52748.664766579874,2640.446354375599,0.0,50108.21841220428,636.5222218333347,50744.74063403761,22429.620235322363,18356.966761277778,1365.187930507544
2025-06-10,2025-06-09,2025-04-15,2025-06-09,8561.773559018518,8678.554708462965,78459.07297006666,77736.31681161323,400.7330262722225,1123.4891847256513,9.518935000000283,48603.740236159545,282.05392832241864,542.551927836832,48864.23823567395,64.31577032416857,48928.554005998114,22363.952663909462,18009.698623266668,1773.137472637108
2025-06-11,2025-06-10,2025-04-16,2025-06-10,8678.554708462965,8936.50059119136,83928.59128398003,82026.89923278883,1067.2782217786034,2968.97027296982,49.524924999999826,53166.91433788969,1196.312803675343,1217.9296105121673,53188.53114472651,333.92079762916546,53522.45194235568,24104.95243430041,19292.860177327777,1179.885584149519
2025-06-12,2025-06-11,2025-04-17,2025-06-11,8936.50059119136,3571.472757728397,75703.609889417,72215.55510562366,236.6256082777785,3724.6803920711186,0.0,48889.58454505065,1359.1808210325082,475.49589641258484,48005.899620430726,0.0,48005.899620430726,16072.02281156379,17846.86352748333,1538.00438820987
2025-06-13,2025-06-12,2025-04-18,2025-06-12,3571.472757728397,3551.4982757777793,35281.50791673525,35100.33199385748,212.47326156666685,393.6491844444447,0.0,20359.635507742467,159.48588158263894,387.51054164815855,20587.660167807986,0.0,20587.660167807986,13370.50960934156,10848.089817322223,4232.598501838136
2025-06-14,2025-06-13,2025-04-19,2025-06-13,3551.4982757777793,9074.150150037034,42491.93908941701,41811.85073229445,396.7540367388892,1076.842393861452,0.0,23648.003338504826,432.7780512685241,746.5919086334047,23961.817195869706,0.0,23961.817195869706,18921.946807386823,10356.390227150001,7052.951402057619
2025-06-15,2025-06-14,2025-04-20,2025-06-14,9074.150150037034,9896.749492086421,78549.85113794924,79907.3826372561,1800.6595415222205,443.1280422153669,0.0,49235.836997614795,200.5573206357731,1713.2907366256713,50748.5704136047,0.0,50748.5704136047,21985.072039355284,17067.56894403333,4362.905208600822
2025-06-16,2025-06-15,2025-04-21,2025-06-15,9896.749492086421,9646.447361567902,81021.94043483799,79272.70374840192,941.5746708753076,2690.811357311386,0.0,51060.472451669535,976.8691457299637,1112.9539995474065,51196.557305486975,0.0,51196.557305486975,21794.629206831272,17878.921575,2662.9432999039755
2025-06-17,2025-06-16,2025-04-22,2025-06-16,9646.447361567902,9476.206022277776,82987.04274047325,82001.25050742264,1016.0691092333368,2001.861342283951,18.42167500000005,52332.2871463043,700.5492911268468,1203.459202400244,52835.197057577694,124.18972201250034,52959.38677959019,21944.22994056927,17928.043457222215,3366.474482408916
2025-06-18,2025-06-17,2025-04-23,2025-06-17,9476.206022277776,9764.992542438273,84013.28589806583,80181.7171407961,863.532971372226,4695.101728641979,0.0,52711.86531570161,1495.6677581534232,913.4772912516165,52129.6748487998,0.0,52129.6748487998,19792.613845823038,15772.109346972222,5232.821741945271
2025-06-19,2025-06-18,2025-04-24,2025-06-18,9764.992542438273,4110.75415871605,72725.79928527435,70768.69016449546,2729.755232139917,4686.864352918799,30.266366666666727,46882.734981560156,1603.3399562692284,3129.3391880247405,48408.73421331566,204.04071088333376,48612.774924198995,14986.113063189292,17227.566126533326,4780.905394506171
2025-06-20,2025-06-19,2025-04-25,2025-06-19,4110.75415871605,4619.307095209873,36096.942753321535,35366.144600543754,0.0,730.7981527777798,0.0,21755.96906024261,353.99712138219576,0.0,21401.971938860414,0.0,21401.971938860414,12769.551958326472,9885.639443400003,10081.651235617284
2025-06-21,2025-06-20,2025-04-26,2025-06-20,4619.307095209873,10540.855075549382,41920.62179042223,41621.9544956417,13.88791111111101,312.55520589163496,0.0,23808.244625378546,137.1418912903747,22.102773611499888,23693.20550769967,0.0,23693.20550769967,19415.656549650208,10397.288622911108,13268.846168902608
2025-06-22,2025-06-21,2025-04-27,2025-06-21,10540.855075549382,10124.889651253086,77387.00241688614,75717.67311187243,2091.6281843141282,3760.957489327846,0.0,48283.91480165461,962.0116765812672,2552.777324957259,49874.6804500306,0.0,49874.6804500306,19533.189789876542,16196.252611666667,4923.394833662544
2025-06-23,2025-06-22,2025-04-28,2025-06-22,10124.889651253086,10062.73318482716,78821.03603963766,75316.88516930878,0.0,3504.150870328878,0.0,50252.79145512035,1015.3070646033078,0.0,49237.484390517035,0.0,49237.484390517035,19851.205011502054,16135.416879100001,4539.811036906722
2025-06-24,2025-06-23,2025-04-29,2025-06-23,10062.73318482716,10114.33823854938,90222.78946408092,85169.57491625514,0.0,5053.214547825788,0.0,57864.05814430264,1733.6493029044846,0.0,56130.40884139815,0.0,56130.40884139815,21970.92738959533,17750.00663722222,4679.861913882032
2025-06-25,2025-06-24,2025-04-30,2025-06-24,10114.33823854938,10143.124231111113,81137.96472323044,80143.58087512346,2245.2788456035732,3239.662693710565,0.0,50787.77190021909,968.9914866519699,2725.354769171382,52544.13518273851,0.0,52544.13518273851,19836.414285288054,16041.588177777776,5911.333400946516
2025-06-26,2025-06-25,2025-05-01,2025-06-25,10143.124231111113,4212.280606080247,70851.85563837449,70017.11247379286,1176.9822649999946,2011.7254295816185,0.0,46615.180498050766,538.7408706333928,1129.1568239540543,47205.59645137143,0.0,47205.59645137143,12613.616910459528,15554.788960000002,5410.900689999999
2025-06-27,2025-06-26,2025-05-02,2025-06-26,4212.280606080247,5203.682512895061,37722.6724985607,35849.63388312174,1.6648833333331368,1874.7034987722886,0.0,22755.428066572007,791.4366734303578,3.074956272499637,21967.066349414148,0.0,21967.066349414148,12574.027019231828,9292.700169444444,12796.661166667696
2025-06-28,2025-06-27,2025-05-03,2025-06-27,5203.682512895061,10635.886201296296,42224.80702450555,41852.85128467016,0.0,371.9557398353926,0.0,24311.572920630082,190.23450643166944,0.0,24121.33841419841,0.0,24121.33841419841,19409.93628196159,10833.065068827778,11499.053954869685
2025-06-29,2025-06-28,2025-05-04,2025-06-28,10635.886201296296,10340.254880919754,75958.89795763374,78110.69884122832,3778.701345322358,1626.9004617277808,0.0,47728.53789092027,587.0250741464213,4350.351101845284,51491.86391861912,0.0,51491.86391861912,19356.144117352538,15944.544923394444,5431.331113936901
2025-06-30,2025-06-29,2025-05-05,2025-06-29,10340.254880919754,10045.81931671605,82648.74904242798,79373.39124373609,187.85399840000161,3463.2117970919094,0.0,52516.30651771764,1209.8218217955905,297.3141536406963,51603.79884956275,0.0,51603.79884956275,19617.425743477368,16155.106860000002,6033.388376925379
2025-07-01,2025-06-30,2025-05-06,2025-06-30,10045.81931671605,8061.7476792222205,73248.09014601509,79912.25822419094,6776.7250620647355,112.55698388888902,879.6353410055547,45952.75718273605,27.497842859750033,9325.710252673463,55250.969592549765,5114.544272963918,60365.51386551368,19412.53704705761,17509.819481861115,22.631966666667267
2025-07-02,2025-07-01,2025-05-07,2025-07-01,8061.7476792222205,7999.647356907408,71239.18236844309,74903.31988932737,3664.137520884291,0.0,1755.8092221944419,44890.292808011916,0.0,4838.913865667158,49729.20667367907,10030.632781313428,59759.83945499251,19946.326464588474,16212.414726399998,20.45100666666667
2025-07-03,2025-07-02,2025-05-08,2025-07-02,7999.647356907408,2019.3870279691355,73781.42580636489,76459.10021709197,4500.12652156386,1822.452110836761,981.716224911111,47397.15459547595,604.3626630241431,6595.2633370887825,53388.055269540586,5780.369135364073,59168.42440490466,15817.06116808642,18194.053842194444,57.390182777777454
2025-07-04,2025-07-03,2025-05-09,2025-07-03,2019.3870279691355,1955.7578965679018,36643.215673120714,38237.07038160405,1593.8547084833335,0.0,2864.554651933336,21109.85277096723,0.0,2434.5611476247154,23544.41391859195,11832.86546367894,35377.279382270885,13247.548693676265,10787.780660138884,9760.989533333337
2025-07-05,2025-07-04,2025-05-10,2025-07-04,1955.7578965679018,8135.356376907408,44714.11064288066,46770.426521247326,2056.3158783666654,0.0,1770.9731197111087,24673.46294077412,0.0,3212.636419263069,27886.09936003719,8220.883693226984,36106.98305326417,20057.069036769546,10684.587287477778,10378.837924999998
2025-07-06,2025-07-05,2025-05-11,2025-07-05,8135.356376907408,8058.151703666667,74884.90456226372,83212.40615556132,8398.188729408708,70.68713611111139,1296.974080000002,47349.85304047553,23.538478715000092,8362.826481067163,55689.1410428277,7739.324345039182,63428.46538786689,23471.610422983536,19081.488648533334,325.2769111111113
2025-07-07,2025-07-06,2025-05-12,2025-07-06,8058.151703666667,8137.535865666667,76201.35029071331,76848.9340375858,1511.9270418725005,864.3432949999997,1359.9521878833377,47788.83659139782,232.9533134800834,1539.7502080472532,49095.63348596498,7688.671928015274,56784.305413980255,21729.106945987656,17529.130880449997,599.4273932648127
2025-07-08,2025-07-07,2025-05-13,2025-07-07,8137.535865666667,8983.925405765434,86479.73204189815,82272.85727372566,807.285883333333,5014.160651505827,214.4233811111099,54619.69854924931,1510.6749071662505,1113.310927993666,54222.334570076724,1181.4392665144387,55403.773836591165,23272.151169245542,18088.691861,1732.4343299245534
2025-07-09,2025-07-08,2025-05-14,2025-07-08,8983.925405765434,9153.09993303704,85807.28264488696,79668.04278494924,453.08944311111304,6592.329303048845,76.42593166666643,53903.19971752302,2029.5883740171348,724.3439897098372,52597.95533321572,515.3312823583318,53113.28661557405,21479.56105389574,17246.18737911111,1452.3700251646037
2025-07-10,2025-07-09,2025-05-15,2025-07-09,9153.09993303704,3353.0995430061753,72249.95233419066,71212.82271823258,168.29475972777857,1205.424375685871,49.65599999999995,47500.40069886627,321.52765850931615,278.67421383005205,47457.547254187,334.57315241666635,47792.12040660367,15434.469107784633,17721.920328333334,696.3065554479424
2025-07-11,2025-07-10,2025-05-16,2025-07-10,3353.0995430061753,3417.158957765432,43001.11239381344,41650.70291288065,0.0,1350.4094809327835,168.24547481110898,26021.009256257254,606.3164748682399,0.0,25414.69278138901,659.944429713747,26074.63721110276,13948.884042009598,11240.942600744445,6592.229796426611
2025-07-12,2025-07-11,2025-05-17,2025-07-11,3417.158957765432,8968.746117037035,48117.10778382716,49124.62724278759,1008.6811089055567,1.1616499451307618,0.0,27568.58636597952,0.7286449280832703,1314.7985281202014,28882.656249171647,0.0,28882.656249171647,19601.71253293553,10880.958708333335,9319.630084852057
2025-07-13,2025-07-12,2025-05-18,2025-07-12,8968.746117037035,9124.553889222227,84896.06163821674,74796.21261183148,9.083182572220949,10108.932208957476,88.08293000000026,54561.91769875052,3396.1360320736153,18.25719697016411,51184.038863647074,593.1913280016685,51777.230191648734,20622.7832258642,16564.227417983333,1558.0193339506122
2025-07-14,2025-07-13,2025-05-19,2025-07-13,9124.553889222227,9035.899721018519,80702.29107640602,77133.46816532235,1002.7980600342929,4571.620971117965,32.12411333333307,50346.9269328585,1129.651406717975,1342.6561117082015,50559.93163784873,216.40064944749824,50776.33228729623,19470.2313460288,15850.676141666663,1738.3578576268847
2025-07-15,2025-07-14,2025-05-20,2025-07-14,9035.899721018519,10212.403715808645,88934.56759528807,81202.2193158642,52.503540000000385,7784.851819423871,0.0,56115.080460221296,2306.771520438251,97.33210393783419,53905.64104372088,0.0,53905.64104372088,20172.780207517146,15281.098372777775,3561.4868977914953
2025-07-16,2025-07-15,2025-05-21,2025-07-15,10212.403715808645,10028.601549888888,83902.40184880658,80176.81195038409,0.0,3725.589898422486,0.0,54089.048283062235,1202.0066369438707,0.0,52887.04164611838,0.0,52887.04164611838,18738.207774492454,15343.370246666667,4647.411039224968
2025-07-17,2025-07-16,2025-05-22,2025-07-16,10028.601549888888,4879.115791888892,76251.06152814814,75588.78158320987,2105.138201975308,2767.4181469135815,0.0,50012.68487335417,766.0217616897907,2468.2994199725017,51714.962531636884,0.0,51714.962531636884,14655.92231552812,16505.83425777778,4718.277458792865
2025-07-18,2025-07-17,2025-05-23,2025-07-17,4879.115791888892,5022.11039414815,46166.17457416557,43182.613158246495,12.796779444443587,2996.3581953635135,0.0,28633.450459910986,1151.3692856543207,24.13080184183169,27506.211976098497,0.0,27506.211976098497,13295.014835747603,10640.266874922225,9253.61709742112
2025-07-19,2025-07-18,2025-05-24,2025-07-18,5022.11039414815,9764.988244129627,52410.23594402523,49931.64501804444,43.14310777777689,2521.7340337585724,0.0,31523.456158617348,987.3268475308568,79.86639942491504,30615.995710511404,0.0,30615.995710511404,18937.547753422492,11070.823615288893,14882.10182991084
2025-07-20,2025-07-19,2025-05-25,2025-07-19,9764.988244129627,10041.742679512348,88264.42893155679,82235.30247861234,524.9232759888898,6554.049728933333,0.0,55784.44575746867,1869.550875499668,778.6085293599965,54693.503411328995,0.0,54693.503411328995,19109.155322235943,15229.336819166665,6265.505758876405
2025-07-21,2025-07-20,2025-05-26,2025-07-20,10041.742679512348,10202.841688623457,88966.48919187515,84587.10583465706,155.55717277777796,4534.940529995883,0.0,56794.014606091,1345.4633407098522,259.23356550750066,55707.78483088864,0.0,55707.78483088864,19762.229390781897,15862.416698333338,6697.543792208502
2025-07-22,2025-07-21,2025-05-27,2025-07-21,10202.841688623457,10555.619930611114,87273.72978673868,86341.50025120712,2172.0167797222207,3104.246315253773,0.0,56057.42843308773,833.0190607186602,1899.0962301982486,57123.50560256731,0.0,57123.50560256731,19002.789876556923,15074.75938222222,8618.325140205761
2025-07-23,2025-07-22,2025-05-28,2025-07-22,10555.619930611114,10383.745127734568,97012.2238120096,85147.62255453682,28.773417150000228,11893.374674622777,0.0,62971.75955093678,4045.966203074143,52.662581932172884,58978.45592979481,0.0,58978.45592979481,20514.623219711924,16771.532130555555,7187.984348713782
2025-07-24,2025-07-23,2025-05-29,2025-07-23,10383.745127734568,6210.904081450616,90365.50681664608,79684.51542944444,0.0,10680.991387201646,0.0,60070.71282854295,3492.603908209554,0.0,56578.1089203334,0.0,56578.1089203334,13925.738227722906,15035.40490611111,7177.710107832649
2025-07-25,2025-07-24,2025-05-30,2025-07-24,6210.904081450616,6012.0729171604935,44674.15614432819,44010.45559433724,23.24764317777698,686.9481931687242,0.0,27774.28280170996,279.3634186140276,37.34283157494867,27532.26221467088,0.0,27532.26221467088,14109.224176165982,11607.419630555556,15003.331482060152
2025-07-26,2025-07-25,2025-05-31,2025-07-25,6012.0729171604935,10475.5836818642,51084.1164981701,50910.00000177778,297.71174777777645,471.8282441700958,0.0,30280.63471777282,171.90957897021497,473.3032299762477,30582.028368778854,0.0,30582.028368778854,19062.072025253772,11423.11865222222,14801.955062079556
2025-07-27,2025-07-26,2025-06-01,2025-07-26,10475.5836818642,10686.375780567905,88200.71743570644,84624.61428167448,1424.1457301714713,5000.248884203422,0.0,56531.74469867439,1454.2818553933362,1779.0983661697585,56856.56120945082,0.0,56856.56120945082,19657.67384633745,15733.0029267,7014.753562037036
2025-07-28,2025-07-27,2025-06-02,2025-07-27,10686.375780567905,10621.32838777778,91086.45612783366,88774.30462320405,590.7615122222227,2902.913016851855,0.0,58539.779384201356,946.426098434592,891.3976767780008,58484.75096254477,0.0,58484.75096254477,19661.630483902605,15984.46334547222,7142.260251440323
2025-07-29,2025-07-28,2025-06-03,2025-07-28,10621.32838777778,10676.309814759261,89214.84140547873,89540.07666792448,3364.78106542929,3039.5458029835386,0.0,57273.33576339099,727.8568381394258,3508.977923275119,60054.456848526694,0.0,60054.456848526694,18116.341892119344,14624.753648333333,9979.242474138477
2025-07-30,2025-07-29,2025-06-04,2025-07-29,10676.309814759261,10800.0,82030.13407672838,87255.62583586905,6453.413942377981,1227.9221832373107,0.0,52792.9316191043,275.2560603879889,6734.043111304208,59251.71867002052,0.0,59251.71867002052,18247.03608791495,14668.778064494447,9574.113762448556
2025-07-31,2025-07-30,2025-06-05,2025-07-30,10800.0,6369.807236314817,80753.79050697183,80991.06610258149,2321.683991384704,2084.4083957750313,0.0,52844.03933841002,515.0262675846147,2759.8313516451694,55088.84442247057,0.0,55088.84442247057,14347.674200171474,15608.789589455555,7557.185225198902
2025-08-01,2025-07-31,2025-06-06,2025-07-31,6369.807236314817,6294.491667919753,44819.18378347963,43214.44820510816,1.9561872222230932,1606.6917655936904,0.0,27859.946770205403,695.0077609446422,3.6790872030849724,27168.61809646384,0.0,27168.61809646384,14262.02440811386,11620.02378212778,19321.087912455412
2025-08-02,2025-08-01,2025-06-07,2025-08-01,6294.491667919753,10713.319531777779,52089.332079496504,50203.756643892935,27.58379611110854,1913.159231714676,0.0,31280.22718378003,736.503336402669,51.129201842078515,30594.85304921944,0.0,30594.85304921944,18845.281755871056,11287.733144783333,21719.183099471877
2025-08-03,2025-08-02,2025-06-08,2025-08-02,10713.319531777779,10014.348158240744,74810.08240381084,72514.15021556804,23.24222455555355,2319.174412798353,0.0,48348.547186183874,593.2771360318268,43.60832963289627,47798.87837978495,0.0,47798.87837978495,17450.001043792865,14763.575081655554,6988.244270097388
2025-08-04,2025-08-03,2025-06-09,2025-08-03,10014.348158240744,10619.99969988889,80916.72875965707,77304.31957839505,1545.1226984705029,5157.531879732509,0.0,52306.48997116514,1696.8339201065892,1104.3157156015093,51713.971766660055,0.0,51713.971766660055,17762.083749979414,13842.201449999997,7968.782195082307
2025-08-05,2025-08-04,2025-06-10,2025-08-04,10619.99969988889,10533.761443623458,78633.99813656378,77833.96656544889,1958.2362323350465,2758.2678034499286,0.0,50752.66825936071,801.6928453523378,1477.7043538282232,51428.67976783659,0.0,51428.67976783659,17354.249187139918,14134.556272222222,9461.963917197863
2025-08-06,2025-08-05,2025-06-11,2025-08-05,10533.761443623458,10464.812635074073,86453.74690306584,79519.88442462275,0.0,6933.862478443074,0.0,56544.70978785768,2353.6174025348614,0.0,54191.09238532283,0.0,54191.09238532283,17487.747725068584,14227.129584999999,8144.8670178875145
2025-08-07,2025-08-06,2025-06-12,2025-08-06,10464.812635074073,5486.913025660495,81902.21661954733,70190.05262711248,784.1355038888878,12496.29949632373,0.0,53297.18086746557,3475.037265062714,1108.1706199600812,50930.31422236294,0.0,50930.31422236294,12409.811508744855,14532.056970555554,8924.312838923182
2025-08-08,2025-08-07,2025-06-13,2025-08-07,5486.913025660495,5635.361222574079,43659.98268135,43389.01578545089,13.603275061112981,284.5701709602209,0.0,26547.862331095857,123.26171690164742,25.454742276789467,26450.055356471006,0.0,26450.055356471006,13233.440154026066,10585.483147538886,24965.887528963714
2025-08-09,2025-08-08,2025-06-14,2025-08-08,5635.361222574079,10508.63167469136,49504.882111349994,49360.74676660377,1.6907722222218808,145.82611696845237,0.0,29220.30698013158,70.3506720711544,3.1757774649993586,29153.132085525423,0.0,29153.132085525423,18764.17114540466,10813.035220872225,22487.68184207133
2025-08-10,2025-08-09,2025-06-15,2025-08-09,10508.63167469136,10304.02200119753,81219.73544758573,74560.0949926063,0.0,6659.640454979422,0.0,52712.674121270604,2054.7619331004216,0.0,50657.91218817018,0.0,50657.91218817018,16714.559307914955,13722.941745555556,6263.858380246913
2025-08-11,2025-08-10,2025-06-16,2025-08-10,10304.02200119753,10121.404454185185,79785.30307246913,77643.46402145404,1090.9676301646068,3232.8066811797016,0.0,50594.832093390054,762.2542223187054,1367.5520424902102,51200.129913561555,0.0,51200.129913561555,18478.614879862827,15132.033845000002,9735.629653257878
2025-08-12,2025-08-11,2025-06-17,2025-08-11,10121.404454185185,10135.131397500001,85900.75263347737,79330.03798026062,396.51201611111003,6967.226669327845,0.0,54557.62060247054,1893.3571199053745,571.9058052603316,53236.1692878255,0.0,53236.1692878255,17429.504383518517,14105.544301666667,8245.534248408781
2025-08-13,2025-08-12,2025-06-18,2025-08-12,10135.131397500001,10315.257993388892,78129.54189030864,77095.37700783265,1605.8936258573442,2640.0585083333317,0.0,49520.68930171749,579.6028011731663,1526.012283093315,50467.098783637644,0.0,50467.098783637644,17617.85087403292,14108.345271666665,7464.891955466397
2025-08-14,2025-08-13,2025-06-19,2025-08-13,10315.257993388892,5039.153792395066,73355.9412618107,72425.46542823731,2947.031063868308,3877.5068974417027,0.0,48621.81894834604,1148.2520532654562,2457.695559140053,49931.26245422063,0.0,49931.26245422063,12854.65824100823,15160.76695611111,8805.283160006851
2025-08-15,2025-08-14,2025-06-20,2025-08-14,5039.153792395066,5049.603857407411,44857.286483593416,42863.83267702963,0.0,1993.453806563784,0.0,27678.54173307534,872.6404873352985,0.0,26805.901245740046,0.0,26805.901245740046,13300.409213991768,10763.926404822225,23167.62298452675
2025-08-16,2025-08-15,2025-06-21,2025-08-15,5049.603857407411,10243.02475848148,52257.52005564472,48575.40579833333,0.0,3682.1142573113866,0.0,31609.36815205096,1554.866893896702,0.0,30054.501258154258,0.0,30054.501258154258,19520.27597170096,11137.344726111114,23263.19418607682
2025-08-17,2025-08-16,2025-06-22,2025-08-16,10243.02475848148,10173.951466722221,83296.56361426448,76706.94095550067,494.74596611111144,7084.368624874897,0.0,52648.66834102606,1838.1583464902,735.3180901990839,51545.82808473494,0.0,51545.82808473494,18034.02936306584,14669.729746666666,10177.24772243484
2025-08-18,2025-08-17,2025-06-23,2025-08-17,10173.951466722221,10021.348458,80581.88508098079,76880.2298636694,0.0,3701.655217311384,0.0,51930.30955792415,1163.906145135416,0.0,50766.403412788735,0.0,50766.403412788735,18050.88262611111,14758.557634999997,9193.789255891636
2025-08-19,2025-08-18,2025-06-24,2025-08-18,10021.348458,9924.825100537038,79286.71193520576,75802.70716846365,3.4483200000000807,3487.453086742121,4.538833333333173,50817.699073251875,896.3544403666072,6.485561487000149,49927.83019437227,30.59854491666559,49958.42873928893,17319.092718045264,14115.33612333333,8285.829357085044
2025-08-20,2025-08-19,2025-06-25,2025-08-19,9924.825100537038,9940.398657629628,88407.92687529656,80633.94093294238,782.7144160888915,8556.700358443082,0.0,55967.43589743228,2379.2988581596915,1029.3321789514732,54617.46921822407,0.0,54617.46921822407,19252.896004451293,15580.829562222221,6311.183424046638
2025-08-21,2025-08-20,2025-06-26,2025-08-20,9940.398657629628,5516.779659524693,78529.9943744033,70733.35226858401,20.754005305554074,7817.396111124836,0.0,50949.06917738395,2057.779611879072,36.699134351987084,48927.98869985687,0.0,48927.98869985687,12550.3363800823,14147.02956616111,6485.626971329491
2025-08-22,2025-08-21,2025-06-27,2025-08-21,5516.779659524693,5329.788072962961,44306.775166496365,42757.02804296413,4.12580333333392,1553.8729268655684,0.0,27241.888226966028,646.0328629780828,7.7548792021677695,26603.610243190113,0.0,26603.610243190113,14026.405089164928,11529.68055012915,19029.734103928353
2025-08-23,2025-08-22,2025-06-28,2025-08-22,5329.788072962961,10062.596711481481,48488.438197111114,49238.27091933334,749.8327222222222,0.0,0.0,28146.044505677924,0.0,1097.4463204395001,29243.49082611742,0.0,29243.49082611742,18296.097866666667,10560.311497333332,18972.4784
2025-08-24,2025-08-23,2025-06-29,2025-08-23,10062.596711481481,10356.592463925928,78821.17203438959,75658.54151570494,17.438254100000904,3180.068772784643,0.0,51278.62902944391,870.8208756984052,32.000814077093324,50439.808967822595,0.0,50439.808967822595,18892.39073316872,15038.240316666666,8070.801615869552
2025-08-25,2025-08-24,2025-06-30,2025-08-24,10356.592463925928,10231.960161111112,100381.552658834,82075.55123733086,9.236129633333121,18315.237551136488,0.0,64835.920798250525,6080.871560204203,17.38615849597793,58772.4353965423,0.0,58772.4353965423,19235.57376758573,15692.983824277777,7759.8742773562435
2025-08-26,2025-08-25,2025-07-01,2025-08-25,10231.960161111112,10377.514342240744,78837.34139131002,77454.90155580934,1433.485128319613,2815.9249638203028,0.0,51339.60403810932,860.8113993330612,1041.0978039094023,51519.89044268565,0.0,51519.89044268565,18834.665312366255,15125.080139999998,8216.49800010974
2025-08-27,2025-08-26,2025-07-02,2025-08-26,10377.514342240744,9982.605879611116,79379.82130587776,81243.27539437509,3330.17763905288,1466.7235505555548,0.0,51464.3084288041,321.69667322019427,3110.870210203714,54253.481965787614,0.0,54253.481965787614,17955.63805798353,14899.484443333331,10272.972913058227
2025-08-28,2025-08-27,2025-07-03,2025-08-27,9982.605879611116,5433.887744635806,73137.29249961591,76072.48815785322,3620.181205377231,684.9855471399155,0.0,47568.30744187899,155.6106475402166,3950.8206823195414,51363.517476658315,0.0,51363.517476658315,14307.331310246907,15682.78468277778,6680.1465470507555
2025-08-29,2025-08-28,2025-07-04,2025-08-28,5433.887744635806,5436.1033049135785,45547.387655575374,44268.474902242044,0.0,1278.912753333333,0.0,27981.045831387826,540.9029128098333,0.0,27440.142918577993,0.0,27440.142918577993,13951.936709163236,11299.074730172224,19060.392573251032
2025-08-30,2025-08-29,2025-07-05,2025-08-29,5436.1033049135785,9677.729253851854,49504.17725944609,47966.748291688884,0.0,1537.4289677572042,0.0,29271.606654519528,584.5660575504052,0.0,28687.040596969124,0.0,28687.040596969124,18200.20371141289,10924.701652199998,22178.526399142665
2025-08-31,2025-08-30,2025-07-06,2025-08-30,9677.729253851854,9961.148262314813,76729.56984229898,76046.36507695603,2207.078193134432,2890.282958477371,0.0,49582.491347475494,924.6731371360806,1558.892315609235,50216.71052594864,0.0,50216.71052594864,20322.24246825788,16205.93929167222,5283.4388170370385
2025-09-01,2025-08-31,2025-07-07,2025-08-31,9961.148262314813,10800.0,85997.93991731132,75089.03922951868,131.85916123333368,11040.759849025988,0.0,54509.79509883925,3133.692579276675,168.7808580805368,51544.88337764311,0.0,51544.88337764311,16537.67496779835,12640.55016,17617.779888386984
2025-09-02,2025-09-01,2025-07-08,2025-09-01,10800.0,10800.0,74846.9441612963,75351.29662926221,2299.650491299243,1795.2980233333333,0.0,47888.325259596895,395.8876082319999,2017.8507566735866,49510.28840803848,0.0,49510.28840803848,17128.188264060354,13873.832493888889,18039.185009090743
2025-09-03,2025-09-02,2025-07-09,2025-09-02,10800.0,10800.0,79270.91973016462,73663.91536658505,379.47724394444515,5986.481607524001,0.0,50721.6440129291,1482.29542141622,493.8191466522927,49733.16773816517,0.0,49733.16773816517,15705.72842798354,12721.640026666668,15132.109715268178
2025-09-04,2025-09-03,2025-07-10,2025-09-03,10800.0,8257.841060388888,71849.67699218106,66398.93381588478,0.0,5450.743176296289,0.0,48030.61690458902,1520.0675750342252,0.0,46510.549329554786,0.0,46510.549329554786,14375.902558868307,13932.424118333332,12029.889825349805
2025-09-05,2025-09-04,2025-07-11,2025-09-04,8257.841060388888,8217.92290488889,39222.80879797511,37901.005002419544,0.0,1321.8037955555558,0.0,24415.20144222654,620.0848869846944,0.0,23795.116555241842,0.0,23795.116555241842,14684.476752345676,11930.352509349997,28322.619092757202
2025-09-06,2025-09-05,2025-07-12,2025-09-05,8217.92290488889,10800.0,44565.1742506,43781.448471155556,0.0,783.725779444446,0.0,26465.516211070903,360.74844483675076,0.0,26104.767766234152,0.0,26104.767766234152,17454.66501920439,11814.409279955556,30420.109031906723
2025-09-07,2025-09-06,2025-07-13,2025-09-06,10800.0,10800.0,72359.70947193415,73915.47244153313,3810.1115884878586,2254.3486188888887,0.0,46828.53255702919,507.3786057596112,2912.5789715391625,49233.73292280873,0.0,49233.73292280873,17436.52224897118,14123.583021666665,15641.549597561945
2025-09-08,2025-09-07,2025-07-14,2025-09-07,10800.0,10800.0,75838.07965659362,72051.21625922495,1539.2850496982173,5326.148447066875,0.0,47854.19693597936,1398.773682052774,1588.2405339576253,48043.6637878842,0.0,48043.6637878842,18084.67085185185,14648.58339,9219.559264039775
2025-09-09,2025-09-08,2025-07-15,2025-09-08,10800.0,10800.0,64542.76600004801,66036.27217493902,2160.163748265493,666.6575733744862,0.0,41647.547690592335,146.68636402711573,2190.6668008903343,43691.52812745555,0.0,43691.52812745555,18649.76878600823,15106.312716666667,9389.981838930791
2025-09-10,2025-09-09,2025-07-16,2025-09-09,10800.0,10671.699982777778,77138.85787277222,73443.87857134506,400.780548505557,4095.759849932713,0.0,48709.64579557942,1202.5241394439818,492.9762390088543,48000.097895144296,0.0,48000.097895144296,19993.317194170093,16310.056942777777,8444.619669952743
2025-09-11,2025-09-10,2025-07-17,2025-09-10,10671.699982777778,6824.672861024693,70988.72874506857,59946.788673861454,0.0,11041.94007120713,0.0,46334.84791804974,3078.008207840472,0.0,43256.83971020927,0.0,43256.83971020927,14523.115907928668,15226.048295,7153.635277599452
2025-09-12,2025-09-11,2025-07-18,2025-09-11,6824.672861024693,7090.8665597716035,36385.16265229314,36400.62533532092,26.816735250001436,11.35405222222198,0.0,21712.643562480014,7.096360276027626,30.88454766186419,21736.431749865853,0.0,21736.431749865853,14464.026419636484,11476.287071033334,21861.22978671777
2025-09-13,2025-09-12,2025-07-19,2025-09-12,7090.8665597716035,10800.0,41317.71593620555,41228.78086525219,0.0,88.93507095336025,0.0,23701.302183264324,44.71913830184023,0.0,23656.58304496248,0.0,23656.58304496248,18624.59454058299,11747.701481666667,26344.78632300254
2025-09-14,2025-09-13,2025-07-20,2025-09-13,10800.0,10547.118515111111,79726.83174421125,70771.63171849109,0.6832805555554842,8955.883306275722,0.0,51154.72953251923,2886.501073035569,1.3202005254165288,48269.54866000908,0.0,48269.54866000908,18036.575959862825,14837.219863888888,7472.950872517142
2025-09-15,2025-09-14,2025-07-21,2025-09-14,10547.118515111111,9788.098690296298,62075.77131010974,62494.26360174671,418.49229163696344,0.0,114.9690111111104,39808.14892357658,0.0,463.28413994039266,40271.43306351697,592.1936467222187,40863.62671023919,20049.91539246913,16923.549310233335,4415.835897288684
2025-09-16,2025-09-15,2025-07-22,2025-09-15,9788.098690296298,9497.277933203703,76780.67717494293,68065.29192268745,66.71098579444708,8782.096238049931,0.0,47876.69530703391,2595.3159993551712,94.19507572142552,45375.57438340016,0.0,45375.57438340016,19641.86719033606,16171.651105555553,5103.305854573612
2025-09-17,2025-09-16,2025-07-23,2025-09-16,9497.277933203703,9680.984184759262,72518.46783769547,67997.37950297669,64.86633388888629,4585.954668607681,7.62916666666672,45980.73089195306,1566.3540889591009,77.00573035441349,44491.38253334838,34.70889375000024,44526.09142709838,20084.51133506173,16103.118555,4063.497489581622
2025-09-18,2025-09-17,2025-07-24,2025-09-17,9680.984184759262,5216.613171703705,59390.208911399175,63613.05226661501,4877.418192705549,654.5748374897139,0.0,38886.23242541213,152.25883347556527,3943.80168859168,42677.77528052824,0.0,42677.77528052824,14976.967658559672,16149.277715183332,5829.311206572011
2025-09-19,2025-09-18,2025-07-25,2025-09-18,5216.613171703705,6284.23575870988,35104.32085547353,34532.46210714019,0.0,571.8587483333345,0.0,20388.167537095207,262.376948214834,0.0,20125.790588880373,0.0,20125.790588880373,15028.165773738001,11211.953948422224,14614.89796515775
2025-09-20,2025-09-19,2025-07-26,2025-09-19,6284.23575870988,10283.46447857408,39381.75776938333,38565.79424493889,0.0,815.963524444444,0.0,22162.00801039527,367.34460289227775,0.0,21794.663407502994,0.0,21794.663407502994,19754.96280198216,12402.214021727777,15567.61173135117
2025-09-21,2025-09-20,2025-07-27,2025-09-20,10283.46447857408,9521.801492703702,71277.736191941,67807.00937679574,0.0,3470.7268151452668,0.0,44800.01496307722,934.391129480637,0.0,43865.623833596575,0.0,43865.623833596575,17807.410148758565,15109.49890777778,6821.610652481622
2025-09-22,2025-09-21,2025-07-28,2025-09-21,9521.801492703702,8959.896903179013,73867.0703204664,65593.574711619,109.21301169444547,8382.708620541838,19.555900000000065,46235.71709024825,2645.497079159971,219.4434136168354,43809.66342470511,131.78740035000044,43941.450825055115,20792.67475303155,17347.780680527776,1554.216655781895
2025-09-23,2025-09-22,2025-07-29,2025-09-22,8959.896903179013,8869.78477505556,72965.04243251028,68587.1219742524,5.835280000000466,4383.755738257887,6.375000000000114,45553.9053356061,1319.8015411524152,11.007086467250874,44245.110880920925,42.99618750000077,44288.107068420926,21596.74984255144,17574.468287777774,2454.5998361454017
2025-09-24,2025-09-23,2025-07-30,2025-09-23,8869.78477505556,9121.355860555557,62744.82877160494,66747.30812094163,4008.79695711447,6.3176077777781074,0.0,39720.807248047386,3.951629353500206,3264.87973162666,42981.735350320545,0.0,42981.735350320545,21061.552865919057,16833.443844444446,1455.9739994670122
2025-09-25,2025-09-24,2025-07-31,2025-09-24,9121.355860555557,4908.654375191358,64056.42744860083,63946.93735242921,2126.6527310506103,2236.142827222222,15.37166666666667,41116.841228513826,490.97516578941656,1816.5560228424354,42442.42208556684,103.4974316666667,42545.91951723351,15417.536438909458,16279.635852344445,4488.9595325308655
2025-09-26,2025-09-25,2025-08-01,2025-09-25,4908.654375191358,5520.469426401237,34595.511278374484,33407.54070726338,0.0,1187.9705711111098,0.0,19604.980246286363,507.3699063881937,0.0,19097.61033989817,0.0,19097.61033989817,14947.673636460904,11556.982099444445,12322.605670246918
2025-09-27,2025-09-26,2025-08-02,2025-09-26,5520.469426401237,8925.538427888892,37557.98764457222,37985.559480183336,427.57183561111776,0.0,0.0,20472.88949475916,0.0,567.9081664806525,21040.797661239816,0.0,21040.797661239816,19455.414938737988,12694.323999038888,13423.166290484234
2025-09-28,2025-09-27,2025-08-03,2025-09-27,8925.538427888892,9056.176010333334,69383.29274511659,70771.53555288314,2721.73884405597,1333.4960362894337,5.868333333333453,43272.22788828774,325.1916076613481,2602.431208160893,45549.4674887873,39.561369166667475,45589.02885795396,20480.524784821668,16471.65125150555,3280.9011862336797
2025-09-29,2025-09-28,2025-08-04,2025-09-28,9056.176010333334,8599.558341277778,71750.83894224279,66664.25562327057,7.92068965603346,5094.504008628255,453.4522662328528,44941.26042237063,1484.0894210922504,15.35254377862722,43472.52354505702,2355.8101462059394,45828.333691262946,21597.985640645307,17905.324271072703,665.1549199308208
2025-09-30,2025-09-29,2025-08-05,2025-09-29,8599.558341277778,8820.86570716667,70983.85527400549,71856.09347139053,980.9426479406061,108.70445055555592,70.42720523333278,44776.85232437501,36.123753478333455,1081.5412645607548,45822.26983545743,396.979095183981,46219.24893064141,22669.949683662555,18163.482614466662,1997.8788407613142
2025-10-01,2025-09-30,2025-08-06,2025-09-30,8820.86570716667,10272.833100185184,66933.43874914953,62113.59982842146,52.523685472221246,4872.362606200276,0.0,41302.733030631905,1226.2058230458051,76.12559760619007,40152.652805192294,0.0,40152.652805192294,21425.69920143346,16048.045699444443,7074.424793099113
2025-10-02,2025-10-01,2025-08-07,2025-10-01,10272.833100185184,7085.259521944444,67717.38197227023,56880.96149255514,36.78707463333308,10873.20755434842,0.0,43587.707391882715,3461.115402733444,73.51202695524945,40200.104016104524,0.0,40200.104016104524,16317.444147400553,16085.945979811113,4918.680208299038
2025-10-03,2025-10-02,2025-08-08,2025-10-02,7085.259521944444,7132.554270901238,30056.923151210223,30265.929813988,268.5265772222226,59.519914444443316,0.0,16531.701418765093,36.3845236998882,365.2578067634172,16860.57470182862,0.0,16860.57470182862,15491.707095240055,12505.717473083327,19462.786491831277
2025-10-04,2025-10-03,2025-08-09,2025-10-03,7132.554270901238,10496.3776192037,36187.63229563333,35751.152591744445,7.08599444444485,443.56569833333333,0.0,19720.388575303117,195.6088781472222,13.117215824667419,19537.896912980563,0.0,19537.896912980563,19163.364871817554,12494.884532700002,15986.689819293555
2025-10-05,2025-10-04,2025-08-10,2025-10-04,10496.3776192037,10200.910917777777,70655.82900004802,60664.225148856654,264.92484572222384,10256.528696913589,0.0,44131.42336903472,2921.8459183633054,341.31951626363576,41550.896966935055,0.0,41550.896966935055,19862.73370897805,16354.734335555553,2420.264708767487
2025-10-06,2025-10-05,2025-08-11,2025-10-05,10200.910917777777,10000.065678425926,60358.86052672153,62764.650590070705,2405.790063349176,0.0,0.0,38446.70338336965,0.0,1852.6200685943209,40299.32345196397,0.0,40299.32345196397,20011.417166632375,16390.00862038889,1410.1327938272243
2025-10-07,2025-10-06,2025-08-12,2025-10-06,10000.065678425926,10195.36856622222,65386.04279920439,65110.14338610775,1438.2343060048706,1714.1337191015177,0.0,40789.862474642185,394.494658901201,1701.5609164223888,42096.92873216337,0.0,42096.92873216337,20101.381899334694,16106.346739444441,3343.545226217492
2025-10-08,2025-10-07,2025-08-13,2025-10-07,10195.36856622222,9625.536025691357,61623.94382937586,60998.850504214206,238.68150890555467,863.7748340672105,59.255387222222,38124.76479646535,226.0324678997352,392.8918356065817,38291.6241641722,299.68607269694326,38591.31023686914,20260.424418635117,16923.793065572223,1242.9788717068623
2025-10-09,2025-10-08,2025-08-14,2025-10-08,9625.536025691357,6126.200544438274,68045.19515860082,56560.262893724626,174.82784891666654,11659.760113792867,189.36798986111125,42949.271822879484,3497.07404366,336.21837006533724,39788.41614928482,955.4107676555562,40743.82691694038,17076.30816062228,16981.211543231824,894.5525828619492
2025-10-10,2025-10-09,2025-08-15,2025-10-09,6126.200544438274,6280.631660265434,31616.753043469205,31293.916206146983,239.2110243444472,562.0478616666667,0.0,16942.680590450567,239.97421409775004,438.6890975452817,17141.3954738981,0.0,17141.3954738981,15538.020575315497,12446.808661761112,18859.09337592593
2025-10-11,2025-10-10,2025-08-16,2025-10-10,6280.631660265434,9554.464773796299,35832.93536903292,35822.403092105145,86.54463584999974,97.07691277777744,0.0,18767.017573773424,40.66204897597207,156.7438833205215,18883.099408117974,0.0,18883.099408117974,18799.196823285318,12280.899624683334,15197.792310169825
2025-10-12,2025-10-11,2025-08-17,2025-10-11,9554.464773796299,9400.115567518518,65500.68301313443,63812.14463353745,760.2099881055567,2448.7483677025352,20.92993333333345,40206.952404120755,592.3261787112095,1313.8440626261213,40928.47028803566,98.0358077333339,41026.506095769,19757.71009181755,16142.659460022218,1703.0679517421208
2025-10-13,2025-10-12,2025-08-18,2025-10-12,9400.115567518518,9496.718329037038,68140.54736149519,61877.30013466276,1210.691292461111,7473.93851929355,0.0,41939.92947190132,2021.2494512101123,2019.5003390144152,41938.18035970563,0.0,41938.18035970563,20506.813118127575,16523.57614031667,866.6678568518477
2025-10-14,2025-10-13,2025-08-19,2025-10-13,9496.718329037038,9215.440136907408,70943.25543903292,65948.129707331,340.0848400333347,5335.210571735253,88.8002259944439,43944.45782367907,1403.6760261730033,420.81934023572484,42961.60113774179,423.554017023053,43385.15515476484,20857.633875144034,17147.833811783334,1553.3005866314093
2025-10-15,2025-10-14,2025-08-20,2025-10-14,9215.440136907408,8779.107847574074,72978.70173090123,66412.23720756953,126.28591413333169,6692.75043746502,0.0,44872.17984007424,2164.3161345751296,243.91782109938347,42951.7815265985,0.0,42951.7815265985,21375.373344883395,17706.751469755556,823.591682441704
2025-10-16,2025-10-15,2025-08-21,2025-10-15,8779.107847574074,5819.4579040493845,66124.32019804527,64316.06054888567,855.6629978499982,2663.922647009603,0.0,41394.00301437377,781.6790393136405,1314.4244201122065,41926.74839517233,0.0,41926.74839517233,18523.459323292176,17667.68700103889,493.815276632375
2025-10-17,2025-10-16,2025-08-22,2025-10-16,5819.4579040493845,5717.177404030863,30320.18385653388,31241.570415422768,921.3865588888881,0.0,0.0,15491.13218759312,0.0,1256.440805963915,16747.572993557034,0.0,16747.572993557034,15913.23058952675,12981.769227533336,12305.909736762691
2025-10-18,2025-10-17,2025-08-23,2025-10-17,5717.177404030863,9072.221715444444,36140.78948502744,35257.199357027435,101.16459366666697,984.7547216666663,0.0,18905.5682368413,409.3216776871109,185.52574832530055,18681.77230747949,0.0,18681.77230747949,19289.58222420439,12605.02172133333,12496.04558748971
2025-10-19,2025-10-18,2025-08-24,2025-10-18,9072.221715444444,8573.250983092592,71275.2234903155,68130.15751325563,376.69473495541445,3521.7607120152934,22.915077533332852,44067.03981899043,1120.6786186735244,727.4056903582707,43673.76689067517,116.00459056993051,43789.7714812451,21785.728498600824,18095.513742983334,577.1353018381351
2025-10-20,2025-10-19,2025-08-25,2025-10-19,8573.250983092592,8602.230237537038,76242.84488703115,70426.80258144959,47.39865186111177,5863.4409574426645,0.0,47575.81888308123,2118.2199757764442,91.15626340761376,45548.75517071239,0.0,45548.75517071239,22224.095399759943,17975.435944805555,1737.3607598285353
2025-10-21,2025-10-20,2025-08-26,2025-10-20,8602.230237537038,8800.264734753087,75012.38915490398,72215.56382969237,86.64993119444432,2883.475256406042,0.0,46200.649845086504,1016.9255923477895,164.10405410904573,45347.82830684776,0.0,45347.82830684776,22302.308521598083,17886.638854999997,1337.3128130942941
2025-10-22,2025-10-21,2025-08-27,2025-10-21,8800.264734753087,8440.710564407409,70762.10743258572,69929.72786298025,209.15322384444562,1041.5327934499282,356.9701898722225,43585.38632084372,392.11018723278175,346.2839346493614,43539.5600682603,2290.15674709974,45829.71681536004,21894.64389581619,18058.260308922225,895.4177659585066
2025-10-23,2025-10-22,2025-08-28,2025-10-22,8440.710564407409,5943.652101820989,79219.2432786214,65382.30038644032,723.6863311111097,14560.62922329218,53.80251609999971,49432.297080166616,4624.877920837969,1029.3686242520807,45836.78778358073,375.32635231359797,46212.11413589433,19516.63872265431,18055.829981677776,595.7971282304574
2025-10-24,2025-10-23,2025-08-29,2025-10-23,5943.652101820989,6111.746003691358,32365.338625054865,32821.49390179376,456.1552767388905,0.0,399.9148783333318,16555.83811316923,0.0,621.470456742938,17177.308569912166,2169.1030078766994,19346.411577788866,17060.88844917695,13668.035132149998,11408.50474643347
2025-10-25,2025-10-24,2025-08-30,2025-10-24,6111.746003691358,8441.47743724074,35040.33151766118,35364.57975356653,332.4157194444442,8.167483539093823,297.3890966666666,17746.63409864593,3.308875215370039,477.08092649399964,18220.406149924558,1555.6032619299988,19776.009411854553,19084.723895987652,13361.868065555554,10540.680286467765
2025-10-26,2025-10-25,2025-08-31,2025-10-25,8441.47743724074,8637.41816274074,76406.78477879973,69546.9790460535,485.97528725377333,7345.781019999997,0.0,47096.03333053591,2433.3088400409433,753.4368519152815,45416.16134241024,0.0,45416.16134241024,22071.29890309328,17701.405458555557,632.7735848491088
2025-10-27,2025-10-26,2025-09-01,2025-10-26,8637.41816274074,8450.156076907406,69579.7183554664,70467.2659656422,2654.0556546202542,1766.508044444444,112.74154360094568,42980.81520259089,387.3074761754443,2484.8549373629858,45078.36266377843,654.1094255224966,45732.47208930092,21536.21993132373,17612.87402162222,3104.079932874968
2025-10-28,2025-10-27,2025-09-02,2025-10-27,8450.156076907406,8502.677431259259,69799.15293268861,71220.12573177525,1918.602588853441,497.6297897667979,105.1069573499982,43120.48715300417,119.40470536390538,2164.849830182826,45165.932277823085,692.1055235310871,45858.03780135418,21045.543884463656,16999.62132749889,1306.8884321604885
2025-10-29,2025-10-28,2025-09-03,2025-10-28,8502.677431259259,8456.116085277778,77868.16188196206,74771.84116394789,225.47063000666833,3321.791348020857,379.1700145277808,47925.93126708429,1010.5659497697643,372.77113994138045,47288.13645725591,2433.914585477465,49722.05104273338,22254.099487598076,18067.72579633777,1652.38068721536
2025-10-30,2025-10-29,2025-09-04,2025-10-29,8456.116085277778,6319.130616825713,66766.08804676268,67342.57007991604,1684.1408678584403,1107.6588347050738,176.54715687222028,41569.31502768022,391.7256354407385,1924.999919357004,43102.58931159647,980.3708547232259,44082.9601663197,19721.576243340194,17897.763678712414,907.4870221604933
2025-10-31,2025-10-30,2025-09-05,2025-10-30,6319.130616825713,6515.90127087037,34810.57339900023,33955.104384505794,12.887071616668663,868.3560861111113,234.44575499999797,18368.34040885902,340.8073865126667,19.081242589220455,18046.61426493558,1175.097667655282,19221.71193259086,17347.389628012577,13874.292010050001,6812.160454876548
2025-11-01,2025-10-31,2025-09-06,2025-10-31,6515.90127087037,8529.434363240742,35965.269322990396,35950.07014408484,43.90398665000072,59.10316555555488,0.0,18517.860571707053,22.596258268499735,62.49270301387373,18557.75701645243,0.0,18557.75701645243,19347.100499087792,13858.971621127777,7917.902832791498
2025-11-02,2025-11-01,2025-09-07,2025-11-01,8529.434363240742,8572.461023074076,75742.61648554013,74901.47977890157,1719.0921122777736,2560.228818916325,363.9605063333327,46995.19318338618,900.1459881835791,1624.4913601169828,47719.53855531958,2473.1540867929957,50192.69264211258,22444.79082076817,18141.55657097223,2165.8221021056265
2025-11-03,2025-11-02,2025-09-08,2025-11-02,8572.461023074076,8601.081377518516,80786.43220199588,75442.51957065339,76.98101355838855,5420.893644900892,0.0,49988.13800671192,1845.4890408073663,144.67440185704845,48287.3233677616,0.0,48287.3233677616,22465.342394811312,18171.169020797166,1643.415913305898
2025-11-04,2025-11-03,2025-09-09,2025-11-03,8601.081377518516,8584.508968851853,74855.16922779835,72946.50573294582,477.90634694444134,2386.5698417969825,427.05053601110785,46229.21959846854,575.5249585396928,654.0132306455017,46307.70787057435,2735.632422336155,49043.34029291049,21072.62450146777,17083.74101398889,1804.6007481447132
2025-11-05,2025-11-04,2025-09-10,2025-11-04,8584.508968851853,8630.436973277776,83190.38505788065,75322.96849976681,16.650833333333253,7884.067391447185,3.227683333333289,51837.5620585846,2696.173444046498,31.37266762499985,49172.761282163105,13.880652174999808,49186.6419343381,23361.439083106998,18881.430453333334,1168.1674866598096
2025-11-06,2025-11-05,2025-09-11,2025-11-05,8630.436973277776,6755.143435543209,75918.59442017146,75475.50164326248,911.3202639277806,1354.4130408367703,173.9248293621398,47385.05896711901,421.8262957936643,1163.9810977939946,48127.21376911934,878.48457998612,49005.69834910546,20143.804572853223,18004.245887972218,2140.283237743615
2025-11-07,2025-11-06,2025-09-12,2025-11-06,6755.143435543209,6957.715904969136,34939.07679395062,35315.11882161728,376.0420276666648,0.0,31.97236166666562,18069.08177872569,0.0,534.2143339353635,18603.296112661053,195.4470468683269,18798.74315952938,18428.491774670783,14744.763115000005,8344.900740279836
2025-11-08,2025-11-07,2025-09-13,2025-11-07,6957.715904969136,8676.390319098766,36940.296514691356,37018.077611769135,77.78109707777675,0.0,0.0,19069.00965943648,0.0,95.61432211321701,19164.623981549696,0.0,19164.623981549696,19266.791036961593,14059.293767222222,8019.373242029763
2025-11-09,2025-11-08,2025-09-14,2025-11-08,8676.390319098766,8577.335033314814,80347.92461917008,76941.75281764174,248.72772470066303,3654.8995262290155,55.89911656600314,50132.767997157134,1151.7076619312393,315.41660037037644,49296.47693559628,256.19543620947064,49552.67237180575,22309.04389480795,18159.475312000002,1501.266168066461
2025-11-10,2025-11-09,2025-09-15,2025-11-09,8577.335033314814,8618.458659,81397.98411883568,80312.82969051125,1735.0029212777795,2820.1573496021956,175.30104229999534,50884.46492612726,947.5322292834563,1570.5641761681463,51507.49687301194,1029.9344938869012,52537.43136689885,22609.293269636488,18276.51628528889,2296.9106484636495
2025-11-11,2025-11-10,2025-09-16,2025-11-10,8618.458659,8547.465378759263,83445.70666759946,77628.47269386728,21.51016666666601,5838.744140398834,0.0,52518.332180758975,2046.9201208051595,41.56086852499873,50512.97292847881,0.0,50512.97292847881,22168.391260054872,18020.29087286111,1921.3526400068565
2025-11-12,2025-11-11,2025-09-17,2025-11-11,8547.465378759263,8642.38143212963,80125.14382966817,77870.91787324348,1063.8337521555563,3318.0597085802424,65.17544166666539,49978.361635586545,917.7524693905691,1139.9848362224827,50200.59400241845,454.6638810666578,50655.257883485116,21777.23058997256,17554.132329844448,2757.0073047820315
2025-11-13,2025-11-12,2025-09-18,2025-11-12,8642.38143212963,7541.146851141977,76259.43838360082,75908.50726069513,1985.1866937184438,2336.117816624143,89.9595710333341,47939.73702735132,671.4826142973936,2350.733655687548,49618.98806874148,627.5579675285387,50246.54603627001,20204.473378319617,17356.73455932778,754.856696069957
2025-11-14,2025-11-13,2025-09-19,2025-11-13,7541.146851141977,7680.792802833337,35776.08186764746,35693.07118739705,4.130834605555663,87.14151485596531,0.0,19030.188031044905,34.15668527880164,6.110743631998491,19002.142089398105,0.0,19002.142089398105,17709.76564454046,14219.228815555554,4604.079058412145
2025-11-15,2025-11-14,2025-09-20,2025-11-14,7680.792802833337,8672.274581580246,40821.26888727709,39772.93132061043,0.0,1048.3375666666668,0.0,21200.96819321588,333.5614040525835,0.0,20867.406789163295,0.0,20867.406789163295,19266.22345100823,14713.307394444444,7008.128347379971
2025-11-16,2025-11-15,2025-09-21,2025-11-15,8672.274581580246,8708.058703462964,80453.53574604972,80713.41382670384,1359.1232067995188,1099.2451261454112,0.0,50369.65725789274,287.92049317386056,1691.5903763001463,51773.32714101902,0.0,51773.32714101902,22618.927309074068,18289.125410655557,1949.0675449519883
2025-11-17,2025-11-16,2025-09-22,2025-11-16,8708.058703462964,8851.597074944444,77564.16335868998,80470.24376996572,3897.047144478738,990.9667332030164,0.0,48650.85022736406,260.13945360301307,3918.2053391496256,52308.91611291068,0.0,52308.91611291068,21877.37667750343,17591.490574444444,3488.6033335733864
2025-11-18,2025-11-17,2025-09-23,2025-11-17,8851.597074944444,8724.261002925925,81388.28229123491,80620.20229746413,7.806934233332413,775.8869280041127,0.0,50993.20825422989,286.60926264170274,10.348416698868611,50716.94740828706,0.0,50716.94740828706,23675.995243676265,19292.158612194442,1345.8138326489727
2025-11-19,2025-11-18,2025-09-24,2025-11-18,8724.261002925925,8534.383296018517,80731.2372111594,82190.53285674712,2853.4975074944427,1394.201861906719,48.19804833333192,50563.52497337759,366.17330807609613,3126.1266820453375,53323.47834734684,221.13354390332674,53544.61189125017,22312.685214972567,18244.164960344446,2801.8990504523313
2025-11-20,2025-11-19,2025-09-25,2025-11-19,8534.383296018517,8036.14118319136,79870.79128996661,80575.08951654233,1397.4357664385418,693.1375398628256,0.0,50073.86937944091,199.13987206391766,1564.3398670616064,51439.06937443859,0.0,51439.06937443859,22633.151458497952,18781.270582927777,1930.1326076388104
2025-11-21,2025-11-20,2025-09-26,2025-11-20,8036.14118319136,8325.933839475307,36721.61829886831,37386.53075862297,664.9124597546564,0.0,0.0,19516.26710846554,0.0,509.0485050270592,20025.3156134926,0.0,20025.3156134926,18279.9268732373,14545.927376666668,4788.147195385671
2025-11-22,2025-11-21,2025-09-27,2025-11-21,8325.933839475307,8725.42025808025,42288.241357359395,39551.107551744106,4.967629494443884,2742.101435109731,0.0,21883.62590461321,646.0701069822194,7.348614311130836,21244.904411942123,0.0,21244.904411942123,19000.781990493826,15031.095635555554,5361.591713472495
2025-11-23,2025-11-22,2025-09-28,2025-11-22,8725.42025808025,8747.748742111115,81320.87455233862,81603.79106112942,1537.8280653888862,1254.9115565980842,0.0,51141.302975360064,337.1525995072124,1788.5042525028725,52592.654628355725,0.0,52592.654628355725,22461.972428072695,18174.102031111106,2083.824380834495
2025-11-24,2025-11-23,2025-09-29,2025-11-23,8747.748742111115,8510.074489574074,80126.79360790987,79747.64272307337,627.2512925160498,1006.4021773525359,57.02757722221918,50314.17514358612,269.8057108503473,642.2054030742328,50686.57483581,328.93055512220144,51015.50539093221,22557.07552567214,18485.13800307778,1570.7890777012403
2025-11-25,2025-11-24,2025-09-30,2025-11-24,8510.074489574074,8719.085431907408,91904.18282631689,83002.70819833566,0.7503739666678939,8902.225001947878,0.0,58580.31074329322,3022.053922359908,1.1100282088918154,55559.366849142214,0.0,55559.366849142214,22431.051142373115,17981.04157722222,2384.0381665181067
2025-11-26,2025-11-25,2025-10-01,2025-11-25,8719.085431907408,8850.326129074077,86717.13759621399,84092.60554054877,841.076048449997,3465.6081041152247,0.0,54614.07471772703,1101.420210550737,1043.8588277395547,54556.51333491586,0.0,54556.51333491586,23099.6998740032,18592.640270492593,2827.879053704826
2025-11-27,2025-11-26,2025-10-02,2025-11-26,8850.326129074077,8322.464724962963,83366.50045794924,82085.50436193017,642.2958087888863,1923.2919048079593,0.0,52755.64307871711,520.6005524480568,670.8355582627067,52905.87808453175,0.0,52905.87808453175,21938.0586109172,18244.902738542936,2611.4557562225746
2025-11-28,2025-11-27,2025-10-03,2025-11-27,8322.464724962963,8166.547541679013,37759.90574728395,37926.4857186522,416.47830914601866,249.89833777778037,0.0,20026.87075272376,83.84196716550069,279.24475966149845,20222.27354521976,0.0,20222.27354521976,18793.844004855957,15363.339108888887,3574.742272685122
2025-11-29,2025-11-28,2025-10-04,2025-11-28,8166.547541679013,8802.010128123457,49472.79164514403,41820.46445871735,3.117597661110949,7655.444784087794,0.0,25612.79330452396,1818.411118205515,4.611862220081426,23798.994048538523,0.0,23798.994048538523,18796.691473278457,14653.403765555555,2747.7266509944475
2025-11-30,2025-11-29,2025-10-05,2025-11-29,8802.010128123457,8701.415692888893,87507.67945479424,87118.47813197065,715.6510992683136,1104.852422091907,0.0,55202.31049944666,294.72555729617204,832.4320655626135,55740.017007713104,0.0,55740.017007713104,24147.82745947874,19650.27523388889,2376.0977897141324
2025-12-01,2025-11-30,2025-10-06,2025-11-30,8701.415692888893,8638.52793418518,91051.29697449245,88549.52192448749,551.4716469223378,3053.2466969272996,2481.8631917055586,58311.11981116138,1019.6656969817082,967.1565193338571,58258.610633513534,12091.61485070152,70350.22548421504,24622.68347733182,20000.97259947211,110.74650500000018
2025-12-02,2025-12-01,2025-10-07,2025-12-01,8638.52793418518,8522.976644685183,94129.65273442387,91634.70857928152,1366.988428750249,3861.9325838925965,2013.1548352444483,60035.58019829978,1239.2287700362099,1965.1874957990644,60761.53892406264,10103.929576476508,70865.46850053914,24860.704886364747,20241.16711850544,390.5156966666668
2025-12-03,2025-12-02,2025-10-08,2025-12-02,8522.976644685183,8680.41057609259,84518.88055698217,91313.06283851873,6821.7584676476745,27.576186111111383,1230.3286501777811,53448.45910469693,9.512405399027871,7330.13467522711,60769.08137452501,6080.2187747001935,66849.30014922521,25641.75394414267,20628.130156488885,367.01913437605845
2025-12-04,2025-12-03,2025-10-09,2025-12-03,8680.41057609259,8601.921187407404,92062.86528878601,89477.65785233496,1763.8503087272848,4349.05774517833,2110.996952438889,59129.28817021613,1639.8876744792883,2473.564721176406,59962.965216913246,10385.81395741192,70348.77917432517,24919.39960310802,20255.35412833417,153.4005799999992
2025-12-05,2025-12-04,2025-10-10,2025-12-04,8601.921187407404,8631.715366185186,44126.32586257888,44700.07664932636,1732.4361677968545,1158.685381049369,942.6732048833305,23143.886137287904,258.88996718266054,1521.3357287199833,24406.331898825225,4885.019073864626,29291.35097268985,21155.2089852557,17108.904517157116,284.8177027777775
2025-12-06,2025-12-05,2025-10-11,2025-12-05,8631.715366185186,8613.966980685185,47247.30657533608,47023.48525694266,732.6420950222151,956.4634134156354,850.3937477777741,24754.640130200547,298.40674949321436,975.7587242291706,25431.992104936504,4300.157980186092,29732.150085122594,21242.78781580933,17222.631677755562,189.0920500000002
2025-12-07,2025-12-06,2025-10-12,2025-12-06,8613.966980685185,8601.841109333332,95421.5012653498,91077.88420029424,8.03256187777663,4351.649626933333,1550.508877777775,61197.120324764765,1339.6205199369854,11.480040201373606,59868.97984502914,7752.059274438148,67621.0391194673,25271.183158930035,20480.571642950003,185.10031209197874
2025-12-08,2025-12-07,2025-10-13,2025-12-07,8601.841109333332,8844.187595592595,97945.66716476681,94694.15872814266,14.874007333330383,3266.382443957479,7.200816666666469,62843.610329743184,1009.652568237082,19.809251389876035,61853.76701289598,41.82594360833218,61895.59295650431,24808.40625908093,19876.69723222222,1922.4394012839468
2025-12-09,2025-12-08,2025-10-14,2025-12-08,8844.187595592595,8748.676717178645,96856.58197820302,92864.35439758992,45.273099527446334,4037.50068014054,125.18022222222214,62209.59811471624,1396.8454041436125,60.73243919107756,60873.48514976371,725.8790369277773,61599.364186691484,25687.015870624142,20892.44264577811,806.5071282994465
2025-12-10,2025-12-09,2025-10-15,2025-12-09,8748.676717178645,8789.725194074077,92998.64348942428,94013.72203224135,1467.7850318500014,452.70648903292033,375.04350101110845,59375.69536613341,177.41669478582975,1469.5638450905599,60667.842516438155,1823.5862723808145,62491.42878881897,25342.571788553214,20490.539519522223,1149.1147975548056
2025-12-11,2025-12-10,2025-10-16,2025-12-10,8789.725194074077,8862.421246000005,96576.27672989026,91966.4836497524,2.410543555555023,4612.203623693413,5.755966666666836,61906.681986803196,1673.9109862420519,3.5476746282325475,60236.31867518938,33.43353238333432,60269.75220757271,24987.183667091886,20174.19232361111,1197.9935729382855
2025-12-12,2025-12-11,2025-10-17,2025-12-11,8862.421246000005,8885.196055166669,49216.09035473937,49546.08659216481,1599.6296771373752,1269.6334397119324,0.0,25602.204915040238,285.02975820605104,1421.0330198634147,26738.208176697597,0.0,26738.208176697597,20851.050033347048,16868.853198761113,1849.4762742455396
2025-12-13,2025-12-12,2025-10-18,2025-12-12,8885.196055166669,8995.80852640123,50423.84266814815,49191.51629414066,423.126383356514,1655.4527573639919,0.0,26367.386502755,495.3516996702135,456.1072166015755,26328.142019686362,0.0,26328.142019686362,21351.524398827154,17195.183538938883,1236.642050919067
2025-12-14,2025-12-13,2025-10-19,2025-12-13,8995.80852640123,8842.244547944443,92092.17892879288,94796.79472396434,2704.615795171464,0.0,461.789754616667,58809.61991004976,0.0,2727.603965352855,61537.22387540262,2248.92662425061,63786.150499653224,25108.41298531551,20476.02209871667,1847.471791982163
2025-12-15,2025-12-14,2025-10-20,2025-12-14,8842.244547944443,9010.153166555554,94281.49000265432,96889.18472595474,2628.3494178888895,20.654694588478378,0.0,60194.27767673282,9.743483421727808,2821.5467342224665,63006.08092753355,0.0,63006.08092753355,24537.098679801093,19723.932173888894,2606.460253375862
2025-12-16,2025-12-15,2025-10-21,2025-12-15,9010.153166555554,8905.055152537041,99453.0436521605,96164.30857096708,0.0,3288.735081193413,0.0,64454.72078617878,1327.835137383488,0.0,63126.885648795294,0.0,63126.885648795294,24316.237592105626,19790.74066222222,2220.7203077503464
2025-12-17,2025-12-16,2025-10-22,2025-12-16,8905.055152537041,8950.443271962966,100018.64641469136,94594.58626266118,0.0,5424.060152030181,5.046022777778035,64290.26388743271,2021.5883149517842,0.0,62268.67557248093,28.58779053972364,62297.263363020655,24756.263036673514,20011.72375222222,1663.2459343209946
2025-12-18,2025-12-17,2025-10-23,2025-12-17,8950.443271962966,8970.934866685186,95288.61554261316,94373.48240359273,173.14369456666827,1088.2768335871062,0.0,61492.00503857323,378.9791981844595,143.37633464252178,61256.4021750313,0.0,61256.4021750313,24647.74569372428,19946.231576666665,2305.701319868443
2025-12-19,2025-12-18,2025-10-24,2025-12-18,8970.934866685186,8856.942242944442,49221.156143971195,48374.814169231824,1612.8605019684546,2459.202476707823,0.0,26114.058549939604,657.7213768519675,1170.5845834452227,26626.921756532858,0.0,26626.921756532858,20151.20469310013,16425.069162777778,1740.28733890947
2025-12-20,2025-12-19,2025-10-25,2025-12-19,8856.942242944442,9067.937862851852,52477.75521403292,48567.304094958854,0.0,3910.451119074064,0.0,27873.939060648987,1158.2257159412056,0.0,26715.71334470778,0.0,26715.71334470778,20788.970344478745,16649.16992111111,1571.151421591223
2025-12-21,2025-12-20,2025-10-26,2025-12-20,9067.937862851852,8990.216271462965,98420.06624427983,96847.47158368252,389.90890434156137,1962.5035649388874,4.298783333333404,63319.79648817717,679.3671062143998,436.2796264252316,63076.709008388,24.969482991667075,63101.67849137967,24562.36434694101,19965.46455327222,3217.0887066803894
2025-12-22,2025-12-21,2025-10-27,2025-12-21,8990.216271462965,8744.265260314813,97799.13616839505,96176.49527755144,11.991036666666105,1634.6319275102871,0.0,63078.45778572137,620.4412585467101,22.585977356498958,62480.602504531154,0.0,62480.602504531154,24023.553761961586,19680.43445722222,2895.948889478738
2025-12-23,2025-12-22,2025-10-28,2025-12-22,8744.265260314813,9112.836182685185,100654.94508211935,95739.71892785927,0.0,4915.226154260081,0.0,64881.85405334881,1790.1394824836866,0.0,63091.71457086514,0.0,63091.71457086514,24566.831752235932,19567.419889177778,3482.2145314677673
2025-12-24,2025-12-23,2025-10-29,2025-12-23,9112.836182685185,8837.754214537037,98763.83112312757,95519.21397737997,9.138502222222769,3253.7556479698237,0.0,63872.434532606036,1179.4119957910743,16.243378202167737,62709.265915017124,0.0,62709.265915017124,23650.560943484223,19404.528135555556,3418.6218527846354
2025-12-25,2025-12-24,2025-10-30,2025-12-24,8837.754214537037,8871.451701333335,95564.26086706447,96242.25287876447,791.8888305888908,113.89681888888836,0.0,61185.50246957534,44.97615552599979,714.1577186884215,61854.684032737765,0.0,61854.684032737765,24086.290782997265,19479.56779611111,3823.0813585449855
2025-12-26,2025-12-25,2025-10-31,2025-12-25,8871.451701333335,9418.622999493828,51171.350850610426,49383.709370932775,451.54369499999984,2239.1851746776406,0.0,27042.660283823265,563.3023848689734,525.4834418874163,27004.84134084171,0.0,27004.84134084171,20070.741329231823,15764.846308333337,2070.1919167009564
2025-12-27,2025-12-26,2025-11-01,2025-12-26,9418.622999493828,9194.403715851855,52469.172338919816,49891.94742670782,273.6617634944462,2850.8866757064498,0.0,27651.842300118147,725.2681061790805,323.65637528314824,27250.230569222214,0.0,27250.230569222214,19335.193424211247,15863.304028888886,3081.248964718791
2025-12-28,2025-12-27,2025-11-02,2025-12-27,9194.403715851855,9266.042809598765,98086.49621650204,95056.044205,44.07969055555657,3074.5317020576117,0.0,63273.08280919906,1153.82144289755,85.16857410691863,62204.42994040843,0.0,62204.42994040843,23164.3224059465,18698.625964444444,3781.093013497946
2025-12-29,2025-12-28,2025-11-03,2025-12-28,9266.042809598765,8931.852020425924,97505.2582478738,97415.77647026927,1008.5947985888878,1098.0765761934115,0.0,62376.993930782955,333.9268658094889,946.6309046631912,62989.69796963666,0.0,62989.69796963666,23092.36286799726,19005.585633333336,5805.232968938677
2025-12-30,2025-12-29,2025-11-04,2025-12-29,8931.852020425924,9069.18401992593,98903.03965265432,95259.9426909321,140.78249105555508,3783.8794527777723,0.0,63591.523373056,1336.264917993235,213.1548062050992,62468.41326126786,0.0,62468.41326126786,23600.9330975926,18993.1570095,4427.764002839508
2025-12-31,2025-12-30,2025-11-05,2025-12-30,9069.18401992593,8687.221395111112,100474.64041964334,97642.45774807998,1.4789284555557742,2833.661600018924,0.0,64522.893918027694,886.5475204778248,2.081431484924467,63638.42782903479,0.0,63638.42782903479,23386.683069108363,19286.97964831111,4896.331393949382
