date,train_end_date,residual_history_start_date,residual_history_end_date,soc_open_kwh,soc_close_kwh,original_purchase_kwh,effective_purchase_kwh,upward_adjustment_kwh,downward_adjustment_kwh,emergency_purchase_kwh,base_plan_cost_yuan,downward_credit_yuan,upward_adjustment_cost_yuan,normal_settlement_cost_yuan,emergency_cost_yuan,total_cost_yuan,charge_kwh,discharge_kwh,surplus_discard_kwh
2025-02-01,2025-01-31,2025-01-02,2025-01-31,6000.0,8997.426510673953,51247.516323716874,45696.79157882169,0.0,5550.724744895182,0.0,26892.026562188967,1785.9519923074997,0.0,25106.074569881468,0.0,25106.074569881468,22436.566936172363,15475.935358693052,4357.98406800905
2025-02-02,2025-02-01,2025-01-02,2025-02-01,8997.426510673953,8963.77464471886,93869.89236888078,86118.20645941328,0.0,7751.685909467522,0.0,59517.944158665356,2890.7779195511866,0.0,56627.166239114165,0.0,56627.166239114165,23112.986249498936,18751.805541453723,3400.7478013680525
2025-02-03,2025-02-02,2025-01-02,2025-02-02,8963.77464471886,9015.134045509683,96312.48245320126,87844.30595387748,0.0,8468.176499323781,0.0,61127.190631409096,3140.0667946226117,0.0,57987.12383678649,0.0,57987.12383678649,23680.34628985059,19134.857034067238,3081.9001980941266
2025-02-04,2025-02-03,2025-01-02,2025-02-03,9015.134045509683,8935.191966541757,98374.63938454479,88809.73814249045,0.0,9564.90124205434,9.980890283187819,62984.691131024476,3682.959192180156,0.0,59301.731938844314,46.75049008645174,59348.48242893077,24214.417594520346,19685.626122632617,3096.063610885917
2025-02-05,2025-02-04,2025-01-02,2025-02-04,8935.191966541757,9021.413694132514,93148.42765722933,88390.97977612648,0.0,4757.447881102854,8.556813600167288,59143.395999331115,1928.1692211178079,0.0,57215.2267782133,49.70225179657169,57264.92903000987,23464.41052706043,18928.572972087277,3115.272051420148
2025-02-06,2025-02-05,2025-01-02,2025-02-05,9021.413694132514,9106.571215611124,98804.63588985275,87335.5062246421,0.0,11469.129665210654,56.899936108396446,63211.50684200823,4310.332670972968,0.0,58901.174171035265,324.9120225184072,59226.08619355367,23481.85589005547,18943.66150161418,2583.1545556425444
2025-02-07,2025-02-06,2025-01-02,2025-02-06,9106.571215611124,8747.437412415486,48150.07613316871,41191.18854377033,0.0,6958.887589398381,15.467318872939597,25206.6496989343,2035.5064369613688,0.0,23171.14326197293,70.91414953463097,23242.05741150756,18813.098510998545,15561.830216784896,6149.707901762953
2025-02-08,2025-02-07,2025-01-02,2025-02-07,8747.437412415486,9048.112921319764,39606.09921973176,39279.948602692835,43.09170225343826,369.2423192923646,0.0,20560.45040977761,153.18354056759014,79.02587276258042,20486.292741972604,0.0,20486.292741972604,19130.293681858413,15224.929924291457,3797.422128459211
2025-02-09,2025-02-08,2025-01-02,2025-02-08,9048.112921319764,8914.15109217327,92704.99124564472,87839.06889845486,0.0,4865.922347189857,0.0,58792.564469961006,1902.7518414576862,0.0,56889.812628503314,0.0,56889.812628503314,22637.77634055673,18457.1644820828,4103.041073314255
2025-02-10,2025-02-09,2025-01-02,2025-02-09,8914.15109217327,8824.99821114284,88880.34354514081,81417.08481397346,0.0,7463.258731167358,0.0,55949.66495139601,2766.9549610586,0.0,53182.70999033741,0.0,53182.70999033741,23215.90033350201,18885.11686306401,2759.663760202126
2025-02-11,2025-02-10,2025-01-02,2025-02-10,8824.99821114284,8722.6000005,89532.46453680287,81846.4191445818,0.0,7686.0453922210745,108.87962558651665,56623.419425757,3046.1674294513937,0.0,53577.2519963056,515.1180638077171,54092.37006011332,23672.32672673391,19266.74303823302,2329.117948334099
2025-02-12,2025-02-11,2025-01-02,2025-02-11,8722.6000005,8792.42515732139,89667.48012222222,81747.58433537788,40.073729488795436,7959.969516333126,90.12014794702213,56497.02362411744,2929.939416193763,77.4284564317761,53644.512664355454,399.08546984867144,54043.59813420413,23869.323856347135,19271.30968250193,1972.9541761463697
2025-02-13,2025-02-12,2025-01-02,2025-02-12,8792.42515732139,8305.318002038799,83811.71429479378,78548.10737163627,0.0,5263.606923157512,9.417908961081707,52295.65631719443,1961.2336233689648,0.0,50334.42269382546,41.24573229505734,50375.66842612052,22100.97568274487,18340.186742777674,3467.257323963499
2025-02-14,2025-02-13,2025-01-02,2025-02-13,8305.318002038799,8327.943061574777,40122.73850350421,39961.476726949804,333.70364076835824,494.9654173227672,0.0,20565.525487170937,114.48853619931333,401.62338193357857,20852.6603329052,0.0,20852.6603329052,18331.39265668607,14828.065498333333,6656.347751930404
2025-02-15,2025-02-14,2025-01-02,2025-02-14,8327.943061574777,8827.379839304665,40683.87234957947,39512.575167575735,42.70867378842871,1214.0058557921589,0.0,21137.727110490836,392.0813475070795,77.90263068872606,20823.548393672485,0.0,20823.548393672485,18407.02237434469,14460.195023262302,6285.656716493346
2025-02-16,2025-02-15,2025-01-02,2025-02-15,8827.379839304665,8951.395311949078,89130.20320066148,81169.78311776661,228.95135087596913,8189.37143377085,14.252139704171896,55957.35620792875,2956.891699671271,441.95993472691987,53442.424442984404,62.43931398423667,53504.86375696864,23016.74500303417,18531.94952707771,1321.860681514312
2025-02-17,2025-02-16,2025-01-02,2025-02-16,8951.395311949078,8754.11407890287,88970.59719344477,76738.5454635185,19.37621877219118,12251.427948698474,0.0,55376.37113023497,4001.1229988580612,37.43776110068919,51412.68589247759,0.0,51412.68589247759,21250.70719871506,17390.62594070079,1694.6010388375562
2025-02-18,2025-02-17,2025-01-02,2025-02-17,8754.11407890287,9034.696189076962,79842.22059166622,78020.83089478748,234.7239538115715,2056.113650690315,10.45794606810955,49514.91990125695,672.5974020688448,447.49853578207825,49289.821034970184,46.13997413861908,49335.9610091088,21714.944433081742,17336.58109163953,1561.5377160800435
2025-02-19,2025-02-18,2025-01-02,2025-02-18,9034.696189076962,8624.400221000038,79824.28187346604,79179.64344735081,198.85724473530593,843.4956708505274,63.399477208405415,49681.304620735355,317.93278200694755,247.2064924566261,49610.57833118503,277.6580104342115,49888.236341619246,22526.053578990308,18615.369770251375,2453.0317324869543
2025-02-20,2025-02-19,2025-01-02,2025-02-19,8624.400221000038,8080.813619867407,82511.83046871738,77448.219183323,123.08849537738655,5186.699780771767,28.18054521663464,51170.34590263679,1763.624120410725,170.04935967142416,49576.771141897494,131.99767379471666,49708.76881569221,21248.804264577717,17700.759395327317,2935.221125955897
2025-02-21,2025-02-20,2025-01-02,2025-02-20,8080.813619867407,7882.069872549193,35584.90270100467,35812.14863279062,239.40910785232663,12.16317606636926,0.0,18357.846065838756,2.557968959881239,354.96001942934083,18710.248116308212,0.0,18710.248116308212,17270.058126952157,14167.616455417641,7149.444927922775
2025-02-22,2025-02-21,2025-01-02,2025-02-21,7882.069872549193,9119.384402984982,37080.74484093344,37065.56112379146,421.4015917782957,436.58530892026374,0.0,19296.005293825827,153.06177746207072,654.361443549486,19797.304959913243,0.0,19797.304959913243,18880.77847902093,14179.847490614748,4519.8672520519485
2025-02-23,2025-02-22,2025-01-02,2025-02-22,9119.384402984982,8770.430309779915,81352.01904256432,77240.26930856351,194.92945841217295,4306.679192412991,13.147353214504847,50307.98966522336,1483.4539259068201,256.45283520056375,49080.988574517105,61.5822024567407,49142.570776973844,22292.94373290332,18371.343107536253,1799.9623530776103
2025-02-24,2025-02-23,2025-01-02,2025-02-23,8770.430309779915,8992.699538243398,78392.56271515948,74553.52658720559,126.77189084820424,3965.808018802115,52.39974177777788,48696.44452717675,1306.433208296736,239.7958804608677,47629.80719934088,237.51779958100047,47867.32499892188,21087.524077415055,16880.852197089058,2196.2208319906904
2025-02-25,2025-02-24,2025-01-02,2025-02-24,8992.699538243398,8811.595870608364,80774.51967075723,72773.56528387385,112.72018413978799,8113.674571023182,57.86612717310004,49956.32607733949,2712.7563502247963,172.89708461451696,47416.4668117292,257.0460771743384,47673.51288890354,21262.9544395652,17385.986396919343,3133.1401350677534
2025-02-26,2025-02-25,2025-01-02,2025-02-25,8811.595870608364,9058.791802856349,74152.42215383159,75828.37831385931,1697.2384679372472,21.2823079095308,16.20104542763977,45281.40079317147,4.937232156798456,1710.5550874657386,46987.018648480414,70.95247845034838,47057.971126930766,22384.97334575655,17909.35207103962,2554.1100512366775
2025-02-27,2025-02-26,2025-01-02,2025-02-26,9058.791802856349,7385.616791832897,73436.2594403105,71558.32094736921,51.727313791981715,1929.6658067332792,162.02314384100612,45472.06349884554,580.2906639271839,97.36670382179062,44989.13953874016,781.4244789320927,45770.56401767225,21059.746110089345,18564.251859093478,2268.2656402143457
2025-02-28,2025-02-27,2025-01-03,2025-02-27,7385.616791832897,7228.936562113986,34198.588154881254,34162.66660911677,53.58713973943253,89.50868550391081,0.0,17822.136813239817,41.220578811753626,86.34495826214763,17867.26119269021,0.0,17867.26119269021,16972.244364812337,13888.530142245017,7786.35883654946
2025-03-01,2025-02-28,2025-01-04,2025-02-28,7228.936562113986,8596.010879738169,41523.56957922863,39559.91769058642,0.0,1963.6518886422095,174.2720033986298,21134.563273646047,709.3678134629747,0.0,20425.195460183073,946.1935772277297,21371.389037410805,18054.712686879087,13393.950390510294,11414.661464282924
2025-03-02,2025-03-01,2025-01-05,2025-03-01,8596.010879738169,8544.375380928148,84458.45206140203,78577.57339324587,3.5977655075853363,5884.476433663732,227.02731066526894,52338.82968883585,2051.6541108998563,6.951422625481007,50294.12700056148,1210.0371251347233,51504.16412569621,22949.263506199608,18635.375388950702,2132.4055199955774
2025-03-03,2025-03-02,2025-01-06,2025-03-02,8544.375380928148,8572.638424210732,86398.22495952428,78087.45970119342,668.4641669940625,8979.229425324911,164.81165971724553,53552.25004951097,3084.5673176127416,1301.9365007958404,51769.619232694065,810.7041577069867,52580.323390401056,23338.757986549634,18878.95723015088,1775.3239711785893
2025-03-04,2025-03-03,2025-01-07,2025-03-03,8572.638424210732,8441.160905372608,77149.6328361856,74451.1377890325,619.975656579607,3318.4707037327116,10.980688615741679,47485.290305074246,1083.8886275541333,1106.5707855998076,47507.97246311992,54.05477971021711,47562.02724283014,21434.471345776576,17480.251557033334,1308.4407555716598
2025-03-05,2025-03-04,2025-01-08,2025-03-04,8441.160905372608,8612.645358724883,81122.22765649957,72159.86820606481,1010.3072373168109,9972.66668775157,69.83727704117166,49928.40353269984,3397.9144578726773,1989.4324968070555,48519.921571634215,465.86805688239633,48985.78962851662,21444.52760013569,17215.731348092853,1870.4372143964763
2025-03-06,2025-03-05,2025-01-09,2025-03-05,8612.645358724883,6870.393104656121,73924.84890265137,69488.82594393035,294.3085387975658,4730.331497518582,0.0,45570.589291035045,1538.1243346646888,568.6482432377168,44601.11319960807,0.0,44601.11319960807,19685.36370902921,17513.17163297555,1375.9797345433503
2025-03-07,2025-03-06,2025-01-10,2025-03-06,6870.393104656121,6199.639070239654,34467.37122536836,32503.70163556457,5.958122713489615,1969.6277125172865,57.82785120300738,18224.255136159223,806.4510936932458,10.926601244268605,17428.730643710245,249.19129451248773,17677.92193822273,15172.352440227136,12893.284107558802,9360.175620765911
2025-03-08,2025-03-07,2025-01-11,2025-03-07,6199.639070239654,8942.015736410513,35588.71537866376,35509.57763613809,7.6744313398413055,86.8121738655048,0.0,18221.96961613541,38.43308856285772,12.878081531630041,18196.414609104184,0.0,18196.414609104184,18606.04148175688,12602.7546006693,10443.15123838385
2025-03-09,2025-03-08,2025-01-12,2025-03-08,8942.015736410513,8735.698886075701,78348.33287685526,68863.89400681743,0.0,9484.438870037839,0.0,47900.19360121446,2879.024756887663,0.0,45021.16884432679,0.0,45021.16884432679,20949.231429213545,17154.562622964306,1735.700150568178
2025-03-10,2025-03-09,2025-01-13,2025-03-09,8735.698886075701,8831.011589055373,75195.23395618475,74080.57795873887,783.5264822456968,1898.1824796915612,0.0,45588.1087993441,601.4801315157417,846.2192902479226,45832.84795807628,0.0,45832.84795807628,22031.046837833415,17759.36650596336,1766.8261768688299
2025-03-11,2025-03-10,2025-01-14,2025-03-10,8831.011589055373,8907.06705367426,66652.63976373133,69950.46777639771,3391.194652444802,93.36663977843739,0.0,40715.40463836182,49.26170262941106,2716.1963606332047,43382.339296365615,0.0,43382.339296365615,21569.359614905537,17402.73136991649,1844.9207314086584
2025-03-12,2025-03-11,2025-01-15,2025-03-11,8907.06705367426,8780.525658657234,76326.15701202859,67683.11695217682,17.489678977647486,8660.529738829431,0.0,46755.52010215202,2700.7284138203713,33.77653967660287,44088.568228008255,0.0,44088.568228008255,20839.766249770753,16994.09791782964,1401.9139369023624
2025-03-13,2025-03-12,2025-01-16,2025-03-12,8780.525658657234,5786.452222727897,72869.16416520253,70859.52466514251,542.6761262372223,2552.315626297238,60.83520066326366,44950.51720164348,823.3800825945177,596.581053165117,44723.71817221408,414.64662869353026,45138.364800907606,18134.549731898518,17383.651375174195,2623.8434924147823
2025-03-14,2025-03-13,2025-01-17,2025-03-13,5786.452222727897,5693.858292941867,31245.931852593145,31572.22885191704,330.28761633190084,3.9906170080096217,0.0,16069.40059791561,0.8387849125759861,470.74908972524827,16539.31090272828,0.0,16539.31090272828,15166.35363100585,12368.080977922167,12744.530215500019
2025-03-15,2025-03-14,2025-01-18,2025-03-14,5693.858292941867,8632.358194501167,34469.3219113746,35134.24117721878,664.9192658441727,0.0,0.0,17350.35963518445,0.0,926.980708916846,18277.340344101296,0.0,18277.340344101296,18866.26317718393,12637.023262115614,7980.876112150464
2025-03-16,2025-03-15,2025-01-19,2025-03-15,8632.358194501167,9228.5966952148,72387.60940244727,71100.49825137306,1376.2999038410528,2663.4110549152483,1.6400000000001,44293.20839407174,904.6737732903176,1450.5359896484892,44839.07061042992,7.461180000000455,44846.531790429915,21141.633685387624,16588.10863452171,3197.5662671738223
2025-03-17,2025-03-16,2025-01-20,2025-03-16,9228.5966952148,9158.266925286192,67264.04862426186,63684.82600999497,900.3945241851482,4479.61713845206,0.0,40193.16488747105,1081.6710955125852,1237.1469996517578,40348.64079161022,0.0,40348.64079161022,20843.96725338619,16946.910268178563,1929.6375914540085
2025-03-18,2025-03-17,2025-01-21,2025-03-17,9158.266925286192,8988.432115270798,75890.22107079311,67195.59608479768,96.91059312131404,8791.535579116751,0.0,46535.304654833584,2858.965900825294,172.90928263667388,43849.24803664496,0.0,43849.24803664496,20811.897543162107,17010.488338975163,2268.228513944069
2025-03-19,2025-03-18,2025-01-22,2025-03-18,8988.432115270798,9110.132316039793,62667.311870199796,66354.99152942466,3691.4837954986806,3.8041362738091493,0.0,38364.44685117841,0.8626606791075154,3282.228632174771,41645.81282267407,0.0,41645.81282267407,20850.90886802058,16779.706002404575,2818.318213808662
2025-03-20,2025-03-19,2025-01-23,2025-03-19,9110.132316039793,5355.183383611195,67001.07235674589,63226.59301750827,927.1815831664751,4701.66092240411,0.0,41750.56020556307,1543.92224257047,1201.7056596928464,41408.34362268545,0.0,41408.34362268545,17381.18200807087,17458.21146572314,1094.660658493869
2025-03-21,2025-03-20,2025-01-24,2025-03-20,5355.183383611195,5032.869046701515,29338.229867109323,29705.559422349354,628.8175176464939,261.48796240646016,0.0,15190.714130078712,114.94594387147868,872.5341189870014,15948.302305194235,0.0,15948.302305194235,14661.704752769596,12166.063752962084,15176.453905875176
2025-03-22,2025-03-21,2025-01-25,2025-03-21,5032.869046701515,9355.46743198148,35056.40770639475,35149.92127934389,253.3738781032196,159.86030515407936,0.0,17924.952668333037,68.00856627787843,404.770273846575,18261.714375901734,0.0,18261.714375901734,18997.893738102568,11497.955381111111,11768.783189019097
2025-03-23,2025-03-22,2025-01-26,2025-03-22,9355.46743198148,8955.869681771692,71532.60317260631,65389.6979679888,309.8935100508267,6452.798714668329,0.0,43668.35585970603,1960.0272001944793,543.4027184722615,42251.731377983815,0.0,42251.731377983815,19440.77570427654,16106.666295652803,3285.868442698402
2025-03-24,2025-03-23,2025-01-27,2025-03-23,8955.869681771692,9169.327322943118,67895.0508751165,65185.17192324184,1084.0929525160175,3793.971904390679,0.0,40935.71609403266,999.1803368114472,1497.4080385438658,41433.94379576508,0.0,41433.94379576508,21440.411403131235,17174.62135948202,2920.8847962592868
2025-03-25,2025-03-24,2025-01-28,2025-03-24,9169.327322943118,8890.267422716734,74735.24408256663,66186.09795018591,474.6429116042059,9023.78904398491,0.0,45528.67023320169,2773.958997601628,800.8052926888806,43555.516528288936,0.0,43555.516528288936,20490.53347790228,16848.486027304592,1593.925782921563
2025-03-26,2025-03-25,2025-01-29,2025-03-25,8890.267422716734,8983.510995332157,64641.80202881268,61830.73044273282,1544.683270726519,4355.754856806378,0.0,39205.60157861467,1267.0223264548908,1986.3423910090314,39924.92164316881,0.0,39924.92164316881,20499.878523982323,16520.98238907181,2259.279441155641
2025-03-27,2025-03-26,2025-01-30,2025-03-26,8983.510995332157,4923.450153063101,63882.053815124775,60231.02994217343,498.333367750337,4149.3572407016745,0.0,39728.15867648382,1322.8486658509614,823.1031877563069,39228.41319838917,0.0,39228.41319838917,16341.899512966662,16890.993363545153,2063.1343927519147
2025-03-28,2025-03-27,2025-01-31,2025-03-27,4923.450153063101,4927.807324913581,29416.251913592438,29909.535722507906,493.2838089154643,0.0,0.0,15076.752480470745,0.0,753.7181330603138,15830.47061353106,0.0,15830.47061353106,14491.203991356499,11733.953778333333,16330.404742818075
2025-03-29,2025-03-28,2025-02-01,2025-03-28,4927.807324913581,9262.467972148152,33095.33976702222,34178.493790992405,1083.1540239701908,0.0,0.0,16416.47148281705,0.0,1559.339606614339,17975.81108943139,0.0,17975.81108943139,18814.817846547143,11338.807873192072,18995.27463430401
2025-03-30,2025-03-29,2025-02-02,2025-03-29,9262.467972148152,9276.312242882088,66768.93566486967,60366.11309800456,454.39077972687795,6857.213346592004,0.0,40048.080141227314,1795.187211704539,795.5320672463673,39048.42499676914,0.0,39048.42499676914,20620.48303642476,16690.131415843513,1090.1417774233012
2025-03-31,2025-03-30,2025-02-03,2025-03-30,9276.312242882088,9236.0516792769,57833.41104658505,62380.27004386329,5108.98336994748,562.1243726692451,0.0,35258.3624399592,124.57533744669993,4414.018389182373,39547.805491694875,0.0,39547.805491694875,20442.32863419483,16594.520700942492,1581.072627277615
2025-04-01,2025-03-31,2025-02-04,2025-03-31,9236.0516792769,9047.539834340367,71079.06760473349,66454.46038365463,1398.222568110928,6022.8297891897855,0.0,42300.81092506735,1481.9698801933755,1949.3078736596235,42768.148918533596,0.0,42768.148918533596,18459.807022744335,15122.1043488658,2907.90619310942
2025-04-02,2025-04-01,2025-02-05,2025-04-01,9047.539834340367,9053.327293155708,67665.71904406625,67339.2214026312,1710.389648250006,2036.8872896850608,0.0,40537.15965034257,456.7892063441315,2224.9640423652527,42305.33448636369,0.0,42305.33448636369,19797.996111804547,16031.168137627876,3137.0580284545335
2025-04-03,2025-04-02,2025-02-06,2025-04-02,9053.327293155708,4468.017814364857,63661.57872491615,58371.88407561988,306.7514738667058,5596.446123162982,0.0,39871.867361229524,1699.019771829587,531.889661447554,38704.73725084749,0.0,38704.73725084749,15083.327688818983,16344.273958855149,3769.300078989374
2025-04-04,2025-04-03,2025-02-07,2025-04-03,4468.017814364857,4614.581000271651,27700.987649690625,28216.477036632117,515.4893869414954,0.0,0.0,14056.576247127989,0.0,778.4655542241649,14835.041801352152,0.0,14835.041801352152,14027.724628696113,11230.550081927739,18988.500239863748
2025-04-05,2025-04-04,2025-02-08,2025-04-04,4614.581000271651,9226.494798820848,32564.30698142218,33612.04052338403,1047.7335419618537,0.0,0.0,16059.059625015332,0.0,1450.707102647284,17509.766727662616,0.0,17509.766727662616,19160.251040029994,11369.080923730016,13776.755423750721
2025-04-06,2025-04-05,2025-02-09,2025-04-05,9226.494798820848,8898.758785946442,65307.30771838836,60998.82586749569,1259.121541496509,5567.6033923891755,0.0,38629.40779153927,1353.331539748186,1763.7030874823527,39039.77933927344,0.0,39039.77933927344,20035.48039910536,16523.701534862303,3076.970736585965
2025-04-07,2025-04-06,2025-02-10,2025-04-06,8898.758785946442,9102.752322765798,57491.899803437285,59495.50194246997,3833.128104980034,1829.5259659473572,0.0,34251.99652733709,402.52664626446284,3796.9981323929055,37646.468013465535,0.0,37646.468013465535,20239.052488656773,16210.03833267457,2223.768503154428
2025-04-08,2025-04-07,2025-02-11,2025-04-07,9102.752322765798,8877.302682614652,66592.15360604897,60468.387623586605,408.29132855378475,6532.057311016151,0.0,40130.05121358142,1850.8313849674535,656.4392901481774,38935.65911876215,0.0,38935.65911876215,20110.592541845133,16492.484635030592,2497.086100105402
2025-04-09,2025-04-08,2025-02-12,2025-04-08,8877.302682614652,8992.882755845767,65228.66046675189,66066.73982201928,2297.007004300886,1458.9276490334844,0.0,38985.69808440437,515.2998331296475,2177.409608626787,40647.80785990151,0.0,40647.80785990151,20809.92799365191,16752.01960895004,2874.520420650754
2025-04-10,2025-04-09,2025-02-13,2025-04-09,8992.882755845767,4359.79082603448,58007.436174039685,56884.51369812391,2317.099835448323,3440.0223113640923,0.0,36240.98617356126,1077.4948673128129,1919.4473819302707,37082.938688178714,0.0,37082.938688178714,15506.967112842405,16730.426098232507,3647.334783514014
2025-04-11,2025-04-10,2025-02-14,2025-04-10,4359.79082603448,4196.709051330509,26230.608442227403,27125.040712403785,894.4322701763815,0.0,0.0,13093.44372359599,0.0,1223.315340798965,14316.759064394955,0.0,14316.759064394955,14047.056637835605,11524.889473880408,19286.223381781925
2025-04-12,2025-04-11,2025-02-15,2025-04-11,4196.709051330509,9284.551620315297,33481.11876269143,33197.072211974584,236.82841863249232,520.8749693493378,0.0,16744.026354388337,227.09380785678124,366.96720406437646,16883.899750595934,0.0,16883.899750595934,18945.338975682847,10766.6662582168,15993.238944508532
2025-04-13,2025-04-12,2025-02-16,2025-04-12,9284.551620315297,9121.752582759922,60645.45916853855,59841.06900863029,565.9005101471703,1370.2906700554436,0.0,36091.52464460952,322.13379635869336,774.1270402775831,36543.51788852841,0.0,36543.51788852841,20005.508240026036,16350.980808220931,1910.1830934918507
2025-04-14,2025-04-13,2025-02-17,2025-04-13,9121.752582759922,8963.634388391016,64101.63281849721,56930.7562969853,309.91900882916286,7480.7955303410645,0.0,38572.79141818836,2411.627335817507,536.9683932207695,36698.13247559162,0.0,36698.13247559162,20066.721721006877,16396.35096894758,732.3537449260069
2025-04-15,2025-04-14,2025-02-18,2025-04-14,8963.634388391016,9011.771984770978,56154.46721287144,56347.669005195,1572.5339006294657,1379.3321083058968,0.0,33402.99124003701,299.0923423780068,1835.1009285466155,34938.99982620562,0.0,34938.99982620562,19710.611130404406,15922.271178885607,2419.900220342865
2025-04-16,2025-04-15,2025-02-19,2025-04-15,9011.771984770978,9037.962911980456,62711.58678851235,62173.97819307634,1549.408061458044,2087.016656894051,0.0,36771.10860378283,466.2330228010506,2100.104170918675,38404.97975190045,0.0,38404.97975190045,19759.002969432557,15981.22057075184,2616.603844395632
2025-04-17,2025-04-16,2025-02-20,2025-04-16,9037.962911980456,4072.2133678161913,50426.616225927064,53275.62437533037,3491.5342166190026,642.5260672157015,0.0,31833.73504582711,187.98074887454356,2656.2785257108667,34302.03282266344,0.0,34302.03282266344,14735.463202383751,16404.899783678673,2076.7186066252857
2025-04-18,2025-04-17,2025-02-21,2025-04-17,4072.2133678161913,4048.104081184813,26268.56492735363,26682.478878443068,413.91395108943675,0.0,0.0,13137.725983353954,0.0,571.8154343926474,13709.541417746601,0.0,13709.541417746601,13259.443003580243,10761.847190868239,17830.76588239773
2025-04-19,2025-04-18,2025-02-22,2025-04-18,4048.104081184813,9084.39214007047,31959.93009171144,32880.73896764205,920.8088759306055,0.0,0.0,15273.395045430178,0.0,1308.902914714684,16582.29796014486,0.0,16582.29796014486,18844.112393331347,10731.0717856013,17983.019109912002
2025-04-20,2025-04-19,2025-02-23,2025-04-19,9084.39214007047,9319.502343038514,57657.96664034694,58574.077741582325,2332.92052680039,1416.8094255649976,0.0,34529.36160999615,313.61874996533066,2403.2206956978052,36618.963555728624,0.0,36618.963555728624,20051.242789788732,16029.907477057634,2594.9975455179
2025-04-21,2025-04-20,2025-02-24,2025-04-20,9319.502343038514,9023.582126437565,61165.825907947605,55312.420709721424,307.7540043394134,6161.159202565592,0.0,36341.213667960255,1629.8016400474353,532.0941268998454,35243.50615481267,0.0,35243.50615481267,18283.009424864693,15075.56582908126,3588.0667306046585
2025-04-22,2025-04-21,2025-02-25,2025-04-21,9023.582126437565,9106.099875947733,54456.95468342329,58321.74706781979,3864.792384396515,0.0,0.0,32613.27272204733,0.0,3777.39017877982,36390.662900827156,0.0,36390.662900827156,19450.180503731583,15680.380233463431,2399.0174808849797
2025-04-23,2025-04-22,2025-02-26,2025-04-22,9106.099875947733,9251.049224665758,52515.2507276781,57524.53403216002,5009.283304481921,0.0,0.0,31609.613515511992,0.0,4596.432388410843,36206.04590392283,0.0,36206.04590392283,19018.352814784565,15274.411366129281,2380.67586683807
2025-04-24,2025-04-23,2025-02-27,2025-04-23,9251.049224665758,3447.7578340187097,47911.135748238325,48786.922667631676,1331.633790065504,455.84687067215236,0.0,29849.855949809953,96.00887953868765,1820.3896215470666,31574.236691818336,0.0,31574.236691818336,12516.634503918935,15361.436199756681,4541.61766346942
2025-04-25,2025-04-24,2025-02-28,2025-04-24,3447.7578340187097,3200.944118970889,25778.552212846815,25404.445328160087,35.0320781500929,409.13896283681635,0.0,12940.24947111107,190.69127254533683,43.31714927219039,12792.875347837924,0.0,12792.875347837924,12812.012376359971,10599.862368394613,21191.937670194733
2025-04-26,2025-04-25,2025-03-01,2025-04-25,3200.944118970889,8935.849672799206,32317.098480148426,32660.988103958294,343.88962380986857,0.0,0.0,15624.185779085108,0.0,474.6687173279532,16098.854496413061,0.0,16098.854496413061,19198.786115672534,10389.60175524927,23781.610110201695
2025-04-27,2025-04-26,2025-03-02,2025-04-26,8935.849672799206,8929.486596691744,53606.843507266996,55516.924739467446,2508.3792347354724,598.2980025350283,0.0,32095.113584851086,145.6134681309659,2385.614545804274,34335.1146625244,0.0,34335.1146625244,20098.870965609512,16285.812250640418,3130.3948411650135
2025-04-28,2025-04-27,2025-03-03,2025-04-27,8929.486596691744,9046.076870147006,65726.49417370328,63971.4644558466,1902.4033974374222,3657.4331152940963,0.0,38554.21117367268,962.4695058193716,1727.9716258013734,39319.713293654684,0.0,39319.713293654684,19640.363448731634,15803.763147362892,3512.8968378111936
2025-04-29,2025-04-28,2025-03-04,2025-04-28,9046.076870147006,9168.570919169886,55379.372505762585,55973.85614457175,1326.3897976445846,731.9061588354213,0.0,33121.99227137595,159.6865928278557,1829.644704170753,34791.950382718846,0.0,34791.950382718846,17868.683804243432,14363.38923731659,5035.347860978238
2025-04-30,2025-04-29,2025-03-05,2025-04-29,9168.570919169886,8818.035530574056,52386.731536908206,52847.237409190384,514.3553914735305,53.849519191356876,0.0,31885.216873653884,33.37115997334966,394.87719781596377,32246.7229114965,0.0,32246.7229114965,18472.022149781835,15277.819791059534,1396.1806171347512
2025-05-01,2025-04-30,2025-03-06,2025-04-30,8818.035530574056,1890.333938728394,48780.27670228397,48692.31403521492,489.0316186343282,576.9942857033816,1189.0324308799422,30669.8573208419,134.56205197350195,840.0338579352394,31375.329126803637,7461.7669248250495,38837.09605162869,12839.133195365994,16634.629320907552,2665.4637916364163
2025-05-02,2025-05-01,2025-03-07,2025-05-01,1890.333938728394,2166.4537123518508,28802.998618539095,29033.29393019266,316.1542802520048,85.85896859843925,840.6093981334955,14535.248855417874,39.07853200027228,518.7071330345841,15014.877456452188,4768.594584261068,19783.472040713255,14074.086145977444,11151.501981980617,12660.999080995996
2025-05-03,2025-05-02,2025-03-08,2025-05-02,2166.4537123518508,8379.859683592591,34243.49380476681,34495.28277535907,251.78897059226261,0.0,1218.5738449110645,16388.770214686345,0.0,362.1296798724379,16750.89989455878,6941.828353502186,23692.728248060965,19944.677259649292,10563.123206199261,17465.130916820097
2025-05-04,2025-05-03,2025-03-09,2025-05-03,8379.859683592591,8209.303464407407,60255.65351048697,55782.29093964049,811.1105506495494,5284.473121496037,1037.705510916018,35585.72645944389,1450.5384205842333,1533.764616438219,35668.95265529788,6482.162207248581,42151.114862546456,17260.054207660738,14134.144505471866,1959.4194150343005
2025-05-05,2025-05-04,2025-03-10,2025-05-04,8209.303464407407,8262.518479333079,62428.55783510287,59443.80563741672,629.8478812463014,3614.600078932458,842.6839234297854,37457.24162776753,1248.1652597247687,1188.999025896363,37398.07539393912,5466.566701941802,42864.642095880925,19601.57136087191,15829.379288873144,1438.2906888477373
2025-05-06,2025-05-05,2025-03-11,2025-05-05,8262.518479333079,8056.609096407406,53246.538726509214,58538.97333640958,5461.739032618219,169.30442271784767,775.1636748867577,32029.61129508769,42.93160338672001,5543.295752022056,37529.97544372303,4899.306159715886,42429.28160343891,19003.90037007597,15578.477744394639,3018.6320189483413
2025-05-07,2025-05-06,2025-03-12,2025-05-06,8056.609096407406,8229.161317611113,57165.5576090535,60276.97130877895,3220.3225006996718,108.90880097422763,842.542916704276,34520.12779490206,46.360182388328894,2878.4247004927615,37352.19231300649,5529.52852162029,42881.72083462678,20413.26059164983,16379.444080153029,2017.8517639864224
2025-05-08,2025-05-07,2025-03-13,2025-05-07,8229.161317611113,2689.2801530044126,58495.096686700956,54345.20027724687,596.6535303858279,4746.549939839913,326.4191809027121,35400.95289633961,1129.008105335853,961.8288942526153,35233.77368525637,1780.026941600808,37013.80062685718,13261.163680962498,15727.43562972566,1311.3790069127424
2025-05-09,2025-05-08,2025-03-14,2025-05-08,2689.2801530044126,3054.420513807345,27780.161060530078,28222.258853044186,517.0816927261053,74.98390021199984,279.1626872740786,14015.04318548166,32.280185622183964,821.9974703307445,14804.76047019022,1530.1194773141492,16334.879947504369,13608.335998102131,10694.12583374009,17087.82552595622
2025-05-10,2025-05-09,2025-03-15,2025-05-09,3054.420513807345,8421.30434414149,33785.06442105152,34260.09865638515,482.1088175179246,7.074582184289511,310.3125617717503,16555.129787382437,1.4886581246789625,672.1335106677036,17225.77463992546,1656.1517403755179,18881.926380300974,18909.998053045463,10486.902975666091,14026.27085744419
2025-05-11,2025-05-10,2025-03-16,2025-05-10,8421.30434414149,8463.151788009183,62719.72583498682,60535.477645553176,821.2222295369982,3005.4704189706445,505.9801526014191,36936.40927731029,718.2966790064609,1221.1095128216907,37439.22211112552,3519.801904539166,40959.024015664676,18868.36858063074,15245.715850829976,1934.7259850204932
2025-05-12,2025-05-11,2025-03-17,2025-05-11,8463.151788009183,8685.844265523909,55199.189174351945,57700.05307087781,3054.496503192536,553.6326066666666,79.91565923605219,33243.01379376123,113.85454556099998,3171.3291017452725,36300.4883499455,464.2503380503534,36764.73868799586,17479.070535366853,13957.623903883894,2327.326865297572
2025-05-13,2025-05-12,2025-03-18,2025-05-12,8685.844265523909,8720.128122843194,64884.470817428846,59374.10828565103,1126.703363932349,6637.065895710165,153.48675012933137,38115.741898557986,1719.8633759368013,1512.1097314669803,37907.988254088166,934.3410954629362,38842.3293495511,18575.03804007849,15014.925340876223,2838.2695699114292
2025-05-14,2025-05-13,2025-03-19,2025-05-13,8720.128122843194,8500.54121672446,62654.75590387937,58832.25086697714,1348.0684507014787,5170.573487603712,2.9687227855796205,37987.86587171256,1577.029652366592,982.533615797101,37393.369835143065,18.14780238824822,37411.51763753132,18266.17680638261,14993.231428676769,2548.125428723548
2025-05-15,2025-05-14,2025-03-20,2025-05-14,8500.54121672446,3133.4093251640825,54741.86467441452,52811.73602795709,1428.4627269169653,3358.5913733743946,0.0,35485.21821279888,1214.0362495206748,989.5287310250144,35260.71069430321,0.0,35260.71069430321,12880.72765513116,15263.808103060579,2429.7581925531804
2025-05-16,2025-05-15,2025-03-21,2025-05-15,3133.4093251640825,2543.683356033733,27425.150474375645,26658.584920450634,0.0,766.5655539250142,0.0,14755.793705287993,399.133466955845,0.0,14356.66023833215,0.0,14356.66023833215,12135.253860653502,10360.308999346651,22168.133525810445
2025-05-17,2025-05-16,2025-03-22,2025-05-16,2543.683356033733,8851.29370111697,34926.09345645086,34829.897484341025,103.1576423775769,199.35361448740355,0.0,17780.054869286203,88.59256047751711,174.60561269740873,17866.067921506095,0.0,17866.067921506095,19273.740565537213,9934.880547510233,15042.238382980713
2025-05-18,2025-05-17,2025-03-23,2025-05-17,8851.29370111697,9150.943843112167,66679.53630216085,61280.81556838233,194.60136490868877,5593.322098687198,5.2366666666667925,39808.341579251006,1420.96448181908,326.1579019942128,38713.534999426134,35.31869833333418,38748.85369775947,18639.299635466974,14828.147576932575,3798.732076514597
2025-05-19,2025-05-18,2025-03-24,2025-05-18,9150.943843112167,8743.53007227421,59597.55607409348,56815.42135316016,315.4236990145598,3097.5584199478726,67.00333333333344,35838.00099786881,708.7624052821352,375.52946370508937,35504.76805629177,451.90398166666745,35956.67203795844,17047.750862995796,14175.350592780756,6494.807866278457
2025-05-20,2025-05-19,2025-03-25,2025-05-19,8743.53007227421,8681.218709770674,59678.46671036727,59777.49240885103,1310.5304025837277,1211.5047040999693,0.0,36013.72465164133,305.5295165237973,1136.8861871211543,36845.08132223869,0.0,36845.08132223869,18342.898372073796,14913.827907632956,1821.0271277435165
2025-05-21,2025-05-20,2025-03-26,2025-05-20,8681.218709770674,8788.098116254334,55851.7471402548,57958.29040346603,2234.882069644988,128.33880643376096,0.0,34544.437343838385,66.44279907668025,1954.1126032902125,36432.10714805192,0.0,36432.10714805192,17523.907541368804,14098.173642673435,3169.9412214373315
2025-05-22,2025-05-21,2025-03-27,2025-05-21,8788.098116254334,3317.855603052016,51777.43505572564,50500.67810965418,0.0,1276.7569460714572,2.57000000000005,33482.099445295724,435.63490557179705,0.0,33046.46453972394,17.333365000000338,33063.797904723935,11620.399968964077,14335.74223674299,2401.9595607664287
2025-05-23,2025-05-22,2025-03-28,2025-05-22,3317.855603052016,3451.5849772692204,27039.98048542191,28043.361405401505,1077.5217365734259,74.14081659383254,0.0,14381.126725509788,45.32228118380983,1566.6708701762395,15902.475314502217,0.0,15902.475314502217,12270.379306303155,9818.650801310074,19170.684017075087
2025-05-24,2025-05-23,2025-03-29,2025-05-23,3451.5849772692204,9556.321328586208,34785.76206379104,34264.04585714338,0.0,521.7162066476565,0.0,18119.95230496701,270.1155967733286,0.0,17849.83670819368,0.0,17849.83670819368,19076.99631729423,9958.104300823039,21390.652457338856
2025-05-25,2025-05-24,2025-03-30,2025-05-24,9556.321328586208,9270.076681549186,60585.14742491793,57491.4633221165,349.5156319200107,3443.199734721442,0.0,36701.28190645784,789.960613957505,454.64326599363346,36365.96455849398,0.0,36365.96455849398,16052.940244485497,13260.501780366565,6154.014674664234
2025-05-26,2025-05-25,2025-03-31,2025-05-25,9270.076681549186,9204.926959669401,58581.784649513254,60943.105554377355,2621.7190700935084,260.39816522939896,0.0,36082.81958118082,137.62081018947055,1787.74695259383,37732.94572358518,0.0,37732.94572358518,18739.720545788925,15237.808391780836,2861.360450369269
2025-05-27,2025-05-26,2025-04-01,2025-05-26,9204.926959669401,9096.117314419069,55328.80588788448,56334.33227483177,1156.949183014721,151.42279606742505,0.0,34564.454049185064,78.64007003171132,795.2474941509288,35281.061473304275,0.0,35281.061473304275,17338.66470201114,14142.247089354327,3747.5473621749597
2025-05-28,2025-05-27,2025-04-02,2025-05-27,9096.117314419069,9388.893254579985,64054.4818651448,60022.03077368452,443.33576583680167,4475.78685729708,0.0,38465.14361830202,1062.7423064667842,599.7957945141266,38002.19710634936,0.0,38002.19710634936,18248.76052375917,14517.997678100102,4017.4438280254462
2025-05-29,2025-05-28,2025-04-03,2025-05-28,9388.893254579985,3317.283678630781,55206.15255040495,55409.55622136305,2246.153154394843,2042.749483436749,17.817433333333497,34780.77505512128,459.14756933164153,1701.1038433053914,36022.73132909503,119.77769558333443,36142.509024678366,12011.37791467892,15193.664729244207,4499.536969261672
2025-05-30,2025-05-29,2025-04-04,2025-05-29,3317.283678630781,3840.2199536104135,27897.288393381816,27990.337789729238,105.43658802830132,12.38719168087789,0.0,15281.723225877346,6.737130844773554,145.9086917212742,15420.894786753843,0.0,15420.894786753843,12678.315115025183,9798.792595688732,18514.582003726122
2025-05-31,2025-05-30,2025-04-05,2025-05-30,3840.2199536104135,9737.277764625409,36964.58666675063,35429.953640586304,0.0,1534.6330261643202,0.0,19749.260513839272,704.0356163119272,0.0,19045.224897527347,0.0,19045.224897527347,18582.51151389041,9744.482296337734,18202.742873033632
2025-06-01,2025-05-31,2025-04-06,2025-05-31,9737.277764625409,7780.912138777779,78301.75998892786,74269.1591824955,4967.872455836603,9000.473262268979,385.5663429490212,48083.86121128415,2855.9156509231266,7098.793400374217,52326.73896073525,2369.108391345637,54695.84735208088,18350.695085744046,16624.792082715547,1703.9962224160063
2025-06-02,2025-06-01,2025-04-07,2025-06-01,7780.912138777779,7780.967176113624,81491.41994486284,73609.4741313598,1843.6083195976234,9725.554133100639,194.94339321811572,50226.23315425409,2857.187289160657,3343.0274875396112,50712.07335263305,1315.0666679667133,52027.14002059976,20989.243642301037,17001.237816661578,1175.6042489384668
2025-06-03,2025-06-02,2025-04-08,2025-06-02,7780.967176113624,7959.7639185336875,75407.53276414597,76028.75290443409,4932.739109619528,4311.518969331407,131.15418651905952,46005.46799308692,1098.1322194662785,6885.635022920428,51792.97079654106,884.548683393263,52677.51947993432,19218.4586478237,15406.034436559137,4155.11604635526
2025-06-04,2025-06-03,2025-04-09,2025-06-03,7959.7639185336875,7994.6844833371515,85830.40213799411,75642.90705032792,1093.0710850610842,11280.566172727276,131.44082518443986,53169.08105511198,3373.78694558118,1897.1772475139958,51692.47135704479,894.1393688833074,52586.6107259281,20079.430013124736,16232.909802307926,2282.5668480288837
2025-06-05,2025-06-04,2025-04-10,2025-06-04,7994.6844833371515,1587.1581828010474,67840.75254535153,69987.00635231694,6645.6664306262155,4499.412623660785,250.60740207197125,42189.346724438314,1059.4851696858018,8796.492558593627,49926.35411334614,1698.926542122529,51625.28065546867,13768.851615067513,16919.543478687185,2238.987601341926
2025-06-06,2025-06-05,2025-04-11,2025-06-05,1587.1581828010474,1993.1052374520373,35073.59576444603,36786.38676846018,2982.0750306263244,1269.2840266121684,156.9093600263779,19680.935210399133,452.4256773636126,4648.911343444978,23877.4208764805,1094.599695544012,24972.020572024514,14630.065592733954,11485.00078092861,2943.2359166812166
2025-06-07,2025-06-06,2025-04-12,2025-06-06,1993.1052374520373,8323.66483858359,46572.669048564945,47324.02422683087,1603.4849264643726,852.1297481984468,0.0,23949.589591834614,212.70606233169326,2640.413108007436,26377.296637510357,0.0,26377.296637510357,20966.88024277881,11285.669355632437,6516.30017301783
2025-06-08,2025-06-07,2025-04-13,2025-06-07,8323.66483858359,8886.805846137087,75562.40161419744,70514.45070054606,1873.3305460529764,6921.28145970436,57.08455428838852,46331.99745396235,1838.870494682003,2221.6018782989263,46714.72883757927,385.25108150329993,47099.97991908257,19886.403996258647,15601.160330171366,1101.3683220805094
2025-06-09,2025-06-08,2025-04-14,2025-06-08,8886.805846137087,8729.456114376126,83680.83541769403,76900.21301462996,220.30012023749794,7000.922523301572,45.28662185301209,52694.35608589843,2209.71229396543,396.48970417557985,50881.13349610858,305.17707207710953,51186.31056818569,20861.603582971617,17039.513660791876,2190.6969809699067
2025-06-10,2025-06-09,2025-04-15,2025-06-09,8729.456114376126,8740.6953704149,78272.75901966932,77916.70970850656,1751.0943563009628,2107.1436674637143,0.5340489864252049,48524.594070030755,529.5503146155687,2240.5344855838657,50235.578240999035,3.610972221714023,50239.18921322076,21297.946340308838,17241.22120521526,2242.07438906609
2025-06-11,2025-06-10,2025-04-16,2025-06-10,8740.6953704149,9023.275913036689,83859.54610403345,82390.42540998805,1974.4734280213543,3443.5941220667505,18.330565059599053,53137.58394544838,1296.3253782334873,2389.804442495598,54231.06300971049,123.67453254697752,54354.73754225747,23469.69324010334,18756.129036124097,1610.745454401736
2025-06-12,2025-06-11,2025-04-17,2025-06-11,9023.275913036689,3664.1991570152163,75607.19286514442,72215.84227748544,221.22322688421252,3612.573814543194,0.0,48848.62659313966,1155.4804556344623,400.2335392453085,48093.3796767505,0.0,48093.3796767505,15248.345960134166,17174.32930812799,1689.4341921459277
2025-06-13,2025-06-12,2025-04-18,2025-06-12,3664.1991570152163,3682.1401162764178,35178.47858419434,35118.51208159036,334.9437820915252,394.91028469550815,0.0,20321.380716570027,161.25256373697079,592.7246593581302,20752.852812191184,0.0,20752.852812191184,13286.594823248131,10745.994943495909,4232.598501838138
2025-06-14,2025-06-13,2025-04-19,2025-06-13,3682.1401162764178,9190.337982063507,42346.781488862965,41931.485302794215,564.1634218517765,979.4596079205292,0.0,23588.30001739695,426.2758859074886,1042.3297636255109,24204.353895114968,0.0,24204.353895114968,18856.081426179837,10316.047875997287,7198.10900261166
2025-06-15,2025-06-14,2025-04-20,2025-06-14,9190.337982063507,9748.420846763744,78420.75354680872,78732.5707277304,854.5329637765562,542.7157828548827,0.0,49180.9963408983,256.7768157468516,665.3758276030655,49589.59535275452,0.0,49589.59535275452,22601.71142711505,17805.111677732977,3308.996645014994
2025-06-16,2025-06-15,2025-04-21,2025-06-15,9748.420846763744,9635.302602670192,81186.75004075207,79406.71120467843,1166.1438986558805,2946.1827347295284,0.0,51130.43412938007,1045.1073658647288,1393.3840593421794,51478.71082285751,0.0,51478.71082285751,21618.044691703566,17612.422619964087,2707.036316272287
2025-06-17,2025-06-16,2025-04-22,2025-06-16,9635.302602670192,9331.865803516126,82999.42580591515,81534.30344269046,905.7579650448788,2370.8803282695594,32.789805802043475,52337.54375758438,866.2455968441154,1061.182076475984,52532.48023721625,222.37165446341797,52754.851891679675,21899.076035542486,18011.34470802807,3042.3507043114287
2025-06-18,2025-06-17,2025-04-23,2025-06-17,9331.865803516126,9555.28850558998,84173.66391891212,79389.4623024021,251.50401789265743,5035.705634402676,2.3047035841362913,52779.94578555085,1769.2544338153632,220.5407778337005,51231.2321295692,15.536006860662742,51246.768136429855,20518.4550825211,16418.86818497563,4363.789208440765
2025-06-19,2025-06-18,2025-04-24,2025-06-18,9555.28850558998,4025.118595704298,72958.80377066134,70688.4061023118,2513.425201197302,4783.822869546844,32.66524826034674,46981.64538560693,1650.121145821327,2798.111851219156,48129.63609100476,220.21277114712757,48349.84886215189,15116.98741482351,17221.91272490416,4566.492460652793
2025-06-20,2025-06-19,2025-04-25,2025-06-19,4025.118595704298,4350.661092512422,36174.01476003211,35034.42502965668,0.0,1139.5897303754257,0.0,21790.050301610027,573.8176206611002,0.0,21216.232680948924,0.0,21216.232680948924,12665.982503753603,9966.45758091311,9934.319256816192
2025-06-21,2025-06-20,2025-04-26,2025-06-20,4350.661092512422,10415.396697159664,42162.40319284993,41620.12956943149,0.0,542.27362341844,0.0,23914.974692220465,253.0989637728145,0.0,23661.87572844765,0.0,23661.87572844765,19376.59307124323,10236.778343524504,13145.574441712766
2025-06-22,2025-06-21,2025-04-27,2025-06-21,10415.396697159664,9811.262351622165,77526.40061509694,74754.21393946346,1553.447959911207,4325.634635544692,0.0,48335.67335265028,1217.1494071871557,1798.763616025487,48917.2875614886,0.0,48917.2875614886,19577.510781130542,16401.50464369949,4120.866702032399
2025-06-23,2025-06-22,2025-04-28,2025-06-22,9811.262351622165,9719.391962520784,79169.51081700536,74397.43505230648,0.0,4772.075764698853,0.0,50396.292187616644,1732.1946294122145,0.0,48664.09755820443,0.0,48664.09755820443,20903.35453165426,17014.400520831194,3447.195041483429
2025-06-24,2025-06-23,2025-04-29,2025-06-23,9719.391962520784,9931.760117877782,90604.27971108802,84865.08694054524,0.0,5739.192770542786,0.0,58025.24808145403,2058.2518589467654,0.0,55966.99622250727,0.0,55966.99622250727,22478.99783344981,18016.85690527305,4134.15376236847
2025-06-25,2025-06-24,2025-04-30,2025-06-24,9931.760117877782,9773.551742795062,81340.82930175445,78746.7012140303,1325.4805535628334,3919.608641286977,0.0,50870.08480903495,1457.7028774822056,1490.004421875179,50902.38635342792,0.0,50902.38635342792,20703.192330417725,16911.973325212806,4518.060842158722
2025-06-26,2025-06-25,2025-05-01,2025-06-25,9773.551742795062,3865.7555585903265,71262.49173650343,68946.43671033208,135.5223588201738,2451.577384991515,5.302596933648374,46783.99084493415,923.095896316704,142.24198453528774,46003.13693315274,35.72094424352227,46038.85787739626,13244.254726821862,16044.862894509968,4204.963641620509
2025-06-27,2025-06-26,2025-05-02,2025-06-26,3865.7555585903265,4561.443893229582,38097.12128563352,35244.70153782169,0.0,2852.4197478118294,0.0,22897.73517084576,1322.300861707585,0.0,21575.434309138174,0.0,21575.434309138174,12777.639497857297,9723.76849208908,12419.184665386809
2025-06-28,2025-06-27,2025-05-03,2025-06-27,4561.443893229582,10173.60227717398,42802.82178220448,41579.12944490924,0.0,1223.6923372952435,0.0,24565.741470472087,607.303024426299,0.0,23958.43844604578,0.0,23958.43844604578,19208.815855985107,10508.198297797982,11101.58577005545
2025-06-29,2025-06-28,2025-05-04,2025-06-28,10173.60227717398,10056.869008001102,76472.5467622141,77789.41247807296,3703.608842967512,2386.7431271086475,0.0,47919.25569206095,913.0710345318623,3963.454264664876,50969.63892219396,0.0,50969.63892219396,20096.37182487072,16383.121120400874,4808.393240269785
2025-06-30,2025-06-29,2025-05-05,2025-06-29,10056.869008001102,9602.920170553498,82963.6222345598,78085.87575968882,0.0,4877.74647487101,10.479597243118064,52633.21893395619,1862.826548487292,0.0,50770.3923854689,70.60947119582266,50841.00185666472,20410.08676073534,16940.724229898464,4749.3088427617195
2025-07-01,2025-06-30,2025-05-06,2025-06-30,9602.920170553498,8943.865807311353,73740.20030841793,84023.98807506522,12496.0526227584,2212.264856111111,0.0,46161.65794667605,495.73459148761117,15927.873665650757,61593.7970208392,0.0,61593.7970208392,18775.357896050962,15801.188822719216,2183.2749684001365
2025-07-02,2025-07-01,2025-05-07,2025-07-01,8943.865807311353,8637.875075178588,70259.0511150107,79325.45909761761,10758.168991569491,1691.7610089625823,43.96146432724072,44472.7937961387,376.49258166854395,11886.561573902169,55982.862788372324,296.3970889725857,56279.25987734491,19477.546345858067,16052.204199064521,3039.312048484646
2025-07-03,2025-07-02,2025-05-08,2025-07-02,8637.875075178588,2710.2396634478896,73072.28389717468,81602.26031660463,11716.504849985511,3186.528430555554,23.31924914270951,47094.62695628473,730.262441282722,15030.769094942978,61395.13360994499,162.67508201954155,61557.80869196453,13768.801574534004,16487.601145930166,4583.960203810177
2025-07-04,2025-07-03,2025-05-09,2025-07-03,2710.2396634478896,2728.785130218733,35875.60163369987,41244.3425178044,5368.740884104531,0.0,1225.9593414615933,20807.08685127629,0.0,7877.487572109769,28684.57442338606,3507.7480021944675,32192.322425580525,12788.06738456134,10341.643661400927,11143.010669438918
2025-07-05,2025-07-04,2025-05-10,2025-07-04,2728.785130218733,9119.069319411445,43855.19149437974,48948.13706711681,5092.945572737077,0.0,560.3312168611105,24316.687974638473,0.0,7528.905134655079,31845.593109293557,1642.385702542379,33487.97881183593,19674.664758678933,10185.222684256498,11228.946242888822
2025-07-06,2025-07-05,2025-05-11,2025-07-05,9119.069319411445,8528.660745434148,73791.89018170368,87773.29534763156,16364.43830187965,2383.0331359517786,30.85002040762481,46884.57302982641,521.3603219399831,18516.451115729466,64879.6638236159,207.88947534706847,65087.55329896297,20317.292028708638,16988.37425983356,4681.246049164096
2025-07-07,2025-07-06,2025-05-12,2025-07-06,8528.660745434148,8742.071450461126,75678.5624665272,82868.27623723628,8927.512208344595,1737.7984376355344,20.2981708280505,47565.658469252776,403.11162478254516,10433.716211668876,57596.2630561391,136.7386277831622,57733.001683922266,20053.565609768164,16051.318509387931,5476.844541017418
2025-07-08,2025-07-07,2025-05-13,2025-07-07,8742.071450461126,9257.268542326326,85808.02583657097,83414.65445581278,1788.0858281643518,4181.457208922543,18.47515625360802,54333.39533691288,1060.7307112714443,2607.998286680553,55880.66291232198,124.39322705554281,56005.05613937753,21073.196857092804,16605.612071566487,3394.157809873406
2025-07-09,2025-07-08,2025-05-14,2025-07-08,9257.268542326326,9348.923698336104,85503.5680487082,81236.96601104591,1078.383695906636,5344.985733568917,37.30733642181292,53774.181757066275,1556.0506690248849,1735.0353186441762,53953.166406685574,251.55049588107465,54204.71690256665,20441.559216250007,16475.173324753712,3249.1624393047687
2025-07-10,2025-07-09,2025-05-15,2025-07-09,9348.923698336104,3535.83784148097,72032.37037274726,72098.61142485854,2313.3258031832347,2247.0847510719586,33.191880573366575,47407.98818954456,566.166522118279,2547.96975931559,49389.79142674188,223.66847071233013,49613.4598974542,14407.098929636351,16901.527404175067,1772.6083966372887
2025-07-11,2025-07-10,2025-05-16,2025-07-10,3535.83784148097,3832.746136285333,42798.06983995256,42687.85908040411,775.5710150736035,885.7817746220551,0.0,25945.619556008707,385.0987977937492,1150.7936051176328,26711.314363332585,0.0,26711.314363332585,13586.78401572712,10738.077587415042,7320.375502092027
2025-07-12,2025-07-11,2025-05-17,2025-07-11,3832.746136285333,9296.875209569787,47703.21496178764,49739.43725323759,2036.2222914499507,0.0,0.0,27400.0917245687,0.0,2818.568023031138,30218.659747599842,0.0,30218.659747599842,19321.664454223166,10732.832041964757,10066.36150764585
2025-07-13,2025-07-12,2025-05-18,2025-07-12,9296.875209569787,9148.906787369217,84531.47375762479,75469.49330778616,55.79058897204527,9117.771038810675,59.5255606472399,54407.04076707506,3102.57889637753,112.92847343869093,51417.39034413622,400.73511286474144,51818.12545700096,20008.108887606577,16339.739778941837,2592.929359768662
2025-07-14,2025-07-13,2025-05-19,2025-07-13,9148.906787369217,9272.463527803471,80675.23230068714,78652.50704591007,2009.1424488941234,4031.8677036712065,0.0,50335.43236493312,970.6788545314514,2718.826461859965,52083.57997226163,0.0,52083.57997226163,19473.321286972467,15662.189176056867,3033.6957183278028
2025-07-15,2025-07-14,2025-05-20,2025-07-14,9272.463527803471,9708.065891138942,88671.71892108256,79385.07470087979,0.0,9286.644220202765,0.0,56003.4223434188,2938.9779595595082,0.0,53064.4443838593,0.0,53064.4443838593,19862.943032921965,15696.941729664868,2470.0228142893734
2025-07-16,2025-07-15,2025-05-21,2025-07-15,9708.065891138942,9673.278261131247,84462.7772095507,79766.48017268466,0.731501539815099,4697.028538405845,1.9834304752605476,54317.327759608095,1617.3075111587368,1.475255730422101,52701.495504179766,13.40104800609789,52714.89655218586,19175.332346614745,15563.328067764867,4021.8959409767103
2025-07-17,2025-07-16,2025-05-22,2025-07-16,9673.278261131247,4398.4038405833135,76645.86518232331,74375.05551704287,1309.1818075036867,3579.991472784119,11.432396447548854,50180.27902455153,1161.4908142111015,1395.7277006276108,50414.51591096804,77.24298659786383,50491.7588975659,15043.423671898367,16932.560152730817,3555.208327656208
2025-07-18,2025-07-17,2025-05-23,2025-07-17,4398.4038405833135,4579.279465838889,46598.81533034059,42815.65061457812,0.0,3783.164715762478,0.0,28824.76485886771,1573.4408321549477,0.0,27251.324026712762,0.0,27251.324026712762,13295.31027519083,10606.413260174557,8852.505499561837
2025-07-19,2025-07-18,2025-05-24,2025-07-18,4579.279465838889,9327.927352957504,52808.78377950357,49415.683225664645,0.0,3393.1005538389263,0.0,31698.857061011364,1413.742734497738,0.0,30285.114326513627,0.0,30285.114326513627,18792.404416894722,10948.064479277971,14388.524238047896
2025-07-20,2025-07-19,2025-05-25,2025-07-19,9327.927352957504,9573.763275789535,88750.05214397027,80739.50850277417,0.0,8010.543641196084,0.0,55990.59281113819,2457.6505006152506,0.0,53532.942310522936,0.0,53532.942310522936,19608.99411167721,15662.032899909715,4702.5690743400155
2025-07-21,2025-07-20,2025-05-26,2025-07-20,9573.763275789535,9605.248052851217,89486.46630712273,83284.69946847575,0.0,6201.766838646982,1.2075756511204645,57014.74489151359,2108.674215642592,0.0,54906.070675871,8.424047742216361,54914.494723613214,20327.61647661427,16437.03304670204,5405.574264214649
2025-07-22,2025-07-21,2025-05-27,2025-07-21,9605.248052851217,9791.603238711232,87937.7227153745,84220.83383045085,1096.057004096305,4812.945889019962,14.1934446201318,56330.258789255,1815.242938178562,781.0792459825914,55296.095097059035,95.71741851454448,55391.812515573576,20120.495169117457,16129.881419711128,6449.268908997982
2025-07-23,2025-07-22,2025-05-28,2025-07-22,9791.603238711232,9622.853629968413,97861.13124745392,83383.71197820039,0.0,14477.419269253533,16.028614901234732,63302.23300138454,5054.584264186457,0.0,58247.648737198084,108.09100826975441,58355.739745467836,21105.47894146407,17247.31259045444,5325.027125425317
2025-07-24,2025-07-23,2025-05-29,2025-07-23,9622.853629968413,5500.799433639223,91210.94181416403,78118.47960143,0.0,13092.462212734044,0.0,60409.87193966101,4606.867512414923,0.0,55803.00442724609,0.0,55803.00442724609,14535.773046772152,15483.824944581715,5450.059499239558
2025-07-25,2025-07-24,2025-05-30,2025-07-24,5500.799433639223,5068.904201344216,45313.250327358444,42734.006476379596,0.0,2579.2438509788417,0.0,28055.168617958043,1284.3402073263023,0.0,26770.828410631744,0.0,26770.828410631744,13879.096644305062,11630.773990952606,13980.364256360479
2025-07-26,2025-07-25,2025-05-31,2025-07-25,5068.904201344216,9658.031615390604,51932.96834240475,49588.9197233008,0.0,2344.0486191039454,0.0,30654.688512180182,1067.2999258749237,0.0,29587.388586305256,0.0,29587.388586305256,18833.116091139786,11124.60936118148,13411.321426675824
2025-07-27,2025-07-26,2025-06-01,2025-07-26,9658.031615390604,9874.773946971443,89109.1086206771,82263.84199213397,0.0,6845.266628543142,0.0,56892.20003238868,2377.7257783444143,0.0,54514.47425404427,0.0,54514.47425404427,21008.992753884846,16822.216032223965,4391.87547047308
2025-07-28,2025-07-27,2025-06-02,2025-07-27,9874.773946971443,9737.908666919022,91988.23594294084,86536.05494295937,0.0,5452.180999981483,0.0,58884.96803624078,2128.55511535695,0.0,56756.41292088383,0.0,56756.41292088383,21223.928626371497,17314.5609394081,4671.810022662638
2025-07-29,2025-07-28,2025-06-03,2025-07-28,9737.908666919022,9696.124027512977,90196.41887309957,86051.71421955724,0.0,4144.704653542329,5.3674966458569315,57656.24354258517,1706.2810282376686,0.0,55949.96251434751,36.13935491655472,55986.101869264065,20139.545076248676,16350.63768722687,6198.928377181295
2025-07-30,2025-07-29,2025-06-04,2025-07-29,9696.124027512977,9925.380739637154,83119.22939589093,83818.81238491589,2141.9387569131095,1442.3557678881352,0.0,53218.23071303859,727.7159545641192,1917.8159240458044,54408.33068252027,0.0,54408.33068252027,20318.723065711667,16251.834642314683,5648.66991151892
2025-07-31,2025-07-30,2025-06-05,2025-07-30,9925.380739637154,5302.5496482119515,81725.58968515275,78122.98940880608,0.0,3602.6002763466704,0.0,53212.234756214486,1542.0952452321833,0.0,51670.139510982306,0.0,51670.139510982306,16632.242622468602,17632.66450648225,4428.41502615307
2025-08-01,2025-07-31,2025-06-06,2025-07-31,5302.5496482119515,5452.221598582326,45779.71561277221,42591.77293948736,0.0,3187.9426732848437,0.0,28282.097845846474,1526.5959283499076,0.0,26755.501917496567,0.0,26755.501917496567,14085.102135188303,11274.227974169185,18529.53911180158
2025-08-02,2025-08-01,2025-06-07,2025-08-01,5452.221598582326,9587.571480906296,52847.375141900186,48435.54227719852,0.0,4411.832864701662,0.0,31613.57646397702,1949.8575936111256,0.0,29663.718870365898,0.0,29663.718870365898,18659.873810772388,11392.682892634064,20241.326425726867
2025-08-03,2025-08-02,2025-06-08,2025-08-02,9587.571480906296,9199.511948846319,76060.91357144581,70969.45284692134,0.0,5091.460724524475,73.97146257108977,48840.31546229984,1790.0973433199713,0.0,47050.21811897987,498.5699288658047,47548.78804784568,18567.394966637927,15388.843501830701,5025.392861351871
2025-08-04,2025-08-03,2025-06-09,2025-08-03,9199.511948846319,9902.736374076158,81822.10232565086,73755.72118472823,0.0,8066.3811409226255,0.0,52690.85454594655,2747.680163274071,0.0,49943.174382672485,0.0,49943.174382672485,18601.985194576322,14434.706024899966,4172.786931718556
2025-08-05,2025-08-04,2025-06-10,2025-08-04,9902.736374076158,9496.004963977486,79430.95738746681,72702.82090074482,0.0,6728.1364867219945,0.0,51057.284145775615,2416.1366602790467,0.0,48641.14748549656,0.0,48641.14748549656,17927.681222524294,14887.480059333484,4510.310004220677
2025-08-06,2025-08-05,2025-06-11,2025-08-05,9496.004963977486,9401.899208014338,87606.80965822803,76532.1256576471,0.0,11074.684000580928,0.0,57005.58925097874,4068.9759494942296,0.0,52936.6133014845,0.0,52936.6133014845,18366.360125999192,14961.446882426178,5012.81314740742
2025-08-07,2025-08-06,2025-06-12,2025-08-06,9401.899208014338,4538.454534810352,83083.23153850259,67551.98946662381,0.0,15531.242071878776,8.901885987579135,53774.00166479992,4605.524954812024,0.0,49168.476709987895,60.145592675078426,49228.622302662974,13281.693660543042,15135.272070923453,6026.484512991799
2025-08-08,2025-08-07,2025-06-13,2025-08-07,4538.454534810352,4639.388443094408,44513.59532311513,42330.38007964831,0.0,2183.215243466816,0.0,26925.92706144908,1137.3956192474284,0.0,25788.53144220166,0.0,25788.53144220166,13135.04384988822,10548.545000953807,23968.709980713902
2025-08-09,2025-08-08,2025-06-14,2025-08-08,4639.388443094408,9436.774633165765,50401.257612881695,47825.388012759,0.0,2575.869600122695,0.0,29615.9071751269,1259.596326188863,0.0,28356.310848938032,0.0,28356.310848938032,18642.913262649876,10783.112171682176,21043.65792179131
2025-08-10,2025-08-09,2025-06-15,2025-08-09,9436.774633165765,9466.439602884955,82410.68771594751,72543.18611422331,0.0,9867.501601724201,0.941546887855452,53191.12313130842,3394.3636609280884,0.0,49796.75947038033,6.3502629851410966,49803.109733365476,17696.55794906123,14307.513465992324,3850.464128042257
2025-08-11,2025-08-10,2025-06-16,2025-08-10,9466.439602884955,9283.262523540228,80715.95018170532,73352.61075584484,0.0,7363.339425860489,90.3441480977209,50974.87626852337,2163.8851889565403,0.0,48810.991079566826,609.1775398776814,49420.16861944449,19192.818401355446,15711.042276508168,5399.925445761946
2025-08-12,2025-08-11,2025-06-17,2025-08-11,9283.262523540228,9354.067246361396,86832.0214453051,76265.11432355619,0.0,10566.907121748907,19.996385459509952,54948.72899562506,3217.445942352256,0.0,51731.28305327281,134.42570125155567,51865.70875452436,18179.630052778113,14661.776092211221,5006.7130984488085
2025-08-13,2025-08-12,2025-06-18,2025-08-12,9354.067246361396,9617.845243656313,78997.39094712932,74931.61796185814,0.0,4065.7729852711777,53.13576382784595,49884.0590148412,1335.7680365550418,0.0,48548.29097828615,360.81700531869603,48909.107983604845,18335.64360488091,14614.471122388111,5142.601793193184
2025-08-14,2025-08-13,2025-06-19,2025-08-13,9617.845243656313,4225.670519800781,74130.84431706913,68693.14126384523,0.0,5437.7030532239,60.88072844814667,48935.08560058292,2135.6502220340353,0.0,46799.43537854888,417.57783669971,47217.01321524859,14106.502346904508,16279.224152462628,5000.452814518156
2025-08-15,2025-08-14,2025-06-20,2025-08-14,4225.670519800781,4243.706741818327,45589.42142892827,41768.64405231234,0.0,3820.777376615929,0.0,28003.10593429773,1847.7648192967954,0.0,26155.341115000934,0.0,26155.341115000934,13265.866977852149,10729.11965224445,22072.169843371306
2025-08-16,2025-08-15,2025-06-21,2025-08-15,4243.706741818327,9360.619119114786,52982.827459674896,47439.12813000058,0.0,5543.699329674313,0.0,31929.43878286227,2473.255110621704,0.0,29456.183672240568,0.0,29456.183672240568,19378.46875375506,11091.338550974788,22222.71756055364
2025-08-17,2025-08-16,2025-06-22,2025-08-16,9360.619119114786,9266.233259211855,84277.01432467191,72722.24909748459,0.0,11554.765227187323,88.74677383312758,53053.45975964822,3399.9240686363773,0.0,49653.53569101185,597.6782401855274,50251.21393119737,18778.075159118885,15295.188152798932,6162.715248331095
2025-08-18,2025-08-17,2025-06-23,2025-08-17,9266.233259211855,9371.324421686773,81590.46086710342,74019.1481014064,0.0,7571.3127656970255,142.90700055340324,52351.13432579167,2732.089019182994,0.0,49619.04530660868,967.7435288489035,50586.788835457584,19529.889313857224,15724.628297996924,5962.678469432835
2025-08-19,2025-08-18,2025-06-24,2025-08-18,9371.324421686773,9178.878431658644,80008.96086444268,72873.41861166281,0.0,7135.542252779861,114.83653066892657,51124.293743712944,2320.7718145348745,0.0,48803.521929178074,774.6459365102702,49578.16786568835,17899.22623075916,14671.574637940237,5442.943499512823
2025-08-20,2025-08-19,2025-06-25,2025-08-19,9178.878431658644,9214.248415411255,89236.75650738366,77759.62556376091,0.0,11477.13094362276,41.09875481411643,56319.31445010937,3692.083135246212,0.0,52627.23131486315,277.5076617302987,52904.738976593464,20996.703512204695,16975.496859508454,3128.826599212121
2025-08-21,2025-08-20,2025-06-26,2025-08-20,9214.248415411255,4593.134875631495,79336.82797686817,67652.84338569158,0.0,11683.984591176575,13.865767328431843,51291.59862549181,3571.294456954536,0.0,47720.30416853729,93.51766774660857,47813.821836283896,13099.200436963969,14769.354539742599,3492.444772465313
2025-08-22,2025-08-21,2025-06-27,2025-08-21,4593.134875631495,4560.254197179315,45138.05547200024,42157.61709207839,0.0,2980.438379921851,0.0,27608.641564957175,1395.5005950075404,0.0,26213.140969949633,0.0,26213.140969949633,13917.926318259444,11303.11292839711,18312.234302216057
2025-08-23,2025-08-22,2025-06-28,2025-08-22,4560.254197179315,9373.396243401312,49181.0186853164,48059.84497538033,0.0,1121.1737099360616,0.0,28453.134459172506,545.6626163197908,0.0,27907.471842852712,0.0,27907.471842852712,18233.40464036184,10437.229917093295,17733.664102111783
2025-08-24,2025-08-23,2025-06-29,2025-08-23,9373.396243401312,9478.402618215325,79586.95033225644,73833.38464876804,0.0,5753.565683488397,0.0,51602.95731127637,1991.0061371678662,0.0,49611.9511741085,0.0,49611.9511741085,19391.77096431137,15612.828743759597,6320.852944882938
2025-08-25,2025-08-24,2025-06-30,2025-08-24,9478.402618215325,9377.626143526297,101357.31915406801,79279.17203305557,0.0,22078.147121012447,15.718051063976873,65232.010654276404,7636.578281127728,0.0,57595.43237314867,105.98436500366438,57701.41673815234,20095.5943064891,16368.13021547629,4794.338976440078
2025-08-26,2025-08-25,2025-07-01,2025-08-25,9377.626143526297,9612.033517314962,79786.6014108487,73927.71000105276,0.0,5858.891409795929,0.0,51731.80904910226,2167.8018192233226,0.0,49564.00722987894,0.0,49564.00722987894,19600.83153340867,15665.70690565123,4463.766989961996
2025-08-27,2025-08-26,2025-07-02,2025-08-26,9612.033517314962,9166.610369726817,80230.35555579531,77478.41805160881,62.54927810108825,2814.4867822875867,25.056440778054707,51806.00048121942,1009.9675705315656,62.80573014130271,50858.838640829155,168.80048919383694,51027.63913002299,18675.838227967524,15528.309797483027,6441.7971952357
2025-08-28,2025-08-27,2025-07-03,2025-08-27,9166.610369726817,4969.835037090457,74043.95417726513,74360.46397236036,1513.0906251237889,1196.5808300285546,25.736144807935716,47953.22978725117,542.4093563220976,1517.425444370669,48928.24587529975,173.5302398323384,49101.77611513208,15939.362996494237,16687.981826533058,4367.02396387378
2025-08-29,2025-08-28,2025-07-04,2025-08-28,4969.835037090457,4755.27054804328,45996.540972889896,43176.42476285616,0.0,2820.1162100337406,0.0,28168.38642617521,1336.483027032624,0.0,26831.903399142582,0.0,26831.903399142582,13974.971581681215,11512.835021304243,18159.06785247918
2025-08-30,2025-08-29,2025-07-05,2025-08-29,4755.27054804328,9193.45426005848,50116.926740629366,47347.30847928861,0.0,2769.6182613407555,0.0,29542.90670807254,1176.680103673874,0.0,28366.226604398667,0.0,28366.226604398667,18221.795604058083,10765.289098473371,21378.082140370563
2025-08-31,2025-08-30,2025-07-06,2025-08-30,9193.45426005848,9525.949669214782,77267.65316873605,74066.31293538712,0.0,3201.3402333489375,20.572253587815,49810.943234794686,1319.5235621674358,0.0,48491.41967262725,138.99643136607204,48630.41610399332,20959.28254487303,16677.772993106482,3158.752553875053
2025-09-01,2025-08-31,2025-07-07,2025-08-31,9525.949669214782,10800.0,86481.49390964469,67389.50592731695,0.0,19091.987982327744,0.0,54715.06376858476,6158.998277465522,0.0,48556.06549111924,0.0,48556.06549111924,18300.966940348702,13677.137923975757,9191.542377610665
2025-09-02,2025-09-01,2025-07-08,2025-09-01,10800.0,10800.0,74846.9441612963,65439.112914777004,0.0,9407.831246519294,0.0,47888.325259596895,3280.95023735301,0.0,44607.37502224388,0.0,44607.37502224388,18912.372346194603,15319.021600417627,7788.006319000031
2025-09-03,2025-09-02,2025-07-09,2025-09-02,10800.0,10710.886427707639,79270.91973016462,67149.65157966362,0.0,12121.268150500986,0.0,50721.6440129291,3926.7996291902455,0.0,46794.84438373885,0.0,46794.84438373885,16778.08091510181,13670.44775629559,8494.3011708574
2025-09-04,2025-09-03,2025-07-10,2025-09-03,10710.886427707639,6642.183023614083,71948.69207250592,61822.57228105242,0.0,10126.119791453499,0.0,48067.38120391363,3739.5305267917556,0.0,44327.85067712188,0.0,44327.85067712188,13884.10741756519,14907.960071912008,8920.859385399233
2025-09-05,2025-09-04,2025-07-11,2025-09-04,6642.183023614083,6302.499826293238,40676.901031072426,35738.97789265136,0.0,4937.923138421067,0.0,25053.38481734875,2509.7919671271893,0.0,22543.59285022156,0.0,22543.59285022156,14348.371507071957,11927.895798317053,26494.240517229788
2025-09-06,2025-09-05,2025-07-12,2025-09-05,6302.499826293238,10800.0,46289.055021336084,41875.67701499646,0.0,4413.378006339626,0.0,27222.428713669324,2116.213139921032,0.0,25106.21557374829,0.0,25106.21557374829,19047.698890000218,11380.885944564094,26487.78036956034
2025-09-07,2025-09-06,2025-07-13,2025-09-06,10800.0,10682.209603219793,72359.70947193415,66650.93327740525,0.0,5708.7761945289085,0.0,46828.53255702919,2238.63569219916,0.0,44589.89686483002,0.0,44589.89686483002,18463.862458430263,15061.739948430697,8287.827150739022
2025-09-08,2025-09-07,2025-07-14,2025-09-07,10682.209603219793,10163.355031331334,75968.9578752383,68218.84056579098,0.0,7750.117309447327,0.0,47902.792018562126,2353.829871380258,0.0,45548.96214718187,0.0,45548.96214718187,18060.49538415118,15095.970375862074,5858.746024168526
2025-09-09,2025-09-08,2025-07-15,2025-09-08,10163.355031331334,10052.591568785445,65250.14929856875,63167.460283998196,0.0,2082.689014570551,0.0,41910.19910933309,831.6225599702422,0.0,41078.57654936284,0.0,41078.57654936284,19393.278981590658,15808.243091379736,6479.590127120614
2025-09-10,2025-09-09,2025-07-16,2025-09-09,10052.591568785445,10008.557584125007,77969.31168523284,71196.0073986529,0.0,6773.304286579929,296.376016666666,49017.99329614604,2205.412461723013,0.0,46812.58083442304,1462.1306876416631,48274.711522064696,20881.09939967503,16953.321099931167,6248.606465575707
2025-09-11,2025-09-10,2025-07-17,2025-09-10,10008.557584125007,6080.036440350275,71725.55363246055,58833.277588220866,0.0,12892.276044239687,0.0,46610.880705987875,4025.844735364432,0.0,42585.03597062345,0.0,42585.03597062345,15019.423544403682,15701.402100364241,6019.170360848089
2025-09-12,2025-09-11,2025-07-18,2025-09-11,6080.036440350275,6133.53605371682,37055.335430900115,35532.87671943082,0.0,1522.458711469299,0.0,22007.68691806773,805.3925688693689,0.0,21202.29434919836,0.0,21202.29434919836,14175.01993685038,11433.616496818917,21239.817079399356
2025-09-13,2025-09-12,2025-07-19,2025-09-12,6133.53605371682,10503.108870107453,42179.31339165486,40143.52561580147,0.0,2035.7877758533978,0.0,24080.177889407194,992.4488912916886,0.0,23087.728998115505,0.0,23087.728998115505,19195.69536781034,11615.897713174803,24556.6264778326
2025-09-14,2025-09-13,2025-07-20,2025-09-13,10503.108870107453,9947.859491527966,80056.71077742519,68497.44023467143,0.0,11559.270542753746,0.0,51277.21361755157,4111.057131457979,0.0,47166.15648609359,0.0,47166.15648609359,18934.641148805196,15836.783771253746,5300.258107119993
2025-09-15,2025-09-14,2025-07-21,2025-09-14,9947.859491527966,9561.474915725703,62741.61466964657,62552.586226704436,229.22148096541446,418.24992390754574,60.547132089140106,40061.41420191783,213.88009910360643,253.08191312697906,40100.6160159412,310.28831338841246,40410.90432932961,20639.394150673044,17065.655380267206,3972.363955054407
2025-09-16,2025-09-15,2025-07-22,2025-09-15,9561.474915725703,9367.747809252016,77032.48136891026,68633.8174632563,21.3117587300909,8419.975664384043,0.0,47983.58618737304,2513.1664518812686,29.614819931334313,45500.0345554231,0.0,45500.0345554231,19326.735311315104,15829.009997991558,5644.322166599435
2025-09-17,2025-09-16,2025-07-23,2025-09-16,9367.747809252016,9469.39745073859,72662.3901976418,67518.60735959254,182.78750764280315,5326.570345692054,7.62916666666672,46041.82593375027,1873.316785671167,220.97126708761235,44389.48041516672,34.70889375000024,44424.18930891672,20024.863293715454,16128.654590571607,3669.909423115365
2025-09-18,2025-09-17,2025-07-24,2025-09-17,9469.39745073859,4982.101138327293,59625.305282533256,63237.214917560545,4786.806944416696,1174.8973093894097,0.0,38986.03083495855,401.323372931563,3872.9983923151885,42457.70585434217,0.0,42457.70585434217,15116.663724490474,16283.06429800745,5447.564374410854
2025-09-19,2025-09-18,2025-07-25,2025-09-18,4982.101138327293,6039.874262939997,35315.3816855123,34465.804460402345,0.0,849.5772251099559,0.0,20481.85743954942,412.9602544675625,0.0,20068.897185081856,0.0,20068.897185081856,14943.584588736407,11152.307704725055,14573.175259724325
2025-09-20,2025-09-19,2025-07-26,2025-09-19,6039.874262939997,10097.45761105723,39601.68311557623,38544.36348477946,0.0,1057.3196307967676,0.0,22258.797155254768,485.8722950374722,0.0,21772.924860217296,0.0,21772.924860217296,19681.001395596475,12289.786117127638,15507.71447297729
2025-09-21,2025-09-20,2025-07-27,2025-09-20,10097.45761105723,9371.769152920273,71484.41048918196,67811.52118650041,0.0,3672.889302681551,0.0,44876.75312964278,1050.9537375808848,0.0,43825.7993920619,0.0,43825.7993920619,17887.612861742768,15142.086030334907,6778.506871759205
2025-09-22,2025-09-21,2025-07-28,2025-09-21,9371.769152920273,9039.535332174733,74033.77292022576,66209.63282874964,742.2888496636481,8566.428941139768,19.555900000000065,46306.4823438461,2575.668274287702,1009.3700559179459,44740.18412547634,131.78740035000044,44871.971525826346,19990.756533022293,16491.52323041904,2115.9355428130543
2025-09-23,2025-09-22,2025-07-29,2025-09-22,9039.535332174733,8993.880389041644,72876.5552891817,68907.65257021545,181.62078557916965,4150.523504545432,6.375000000000114,45516.31599712012,1122.3954296574898,291.3677577383696,44685.28832520099,42.99618750000077,44728.28451270099,20882.310921659082,16955.761295363634,2870.862360586666
2025-09-24,2025-09-23,2025-07-30,2025-09-23,8993.880389041644,9324.621323370493,62606.94475606484,67598.12747298369,4991.182716918858,0.0,0.0,39662.23411824595,0.0,4686.239064666775,44348.47318291273,0.0,44348.47318291273,20375.053293971454,16206.126327220923,2365.9754062331626
2025-09-25,2025-09-24,2025-07-31,2025-09-24,9324.621323370493,5023.41569036146,63830.57693436201,65145.154478921424,3526.6740772408566,2212.096532681434,15.37166666666667,41020.90813717296,485.63515983084466,3500.033266741288,44035.306244083404,103.4974316666667,44138.80367575007,14273.165798759233,15432.349366703113,5984.260813531974
2025-09-26,2025-09-25,2025-08-01,2025-09-25,5023.41569036146,5519.423671977972,34467.99870596326,33368.665404954416,2.030971561063893,1101.364272569906,0.0,19557.634828150076,464.8943486479494,2.7625275173591075,19095.503007019484,0.0,19095.503007019484,14770.050427715705,11517.333662994864,12421.70514023358
2025-09-27,2025-09-26,2025-08-02,2025-09-26,5519.423671977972,9204.038868894315,37558.92882355316,38656.47054126532,1097.5417177121622,0.0,0.0,20473.3072841088,0.0,1509.3792624394096,21982.68654654821,0.0,21982.68654654821,19350.391437033657,12357.663386772561,13862.44024100422
2025-09-28,2025-09-27,2025-08-03,2025-09-27,9204.038868894315,9151.91579454747,69073.84781066612,71171.82818345046,4438.686566119753,2340.7061933354175,5.868333333333453,43140.775680133185,539.7172396844562,4590.539082980901,47191.597523429635,39.561369166667475,47231.1588925963,19656.29578077311,15968.51034933838,4002.2819186823936
2025-09-29,2025-09-28,2025-08-04,2025-09-28,9151.91579454747,8832.893322137685,71644.46140422708,67784.39317665299,365.8153529193867,4225.883580493487,20.545504030358757,44896.07124422156,1308.9488044455397,658.5572299192353,44245.67966969526,109.11705947820082,44354.79672917346,20918.44639731023,17231.061806990096,1357.66249036321
2025-09-30,2025-09-29,2025-08-05,2025-09-29,8832.893322137685,9048.642940510996,70724.59418416115,72816.00300452553,3489.170076835984,1397.7612564716114,31.411150000000134,44666.718213409134,473.31803822045566,3866.5675794084636,48059.96775459714,212.2294349750009,48272.19718957214,21186.91264915336,16967.22458927824,3205.5513279837346
2025-10-01,2025-09-30,2025-08-06,2025-09-30,9048.642940510996,10332.820074792728,66680.3529343225,63437.01713741067,540.0762194455765,3783.4120163574007,0.0,41195.222176493386,937.7340822592998,688.5791108297132,40946.067205063795,0.0,40946.067205063795,20610.815392650336,15539.001047193211,8703.681258620209
2025-10-02,2025-10-01,2025-08-07,2025-10-01,10332.820074792728,7208.964594234545,67650.72977826186,59459.373565161906,202.86111173776442,8394.217324837711,0.0,43562.9594322474,2640.6412897131268,359.9865069887841,41282.30464952306,0.0,41282.30464952306,15174.68084225366,15102.961414727823,7656.871020969402
2025-10-03,2025-10-02,2025-08-08,2025-10-02,7208.964594234545,7283.079502775977,29945.588586149133,30531.001766802696,585.4131806535626,0.0,0.0,16482.77165434748,0.0,860.7749758887235,17343.546630236204,0.0,17343.546630236204,15536.823618543978,12518.123713333332,19695.14816159205
2025-10-04,2025-10-03,2025-08-09,2025-10-03,7283.079502775977,10602.42531052392,36052.159586946065,35951.29581567616,128.6220715548983,229.48584282480087,0.0,19660.76703620985,97.81644936477188,218.24019271758726,19781.19077956267,0.0,19781.19077956267,19204.50496600657,12568.23779549217,16219.04621182843
2025-10-05,2025-10-04,2025-08-10,2025-10-04,10602.42531052392,10344.85539988525,70537.99823191443,62546.45860956203,794.4151957114042,8785.954818063805,0.0,44087.672804826725,2360.7347124117164,1126.3806608668524,42853.318753281856,0.0,42853.318753281856,18609.012936700194,15305.113398301963,4506.598004497141
2025-10-06,2025-10-05,2025-08-11,2025-10-05,10344.85539988525,10107.424120990761,60198.92221326879,63676.14991008055,3736.7816510177054,259.5539542059297,0.0,38387.31828758464,95.75901976026688,3469.9272616118724,41761.48652943625,0.0,41761.48652943625,19132.353576084482,15710.894547633474,2521.5816316295545
2025-10-07,2025-10-06,2025-08-12,2025-10-06,10107.424120990761,10265.30940906833,65266.75564079902,66187.18410430771,2853.4829083451414,1933.0544448364521,0.0,40742.61947949544,423.95725522801024,3394.459084263329,43713.12130853077,0.0,43713.12130853077,19252.819698026797,15452.687196131896,4615.488602412809
2025-10-08,2025-10-07,2025-08-13,2025-10-07,10265.30940906833,9720.252639276136,61546.231781769064,61523.172680456635,1790.859071675286,1813.918172987718,0.0,38095.91031318895,419.777009891941,2128.8162653593745,39804.94956865639,0.0,39804.94956865639,19292.89545416183,16117.796410684059,1869.5779703121989
2025-10-09,2025-10-08,2025-08-14,2025-10-08,9720.252639276136,6259.53701015399,67939.95447683995,57341.932903290246,388.6797983736577,10986.701371923364,0.0,42904.597153471994,3142.6423112456787,705.2128624964276,40467.16770472274,0.0,40467.16770472274,16281.14178652321,16302.36891329373,1603.178346727444
2025-10-10,2025-10-09,2025-08-15,2025-10-09,6259.53701015399,6662.338358311061,31496.75022432506,31702.087471454928,577.0440647621695,371.70681763229925,0.0,16889.411339032482,154.0535582613365,998.1150355997098,17733.472816370857,0.0,17733.472816370857,15603.387021978027,12276.222274460844,19031.31180727108
2025-10-11,2025-10-10,2025-08-16,2025-10-10,6662.338358311061,9653.991150771473,35466.11898529783,35659.81473616198,255.5880877975809,61.89233693343122,0.0,18613.08332739587,24.001821795691473,426.7880998120679,19015.86960541225,0.0,19015.86960541225,18736.987001184534,12484.471957745103,15300.98610938921
2025-10-12,2025-10-11,2025-08-17,2025-10-11,9653.991150771473,9611.536050194005,65390.098149828686,64570.161577304934,1305.1167894481846,2125.053361971931,20.92993333333345,40160.00912964747,467.1342487814092,1774.976053364308,41467.850934230366,98.0358077333339,41565.8867419637,19702.453885411036,15997.197237702667,2370.878879596563
2025-10-13,2025-10-12,2025-08-18,2025-10-12,9611.536050194005,9468.151447171478,67905.63571407799,62720.41628359338,1433.3723499245307,6618.591780409139,0.0,41840.20947757272,1778.2094643757991,1892.0121592974276,41954.012172494346,0.0,41954.012172494346,20022.99851578127,16347.674940503097,2017.6974083152056
2025-10-14,2025-10-13,2025-08-19,2025-10-13,9468.151447171478,9445.534046815044,70974.99641888353,66876.27630928412,1510.1465833495163,5608.866692948933,0.0,43957.93186962565,1522.7489347578194,2045.05726509782,44480.24019996566,0.0,44480.24019996566,20158.303060332873,16348.581139190412,2292.72510480833
2025-10-15,2025-10-14,2025-08-20,2025-10-14,9445.534046815044,8997.852564632993,72723.04183100385,66724.46818710439,787.1232971232853,6785.696941022756,0.0,44763.624025946774,2067.206979494407,1204.1874993664874,43900.60454581885,0.0,43900.60454581885,20212.31487547408,16774.888383097852,1367.0180447281582
2025-10-16,2025-10-15,2025-08-21,2025-10-15,8997.852564632993,6144.997066601988,65881.27051242425,65205.013989900675,2394.239265080162,3070.495787603726,0.0,41290.75550792195,805.4794292679774,3027.0352400395795,43512.31131869356,0.0,43512.31131869356,18097.645775597375,17226.66302646178,1367.5582907650933
2025-10-17,2025-10-16,2025-08-22,2025-10-16,6144.997066601988,5972.630719850693,30027.198610236537,31663.006470084285,1635.807859847751,0.0,0.0,15361.07603676173,0.0,2156.1504155173543,17517.226452279083,0.0,17517.226452279083,15603.76370176462,12794.178310505507,12849.221762158508
2025-10-18,2025-10-17,2025-08-23,2025-10-17,5972.630719850693,9288.255149846898,35856.952467449846,35508.18299588584,528.9758286845968,877.7453002485942,0.0,18800.17955221474,360.8261950602175,707.3359761763485,19146.689333330873,0.0,19146.689333330873,18776.62507573818,12225.00432435134,12879.96897783234
2025-10-19,2025-10-18,2025-08-24,2025-10-18,9288.255149846898,8868.651366498212,71035.18634097945,68574.23511503047,917.2245277319961,3378.1757536809596,0.0,43965.07203795247,912.6533265000824,1258.534481070475,44310.95319252286,0.0,44310.95319252286,20919.183429896424,17322.181983229922,1091.5111350306443
2025-10-20,2025-10-19,2025-08-25,2025-10-19,8868.651366498212,8806.863872371987,75914.62223880267,70526.58902410476,306.9027331742073,5694.935947872117,0.0,47436.38990211378,1791.4449432146494,550.4872398341208,46195.432198733244,0.0,46195.432198733244,20736.736590172994,16852.36538275373,2201.435450018832
2025-10-21,2025-10-20,2025-08-26,2025-10-20,8806.863872371987,9011.210783563674,74785.01844953181,72923.29270777416,1882.9644534757956,3744.690195233448,0.0,46104.062769444405,1203.443059294204,2244.553730539704,47145.173440689905,0.0,47145.173440689905,21534.009786737886,17258.635707185167,2185.337278221438
2025-10-22,2025-10-21,2025-08-27,2025-10-21,9011.210783563674,8465.078062890907,70527.7229339073,70212.4623834017,1067.5678652301679,1382.8284157357625,91.9886574888584,43485.81978580512,375.8760579428893,1566.1191475425603,44676.062875404794,564.5209024384429,45240.58377784324,20719.991198298016,17274.712319226885,1304.275461819432
2025-10-23,2025-10-22,2025-08-28,2025-10-22,8465.078062890907,6144.38079391392,79192.16828030639,65608.78583525766,1033.835935780381,14617.218380829116,0.0,49420.73876338595,4520.560103428434,1562.375941385,46462.55460134251,0.0,46462.55460134251,18846.866076162863,17354.589063771207,737.0117895326744
2025-10-24,2025-10-23,2025-08-29,2025-10-23,6144.38079391392,6151.865079800615,32142.30674495161,33083.43062326482,941.1238783132158,0.0,157.24870902222193,16467.505934941306,0.0,1272.3678175859516,17739.87375252726,809.0630488054526,18548.93680133271,16706.80585818037,13525.776887828082,11639.599645268087
2025-10-25,2025-10-24,2025-08-30,2025-10-24,6151.865079800615,8452.099185995787,34995.75476642867,35661.59796802298,665.843201594314,0.0,47.24252431397999,17730.0827509133,0.0,1006.6874926221122,18736.77024353541,218.9631160639114,18955.733359599322,19020.99910043699,13336.79857577831,10626.207234344949
2025-10-26,2025-10-25,2025-08-31,2025-10-25,8452.099185995787,8899.602721078165,76394.98283573857,70109.59951354997,830.3159700076218,7115.699292196221,0.0,47090.9950810431,2251.608443980446,1328.6154167655561,46168.002053828204,0.0,46168.002053828204,21722.42646518044,17192.412255222018,1035.2732869248716
2025-10-27,2025-10-26,2025-09-01,2025-10-26,8899.602721078165,8560.90831692611,69288.40217953591,71398.21903648826,3876.3249013967816,1766.508044444444,0.8159817998168819,42857.064091055625,387.3074761754443,4001.445837331845,46471.20245221203,3.822058750342275,46475.024510962365,20792.437145643962,17146.699051708456,4200.715257685897
2025-10-28,2025-10-27,2025-09-02,2025-10-27,8560.90831692611,8603.684335380585,69676.09488822338,71753.89134292974,3324.997764138824,1247.2013094324686,0.0,43067.97912656146,281.89879776511486,3419.0644201321625,46205.144748928506,0.0,46205.144748928506,20965.884486189,16943.868017204062,1759.4531739447998
2025-10-29,2025-10-28,2025-09-03,2025-10-28,8603.684335380585,8469.511653820042,77755.93198849392,75151.45293473158,806.4791767099977,3410.9582304723513,160.77339671227844,47878.14558901197,987.1529533521696,1234.7479070778481,48125.74054273764,1001.7790762274313,49127.519618965074,21793.79538637345,17773.729676366987,1979.9038214373904
2025-10-30,2025-10-29,2025-09-04,2025-10-29,8469.511653820042,6321.742094900642,66751.20408171572,67419.73671922737,1781.4781073327454,1112.9454698210948,73.56635137502796,41562.96106300167,283.7958152158632,2139.3658832587807,43418.53113104458,346.97741770158655,43765.50854874618,19489.6170273628,17719.58239519133,935.4507884309311
2025-10-31,2025-10-30,2025-09-05,2025-10-30,6321.742094900642,6521.292158764705,34807.67175669476,34172.62793609375,149.93125667872607,784.9750772797363,69.26511042608975,18367.108661700346,304.8743898673689,217.83878410991343,18280.073055942892,338.4799768845575,18618.55303282745,17359.214038759343,13881.368313917417,6859.755255011247
2025-11-01,2025-10-31,2025-09-06,2025-10-31,6521.292158764705,8790.556219895143,35959.27944755225,36288.16731007154,344.9742385456541,16.086376026364405,0.0,18515.636530956872,5.948970473926591,492.13514296845074,19001.822703451395,0.0,19001.822703451395,19330.61256166397,13615.458519930424,8028.974835004662
2025-11-02,2025-11-01,2025-09-07,2025-11-01,8790.556219895143,8608.136856436387,75452.48108925746,75261.46393009127,2884.274662485198,3075.29182165139,208.36391000507444,46871.89568055953,965.4043327066254,3105.2610249285444,49011.752372781455,1420.1655284989981,50431.917901280445,21304.15710609286,17420.5446830481,2789.8314837182443
2025-11-03,2025-11-02,2025-09-08,2025-11-02,8608.136856436387,8820.06525759731,80746.79238714886,75952.58127513026,336.3205587098287,5130.531670728435,0.0,49971.29901336491,1618.9150985537503,576.2801057170559,48928.66402052822,0.0,48928.66402052822,21647.123288579358,17343.434302704445,2143.962005922017
2025-11-04,2025-11-03,2025-09-09,2025-11-03,8820.06525759731,8585.709497574993,74611.85380548859,72778.74750823743,749.9497636571871,2583.0560609083436,357.4609568085044,46125.85920707135,615.1703011633467,1006.5361334948676,46517.22503940287,2307.2168462031477,48824.44188560601,20690.311589792393,16970.07257175193,1835.8974136721351
2025-11-05,2025-11-04,2025-09-10,2025-11-04,8585.709497574993,8821.187164838137,83189.05113707716,75878.97504361926,229.12550388147258,7539.201597339392,0.0,51836.99540902727,2510.614743137223,400.0485708596095,49726.42923674967,0.0,49726.42923674967,22764.853861059142,18227.60172692108,1663.7028428145177
2025-11-06,2025-11-05,2025-09-11,2025-11-05,8821.187164838137,6757.5354952619455,75706.64976288218,75855.82597577933,1871.3142632828688,1722.1380503857288,0.19879273826379418,47295.02487670252,501.90361648823216,2443.270064222353,49236.39132443664,0.9811415597009562,49237.37246599634,19343.60021164375,17525.60267405001,2668.442680923842
2025-11-07,2025-11-06,2025-09-12,2025-11-06,6757.5354952619455,7100.452240669567,34936.41894981869,35553.158722229506,616.7397724108187,0.0,0.0,18067.952726538446,0.0,887.4834554695012,18955.436182007947,0.0,18955.436182007947,18441.755576070813,14629.196945750507,8422.138308575866
2025-11-08,2025-11-07,2025-09-13,2025-11-07,7100.452240669567,8748.273577986687,36781.70058613532,36995.970203125544,214.26961699022655,0.0,0.0,19001.685687764442,0.0,281.90728217001686,19283.59296993446,0.0,19283.59296993446,19122.005877441417,14005.785557142139,8088.542782826271
2025-11-09,2025-11-08,2025-09-14,2025-11-08,8748.273577986687,8611.486769314159,80268.05433151685,77069.85022471336,379.4900307419926,3577.6941375454926,0.0,50098.83909896204,1094.5424956433812,528.2168728144679,49532.51347613313,0.0,49532.51347613313,22046.95424605893,17981.141067113014,1657.2198624340974
2025-11-10,2025-11-09,2025-09-15,2025-11-09,8611.486769314159,8623.680164319492,81360.03774550307,80789.52447077757,2231.808625957581,2802.3219006830705,35.87873774787836,50868.345306735566,901.3503429257271,2242.9059881211974,52209.900951931035,168.113086465455,52378.01403839649,22292.123559580552,18045.64602775545,2720.48257670035
2025-11-11,2025-11-10,2025-09-16,2025-11-10,8623.680164319492,8663.424896113354,83439.90499502224,77968.37454483956,142.19710989889484,5613.727560081577,0.0,52515.867630248176,1973.4217398867418,247.99014050734922,50790.43603086878,0.0,50790.43603086878,22138.021272956812,17896.026972480544,2167.3605776966247
2025-11-12,2025-11-11,2025-09-17,2025-11-11,8663.424896113354,8649.473801290369,79996.29992149696,77818.53844444646,994.4889971695343,3172.250474220041,65.17544166666539,49923.622829279186,882.4921193936943,1065.1670040577533,50106.29771394325,454.6638810666578,50560.961595009896,21733.580423677013,17616.756128519064,2810.9018409551672
2025-11-13,2025-11-12,2025-09-18,2025-11-12,8649.473801290369,7571.074133925122,76251.55797342223,76099.6888299929,2155.7624089280735,2307.6315523574044,40.89983060822249,47936.389429107454,622.3393665657313,2498.337017608756,49812.38708015048,285.31721832296006,50097.704298473436,20103.072445878595,17254.048381790388,895.6932798462442
2025-11-14,2025-11-13,2025-09-19,2025-11-13,7571.074133925122,7658.481498263189,35742.82933122174,35607.39474022694,0.46002632205824057,135.89461731686018,0.0,19017.84136427004,57.6079603079199,0.535746654669027,18960.769150616787,0.0,18960.769150616787,17685.648686235185,14246.708807946245,4569.999561938001
2025-11-15,2025-11-14,2025-09-20,2025-11-14,7658.481498263189,8736.911928242333,40846.05922568837,39941.654578277296,63.425857738894535,967.8305051499658,0.0,21211.556146751333,298.98852628890404,101.2541686129921,21013.821789075424,0.0,21013.821789075424,19268.929208984653,14637.245272296339,7098.083724922314
2025-11-16,2025-11-15,2025-09-21,2025-11-15,8736.911928242333,8792.389197801138,80381.71647198073,80870.142969585,1550.0681180077436,1061.6416204034913,0.0,50339.14843026823,279.3012248664555,1934.2547269117902,51994.10193231357,0.0,51994.10193231357,22600.90331006785,18256.802138552033,2091.497414735848
2025-11-17,2025-11-16,2025-09-22,2025-11-16,8792.389197801138,8779.457897702012,77470.46280942534,80014.35693497444,3641.9291831712744,1098.0350576221865,0.0,48611.04623403645,312.98228932969624,3626.6812679084896,51924.745212615235,0.0,51924.745212615235,21782.11092315609,17655.148017845648,3191.639696330658
2025-11-18,2025-11-17,2025-09-23,2025-11-17,8779.457897702012,8768.404664581332,81468.43693261538,80900.94284996878,75.8932673907309,643.3873500373409,0.0,51027.25794588832,233.2871223284404,126.69327170542526,50920.6640952653,0.0,50920.6640952653,23736.939418536014,19236.868838822775,1510.3204369222105
2025-11-19,2025-11-18,2025-09-24,2025-11-18,8768.404664581332,8547.93831460134,80682.18869820895,82761.8759999252,3673.003507298292,1593.3162055820267,1.3850000000001046,50542.68916507624,408.51730341564235,4182.681343169656,54316.85320483026,6.301057500000476,54323.15426233025,21953.31480088389,17980.604703697947,3422.239302739267
2025-11-20,2025-11-19,2025-09-25,2025-11-19,8547.93831460134,8075.931336836546,79855.73015820791,80799.03693597071,1634.8419692637308,691.535191500931,0.0,50067.43978229313,198.70598777761097,1849.5517665423588,51718.28556105787,0.0,51718.28556105787,22615.731652463255,18743.54891848355,2133.7781686576686
2025-11-21,2025-11-20,2025-09-26,2025-11-20,8075.931336836546,8390.490340533708,36677.40701704033,37549.78317083382,873.5992290440493,1.2230752505524265,0.0,19499.85145952281,0.30237786502089403,742.6286832245837,20242.17776488237,0.0,20242.17776488237,18223.436234687644,14477.880246769551,4939.843116249063
2025-11-22,2025-11-21,2025-09-27,2025-11-21,8390.490340533708,8818.990649429956,42216.51191173895,39640.96943850981,101.68436245212155,2677.2268356812565,0.0,21853.00460427784,618.7325827006316,161.5262890145499,21395.79831059176,0.0,21395.79831059176,18894.893115722083,14919.213145728265,5445.45998518266
2025-11-23,2025-11-22,2025-09-28,2025-11-22,8818.990649429956,8689.7250889169,81216.90745083895,81637.61818686279,1736.0336267373937,1315.322890713545,0.0,51097.137750643,372.37365766357436,2024.8716637463012,52749.63575672573,0.0,52749.63575672573,22222.304783212556,18116.405878863923,2299.622999180826
2025-11-24,2025-11-23,2025-09-29,2025-11-23,8689.7250889169,8500.472699152073,80191.26433368122,79834.27753090521,764.4982207610462,1121.4850235370673,74.02520371021149,50341.562307893786,309.0312547169112,798.1807249913097,50830.71177816818,450.29816544422647,51281.00994361241,22554.221410971182,18439.24649367501,1631.384117319235
2025-11-25,2025-11-24,2025-09-30,2025-11-24,8500.472699152073,8694.954577001014,91914.85148234133,83088.98661285007,0.0,8825.864869491252,0.0,58584.86519255006,2996.2822981772783,0.0,55588.58289437278,0.0,55588.58289437278,22416.0785381116,17981.989925806352,2486.2375338781576
2025-11-26,2025-11-25,2025-10-01,2025-11-25,8694.954577001014,8843.713986196568,86743.94965722109,83949.44291467634,443.77437422694464,3238.2811167717,0.0,54625.46448124285,1051.7561212596108,594.7013563626507,54168.409716345894,0.0,54168.409716345894,23375.6240418546,18800.372005626232,2616.523995114641
2025-11-27,2025-11-26,2025-10-02,2025-11-26,8843.713986196568,8258.760566331577,83373.8472833687,81938.31400349077,574.6065589105857,2010.1398387885176,0.0,52758.7640101553,568.8820412692635,598.5452802040263,52788.42724909005,0.0,52788.42724909005,21960.58266641278,18314.530037672852,2511.368641417501
2025-11-28,2025-11-27,2025-10-03,2025-11-27,8258.760566331577,8182.407335277845,37830.68814576327,38062.97680300055,467.54511335870086,235.256456121418,0.0,20056.91788087823,77.55842909362534,329.16549347633634,20308.524945260942,0.0,20308.524945260942,18857.109669808953,15342.976740493617,3627.6053236852204
2025-11-29,2025-11-28,2025-10-04,2025-11-28,8182.407335277845,8726.30115521239,49455.169652256445,41529.586698512474,0.0,7925.582953743967,0.0,25605.270475760244,1904.9608601589757,0.0,23700.30961560127,0.0,23700.30961560127,18753.72182828767,14701.010242971928,2547.425013196731
2025-11-30,2025-11-29,2025-10-05,2025-11-29,8726.30115521239,8675.456364161464,87591.80053580654,87127.39751238606,620.533972095169,1084.9369955156494,0.0,55238.045134660686,296.9434693966897,713.9037044225295,55655.00536968653,0.0,55655.00536968653,24261.150514889126,19697.292229006027,2318.711109836294
2025-12-01,2025-11-30,2025-10-06,2025-11-30,8675.456364161464,9610.94122856735,91080.14067307848,96672.23767112406,6398.154686630038,806.0576885844553,0.0,58323.372614320724,276.3950575008772,8951.302535151592,66998.28009197145,0.0,66998.28009197145,25263.059121880993,19621.1415107583,4731.392326668039
2025-12-02,2025-12-01,2025-10-07,2025-12-01,9610.94122856735,9540.277456251004,93049.19351844369,97867.16965800861,6594.640926128643,1776.664786563718,0.0,59576.70477042759,533.9590469849246,9458.112782392845,68500.8585058355,0.0,68500.8585058355,24112.34449143378,19594.59643314608,4711.611649720908
2025-12-03,2025-12-02,2025-10-08,2025-12-02,9540.277456251004,9597.962493118675,83388.54632190903,96344.00473040955,12955.458408500526,0.0,0.0,52968.310159627545,0.0,16101.195468934307,69069.50562856186,0.0,69069.50562856186,23814.600049101457,19237.909506591277,4604.565621232712
2025-12-04,2025-12-03,2025-10-09,2025-12-03,9597.962493118675,9565.896878486914,91043.36315875703,95723.35431876201,7188.54836237786,2508.557202372871,9.670778014230564,58696.30298621086,958.2216293462736,10121.54726267491,67859.6286195395,52.97652196195502,67912.60514150145,24321.797602530885,19729.515111218607,4369.533855463966
2025-12-05,2025-12-04,2025-10-10,2025-12-04,9565.896878486914,9826.490849686561,43055.241761379424,48661.6570004088,6863.966250932675,1257.5510119033002,0.0,22688.978243391204,281.6626714009707,7282.512927177722,29689.828499167954,0.0,29689.828499167954,20354.88634797773,16252.923367782287,3248.0663368800256
2025-12-06,2025-12-05,2025-10-11,2025-12-05,9826.490849686561,9866.618787502803,45919.778260334555,50385.56684617125,5922.782007476371,1456.9934216396698,0.0,24190.881598937794,326.79677375952747,6956.423373645835,30820.5081988241,0.0,30820.5081988241,19020.8469732862,15370.770904327204,3070.85996054559
2025-12-07,2025-12-06,2025-10-12,2025-12-06,9866.618787502803,9551.09001779901,94029.66592444133,95742.90037727088,4847.149789468356,3133.915336638799,0.0,60606.057544876014,973.3027583336027,6947.9857230741545,66580.74050961656,0.0,66580.74050961656,24078.745737152174,19787.75993982667,3799.2333299453853
2025-12-08,2025-12-07,2025-10-13,2025-12-07,9551.09001779901,9309.023352785402,96890.9461553605,96029.24886408506,2057.621174938333,2919.3184662137587,0.0,62395.64854161998,770.4816353581583,2849.266741864413,64474.43364812624,0.0,64474.43364812624,23093.569342295486,18923.651165771596,4012.119570894514
2025-12-09,2025-12-08,2025-10-14,2025-12-08,9309.023352785402,9252.292477444424,96340.09780354434,94735.74782984782,1347.6226257214084,2951.972599417927,25.123641636077764,61990.1986451055,828.064017364162,2073.8102028433077,63235.944830584645,146.5741799894449,63382.51901057409,24403.94055806642,19818.249639840684,2786.726286591499
2025-12-10,2025-12-09,2025-10-15,2025-12-09,9252.292477444424,9229.785024196597,92439.0704224623,96252.21680914745,3884.646720386149,71.500333700991,0.0,59137.98872728797,25.634964283531207,4854.553307334609,63966.907070339046,0.0,63966.907070339046,24124.07009554768,19560.75348531666,3301.281732249773
2025-12-11,2025-12-10,2025-10-16,2025-12-10,9229.785024196597,9216.090262688187,96087.32136308745,93223.90339235734,904.9818409184143,3768.3998116485136,0.0,61698.97374698537,1298.0908290228426,1426.7367020228507,61827.61961998537,0.0,61827.61961998537,23867.160480864375,19344.725274857727,2740.2134863507054
2025-12-12,2025-12-11,2025-10-17,2025-12-11,9216.090262688187,9317.82945473449,48823.12478064139,50822.56860246378,3211.6276175002904,1212.1837956778927,0.0,25435.273139163415,272.71271166577026,3480.9776640288314,28643.538091526476,0.0,28643.538091526476,20151.631350114112,16231.25612075076,3187.779889767099
2025-12-13,2025-12-12,2025-10-18,2025-12-12,9317.82945473449,9435.648609846434,49943.13889085057,50262.28613925024,1641.1874501291786,1322.0402017295146,0.0,26163.189481310565,319.0913587436319,2129.6140234602235,27973.712146027156,0.0,27973.712146027156,20033.63750131501,16121.209136464404,2551.3243910662945
2025-12-14,2025-12-13,2025-10-19,2025-12-13,9435.648609846434,9255.079727440474,91603.46772496487,96843.58434399075,5240.116619025876,0.0,9.928150792987367,58602.06060686691,0.0,6109.882056351208,64711.94266321811,48.84153782610135,64760.78420104422,24653.81691464222,20132.103695025566,3553.077475167076
2025-12-15,2025-12-14,2025-10-20,2025-12-14,9255.079727440474,9135.198842077847,93822.78424765874,96757.67354848384,2957.3754684878354,22.48616766273858,0.0,59999.41947201069,8.324658748792531,3198.6170382283435,63189.71185149024,0.0,63189.71185149024,24190.845992566377,19702.478050805134,2799.7476400559144
2025-12-16,2025-12-15,2025-10-21,2025-12-15,9135.198842077847,9046.703257163821,99314.10401269128,96699.11199409384,305.4284831438714,2920.4205017413124,0.0,64395.69922733226,1187.0123260621742,504.93294655778635,63713.61984782787,0.0,63713.61984782787,24212.47793361455,19691.753152650406,2760.2958797963684
2025-12-17,2025-12-16,2025-10-22,2025-12-16,9046.703257163821,9122.956529070376,99861.25963177271,95098.92184212132,326.8927409606558,5089.230530612039,1.4924313227757011,64223.40598204887,1864.9802596863597,538.8894256590564,62897.315148021575,8.718037571994257,62906.033185593566,24397.23681568227,19693.133875986743,2204.4642670819103
2025-12-18,2025-12-17,2025-10-23,2025-12-17,9122.956529070376,9140.722287261053,95096.93414582714,94944.12079594444,742.5408792000118,895.3542290827247,0.0,61410.57878121854,293.3033470204313,956.7007139357554,62073.976148133865,0.0,62073.976148133865,24275.959409983996,19647.53793971543,2949.432359009208
2025-12-19,2025-12-18,2025-10-24,2025-12-18,9140.722287261053,8953.304537982236,49032.503454442456,48342.7524528738,1306.4325650607773,1996.1835666294282,0.0,26033.918887427793,545.4459490498502,1074.5703231871394,26563.043261565083,0.0,26563.043261565083,19924.885078537172,16307.832887966048,1817.3089623026767
2025-12-20,2025-12-19,2025-10-25,2025-12-19,8953.304537982236,9180.975299150303,52370.68599732426,48643.94906383214,139.3586265995877,3866.0955600917077,0.0,27828.456057391148,1177.9839336890363,219.74177842844045,26870.21390213055,0.0,26870.21390213055,20944.947391344256,16760.50370193759,1603.153124425467
2025-12-21,2025-12-20,2025-10-26,2025-12-20,9180.975299150303,9103.29002668775,98294.46909283711,97214.35450362296,932.2791393934075,2012.3937286075552,0.0,63266.4428182443,699.0999245614298,1215.5375718706355,63782.880465553506,0.0,63782.880465553506,24365.411988498912,19805.900455900413,3617.061104357804
2025-12-22,2025-12-21,2025-10-27,2025-12-21,9103.29002668775,8662.682915730593,97673.49866258974,95530.68675926897,0.0,2142.8119033207768,0.0,63025.086973255275,859.9110161133267,0.0,62165.175957141946,0.0,62165.175957141946,24124.349573553198,19937.269554439536,2406.1796568219697
2025-12-23,2025-12-22,2025-10-28,2025-12-22,8662.682915730593,9013.307261699696,100745.59213165735,94555.07453499651,0.0,6190.517596660838,0.0,64920.36091999257,2336.477990425269,0.0,62583.8829295673,0.0,62583.8829295673,25149.965411218414,20055.910071714723,2202.926662159501
2025-12-24,2025-12-23,2025-10-29,2025-12-23,9013.307261699696,8763.606357211373,98874.41881311145,94486.08656757302,0.0,4388.332245538423,68.10528908010417,63919.412183311186,1744.7396349306346,0.0,62174.67254838055,455.15989228297343,62629.83244066353,24423.250363072144,20007.563608127934,2283.9457850422505
2025-12-25,2025-12-24,2025-10-30,2025-12-24,8763.606357211373,8742.915772604634,95646.6473752041,95393.45733145898,1015.8045490427733,1268.994592787897,0.0,61220.500258233056,571.9651685770153,1019.5384017864344,61668.07349144247,0.0,61668.07349144247,24915.228332015788,20199.956475078856,2865.7369411887084
2025-12-26,2025-12-25,2025-10-31,2025-12-25,8742.915772604634,9356.695837880341,51314.16854919787,49108.99606976828,0.0,2205.1724794295837,0.0,27103.329242183212,612.4824051485343,0.0,26490.84683703468,0.0,26490.84683703468,20776.200655104876,16276.320471886815,1601.4934532168822
2025-12-27,2025-12-26,2025-11-01,2025-12-26,9356.695837880341,9076.415816661762,52537.98029626814,49191.213058371766,136.0247002608055,3482.7919381571764,0.0,27681.051278012506,1071.266151325675,249.4556978082912,26859.240824495126,0.0,26859.240824495126,20442.18304764542,16810.420287689514,2220.641231749196
2025-12-28,2025-12-27,2025-11-02,2025-12-27,9076.415816661762,9063.184111413531,98217.59388226882,94282.54409168373,0.0,3935.049790585097,0.0,63328.77309761679,1554.436735536157,0.0,61774.336362080634,0.0,61774.336362080634,23593.844659327333,19122.92270877855,3002.3673911349406
2025-12-29,2025-12-28,2025-11-03,2025-12-28,9063.184111413531,8608.24528887957,97730.65680141293,95143.85179015927,0.0,2586.8050112536803,1.2851435277070777,62472.74323632639,1033.9681554175213,0.0,61438.77508090886,7.507165917100894,61446.28224682596,23669.916668462807,19582.077441735433,3533.53144029293
2025-12-30,2025-12-29,2025-11-04,2025-12-29,8608.24528887957,8814.593258780993,99262.60268770583,94007.53881950394,0.0,5255.063868201892,0.0,63744.265750345876,1946.2184524744885,0.0,61798.047297871395,0.0,61798.047297871395,24378.114961403764,19560.559945825775,2965.5812039259417
2025-12-31,2025-12-30,2025-11-05,2025-12-30,8814.593258780993,8509.306672053848,100757.51904313771,96233.02859991962,0.0,4524.490443218099,123.88179053897716,64643.060757288105,1713.873293966038,0.0,62929.18746332207,697.9171149017286,63627.10457822379,24736.50202820858,20311.32457090338,3285.309999820058
