date,train_end_date,residual_history_start_date,residual_history_end_date,soc_open_kwh,soc_close_kwh,original_purchase_kwh,effective_purchase_kwh,upward_adjustment_kwh,downward_adjustment_kwh,emergency_purchase_kwh,base_plan_cost_yuan,downward_credit_yuan,upward_adjustment_cost_yuan,normal_settlement_cost_yuan,emergency_cost_yuan,total_cost_yuan,charge_kwh,discharge_kwh,surplus_discard_kwh
2025-02-01,2025-01-31,2025-01-02,2025-01-31,6000.0,10800.0,53154.19805019205,48082.975124361474,0.0,5071.222925830565,0.0,22464.292196134997,1244.8403475465075,0.0,21219.45184858849,0.0,21219.45184858849,24270.202128816374,15338.863724341265,4773.460786553036
2025-02-02,2025-02-01,2025-01-02,2025-02-01,10800.0,8563.679529802353,90953.16788781207,84692.8805805082,0.0,6260.287307303873,0.0,64809.59608868819,2583.993589104445,0.0,62225.60249958374,0.0,62225.60249958374,18890.588395974504,17314.065023917232,4760.079258450924
2025-02-03,2025-02-02,2025-01-02,2025-02-02,8563.679529802353,8677.56238566127,95911.93778529779,88219.20677379829,0.0,7692.731011499501,0.0,69144.20325322071,3365.0401491718776,0.0,65779.16310404884,0.0,65779.16310404884,23044.00609452601,18563.150366293048,3521.4345455653297
2025-02-04,2025-02-03,2025-01-02,2025-02-03,8677.56238566127,7245.158137339722,96403.17719006224,87886.65102138434,0.0,8516.526168677885,0.0,70600.34736989773,3825.862397309884,0.0,66774.48497258784,0.0,66774.48497258784,21142.902389149865,18414.914758700783,3963.7994409352705
2025-02-05,2025-02-04,2025-01-02,2025-02-04,7245.158137339722,9397.393610213221,95032.0844330272,91201.2202824631,4.623662644360593,3835.487813208457,0.0,67447.6074416395,1730.1190079706405,9.604272044865823,65727.09270571372,0.0,65727.09270571372,24432.589484306045,17853.385556701753,3873.5893715254715
2025-02-06,2025-02-05,2025-01-02,2025-02-05,9397.393610213221,2876.917007754184,91381.84294413895,81107.70096973212,0.0,10274.141974406824,25.672684483286503,68486.9915114503,4607.837467166133,0.0,63879.154044284165,184.68393395657193,64063.83797824074,16380.608158591012,19136.721550671857,3618.429829629581
2025-02-07,2025-02-06,2025-01-02,2025-02-06,2876.917007754184,7494.780006302521,53415.320823097136,47830.14103746519,7.031382551364231,5592.2111681833085,0.0,22002.533023010452,1244.3797239530759,11.45834100570315,20769.611640063078,0.0,20769.611640063078,24149.990956039,15405.415975698088,7279.886390457614
2025-02-08,2025-02-07,2025-01-02,2025-02-07,7494.780006302521,10800.0,43093.35958893821,43101.53203823415,110.9811044583789,102.80865516243375,0.0,17573.154452383267,19.74272224825998,114.52487286345877,17667.936602998467,0.0,17667.936602998467,23567.774647706472,16115.199470314505,4071.794144175522
2025-02-09,2025-02-08,2025-01-02,2025-02-08,10800.0,8365.014427218255,89967.52095623457,85568.38169746946,0.0,4399.139258765102,0.0,64559.33394467762,1944.026244724586,0.0,62615.307699953046,0.0,62615.307699953046,19362.557607002705,17875.158677175765,4525.566800975861
2025-02-10,2025-02-09,2025-01-02,2025-02-09,8365.014427218255,8362.592488716014,88717.62881330619,81694.62778793754,0.0,7023.001025368656,0.0,60733.72921112993,2870.4935709615493,0.0,57863.23564016838,0.0,57863.23564016838,21729.347411880088,17602.951148274893,3241.5939409990096
2025-02-11,2025-02-10,2025-01-02,2025-02-10,8362.592488716014,7506.834831823954,88598.5502279383,81318.52694867218,0.0,7280.023279266136,0.0,61687.57095689872,3077.4956595799035,0.0,58610.07529731882,0.0,58610.07529731882,21316.883624388865,18036.857626957833,2817.9038179078084
2025-02-12,2025-02-11,2025-01-02,2025-02-11,7506.834831823954,9103.305434919228,91281.43988524732,83703.58884141994,0.0,7577.8510438273825,0.0,62510.72436013487,3114.771504781109,0.0,59395.95285535376,0.0,59395.95285535376,24717.576229584978,18584.41320317809,2303.6896816797184
2025-02-13,2025-02-12,2025-01-02,2025-02-12,9103.305434919228,2600.356414008703,76669.62824671251,71741.72483643351,3.8293840423262964,4931.732794321321,31.43858093204358,53409.47843758058,2014.3936569817636,4.597558481216952,51399.682339080035,158.52129951355738,51558.20363859359,14251.958112787905,17396.740190177676,3588.466478088667
2025-02-14,2025-02-13,2025-01-02,2025-02-13,2600.356414008703,6510.236899908856,44178.26058293409,44228.13050339632,481.39407851990086,431.52415805766805,0.0,17767.631377712685,66.62946636342281,505.5797306608071,18206.58164201007,0.0,18206.58164201007,22546.15492676345,14743.493053368264,6623.666813334463
2025-02-15,2025-02-14,2025-01-02,2025-02-14,6510.236899908856,10454.359172910661,44536.879195874935,43876.780326799686,11.738155712726211,671.837024787973,0.0,18640.419117928926,210.23690977027553,16.99605946911548,18447.178267627765,0.0,18447.178267627765,22201.838863919438,14433.779434073123,6828.62979695337
2025-02-16,2025-02-15,2025-01-02,2025-02-15,10454.359172910661,7502.055032424622,85621.27341260132,77541.40652285778,166.70295790702858,8246.569847650553,0.0,60019.06193392513,3388.4028230213057,310.8160130049692,56941.47512390879,0.0,56941.47512390879,18407.025448088847,17566.764339389407,1323.766314158354
2025-02-17,2025-02-16,2025-01-02,2025-02-16,7502.055032424622,8099.422274932688,89573.68052924014,77465.64891571677,0.0,12108.031613523368,0.0,61007.941418771064,4561.931654806442,0.0,56446.00976396463,0.0,56446.00976396463,21013.39618013474,16483.22038765188,1751.609956567233
2025-02-18,2025-02-17,2025-01-02,2025-02-17,8099.422274932688,6855.745081408096,77794.71010365798,75959.63283865087,167.3212961859934,2002.3985611931066,0.0,52204.29939007365,694.5729816818866,321.9634423585919,51831.68985075035,0.0,51831.68985075035,18519.837560767286,16120.37789839363,1468.7853929438877
2025-02-19,2025-02-18,2025-01-02,2025-02-18,6855.745081408096,8032.968576193369,81502.94093665629,80807.06468153626,175.063658602793,870.9399137228237,0.0,53991.09159705453,338.1632477598315,253.51342819075336,53906.44177748545,0.0,53906.44177748545,23431.28293541762,17919.838032381533,2416.292395166839
2025-02-20,2025-02-19,2025-01-02,2025-02-19,8032.968576193369,2573.4434555060284,76698.17776526937,71695.74121789231,167.5113239050106,5169.947871282073,23.211559130374212,53396.69121751886,1979.568013033443,268.0025797966562,51685.12578428208,130.22845250096452,51815.354236783045,14712.21164493513,16830.464041016065,2844.0714397702823
2025-02-21,2025-02-20,2025-01-02,2025-02-20,2573.4434555060284,5556.727635558443,39017.94535399879,39245.46254047488,237.30899648149565,9.791810005397792,0.0,16132.757270988259,2.0305096553275055,286.8948665364295,16417.62162786936,0.0,16417.62162786936,20764.873343613748,14134.591646279961,7054.918809807767
2025-02-22,2025-02-21,2025-01-02,2025-02-21,5556.727635558443,10800.0,42225.53568348788,42112.704758124826,337.3602065424311,450.19113190548296,0.0,17527.868860869516,118.12070802141292,460.99069421248146,17870.738847060587,0.0,17870.738847060587,23588.864431504826,14388.03506152151,5067.112504808176
2025-02-23,2025-02-22,2025-01-02,2025-02-22,10800.0,8170.484804581553,78499.22539831445,74213.63669716887,96.9848888061257,4382.573589951696,15.205583913850887,53112.37242447835,1700.827224549249,169.24745467526603,51580.792654604375,78.61286883460909,51659.40552343898,18990.16232409747,17748.59515839555,1455.4214320474712
2025-02-24,2025-02-23,2025-01-02,2025-02-23,8170.484804581553,7651.55363526479,77400.83549871322,73620.5292580328,137.7219103607261,3918.028151041156,52.39974177777788,51828.00797783873,1418.5541529577347,266.12905598517006,50675.58288086616,267.1130636242227,50942.695944490384,19438.445613139826,16212.17899902835,2243.6287690324275
2025-02-25,2025-02-24,2025-01-02,2025-02-24,7651.55363526479,7488.182221233781,80705.20844591566,72528.69321216014,75.08886405987437,8251.6040978154,37.59421215475368,52790.798359003275,3054.5323788357628,124.87017764308843,49861.1361578106,191.16246146602552,50052.298619276626,20788.294751938985,16985.553021698484,2942.2224607410562
2025-02-26,2025-02-25,2025-01-02,2025-02-25,7488.182221233781,7015.255622633508,73259.92905235203,74801.91488808405,1561.2535295977336,19.267693865717888,24.94054050388752,47796.388602490115,5.063451674525733,1750.0870259081478,49541.41217672374,127.79532954191964,49669.207506265666,21436.346368955223,17789.074497593974,2364.735523893366
2025-02-27,2025-02-26,2025-01-02,2025-02-26,7015.255622633508,2492.107965298458,70066.557832602,68505.48739756228,97.97390800531366,1659.0443430450373,34.2129983216945,46075.65247476612,521.6503580261917,163.6476101338465,45717.64972687377,170.6149294601347,45888.26465633391,17854.011887398454,18532.582520394302,2261.6868288798128
2025-02-28,2025-02-27,2025-01-03,2025-02-27,2492.107965298458,4877.535653794956,36885.74487545027,36753.91696059862,12.30791473447158,144.1358295861254,0.0,14978.15402617937,51.78642819737268,16.196600394827875,14942.564198376826,0.0,14942.564198376826,19634.415676256947,13756.991778121283,7583.8995124629555
2025-03-01,2025-02-28,2025-01-04,2025-02-28,4877.535653794956,10800.0,46636.237255138665,43879.46209340429,60.644640959839535,2817.419802694208,0.0,18442.53745623141,624.2265201434733,92.07675836932437,17910.387694457262,0.0,17910.387694457262,23100.065043154085,13380.834773370267,10501.465890287142
2025-03-02,2025-03-01,2025-01-05,2025-03-01,10800.0,7220.969924795406,80192.90859444445,75270.46242279928,415.25881959665173,5337.704991241815,39.24965638153246,54653.03885968072,2190.768149852231,608.4563295267693,53070.72703935525,199.43861913822826,53270.16565849349,17628.077503204324,17499.869845279634,2823.1973545894552
2025-03-03,2025-03-02,2025-01-06,2025-03-02,7220.969924795406,5680.728919794488,84343.4856707623,76699.87993658062,601.5338978093346,8245.139631991005,26.14972516268615,56697.21482416965,3356.108832867406,998.2979374384877,54339.403928740736,131.27548791287865,54470.67941665361,21342.52643251313,18673.663314836464,2040.0199107333203
2025-03-04,2025-03-03,2025-01-07,2025-03-03,5680.728919794488,7136.2547659562915,78524.9341303861,76251.21534747872,816.9484721932897,3090.667255100674,0.0,51007.44907371028,1167.0963504379108,1204.314877573083,51044.66760084545,0.0,51044.66760084545,22659.376059229635,17044.12134643038,1436.5027013461204
2025-03-05,2025-03-04,2025-01-08,2025-03-04,7136.2547659562915,7387.497756838586,81095.08267727078,72481.36827978166,742.8321065380145,9356.546504027154,0.0,52060.72451332374,3472.7292973888852,1432.4074463393117,50020.402662274166,0.0,50020.402662274166,21680.681176714053,17335.23306134431,2005.4481477452382
2025-03-06,2025-03-05,2025-01-09,2025-03-05,7387.497756838586,2208.748475279077,69895.43416740156,66231.68130833522,201.48760517096815,3865.240464237318,0.0,45927.13899209961,1365.1495749210249,357.9405047143631,44919.92992189295,0.0,44919.92992189295,16287.947508725112,17854.111835470903,1857.1915017476774
2025-03-07,2025-03-06,2025-01-10,2025-03-06,2208.748475279077,4908.309031978254,37980.309702453975,36270.94229507939,33.67634296309012,1743.0437503376713,0.0,15615.346963470804,548.2636762121339,50.261941872412,15117.345229131082,0.0,15117.345229131082,18781.127808623445,12783.10902395573,9350.63797707834
2025-03-08,2025-03-07,2025-01-11,2025-03-07,4908.309031978254,10586.998695510536,38857.258547886246,38800.993978955,0.0,56.264568931248164,0.0,15417.661489775199,14.86641571384774,0.0,15402.79507406135,0.0,15402.79507406135,21808.27087467647,12553.878711308887,10483.462298920746
2025-03-09,2025-03-08,2025-01-12,2025-03-08,10586.998695510536,7340.018529704997,74703.31212939844,65566.00297776001,0.0,9137.309151638434,0.0,47959.71384290734,2940.2453950312342,0.0,45019.46844787611,0.0,45019.46844787611,17333.753737872506,16962.622676901716,1861.346866789218
2025-03-10,2025-03-09,2025-01-13,2025-03-09,7340.018529704997,6567.479060856042,74255.15085974478,73183.50679052484,942.8044360720985,2014.4485052920509,0.0,48386.71853498902,780.2682705187199,1087.298295184029,48693.748559654334,0.0,48693.748559654334,21158.871541002074,17833.971470175733,1816.5352696984976
2025-03-11,2025-03-10,2025-01-14,2025-03-10,6567.479060856042,6858.07386262338,66834.3425728417,70291.17473242556,3509.182255150864,52.35009556700925,0.0,42233.712573258425,26.435728039992707,3411.4180874165136,45618.69493263494,0.0,45618.69493263494,21516.96728269085,17167.208177388984,2002.4968271236962
2025-03-12,2025-03-11,2025-01-15,2025-03-11,6858.07386262338,6716.971716083675,76288.83110496291,67727.58521488041,27.68515413603734,8588.931044218527,0.0,48411.43665109017,2865.781881221972,52.27263234501402,45597.92740221321,0.0,45597.92740221321,20754.42650650322,16938.077402153347,1475.701427197208
2025-03-13,2025-03-12,2025-01-16,2025-03-12,6716.971716083675,2093.801012504439,71057.42567615531,69056.00493551238,541.4990423892243,2542.9197830321623,5.455015355762498,47058.54918016263,981.056416201217,607.6679376408139,46685.16070160222,31.649999094134017,46716.810700696355,16369.482686106221,17420.134608967346,2566.4938570625955
2025-03-14,2025-03-13,2025-01-17,2025-03-13,2093.801012504439,5483.336159478686,35099.60048123649,35392.6375704142,299.8420545089655,6.8049653312602345,0.0,13666.525323251433,1.430784615333469,322.43145797518963,13987.52599661129,0.0,13987.52599661129,19024.279606859156,12359.084849279097,12698.016829500806
2025-03-15,2025-03-14,2025-01-18,2025-03-14,5483.336159478686,10213.414305451797,36752.69544649831,37271.18083234395,521.0110371954846,2.5256513498438835,0.0,14567.418428996758,0.4542383952694225,534.3919112521464,15101.356101853633,0.0,15101.356101853633,21971.31964698659,13539.69858268334,7915.434618040696
2025-03-16,2025-03-15,2025-01-19,2025-03-15,10213.414305451797,8615.823599825426,69970.50477060911,68299.778139845,940.2981261910068,2611.0247569551075,1.6400000000001,44784.308486170645,1009.0968388687822,875.946054949961,44651.15770225183,8.081100000000493,44659.23880225183,19068.5955382285,16883.394021028824,2765.169689312005
2025-03-17,2025-03-16,2025-01-20,2025-03-16,8615.823599825426,6971.484434254057,65443.49829374802,61546.07494093421,771.5113782316696,4668.934731045476,0.0,39844.87159387012,1116.9385032827286,1028.4597454186342,39756.39283600602,0.0,39756.39283600602,19194.42983720016,17027.393417146366,1520.9070875470795
2025-03-18,2025-03-17,2025-01-21,2025-03-17,6971.484434254057,6883.303637178739,75908.89736507437,67086.05499440589,21.478572076163914,8844.32094274464,0.0,47860.8063994868,3086.016095287923,31.711353447621157,44806.5016576465,0.0,44806.5016576465,20781.781084700146,16912.60539597491,2090.920939013987
2025-03-19,2025-03-18,2025-01-22,2025-03-18,6883.303637178739,7849.469084861884,63544.32462655037,67227.20731335957,3685.074486482597,2.1917996733977816,0.0,39050.69997089844,0.4710177498131833,3290.174445340618,42340.403398489245,0.0,42340.403398489245,22557.229151943546,17401.80671015945,2606.3144215754664
2025-03-20,2025-03-19,2025-01-23,2025-03-19,7849.469084861884,2478.876032112955,65003.033530153465,61033.728652096754,657.9218281362837,4627.226706192989,0.0,42252.05775223304,1644.2412591084724,817.7810295085523,41425.59752263312,0.0,41425.59752263312,15778.887172928115,17614.432357545807,660.31202004778
2025-03-21,2025-03-20,2025-01-24,2025-03-20,2478.876032112955,6005.826266284442,33734.341438876116,33785.87486900357,333.60398957423615,282.07055944677666,0.0,13196.777181745403,87.57355112326194,341.63400544007186,13450.837636062213,0.0,13450.837636062213,19189.82313214405,12369.501526282344,14932.088746475201
2025-03-22,2025-03-21,2025-01-25,2025-03-21,6005.826266284442,10783.358518518518,35954.32177089956,35799.221945549885,110.23603358158945,265.33585893125905,0.0,14311.246422022094,84.19070005688891,141.54306711876086,14368.598789083966,0.0,14368.598789083966,20357.03528227239,12189.419551629966,11750.406481574128
2025-03-23,2025-03-22,2025-01-26,2025-03-22,10783.358518518518,7667.34988855186,68446.0575208985,61868.80244663933,140.49854391046608,6717.7536181696305,0.0,43004.91919339904,2164.057899318682,241.47756881320117,41082.33886289355,0.0,41082.33886289355,16850.594331142427,16453.389175195352,2701.8771740255806
2025-03-24,2025-03-23,2025-01-27,2025-03-23,7667.34988855186,7052.0961119756985,66993.40620091632,63745.90542476733,805.9372136639674,4053.43798981295,0.0,41224.37481744139,1133.8895226723412,1112.4219700591739,41202.90726482823,0.0,41202.90726482823,20725.405736992983,17341.307045882862,2363.309650323877
2025-03-25,2025-03-24,2025-01-28,2025-03-24,7052.0961119756985,6722.647127208591,74589.12012058255,65603.19188282253,209.39700385946594,9195.325241619488,0.0,46367.8374568449,3059.510771219016,354.46825903797406,43662.79494466385,0.0,43662.79494466385,20926.75063962421,17247.172104386,973.4886309176517
2025-03-26,2025-03-25,2025-01-29,2025-03-25,6722.647127208591,7692.844175309524,65550.26902382172,62180.24861730015,1151.7990873057288,4521.8194938272945,0.0,39806.76095902127,1313.4993294586498,1442.0018364000184,39935.26346596263,0.0,39935.26346596263,21719.03279840597,16719.239223418,1587.900175645527
2025-03-27,2025-03-26,2025-01-30,2025-03-26,7692.844175309524,2586.50358330932,62688.249433532226,58260.7397356829,292.4012754838948,4719.9109733332125,0.0,39534.59562083857,1498.2516736852472,437.4324617317381,38473.77640888507,0.0,38473.77640888507,15430.443076541735,17094.365424798994,1207.6726839401608
2025-03-28,2025-03-27,2025-01-31,2025-03-27,2586.50358330932,5971.073693149702,33414.30987998552,33544.46068897009,198.97166081164178,68.82085182707976,0.0,13108.49759377716,28.784321276676113,230.58858078561397,13310.301853286099,0.0,13310.301853286099,18435.434189793483,11886.588594876379,16173.73432738632
2025-03-29,2025-03-28,2025-02-01,2025-03-28,5971.073693149702,10702.657733879189,33989.73336894304,34746.977446011006,757.2440770679593,0.0,0.0,12938.938675182217,0.0,775.4594578827973,13714.398133065011,0.0,13714.398133065011,20614.36018664026,12439.206114522076,18864.61419055948
2025-03-30,2025-03-29,2025-02-02,2025-03-29,10702.657733879189,7730.372392498804,63668.724818501854,56575.189086167346,133.42714816671423,7226.962880501229,0.0,38212.43228043774,1890.351075383856,224.9233126387756,36547.004517692665,0.0,36547.004517692665,17988.138435132256,17245.448939699476,486.8798907345629
2025-03-31,2025-03-30,2025-02-03,2025-03-30,7730.372392498804,7153.041080658279,57071.26819035797,61013.180641754814,4217.819781769084,275.9073303722444,0.0,35327.95309561388,65.73379513719247,3276.1654625955316,38538.384763072216,0.0,38538.384763072216,19561.654511828983,16364.538335237952,864.6749818304526
2025-04-01,2025-03-31,2025-02-04,2025-03-31,7153.041080658279,6161.053308409094,70154.71597000932,64859.15681264375,588.4262451211072,5883.98540248667,0.0,43886.06630550418,1773.3071148416689,850.7379963033791,42963.497186965884,0.0,42963.497186965884,18182.75816136034,15620.823105726147,2088.3702403428892
2025-04-02,2025-04-01,2025-02-05,2025-04-01,6161.053308409094,7385.376889467221,69206.25962843435,68074.8967560798,722.5817235438612,1853.944595898391,0.0,41727.60491970854,461.7934711317397,915.4245939768265,42181.236042553624,0.0,42181.236042553624,21997.967243997315,16716.462244685514,2358.0563567680124
2025-04-03,2025-04-02,2025-02-06,2025-04-02,7385.376889467221,2563.6683326117545,63596.997042457544,57137.67035321078,198.4948467082978,6657.8215359550595,0.0,40376.08616390269,1940.3175861913232,279.8623161136678,38715.63089382503,0.0,38715.63089382503,15211.418738466982,16660.78687932818,2723.5082274053166
2025-04-04,2025-04-03,2025-02-07,2025-04-03,2563.6683326117545,5512.550584434667,31087.72736261245,31264.303001440916,264.446557690212,87.87091886175017,0.0,11973.425771593233,36.40931523036618,295.35131644681337,12232.36777280968,0.0,12232.36777280968,17340.73976842864,11392.00518578658,18884.766168798855
2025-04-05,2025-04-04,2025-02-08,2025-04-04,5512.550584434667,10637.587693788426,33589.467689008794,34247.08788492317,657.6201959143692,0.0,0.0,13031.022837299037,0.0,654.5999878379037,13685.62282513694,0.0,13685.62282513694,20948.64414766767,12355.868361192428,13610.197115114588
2025-04-06,2025-04-05,2025-02-09,2025-04-05,10637.587693788426,7540.371223366539,62239.42672397994,57446.23721682698,884.0470661241739,5677.23657327713,0.0,37708.33432125372,1395.1721032732266,1216.4450381702786,37529.607256150775,0.0,37529.607256150775,17178.618472225004,16702.175785881947,2559.7182638172562
2025-04-07,2025-04-06,2025-02-10,2025-04-06,7540.371223366539,6158.249519400343,55813.489368563925,57265.68136179348,2302.996420841034,850.8044276114802,0.0,33592.643976308274,188.67509153501712,2486.8386119849047,35890.80749675816,0.0,35890.80749675816,18513.141109482298,16239.55383225024,1749.374801228093
2025-04-08,2025-04-07,2025-02-11,2025-04-07,6158.249519400343,6531.3343092121795,67363.82338756615,60634.34642197757,227.8506404975957,6957.327606086166,0.0,40221.77248967688,1848.1482158321928,367.72633315033977,38741.35060699502,0.0,38741.35060699502,21198.345394768534,16834.883458931858,1917.6908694742365
2025-04-09,2025-04-08,2025-02-12,2025-04-08,6531.3343092121795,7506.346674545916,66335.29199275465,66707.30230682112,1873.4029749171748,1501.3926608507002,0.0,40006.42962124383,560.5039912450903,1789.3998625082131,41235.32549250695,0.0,41235.32549250695,22127.26505156115,17045.57356296417,2491.2998015574667
2025-04-10,2025-04-09,2025-02-13,2025-04-09,7506.346674545916,2614.238235871567,57824.13533981866,56054.07508678983,1909.2343307104875,3679.294583739319,0.0,36160.455098592436,1145.2411629719275,1368.7216561223122,36383.93559174282,0.0,36383.93559174282,15441.151107876587,16910.229992186956,3062.516071100197
2025-04-11,2025-04-10,2025-02-14,2025-04-10,2614.238235871567,4051.6034996524513,28016.910086603606,28594.44524144257,577.5351548389622,0.0,0.0,10980.360639616425,0.0,573.5850010621018,11553.945640678527,0.0,11553.945640678527,15213.138831800276,11029.013716355425,19093.669959331055
2025-04-12,2025-04-11,2025-02-15,2025-04-11,4051.6034996524513,10767.57183416219,35445.04709253501,34976.87178334574,118.28151695059785,586.4568261398731,0.0,13605.62079954934,167.55120200104375,144.2479020566491,13582.317499604946,0.0,13582.317499604946,20716.41006043423,10735.920647892966,15971.221820804472
2025-04-13,2025-04-12,2025-02-16,2025-04-12,10767.57183416219,7506.587154029685,57476.60911887329,56273.01885890224,351.6638151236073,1555.2540750946573,0.0,35108.03531543918,343.98642042358006,431.504875144547,35195.55377016014,0.0,35195.55377016014,17535.021983358653,17138.254018639767,1599.8924108500162
2025-04-14,2025-04-13,2025-02-17,2025-04-13,7506.587154029685,6017.645988657197,62729.594405975244,54910.94059141896,222.83531973107551,8041.489134287353,0.0,37863.32384390897,2512.121111559669,400.3522842079574,35751.55501655726,0.0,35751.55501655726,18674.640873260716,16466.506156176423,174.7740743346734
2025-04-15,2025-04-14,2025-02-18,2025-04-14,6017.645988657197,6697.858257218565,56927.787657020126,57388.3569867185,1470.5657324319245,1009.9964027335529,0.0,33375.96712385942,198.13455354092423,1584.0740257671114,34761.906596085595,0.0,34761.906596085595,20508.401577387158,15999.614235978366,2740.140811976367
2025-04-16,2025-04-15,2025-02-19,2025-04-15,6697.858257218565,6787.914523686329,62782.60204134837,61621.86272908326,1163.8990318946087,2324.638344159722,0.0,37311.419682621505,579.8780804467398,1537.1048140115888,38268.646416186355,0.0,38268.646416186355,19931.53894404728,16063.495904857307,1974.2277398932843
2025-04-17,2025-04-16,2025-02-20,2025-04-16,6787.914523686329,2672.3555985287403,51409.76410866814,53811.02077007812,3759.551766575428,1358.2951051654466,0.0,32097.327742310456,339.77779420191916,2616.04932885348,34373.59927696202,0.0,34373.59927696202,15782.586341765167,16487.89796947161,1647.9900477845636
2025-04-18,2025-04-17,2025-02-21,2025-04-17,2672.3555985287403,4203.231721229666,28085.389472992756,28221.015231489662,171.61159156434988,35.98583306744856,0.0,10913.442663993257,13.954367919145906,154.55029109049462,11054.038587164605,0.0,11054.038587164605,14764.75295295547,10581.6613814631,17683.806476663955
2025-04-19,2025-04-18,2025-02-22,2025-04-18,4203.231721229666,10620.74915404455,33678.87628007815,34393.93613408595,716.2977592042173,1.237905196415113,0.0,12471.848676792222,0.1705833360660026,651.5416543044016,13123.219747760559,0.0,13123.219747760559,20687.852475926084,10981.39481596673,17902.799224126593
2025-04-20,2025-04-19,2025-02-23,2025-04-19,10620.74915404455,7104.069816357887,53590.73514507395,53997.223619930846,1667.5244064575627,1261.0359316006698,0.0,32778.6845763994,286.6946163839522,1666.176903604613,34158.166863620056,0.0,34158.166863620056,16710.427475177836,16700.457658812044,2029.5089202317263
2025-04-21,2025-04-20,2025-02-24,2025-04-20,7104.069816357887,6765.519245486731,61434.8177443623,54382.833321627426,120.912870808236,7172.897293543106,0.0,35757.74649765593,1697.1319957075516,199.76151510649865,34260.37601705486,0.0,34260.37601705486,19123.34725453513,15794.606789957494,2537.1824737164575
2025-04-22,2025-04-21,2025-02-25,2025-04-21,6765.519245486731,7558.740159964164,55299.24677336865,58347.64620560288,3048.3994322342337,0.0,0.0,33102.80879221358,0.0,2941.4581328758754,36044.26692508946,0.0,36044.26692508946,20449.21838018518,15849.968064920306,1595.4665736713418
2025-04-23,2025-04-22,2025-02-26,2025-04-22,7558.740159964164,6962.1317512399655,51734.53930099318,56075.79435629245,4341.2550552992725,0.0,0.0,31465.31572776039,0.0,3833.510220904507,35298.8259486649,0.0,35298.8259486649,18533.46040108593,15549.050492731383,1691.4677312712388
2025-04-24,2025-04-23,2025-02-27,2025-04-23,6962.1317512399655,2551.782266228502,49477.944060961076,49467.67721072983,1118.9474408798637,1129.2142911111073,0.0,30590.193721897827,226.01887638341583,1438.9596796779074,31803.13452519232,0.0,31803.13452519232,14160.46494639615,15439.291143091195,3656.3967074248867
2025-04-25,2025-04-24,2025-02-28,2025-04-24,2551.782266228502,3888.478596067835,27730.907097098647,27219.208125278965,0.0,511.6989718196811,0.0,10630.327302075384,157.85577459460148,0.0,10472.471527480782,0.0,10472.471527480782,15179.68404701634,11092.517381227839,21131.68380949046
2025-04-26,2025-04-25,2025-03-01,2025-04-25,3888.478596067835,10496.882248197535,33531.650784094505,33747.48874739356,216.60457378842995,0.7666104893755801,0.0,12681.084661740597,0.12932183248664486,197.9301112926123,12878.885451200724,0.0,12878.885451200724,20938.968194156376,11013.000950349939,23751.327870253786
2025-04-27,2025-04-26,2025-03-02,2025-04-26,10496.882248197535,6756.678280868562,49445.20981085939,51126.713673781414,1860.7149728966704,179.21110997465627,0.0,30216.89284094825,59.62642062291479,1801.3302568316205,31958.596677156955,0.0,31958.596677156955,16298.814352713582,16568.22319629408,2822.6513340285683
2025-04-28,2025-04-27,2025-03-03,2025-04-27,6756.678280868562,6936.42849963345,65950.79817600339,63818.96190891404,1220.3030029165832,3352.139270005929,0.0,39444.4787294034,959.262629640571,1317.9649930399305,39803.18109280277,0.0,39803.18109280277,20349.87564534541,16321.624075841388,3168.7430227433433
2025-04-29,2025-04-28,2025-03-04,2025-04-28,6936.42849963345,8384.045595711172,56890.09291744431,57260.18257276506,1132.1605152433426,762.0708599225975,0.0,33325.604366311745,135.42339642261283,1518.2047992747175,34708.385769163855,0.0,34708.385769163855,19413.777323179835,14422.304245305719,4835.495778224271
2025-04-30,2025-04-29,2025-03-05,2025-04-29,8384.045595711172,8262.158057399356,52484.53418525918,52645.01983241015,191.49483219508073,31.00918504411345,0.0,31288.756613194528,18.86134727258696,126.47276192324107,31396.36802784518,0.0,31396.36802784518,18164.444400281947,14822.898748709014,1046.6197475038887
2025-05-01,2025-04-30,2025-03-06,2025-04-30,8262.158057399356,1943.3199,48798.2931388704,48289.753174345446,1492.5137254739805,2001.0536899989327,1806.6392658767627,31125.383184922088,417.5142215300216,1943.3551346930994,32651.224098085164,9101.609232384248,41752.83333046941,11950.430057625497,15366.802688336073,2501.3862709327927
2025-05-02,2025-05-01,2025-03-07,2025-05-01,1943.3199,2917.5323754259257,29577.458661570643,29657.430914045326,238.77247861482942,158.80022614014652,980.5415234715413,12066.066955221959,50.60290112234579,364.065791664835,12379.52984576445,4939.626328006351,17319.1561737708,14817.917657968734,11125.72207507134,12655.45677128614
2025-05-03,2025-05-02,2025-03-08,2025-05-02,2917.5323754259257,10027.235696444446,35242.29529024006,35364.81051849872,140.57789579618833,18.062667537526195,1323.862433741404,13569.546690092833,5.58645665554932,181.72017184036937,13745.680405277653,6354.594173197665,20100.27457847532,20919.80416189986,10546.308382222227,17448.005522562486
2025-05-04,2025-05-03,2025-03-09,2025-05-03,10027.235696444446,7536.0697152777775,57722.77372856653,52422.1325140823,787.8484658078673,6088.489680292098,1261.6195620905319,35281.63804125002,1628.802546129396,1509.4745282424033,35162.31002336303,7347.53028933152,42509.84031269455,15450.366586769538,14756.846318333339,1255.5644744032988
2025-05-05,2025-05-04,2025-03-10,2025-05-04,7536.0697152777775,4656.393480685185,59176.595334135796,56093.331582621526,610.0084904866611,3693.2722420009313,943.2334404258828,36721.79477523459,1239.537634279056,1181.7222718616922,36663.97941281722,5943.419202985049,42607.398615802274,16544.41671162922,15992.686147553006,1408.8276589711954
2025-05-06,2025-05-05,2025-03-11,2025-05-05,4656.393480685185,7549.307278407407,56586.67761389575,60947.87939374721,5210.498495560805,849.2967157093594,1033.4674807715191,34527.38328083665,181.85410160904254,5045.2495345093785,39390.77871373699,5926.08101308881,45316.8597268258,22871.514779710524,15922.304553615522,2162.0542817570563
2025-05-07,2025-05-06,2025-03-12,2025-05-06,7549.307278407407,7480.79338737037,56895.89296238683,59466.633237107,2570.7402747201686,0.0,957.7999362491471,35313.302695769045,0.0,2262.113413885254,37575.4161096543,6170.356771720801,43745.7728813751,20019.26906043895,16277.27044088889,1614.588603806084
2025-05-08,2025-05-07,2025-03-13,2025-05-07,7480.79338737037,1990.5036190706635,58472.01566406035,54161.80032670335,525.8029612472245,4836.018298604231,414.6535995938846,36316.15737352078,1191.1542573455736,864.7688487949107,35989.77196497012,2081.8897686549494,38071.661733625064,13306.729764214928,15719.711900483828,1162.9236625661308
2025-05-09,2025-05-08,2025-03-14,2025-05-08,1990.5036190706635,3028.8199691511804,28579.26394035355,28961.977100308668,466.0726027606821,83.35944280556684,320.19483437940926,11540.279219865703,22.993841477150006,566.2413424175068,12083.526720806061,1479.9753713552134,13563.502092161274,14399.150464297516,10728.827161008527,17112.462781399085
2025-05-10,2025-05-09,2025-03-15,2025-05-09,3028.8199691511804,9927.947627104482,35555.62106615283,36016.428544036025,467.065673908417,6.258196025225516,310.70776981032134,14250.817172341938,1.0745913291752942,406.43988463601016,14656.182465648772,1492.4052964978855,16148.587762146657,20982.23684573597,10786.396952888163,14010.2511376652
2025-05-11,2025-05-10,2025-03-16,2025-05-10,9927.947627104482,6355.977199912567,58712.34440947238,56025.82233659724,747.5218263485008,3434.0438992236523,537.8932228523668,35880.6193928382,816.4107099865914,1112.4686276575835,36176.677310509185,3690.277150886397,39866.95446139558,14885.507329608961,15272.034321455985,1466.1634679632882
2025-05-12,2025-05-11,2025-03-17,2025-05-11,6355.977199912567,6572.118300658376,55207.16093890373,57550.968477274815,3447.3140001336424,1103.5064617625642,112.7386350759217,34094.00207372867,297.8515942074674,3502.6791256075267,37298.82960512873,678.8438275783238,37977.67343270706,17499.879061782078,13980.37504937225,2213.0078666075715
2025-05-13,2025-05-12,2025-03-18,2025-05-12,6572.118300658376,6649.589091961959,64899.72188950166,59341.5411126994,1076.9163981962504,6635.097174998506,111.36644080767273,38792.41414442161,1808.4087616941736,1429.9601784696665,38413.9655611971,651.8229453207368,39065.788506517834,18581.982468112703,14981.682086998064,2723.394405725775
2025-05-14,2025-05-13,2025-03-19,2025-05-13,6649.589091961959,8503.334171575234,64955.35482708075,61311.584754048585,1517.533943361586,5161.304016393743,16.600327402556104,39005.42046470646,1493.4222621596118,1178.3410038859413,38690.33920643279,106.95947059044019,38797.29867702323,20565.294645361497,14989.518091090866,2738.259743847181
2025-05-15,2025-05-14,2025-03-20,2025-05-14,8503.334171575234,3053.36269915588,54430.43204488212,52567.10134972377,1450.5390660309145,3313.8697611892585,0.0,35849.27475048852,1197.2779373513615,931.4343039477103,35583.43111708488,0.0,35583.43111708488,12860.618354855898,15322.075192610693,2263.4999041452347
2025-05-16,2025-05-15,2025-03-21,2025-05-15,3053.36269915588,3666.2086378438685,28886.48676631527,28124.37402381261,0.0,762.112742502658,0.0,12199.24347904959,287.57259675752584,0.0,11911.670882292066,0.0,11911.670882292066,14060.739038042462,10837.637275995206,22185.765728432016
2025-05-17,2025-05-16,2025-03-22,2025-05-16,3666.2086378438685,10416.443013164375,35733.9644298294,35598.707417620826,82.2695739155485,217.52658612412378,0.0,14765.019574636666,66.68780299321625,118.0113261868066,14816.343097830257,0.0,14816.343097830257,20872.768852827085,10831.731833001486,15108.871314461898
2025-05-18,2025-05-17,2025-03-23,2025-05-17,10416.443013164375,5745.143782378401,60967.26368116304,54976.34251706448,117.45102435093139,6108.372188449494,0.0,38070.34515713516,1737.273729262029,199.46317650676127,36532.53460437989,0.0,36532.53460437989,13457.804038797552,15104.990579133395,2947.360957400315
2025-05-19,2025-05-18,2025-03-24,2025-05-18,5745.143782378401,6809.705140673105,60881.77836379767,58270.58534571009,431.6024490947946,3042.795467182363,12.233166666666762,36632.55301158957,501.517980668168,508.1815660332605,36639.21659695466,83.24669916666731,36722.46329612132,18554.77482209933,14071.262383435227,6284.08952371265
2025-05-20,2025-05-19,2025-03-25,2025-05-19,6809.705140673105,5870.144582493485,58527.66646834675,58806.37390903373,1554.321630416452,1275.6141897294629,0.0,35795.39628158895,331.86104885665964,1426.2328682560146,36889.76810098831,0.0,36889.76810098831,17485.60591580724,15008.94529416552,1802.3184707253506
2025-05-21,2025-05-20,2025-03-26,2025-05-20,5870.144582493485,7584.4859992276715,57475.162837229465,59875.41288629225,3217.390070572298,817.1400215095068,0.0,35788.74055552469,162.46994735328803,2614.9823588711233,38241.25296704252,0.0,38241.25296704252,19208.834484279276,14016.24865720545,3320.2117758850904
2025-05-22,2025-05-21,2025-03-27,2025-05-21,7584.4859992276715,2648.9856688567065,52232.136527319046,50566.03340557585,0.0,1666.1031217432055,0.0,33905.65075137837,514.5875626800806,0.0,33391.06318869829,0.0,33391.06318869829,12125.601265832924,14263.687322658538,1887.4886457347936
2025-05-23,2025-05-22,2025-03-28,2025-05-22,2648.9856688567065,3982.45126128959,28461.562257473408,29377.716978825178,978.847458019898,62.69273666812933,0.0,11930.603029375507,32.114354358249244,939.5181257751783,12838.006800792436,0.0,12838.006800792436,13756.124511449045,9942.341821084134,19142.985405126936
2025-05-24,2025-05-23,2025-03-29,2025-05-23,3982.45126128959,10800.0,36299.64907483937,35786.67437805772,0.0,512.9746967816465,0.0,15136.07799713709,193.4246296359198,0.0,14942.65336750117,0.0,14942.65336750117,21154.476007132533,10999.331700937983,21877.02868852984
2025-05-25,2025-05-24,2025-03-30,2025-05-24,10800.0,5144.245733904723,54361.615567791494,51576.12182762899,344.19896107078955,3129.6927012332944,0.0,34484.00266859665,665.3470237871995,423.9318068760598,34242.58745168551,0.0,34242.58745168551,10851.978511707448,13880.281433968783,6059.414566556987
2025-05-26,2025-05-25,2025-03-31,2025-05-25,5144.245733904723,5139.438637415213,58332.707924673756,61051.11582355837,2839.307428951025,120.89953006641838,0.0,35977.24264176283,66.79549243027981,2226.7084373180965,38137.155586650646,0.0,38137.155586650646,18804.80766555343,15236.220595938845,2902.695803943787
2025-05-27,2025-05-26,2025-04-01,2025-05-26,5139.438637415213,6458.655337713019,56679.34846816692,57846.81735365989,2411.7473294713,1244.2784439783202,0.0,35266.558258869336,258.94827473999385,1526.0055470775285,36533.61553120687,0.0,36533.61553120687,18878.677562382494,14104.4337952618,3682.2062865391986
2025-05-28,2025-05-27,2025-04-02,2025-05-27,6458.655337713019,6039.898594432936,62932.12633360419,59006.828454555754,442.0056312475658,4367.303510296003,0.0,38647.719958867085,1120.3546701530365,600.9347881704598,38128.30007688451,0.0,38128.30007688451,17322.734535821786,14408.296042967733,3818.565861701693
2025-05-29,2025-05-28,2025-04-03,2025-05-28,6039.898594432936,2632.1454673754843,57959.1178806095,57835.60906317878,1929.8692489913692,2053.3780664220826,17.817433333333497,36635.859305068574,438.51878037447875,1543.37357911962,37740.71410381371,119.80442173333444,37860.51852554705,14931.160965820933,15161.218196666665,3973.3602273578463
2025-05-30,2025-05-29,2025-04-04,2025-05-29,2632.1454673754843,3695.393552593706,28500.178337695397,28617.222193666574,118.79582091432734,1.751964943151961,0.0,12567.562124719952,0.26629867135909807,111.33546519543646,12678.63129124403,0.0,12678.63129124403,13321.90276024781,9833.81795910433,18532.904125856425
2025-05-31,2025-05-30,2025-04-05,2025-05-30,3695.393552593706,10704.021666666667,39086.597094332334,37534.66357495161,0.0,1551.9335193807206,0.0,15942.681196609357,455.1827426340255,0.0,15487.498453975333,0.0,15487.498453975333,20436.963670513334,10246.175270450136,18954.693624888416
2025-06-01,2025-05-31,2025-04-06,2025-05-31,10704.021666666667,3442.0410937222223,72762.47804046639,67904.6901491051,4122.276119872619,8980.064011233922,808.0952368567016,51241.13326206643,3323.0499133878707,6233.545307429965,54151.62865610852,4869.775036756457,59021.40369286498,13893.504629582792,17789.521265612057,1383.9757219910516
2025-06-02,2025-06-01,2025-04-07,2025-06-01,3442.0410937222223,2472.592547537036,80593.86966812071,71693.59062419267,1476.5555173880164,10376.834561316056,608.7863934470761,54458.46663537566,3610.0492387429904,2900.0663474803505,53748.48374411302,3518.4967440345426,57266.98048814757,20933.67485885839,17828.780327241962,556.6750360233111
2025-06-03,2025-06-02,2025-04-08,2025-06-02,2472.592547537036,3646.0052130925924,76483.39974368998,75104.52523813181,3127.6119180366836,4506.486423594848,553.8412569751174,50487.36175665959,1249.1507522327672,4846.041026418168,54084.25203084499,3168.33023586069,57252.58226670568,21040.933385167384,15987.084642985574,2412.1509195918024
2025-06-04,2025-06-03,2025-04-09,2025-06-03,3646.0052130925924,3487.986968426692,85622.82742663924,74422.85737222046,608.705239224369,11808.675293643131,389.46921080190236,58251.82801468982,4406.264183427917,1120.2903078918112,54965.85413915371,2524.021224831157,57489.875363984866,21602.46700509679,17640.21469432771,1204.813455586623
2025-06-05,2025-06-04,2025-04-10,2025-06-04,3487.986968426692,1200.0,71338.41548382542,72056.91672797457,4651.050233794653,3932.548989645499,1269.8397237654096,48307.238770758864,1101.2794492409294,6590.220215641693,53796.17953715962,5251.439140945378,59047.618678105006,17616.69755650213,16328.713292350749,889.4541709219322
2025-06-06,2025-06-05,2025-04-11,2025-06-05,1200.0,1303.7087890925927,34785.17034547325,35480.61016749736,2192.8903633565865,1497.4505413324764,822.806128995474,17222.820550118515,436.4026346388073,3247.001069334416,20033.418984814125,3412.267852991221,23445.686837805344,14230.057155299657,11433.00838560939,2651.372126802571
2025-06-07,2025-06-06,2025-04-12,2025-06-06,1303.7087890925927,9832.301965507739,49171.998435631,43882.72063526628,1216.2465958942662,6505.5243962589775,571.9849150890241,22569.312484742186,1332.8928177618654,1717.4720323734336,22953.89169935375,2365.579436738944,25319.471136092692,23448.016708815536,11317.159675366944,1197.3353502400535
2025-06-08,2025-06-07,2025-04-13,2025-06-07,9832.301965507739,3675.521653206773,68238.17508214284,62779.004944533415,1746.8358210467577,7206.005958656178,37.30207672850463,46955.04041394504,2158.896097473191,2131.7388025555383,46927.88311902739,256.9067960478434,47184.78991507523,12450.509597900418,15626.015055370215,806.8892120650544
2025-06-09,2025-06-08,2025-04-14,2025-06-08,3675.521653206773,2950.001204306648,83097.36404775378,75839.23110289511,105.95675417923258,7364.0896990379115,30.489870627287928,57736.98584275356,2657.8001144169407,163.6586466527699,55242.84437498939,213.4692906399611,55456.31366562935,20670.109318944113,17395.756952354852,1662.6558735997978
2025-06-10,2025-06-09,2025-04-15,2025-06-09,2950.001204306648,3646.884163738407,79066.66644012374,78588.56925020489,819.6369977258098,1297.7341876446767,7.373496666666824,53916.25427213636,402.38481976629004,1113.5390819151412,54627.40853428522,51.53336820333443,54678.94190248854,22897.802149879986,17920.025077914208,1999.7214415724359
2025-06-11,2025-06-10,2025-04-16,2025-06-10,3646.884163738407,2466.2072072799397,82096.99099604512,80466.52579890325,1425.383846646661,3055.849043788524,14.017279102833072,57778.17501386868,1468.3096367735022,1794.4179413191682,58104.28331841435,97.19581329904453,58201.47913171339,22148.964465165038,19003.2704775963,1250.4027737706792
2025-06-12,2025-06-11,2025-04-17,2025-06-11,2466.2072072799397,1950.4545979774648,80808.57091302228,77407.95072701937,246.26870615375753,3646.8888921566586,0.0,56218.19255441197,1439.1676086253333,463.71511025188624,55242.74005603853,0.0,55242.74005603853,20676.344520275437,17212.01640979533,1491.2311832059474
2025-06-13,2025-06-12,2025-04-18,2025-06-12,1950.4545979774648,2574.509001440551,35957.796149791844,35813.40800534954,248.7452494210952,393.13339386340016,0.0,17951.92006402275,126.18210299580451,404.13975045683935,18229.877711483787,0.0,18229.877711483787,14051.232839850418,10819.84963716206,4236.711102661182
2025-06-14,2025-06-13,2025-04-19,2025-06-13,2574.509001440551,10747.583062634374,45431.79191981461,43590.84483507018,449.4222806547886,2290.369365399227,0.0,22710.32739051361,571.324200878403,784.8851315620826,22923.888321197286,0.0,22923.888321197286,21899.569552227247,10382.88468222963,5880.817215072557
2025-06-15,2025-06-14,2025-04-20,2025-06-14,10747.583062634374,4063.7619101323958,70025.21871094045,71006.6627817677,1464.497448091708,483.0533772644509,0.0,50024.70628565333,253.74440602478097,1401.3367546527975,51172.298634281346,0.0,51172.298634281346,14741.476587966514,17956.03507350466,3594.2469339725185
2025-06-16,2025-06-15,2025-04-21,2025-06-15,4063.7619101323958,4224.5999352786785,80651.68575485975,79588.368185273,1074.1731157929244,2137.4906853796742,0.0,56357.979491666934,995.8868070175118,1078.1591903372878,56440.251874986716,0.0,56440.251874986716,21570.130733708167,17327.05167167196,2651.236306570121
2025-06-17,2025-06-16,2025-04-22,2025-06-16,4224.5999352786785,4340.704095679721,83140.35065949036,81937.43599039628,1083.8908732033083,2286.8055422973825,0.0,58167.89163018403,1049.1651406914484,1244.7443455207142,58363.47083501329,0.0,58363.47083501329,22506.98069023029,18126.160614725595,2919.6046982249177
2025-06-18,2025-06-17,2025-04-23,2025-06-17,4340.704095679721,3347.115899154033,82206.69360451224,78048.00621538995,206.58092617706694,4365.268315299355,0.0,57520.19795196011,1837.2969871573523,192.2193254540012,55875.12029025676,0.0,55875.12029025676,18781.382012980896,16107.148807387648,4445.382109796701
2025-06-19,2025-06-18,2025-04-24,2025-06-18,3347.115899154033,2759.1597982796206,78021.44041519408,75917.66493835225,2943.2337905281693,5047.00926737,30.32339166666668,53011.61282967539,1715.1150959155048,3692.8010759718736,54989.29880973177,206.5477823375001,55195.84659206927,20533.71654976117,17161.470896093524,4316.238476351267
2025-06-20,2025-06-19,2025-04-25,2025-06-19,2759.1597982796206,2869.999620497936,35595.96154877056,34632.17621490665,0.0,963.7853338639211,0.0,18782.40054122336,394.77043042701683,0.0,18387.630110796345,0.0,18387.630110796345,11742.898218351545,9411.991716868266,9900.688863423364
2025-06-21,2025-06-20,2025-04-26,2025-06-20,2869.999620497936,10800.0,44653.33185099631,44182.040639480314,0.0,471.29121151598713,0.0,21982.895746252732,166.51604195008554,0.0,21816.37970430265,0.0,21816.37970430265,20754.940638545955,9674.501575670365,13766.861176604729
2025-06-22,2025-06-21,2025-04-27,2025-06-21,10800.0,3905.7445459286055,69720.72105402606,67663.69545285247,1778.6272202406872,3835.6528214142786,0.0,49411.7846412817,1257.900976768425,2344.7746269362706,50498.65829144955,0.0,50498.65829144955,12913.000302229275,16664.360153469963,3957.7142040931517
2025-06-23,2025-06-22,2025-04-28,2025-06-22,3905.7445459286055,3799.108708228345,78163.75215353488,74138.92231208671,0.0,4024.829841448174,0.0,53883.43789200862,1464.5751072364649,0.0,52418.86278477216,0.0,52418.86278477216,19611.349961896787,15981.165723066642,3447.452073256566
2025-06-24,2025-06-23,2025-04-29,2025-06-23,3799.108708228345,4833.249721677065,90682.3722158574,85269.38177328909,0.0,5412.9904425682935,0.0,64847.842546122345,2289.7714003244814,0.0,62558.07114579787,0.0,62558.07114579787,23337.742066860716,17972.84416205333,3635.6916184817132
2025-06-25,2025-06-24,2025-04-30,2025-06-24,4833.249721677065,3853.710123879534,79497.62940291024,77745.60003912525,2221.3913271877395,3973.4206909727513,0.0,54452.65295999982,1404.2822431405043,2674.460660712077,55722.83137757139,0.0,55722.83137757139,18286.752089759277,15693.854830722801,4715.281413422097
2025-06-26,2025-06-25,2025-05-01,2025-06-25,3853.710123879534,3075.2777173847717,76435.69674390121,74708.9834406836,619.2362579783553,2345.9495611959546,0.0,52088.05108751193,818.9584668114734,703.1346364630892,51972.22725716355,0.0,51972.22725716355,18310.84823859077,15532.376239103809,4383.127607863309
2025-06-27,2025-06-26,2025-05-02,2025-06-26,3075.2777173847717,3528.330795264644,37414.35002071788,35018.548672770514,0.0,2395.8013479473602,0.0,19204.51121049193,796.8013972054116,0.0,18407.70981328652,0.0,18407.70981328652,12193.327017481637,9468.847114068241,12522.42290269046
2025-06-28,2025-06-27,2025-05-03,2025-06-27,3528.330795264644,10800.0,44890.95690370626,44062.624781924365,0.0,828.3321217818967,0.0,22462.33096132648,347.68516739554605,0.0,22114.645793930933,0.0,22114.645793930933,20567.79697793323,10115.413267864096,11833.314955188567
2025-06-29,2025-06-28,2025-05-04,2025-06-28,10800.0,4381.2735265274605,68664.12054067058,70300.99596038548,3741.621770117299,2104.746350402388,0.0,48685.43845333959,748.1099671369236,4634.796541965669,52572.12502816834,0.0,52572.12502816834,12966.645388925372,16279.836591154839,4346.418629281625
2025-06-30,2025-06-29,2025-05-05,2025-06-29,4381.2735265274605,3037.6494209847265,80946.22905616948,76828.9702086495,0.0,4117.258847520003,0.0,55875.17567216019,1632.464298870559,0.0,54242.71137328964,0.0,54242.71137328964,17940.587421701603,15741.137506566765,4751.83631018131
2025-07-01,2025-06-30,2025-05-06,2025-06-30,3037.6494209847265,1504.5194707130345,73505.82820214434,81040.40028780677,8082.066320542939,547.4942348805082,45.4012865913611,54367.46240509706,155.57423043178818,11597.738881786876,65809.62705645215,375.5172179700552,66185.14427442221,18942.497348996436,16723.239807931637,0.0
2025-07-02,2025-07-01,2025-05-07,2025-07-01,1504.5194707130345,1554.8033119640158,71152.25714011308,76951.64776602585,6169.986218936992,370.59559302421684,196.773777542316,53161.90841295716,100.13492923514339,6607.717190682842,59669.49067440486,1683.3579443039112,61352.84861870877,20621.427598463102,16658.10089762923,280.32847606764545
2025-07-03,2025-07-02,2025-05-08,2025-07-02,1554.8033119640158,1253.8455641799078,79342.9024885928,83151.6191967955,6388.871296990374,2580.1545887876723,850.9226591300883,59397.73067185953,730.7294583752507,8584.343719241288,67251.34493272557,2998.962017423023,70250.30695014859,19735.848660224714,16256.899387787716,763.1736501552465
2025-07-04,2025-07-03,2025-05-09,2025-07-03,1253.8455641799078,1200.0,35941.67023645305,38708.71290376941,2767.042667316353,0.0,2431.855750014269,20675.706690654282,0.0,3344.463144477966,24020.16983513225,6165.329834944771,30185.49967007702,12849.413844677223,10456.486221950463,9866.773564390247
2025-07-05,2025-07-04,2025-05-10,2025-07-04,1200.0,8339.792763117524,45742.41791777778,48780.08525007493,3037.667332297151,0.0,1000.4205688991291,24723.48032164339,0.0,4044.113228099448,28767.593549742836,2347.842155176708,31115.435704919546,21171.33009656226,10722.963891409658,10542.059647154789
2025-07-06,2025-07-05,2025-05-11,2025-07-05,8339.792763117524,1535.4872973361507,67290.9851042247,78265.63130159868,11803.572283239555,828.9260858655749,261.0913028676522,52634.124301274176,239.12773337139402,13930.207015438365,66325.20358334115,2160.1507967332077,68485.35438007436,14836.004979751939,18141.038952802308,2037.7750275167032
2025-07-07,2025-07-06,2025-05-12,2025-07-06,1535.4872973361507,2901.7994921573295,77597.50512149205,81474.94419595576,4149.2768035026165,271.8377290389209,152.00313612297663,57125.88429618141,71.1126265562643,5100.729584184088,62155.50125380923,1055.034375134086,63210.53562894331,22602.54981385527,17078.384373883706,2693.2991254405056
2025-07-08,2025-07-07,2025-05-13,2025-07-07,2901.7994921573295,2697.915596017699,84858.74684645071,81413.94529499298,1205.7212093900118,4650.522760847729,40.87586757712563,63149.63213476135,1424.1853020140256,1929.640581922567,63655.08741466989,347.02285112511765,64002.11026579501,20808.907496554577,17038.710578734877,2113.237228083747
2025-07-09,2025-07-08,2025-05-14,2025-07-08,2697.915596017699,2195.2882664881854,84494.37655993589,79114.41939510434,704.6420044592662,6084.5991692908,59.2118275991395,62384.03578407108,1968.5316114822422,1214.163412898841,61629.667585487674,506.43583171312235,62136.10341720079,19694.394423790385,16404.824079846774,1825.3358620932177
2025-07-10,2025-07-09,2025-05-15,2025-07-09,2195.2882664881854,1910.5991628109246,78230.73505268115,77688.69162808888,747.7728506187365,1289.816275211023,40.530516052749476,58960.96818306392,420.6046962201675,919.0522206176063,59459.41570746135,346.4617100725636,59805.87741753392,20873.786278170875,17163.987078627943,1165.7995612653585
2025-07-11,2025-07-10,2025-05-16,2025-07-10,1910.5991628109246,2816.406605688394,43795.21116186523,42891.806032556284,239.56254034255278,1142.9676696515035,41.611299656480675,25800.037322893535,376.05946926174374,325.2542641458807,25749.232117777672,133.1342330818578,25882.36635085953,14663.63082170607,11062.314266992194,6813.323627498883
2025-07-12,2025-07-11,2025-05-17,2025-07-11,2816.406605688394,9793.757699644028,50084.58720599156,51405.35947816921,1328.5941008614802,7.821828683833701,0.0,27915.726757901168,2.00654894459011,1470.521114972495,29384.24132392907,0.0,29384.24132392907,23371.26747529838,12651.110670431615,9600.959339969104
2025-07-13,2025-07-12,2025-05-18,2025-07-12,9793.757699644028,3254.521370160518,77178.31858391434,67333.95289504022,14.327866368219247,9858.69355524234,63.24946660674232,58753.35748512227,3644.213587263236,35.86590073863528,55145.00979859767,527.4750310025483,55672.484829600224,13468.69696196781,16794.957235729078,1455.7422354082305
2025-07-14,2025-07-13,2025-05-19,2025-07-13,3254.521370160518,2762.286505075341,79770.17698357502,76905.42065563975,1404.8744998607417,4269.630827796008,14.192243955095478,58290.7177988615,1147.4363536452004,2051.300802526379,59194.58224774267,121.09579454274711,59315.67804228542,18685.69077178948,15578.420903726137,2004.663814864828
2025-07-15,2025-07-14,2025-05-20,2025-07-14,2762.286505075341,3897.0134126844273,88348.36402058159,79956.56234213257,0.0,8391.80167844902,0.0,65337.53458582345,3084.0255894916595,0.0,62253.508996331795,0.0,62253.508996331795,20238.243218891148,15371.722790453652,2340.991330361734
2025-07-16,2025-07-15,2025-05-21,2025-07-15,3897.0134126844273,2918.3413917240396,82720.42600961676,78303.4926810714,0.0,4416.933328545361,14.440008257465024,62933.7676818007,1646.0874859498856,0.0,61287.6801958508,121.38992941637972,61409.070125267186,17745.93121191802,15255.009100517947,3692.4471945954438
2025-07-17,2025-07-16,2025-05-22,2025-07-16,2918.3413917240396,2831.419370296546,81963.29484099278,80408.73427570713,1591.7408968633035,3146.301462148952,0.0,61338.409066624896,1080.6248138372412,1951.2004157635447,62208.9846685512,0.0,62208.9846685512,20405.743659917338,16606.882183817794,3889.4567329409065
2025-07-18,2025-07-17,2025-05-23,2025-07-17,2831.419370296546,3090.7198741232987,46404.62324042996,42928.66739125294,0.0,3475.95584917702,0.0,27154.62587042092,1155.031922168181,0.0,25999.59394825274,0.0,25999.59394825274,13154.664920659558,10421.908132290166,8921.66250288354
2025-07-19,2025-07-18,2025-05-24,2025-07-18,3090.7198741232987,9629.231055646635,54655.0451133782,51592.402377230566,0.0,3062.6427361476294,0.0,30974.5103610641,1017.2892709834842,0.0,29957.221090080617,0.0,29957.221090080617,20686.276973725122,10871.224285346352,14594.530638851797
2025-07-20,2025-07-19,2025-05-25,2025-07-19,9629.231055646635,3567.038606116335,80785.89934281226,73668.73182137826,31.52097347082986,7148.688494904849,0.0,60757.514820530596,2335.3257216716574,42.5026212184465,58464.69172007739,0.0,58464.69172007739,12296.619942309568,15416.235357848018,4698.369020250033
2025-07-21,2025-07-20,2025-05-26,2025-07-20,3567.038606116335,3771.072601182364,88668.93816231517,83354.41860128657,0.0,5314.519561028608,0.0,66727.88415342313,1958.5014163915746,0.0,64769.38273703155,0.0,64769.38273703155,19856.04487653069,15899.765754430437,5408.390129186316
2025-07-22,2025-07-21,2025-05-27,2025-07-21,3771.072601182364,3327.01084631641,86113.37583752879,83738.30552918371,1490.2672212531904,3865.337529598277,0.0,64796.932823686206,1488.071922580867,1241.2482423365996,64550.10914344193,0.0,64550.10914344193,18102.638133095505,15062.792467186724,6903.315246608254
2025-07-23,2025-07-22,2025-05-28,2025-07-22,3327.01084631641,3354.5158853973217,96670.9463354509,83574.6721556462,0.0,13096.274179804692,0.0,72502.70759207878,5050.764914103025,0.0,67451.94267797575,0.0,67451.94267797575,20413.915877732354,16510.517325790384,5454.726487037571
2025-07-24,2025-07-23,2025-05-29,2025-07-23,3354.5158853973217,3854.7074385116084,95792.63895696594,83599.04649596734,0.0,12193.592460998592,0.0,72635.02693864159,4682.549391546736,0.0,67952.47754709485,0.0,67952.47754709485,19263.21901279028,15153.03500255727,5872.390485734335
2025-07-25,2025-07-24,2025-05-30,2025-07-24,3854.7074385116084,3652.632128032242,44804.81410033955,43120.34044034301,0.0,1684.4736599965395,0.0,26625.14267305632,720.8302343273733,0.0,25904.312438728946,0.0,25904.312438728946,13268.954562533523,10929.72097508358,14275.787286226405
2025-07-26,2025-07-25,2025-05-31,2025-07-25,3652.632128032242,9561.781540628905,53043.187807877985,51710.673832044326,0.0,1332.5139758336536,0.0,30221.28915021262,531.0151925629356,0.0,29690.27395764968,0.0,29690.27395764968,20703.51743587824,11451.61465172438,13989.679481223793
2025-07-27,2025-07-26,2025-06-01,2025-07-26,9561.781540628905,3651.864416995041,80967.41215090943,75664.90548788905,1060.2163985038912,6362.723061524285,0.0,61678.37181421084,2235.4933069383037,1309.7807598060676,60752.65926707861,0.0,60752.65926707861,13380.43226387147,16157.075545006359,4756.358969023925
2025-07-28,2025-07-27,2025-06-02,2025-07-27,3651.864416995041,4135.540109965122,91410.91319847018,87364.71012637037,0.0,4046.203072099822,0.0,68550.01938170084,1762.9654755439192,0.0,66787.05390615691,0.0,66787.05390615691,20311.638865041823,16017.119357010806,5115.313385006017
2025-07-29,2025-07-28,2025-06-03,2025-07-28,4135.540109965122,3602.782242797066,88125.41320890708,85874.8405601189,73.05039712433518,2323.6230459124977,0.0,66119.6602992285,1072.916239248766,61.09935215479395,65107.843412134534,0.0,65107.843412134534,18487.096146063155,15454.029958762407,6772.528422818152
2025-07-30,2025-07-29,2025-06-04,2025-07-29,3602.782242797066,3927.0769913408944,81722.94249001972,84639.68721434803,4677.30065134551,1760.5559270171993,0.0,62280.845901142326,720.6091038649352,5027.139594434217,66587.37639171162,0.0,66587.37639171162,19486.531552043067,15492.225283465435,6542.1268957704
2025-07-31,2025-07-30,2025-06-05,2025-07-30,3927.0769913408944,3541.770321952699,85474.47053599298,83169.70235614717,1.4945767587029195,2306.2627566044976,0.0,63637.379305704984,959.815181692933,1.8531257231157499,62679.41724973517,0.0,62679.41724973517,19686.716331381605,16293.016230868478,5081.005988967387
2025-08-01,2025-07-31,2025-06-06,2025-07-31,3541.770321952699,3848.7376287071315,45103.48754344256,42681.620174837866,0.0,2421.8673686047005,0.0,26649.096547977988,942.3169874435577,0.0,25706.779560534425,0.0,25706.779560534425,13446.712987980769,10615.566944185433,18599.114464375867
2025-08-02,2025-08-01,2025-06-07,2025-08-01,3848.7376287071315,10111.4914292586,54643.98913011008,51373.86383751639,0.0,3270.1252925936947,0.0,30383.87323277526,1126.4416147367685,0.0,29257.431618038492,0.0,29257.431618038492,20554.76629871574,11012.882281463433,20904.954886930747
2025-08-03,2025-08-02,2025-06-08,2025-08-02,10111.4914292586,2777.4776012480656,67374.45234644106,64253.7697116332,0.0,3120.6826348078594,12.516060229715094,51606.291471532866,1103.7958508135869,0.0,50502.49562071927,104.19620141237816,50606.69182213166,10655.079692614803,15231.226996227471,6002.953092142252
2025-08-04,2025-08-03,2025-06-09,2025-08-03,2777.4776012480656,3480.2744243060824,80791.02937853782,74793.68175278549,0.0,5997.347625752337,0.0,59962.71327254842,2348.5110566954463,0.0,57614.202215852965,0.0,57614.202215852965,18361.417866827862,14240.231331378356,5256.840134002645
2025-08-05,2025-08-04,2025-06-10,2025-08-04,3480.2744243060824,3172.4709297167,78346.16742209475,74268.20986935351,0.0,4077.9575527412353,0.0,57892.341001650486,1519.8350251662218,0.0,56372.50597648426,0.0,56372.50597648426,17444.26339389245,14406.876494183329,6078.513236311055
2025-08-06,2025-08-05,2025-06-11,2025-08-05,3172.4709297167,3215.104493033089,86426.96215008844,77346.23038482135,0.0,9080.731765267092,0.0,65572.90595148875,3658.9665960285224,0.0,61913.93935546023,0.0,61913.93935546023,17909.935765583436,14468.677763137832,5790.573115709074
2025-08-07,2025-08-06,2025-06-12,2025-08-06,3215.104493033089,3097.1611056079355,87758.29063580686,74408.22583231592,95.65623817523584,13445.721041666167,0.0,62725.19386316674,3849.2333706946065,127.65301333995222,59003.6135058121,0.0,59003.6135058121,18193.487535250784,14842.873952235776,7669.6269993009155
2025-08-08,2025-08-07,2025-06-13,2025-08-07,3097.1611056079355,3317.4377802887398,44068.17579828619,42763.97418215518,0.0,1304.201616131012,0.0,25054.695209848112,606.3552193440642,0.0,24448.33999050405,0.0,24448.33999050405,12997.67081780609,10329.86435521021,24320.9964695593
2025-08-09,2025-08-08,2025-06-14,2025-08-08,3317.4377802887398,9235.475826299727,51427.198709537115,50042.87901429684,0.0,1384.3196952402732,0.0,28697.269053550423,621.032287746685,0.0,28076.236765803733,0.0,28076.236765803733,21300.642443911947,11927.286138158794,21747.59370854369
2025-08-10,2025-08-09,2025-06-15,2025-08-09,9235.475826299727,3710.029675892395,75092.24119028426,66870.54960190685,0.0,8221.691588377409,0.0,57894.898617105486,2960.258069572559,0.0,54934.64054753294,0.0,54934.64054753294,11144.775947472124,14000.170052819016,4421.324657253737
2025-08-11,2025-08-10,2025-06-16,2025-08-10,3710.029675892395,3368.561853106711,79552.99640582854,74383.71499251213,40.73855295152879,5210.019966267937,0.0,56857.6441926768,1475.4585580683456,43.191013839210825,55425.376648447666,0.0,55425.376648447666,18722.616699037182,15472.64056672723,6572.485526868852
2025-08-12,2025-08-11,2025-06-17,2025-08-11,3368.561853106711,2958.8050171828445,85085.12719187656,76221.26363749905,0.0,8863.863554377502,11.215558914212693,62277.97212674584,2750.34125812739,0.0,59527.63086861845,93.67234805150441,59621.303216669956,17151.753406006857,14261.701411197042,5581.883551603455
2025-08-13,2025-08-12,2025-06-18,2025-08-12,2958.8050171828445,3224.320495962983,77880.28894358284,75108.42000997452,0.0,2771.8689336083225,2.838858060819234,56680.82167946646,839.4184350613747,0.0,55841.40324440509,23.342510405086152,55864.74575481018,17876.722348674193,14241.181171523964,5354.738240885115
2025-08-14,2025-08-13,2025-06-19,2025-08-13,3224.320495962983,2834.023467167659,79067.89540927083,75050.22536114133,165.25535796866353,4182.925406098158,13.52000558676616,58498.836805849234,1720.4709150265517,109.67882451884458,56888.04471534152,117.51588856017146,57005.56060390169,19146.982164223915,15860.322878937159,5850.795098108012
2025-08-15,2025-08-14,2025-06-20,2025-08-14,2834.023467167659,2818.867468637304,45080.46214666845,42098.15240774925,0.0,2982.3097389192,0.0,26128.172390823733,1162.854122099871,0.0,24965.31826872386,0.0,24965.31826872386,12864.980711254148,10434.27477479318,22507.719587954947
2025-08-16,2025-08-15,2025-06-21,2025-08-15,2818.867468637304,9798.205232479666,54682.32855876141,50011.675082640315,0.0,4670.6534761210905,0.0,30708.17288476652,1606.9943403325606,0.0,29101.178544433962,0.0,29101.178544433962,21309.73202523589,10979.478952982943,22752.141643720708
2025-08-17,2025-08-16,2025-06-22,2025-08-16,9798.205232479666,2974.115857010539,75674.38330651534,66231.4922384942,0.0,9442.891068021147,20.771928505597202,55732.30777591819,2638.0401269184185,0.0,53094.26764899977,174.7438485533365,53269.0114975531,11332.159594593579,15320.729709543011,7075.440665282566
2025-08-18,2025-08-17,2025-06-23,2025-08-17,2974.115857010539,3020.3542974070974,80415.03575843821,74497.52771482976,0.0,5917.508043608465,30.122045877547976,59139.89633271531,2180.7015800933045,0.0,56959.19475262201,253.03416042013004,57212.228913042134,19196.086425242513,15507.215408089534,6444.663126887661
2025-08-19,2025-08-18,2025-06-24,2025-08-18,3020.3542974070974,2825.2012204357898,78857.30436906757,73005.54936513107,0.0,5851.755003936494,48.61920428780968,58083.959670446384,1908.3445069495817,0.0,56175.61516349681,417.0887915449661,56592.703955041776,17569.061877574204,14406.577890109282,5574.024531953956
2025-08-20,2025-08-19,2025-06-25,2025-08-19,2825.2012204357898,2649.4415318313268,88129.73118652016,78242.66584726292,0.0,9887.06533925725,5.768325076341171,64028.801332132076,3258.3099583266594,0.0,60770.491373805424,49.39416762870944,60819.88554143413,20131.01124939893,16464.30283175716,3931.0346880308284
2025-08-21,2025-08-20,2025-06-26,2025-08-20,2649.4415318313268,2873.642409695837,83868.3170956986,73664.36016324008,0.0,10203.956932458517,0.0,60649.62918528772,3188.841268839178,0.0,57460.78791644855,0.0,57460.78791644855,18126.719996564007,14480.86240713879,4174.084090481529
2025-08-22,2025-08-21,2025-06-27,2025-08-21,2873.642409695837,2587.3524595727135,44327.53633880461,41984.55169260221,0.0,2342.984646202398,0.0,25793.985802745206,890.0266049526658,0.0,24903.959197792545,0.0,24903.959197792545,12908.708819558045,10713.715098952827,18558.988571996997
2025-08-23,2025-08-22,2025-06-28,2025-08-22,2587.3524595727135,10344.826935954194,52106.630249162336,51607.96862432652,72.97907164524729,571.6406964810614,0.0,28093.901438241803,274.77329049138086,71.22492540860306,27890.35307315903,0.0,27890.35307315903,20735.791117485292,9814.263776419755,18156.435133260988
2025-08-24,2025-08-23,2025-06-29,2025-08-23,10344.826935954194,3212.161574825854,70535.87410081936,65423.393414405655,0.0,5112.480686413703,0.0,54729.74901641356,1653.4272450582616,0.0,53076.3217713553,0.0,53076.3217713553,11892.761884680252,16052.535951606507,5849.577997998573
2025-08-25,2025-08-24,2025-06-30,2025-08-24,3212.161574825854,2974.3493217557193,100240.20696785468,79851.83595074479,0.0,20388.371017109886,0.0,73134.45362406092,7406.706676304078,0.0,65727.74694775685,0.0,65727.74694775685,19592.17832417752,16083.695470346915,5570.266080247523
2025-08-26,2025-08-25,2025-07-01,2025-08-25,2974.3493217557193,3296.107904071013,78679.48607606019,74558.2685741598,0.0,4121.217501900392,0.0,58292.726149309834,1612.9707436007536,0.0,56679.755405709075,0.0,56679.755405709075,19124.498258277796,15201.260865121254,5106.21279766991
2025-08-27,2025-08-26,2025-07-02,2025-08-26,3296.107904071013,3303.7668108137855,79748.05068162191,78848.89587548081,1153.9138638892236,2053.0686700303313,0.0,58516.284804346324,679.1438464939234,1210.6817582607969,59047.82271611321,0.0,59047.82271611321,18781.504598722175,15206.12570889647,7359.368118988436
2025-08-28,2025-08-27,2025-07-03,2025-08-27,3303.7668108137855,2861.6950066449344,77733.07018030979,78813.88438881643,1862.5741191150976,781.7599106084527,10.611645050922334,56796.57715315229,363.8127355935784,2259.331451044782,58692.09586860349,89.23862905573137,58781.33449765922,19269.037321501834,16005.784854168454,4793.448583200636
2025-08-29,2025-08-28,2025-07-04,2025-08-28,2861.6950066449344,2595.072994963545,45439.62427957512,43356.77659289806,0.0,2082.847686677056,0.0,25977.37579012319,819.2019986071061,0.0,25158.173791516085,0.0,25158.173791516085,13534.450246348526,11202.864510055559,18469.970506605092
2025-08-30,2025-08-29,2025-07-05,2025-08-29,2595.072994963545,10127.03705814712,53457.03383718713,51224.994258853534,0.0,2232.0395783336,0.0,29546.93543648715,770.3571579536247,0.0,28776.578278533525,0.0,28776.578278533525,21920.698964811374,10976.998504632003,21768.573965340824
2025-08-31,2025-08-30,2025-07-06,2025-08-30,10127.03705814712,2907.5167467573997,68310.60587019319,65441.08426875384,0.0,2869.5216014393463,0.44540697851800815,51832.16883236515,1242.5893746657894,0.0,50589.57945769936,3.7144714973509285,50593.293929196705,13483.934261039989,17419.555031693137,2730.5273630521765
2025-09-01,2025-08-31,2025-07-07,2025-08-31,2907.5167467573997,5806.114502908783,85753.32315736826,69816.32061815483,0.0,15937.002539213423,0.0,54861.84876099932,4697.64015472276,0.0,50164.20860627656,0.0,50164.20860627656,19445.296273471988,13141.95200097607,9938.841812325576
2025-09-02,2025-09-01,2025-07-08,2025-09-01,5806.114502908783,5649.6567464079035,72229.03915806432,67642.56626279706,0.0,4586.472895267256,0.0,47416.644801989045,1486.1951075895047,0.0,45930.44969439954,0.0,45930.44969439954,18154.04142438287,14845.58553460092,10276.354523015107
2025-09-03,2025-09-02,2025-07-09,2025-09-02,5649.6567464079035,5937.998583010827,77460.7745221325,67938.68069561389,0.0,9522.093826518614,0.0,51990.70959742547,2767.603727450048,0.0,49223.105869975414,0.0,49223.105869975414,16624.033129148207,13205.959181667418,8972.8894981331
2025-09-04,2025-09-03,2025-07-10,2025-09-03,5937.998583010827,5370.573198934705,74393.5120048851,66457.98939294984,0.0,7935.522611935249,0.0,50402.62386077619,2628.343113612308,0.0,47774.28074716388,0.0,47774.28074716388,17156.74341499614,14407.64501181539,9783.32543976909
2025-09-05,2025-09-04,2025-07-11,2025-09-04,5370.573198934705,5150.906073447547,39411.213381514324,36418.30682074685,0.0,2992.9065607674684,0.0,20097.928507299035,1199.726643725908,0.0,18898.20186357313,0.0,18898.20186357313,13635.231829697717,11242.238194993592,27201.05151937606
2025-09-06,2025-09-05,2025-07-12,2025-09-05,5150.906073447547,10800.0,48317.156065563875,45744.16471020863,0.0,2572.991355355246,0.0,23187.36306717898,993.8403174256107,0.0,22193.522749753363,0.0,22193.522749753363,19004.949980120007,10309.82495,29327.95598008862
2025-09-07,2025-09-06,2025-07-13,2025-09-06,10800.0,5395.824105018367,64519.220426385466,62025.498566855225,493.8592724636102,2987.5811319938475,0.0,44283.15000340417,1146.6625170816192,342.09365864575045,43478.5811449683,0.0,43478.5811449683,13473.090724441221,15776.96179228086,9368.3860180282
2025-09-08,2025-09-07,2025-07-14,2025-09-07,5395.824105018367,4819.2972832603,74509.38620657321,68531.00756103525,566.4690019379796,6544.84764747594,0.0,48983.194522279504,1759.537339688676,656.722005366513,47880.37918795734,0.0,47880.37918795734,17712.628886453764,14866.103537609808,6288.9126788579615
2025-09-09,2025-09-08,2025-07-15,2025-09-08,4819.2972832603,4642.291251392863,63693.451286302006,63068.42090423105,813.389109121857,1438.4194911928143,0.0,42880.157413340654,454.45050537348936,879.7580743495477,43305.46498231671,0.0,43305.46498231671,18040.540207234735,14772.14299654083,6697.189426870467
2025-09-10,2025-09-09,2025-07-16,2025-09-09,4642.291251392863,4588.92216703219,76678.18310569516,71329.88877128909,278.6962404736751,5626.990574879754,81.32877734201045,50475.27574216174,1774.7793372896535,304.6325817415255,49005.12898661361,427.29045745448326,49432.419444068095,20624.29432516902,16753.710579311508,6224.635152773589
2025-09-11,2025-09-10,2025-07-17,2025-09-10,4588.92216703219,3957.73987100839,74758.68702834715,62812.81827844105,0.0,11945.8687499061,0.0,48804.06963941528,3263.426464193033,0.0,45540.643175222256,0.0,45540.643175222256,18380.118806371232,15455.960299582119,6392.573988318605
2025-09-12,2025-09-11,2025-07-18,2025-09-11,3957.73987100839,4271.3223693873615,36427.190331648,35686.98938994319,0.0,740.2009417048204,0.0,18049.93073209343,366.1381254230449,0.0,17683.792606670384,0.0,17683.792606670384,13423.714528651333,10590.984519666505,21302.60318095836
2025-09-13,2025-09-12,2025-07-19,2025-09-12,4271.3223693873615,10800.0,45013.63904088471,43872.48804182937,0.0,1141.150999055335,0.0,20847.72695072829,466.9187099710052,0.0,20380.808240757287,0.0,20380.808240757287,19925.153343283993,10263.56434050866,26203.797555720703
2025-09-14,2025-09-13,2025-07-20,2025-09-13,10800.0,4193.707321254385,72551.83174421125,62243.304136226405,0.0,10308.52760798484,0.0,49551.346326990446,3483.0366047529214,0.0,46068.30972223752,0.0,46068.30972223752,12379.168448312194,15972.789854003931,5737.600791918146
2025-09-15,2025-09-14,2025-07-21,2025-09-14,4193.707321254385,3372.3540520087763,61635.11708106166,61719.388280725165,266.6404425513948,182.36924288788975,114.9690111111104,41523.71459522424,112.69959852966976,301.3832073872527,41712.39820408183,612.750066152774,42325.148270234604,20087.091733983987,17009.762246848084,3689.9971713670366
2025-09-16,2025-09-15,2025-07-22,2025-09-15,3372.3540520087763,2381.4505510980493,75713.84060669587,66978.49320583191,26.654979950288634,8762.00238081425,0.0,49690.15918673113,2686.88135829597,39.94681874268976,47043.22464717784,0.0,47043.22464717784,18774.21722674909,16098.929104486422,4811.435100235905
2025-09-17,2025-09-16,2025-07-23,2025-09-16,2381.4505510980493,3227.0102679776537,73104.1379084713,68262.03678895417,48.93981573230951,4891.040935249451,7.62916666666672,48031.69767261901,1729.7858768575513,49.63965509728154,46351.55145085874,38.19542291666694,46389.74687377541,21070.013167602607,16305.70692056647,3545.2413085846933
2025-09-18,2025-09-17,2025-07-24,2025-09-17,3227.0102679776537,2326.101496510376,63231.63768450357,67088.70523267292,4454.1294073269,597.0618591575553,0.0,41858.221012204136,217.00243482896005,3306.6318990106843,44947.850476385865,0.0,44947.850476385865,19140.657367213076,16314.750361763145,5306.747110556318
2025-09-19,2025-09-18,2025-07-25,2025-09-18,2326.101496510376,3338.5616537051983,34972.00549195006,34220.435783721325,0.0,751.5697082287363,0.0,16844.326678526755,290.33852626018063,0.0,16553.988152266575,0.0,16553.988152266575,14639.75096380707,10946.984139208385,14426.316642455977
2025-09-20,2025-09-19,2025-07-26,2025-09-19,3338.5616537051983,10800.0,44038.12119260465,43046.859845725216,0.0,991.2613468794316,0.0,19574.55669684038,354.6964192349791,0.0,19219.860277605403,0.0,19219.860277605403,22483.696863988767,11496.499948165583,16414.2291965687
2025-09-21,2025-09-20,2025-07-27,2025-09-20,10800.0,3275.8597666260107,63528.807834801104,59850.11780382601,0.0,3678.6900309750863,0.0,43623.80462903691,1035.8325355794946,0.0,42587.972093457414,0.0,42587.972093457414,11197.505385262892,15841.705572099534,6206.8305073293195
2025-09-22,2025-09-21,2025-07-28,2025-09-21,3275.8597666260107,3306.8636038017344,74297.29672374202,66236.5952221748,200.0723628551321,8260.773864422343,19.555900000000065,48727.7218901659,2573.3785515483946,325.0890257236714,46479.43236434118,128.01369518333377,46607.44605952451,20980.528977871392,16966.32501861768,1627.9272795877635
2025-09-23,2025-09-22,2025-07-29,2025-09-22,3306.8636038017344,2620.3240002978223,71912.85720959614,67690.43227924213,64.07771668856242,4286.502647042584,16.609366666666915,47245.784951115915,1244.3550315326715,110.10419492833188,46111.53411451158,110.35257885000166,46221.88669336158,20616.269265977448,17317.063748595247,2291.2205451932664
2025-09-24,2025-09-23,2025-07-30,2025-09-23,2620.3240002978223,2898.0042618482503,62365.571100039466,66875.18631059318,4510.608120538566,0.9929099848325222,0.0,41297.942891501996,0.6740865887027992,3914.9110691391325,45212.179874052425,0.0,45212.179874052425,20917.53033270074,16693.287334092223,1587.7182119846711
2025-09-25,2025-09-24,2025-07-31,2025-09-24,2898.0042618482503,1810.2693560567814,67319.27139572418,67815.83946502575,2721.773305527305,2225.2052362257136,15.37166666666667,44219.57988922016,495.6179440443276,2429.8902194896455,46153.85216466547,106.25664583333337,46260.1088104988,18323.416010916793,15820.928384054929,4993.27460483056
2025-09-26,2025-09-25,2025-08-01,2025-09-25,1810.2693560567814,3075.2034567835753,35265.20023036215,34009.04390331883,0.0,1256.1563270433153,0.0,16063.320590757996,419.9617819600189,0.0,15643.358808797977,0.0,15643.358808797977,15742.095579384388,11612.656728647242,12185.361552581691
2025-09-27,2025-09-26,2025-08-02,2025-09-26,3075.2034567835753,10508.170836753543,41864.38483476722,42508.0123410536,643.6275062863826,0.0,0.0,18653.36476844279,0.0,698.0723922831688,19351.437160725956,0.0,19351.437160725956,23314.343388490077,12194.947502703992,13587.31420526752
2025-09-28,2025-09-27,2025-08-03,2025-09-27,10508.170836753543,4224.9982895275025,62116.478957489206,63808.99560875463,3390.048820905217,1697.5321696397928,5.868333333333453,42387.91928850785,438.26064806348,3537.8244109324255,45487.483051376796,40.07191416666748,45527.554965543466,13600.254438208503,16671.061387452326,3398.041724665117
2025-09-29,2025-09-28,2025-08-04,2025-09-28,4224.9982895275025,3843.4441531095904,71610.48085424927,67235.98746128914,187.69409747402926,4562.187490434157,26.015016666666952,47111.756874479484,1381.3140033111017,342.78431334992615,46073.22718451831,142.85538336666838,46216.08256788498,21699.90864543674,17920.324725579885,722.5269580989586
2025-09-30,2025-09-29,2025-08-05,2025-09-29,3843.4441531095904,3466.213775471278,69742.7023254338,71141.18816979624,1575.5076880749848,177.02184371253963,0.0,46545.38957315924,80.10629572178682,2105.9672237329683,48571.25050117042,0.0,48571.25050117042,21163.86945607697,17482.241599296824,2037.3855463494226
2025-10-01,2025-09-30,2025-08-06,2025-09-30,3466.213775471278,4730.683420418627,65549.71867325551,61327.970145331485,94.8408422564138,4316.589370180436,0.0,40856.44941792959,808.8071358002885,153.92618044143205,40201.568462570736,0.0,40201.568462570736,20705.976982637712,15633.81867548393,6594.290304844375
2025-10-02,2025-10-01,2025-08-07,2025-10-01,4730.683420418627,4255.752264791048,70037.84593332773,60199.18037203126,136.32687027826387,9974.992431574727,0.0,44232.108626919806,2890.83479494371,189.57950083933082,41530.85333281543,0.0,41530.85333281543,18764.17988567737,15626.42374746349,5330.641117150717
2025-10-03,2025-10-02,2025-08-08,2025-10-02,4255.752264791048,4642.565478530525,29628.64044018416,29980.07360685356,351.43316666939927,0.0,0.0,12737.856308129452,0.0,329.5370158368454,13067.393323966297,0.0,13067.393323966297,13800.537343144522,10830.303355581531,19192.68591929057
2025-10-04,2025-10-03,2025-08-09,2025-10-03,4642.565478530525,10800.0,40521.311999074445,40236.180647581765,54.204283598907864,339.33563509159285,0.0,17120.43578646747,107.04364939944904,80.62300866985919,17094.01514573788,0.0,17094.01514573788,20858.031215529485,11353.314215256356,17635.481213975305
2025-10-05,2025-10-04,2025-08-10,2025-10-04,10800.0,6600.2683292060265,65585.63626977366,56193.19726486799,503.71358437189826,9896.15258927757,0.0,42040.42317421045,2481.576588616521,711.8789924848195,40270.72557807875,0.0,40270.72557807875,14800.592421575939,15768.238365191086,2424.8821418164744
2025-10-06,2025-10-05,2025-08-11,2025-10-05,6600.2683292060265,4990.810629540008,57859.57451402348,60441.151619156924,2582.582490819265,1.0053856858255585,0.0,38946.4536271073,0.22078269660729263,2372.714931033241,41318.94777544394,0.0,41318.94777544394,17957.840176574486,15994.362472724748,744.5646653071847
2025-10-07,2025-10-06,2025-08-12,2025-10-06,4990.810629540008,5964.367571580033,65285.2150757443,65257.55759166302,1924.29499639514,1951.9524804764162,0.0,41403.42564324739,391.47579879315776,2400.3832948747404,43412.333139328985,0.0,43412.333139328985,20373.95554162343,15626.702740878962,2738.741790918555
2025-10-08,2025-10-07,2025-08-13,2025-10-07,5964.367571580033,4938.408922636033,60658.38937897829,60351.13243573772,678.2997593624686,985.5567026030319,0.0,38673.11937165704,242.73270684858386,1002.2096021582859,39432.59626696674,0.0,39432.59626696674,19316.09516968191,16569.39987149195,1125.9414708810955
2025-10-09,2025-10-08,2025-08-14,2025-10-08,4938.408922636033,2764.9966904402145,69236.01727996545,58193.65244102004,338.6248344203279,11380.989673365733,0.0,44138.33651879971,3218.6448082317474,560.2367531778301,41479.9284637458,0.0,41479.9284637458,18233.263306836692,16725.014287513957,925.4217383639749
2025-10-10,2025-10-09,2025-08-15,2025-10-09,2764.9966904402145,5477.481422348261,34180.67337392102,34094.96099333603,368.48608793204795,454.19846851703153,0.0,14045.13434941995,141.70432265165638,556.4601080784522,14459.890134846748,0.0,14459.890134846748,17970.218974921383,12114.641110969085,18895.772212717075
2025-10-11,2025-10-10,2025-08-16,2025-10-10,5477.481422348261,10798.901666666667,38558.657855607555,38595.7844315917,125.0932672127023,87.9666912285593,0.0,15765.611892191913,24.07208654403569,181.10832472599404,15922.648130373871,0.0,15922.648130373871,21034.154036883338,12248.38654998894,15703.703361363969
2025-10-12,2025-10-11,2025-08-17,2025-10-11,10798.901666666667,7431.199291343787,61933.6771110631,60614.807539384536,833.3651704355593,2152.234742114128,20.92993333333345,39237.86923271617,478.9450143873455,1369.6238242563538,40128.54804258518,105.12059016666726,40233.66863275185,16770.527633058005,16615.05952056758,1965.3133768941063
2025-10-13,2025-10-12,2025-08-18,2025-10-12,7431.199291343787,4730.413877732838,64661.56544613378,58541.72097786619,1006.4529311811701,7126.297399448758,0.0,41281.33817661919,1837.6889942119383,1356.5772365203604,40800.22641892762,0.0,40800.22641892762,17513.687110555697,16616.793431799975,617.4319991104713
2025-10-14,2025-10-13,2025-08-19,2025-10-13,4730.413877732838,4556.350940791204,70553.47032751907,66058.77993995,834.671385351781,5329.361772920836,0.0,45136.414547755674,1453.0618233304044,1112.9731647163767,44796.32588914165,0.0,44796.32588914165,20540.758457355958,16794.670993705797,1538.8631929665175
2025-10-15,2025-10-14,2025-08-20,2025-10-14,4556.350940791204,5263.28836073179,74101.36019045422,67807.28164571038,235.8434631845697,6529.922007928406,0.0,46410.88354855846,2100.2299830065886,431.9623362334431,44742.615901785306,0.0,44742.615901785306,22626.510653998346,17691.229951792135,951.9772935041618
2025-10-16,2025-10-15,2025-08-21,2025-10-15,5263.28836073179,1852.2581853838853,65385.682019001724,63948.56094985504,1428.1967503941355,2865.3178195408163,0.0,42718.894950620816,868.7831762326348,2025.0018374289693,43875.11361181715,0.0,43875.11361181715,18262.80357933353,17862.798057073265,582.0824775947779
2025-10-17,2025-10-16,2025-08-22,2025-10-16,1852.2581853838853,3626.0635344400785,32231.910988860152,33478.90200350927,1246.9910146491238,0.0,0.0,12942.731997963987,0.0,1272.089811571135,14214.821809535122,0.0,14214.821809535122,17640.56122294485,12692.429776434758,12526.571240332518
2025-10-18,2025-10-17,2025-08-23,2025-10-17,3626.0635344400785,10781.660788877547,40297.58267346164,39641.177846163475,286.7929817192521,943.1978090174186,0.0,16296.77025892053,291.4003556125907,321.2155907972332,16326.585494105173,0.0,16326.585494105173,23256.53625376032,12397.75683655214,12705.805162288623
2025-10-19,2025-10-18,2025-08-24,2025-10-18,10781.660788877547,7237.081444744235,67795.95177770808,64725.356796813736,335.4760535725144,3406.0710344668564,0.0,44445.54081839135,1025.0357409677872,620.2428005403152,44040.74787796388,0.0,44040.74787796388,18244.852642274986,17968.452049962725,563.2336711681356
2025-10-20,2025-10-19,2025-08-25,2025-10-19,7237.081444744235,5186.818379899813,73643.47599802862,68209.36865737474,159.08319485593063,5593.190535509815,0.0,48267.11293703204,2116.0433206324033,273.0497030644019,46424.119319464044,0.0,46424.119319464044,19609.6323720797,17729.038979744546,1887.9928983729167
2025-10-21,2025-10-20,2025-08-26,2025-10-20,5186.818379899813,6772.183000798949,76337.41465643354,73844.09343524942,562.0640500919101,3055.3852712760277,0.0,49140.33473636837,1170.6958354437982,865.4941798040475,48835.13308072862,0.0,48835.13308072862,23629.976401198783,17713.45272616179,1464.9884102124324
2025-10-22,2025-10-21,2025-08-27,2025-10-21,6772.183000798949,6926.511329481483,71348.864914757,70746.57030668043,358.1316400692741,960.4262481458395,239.34373350693167,45794.39006091797,319.5606587402013,609.6310718803843,46084.460474058156,1512.3890241735144,47596.84949823166,22165.986636778514,17815.553679976325,1080.5843833851723
2025-10-23,2025-10-22,2025-08-28,2025-10-22,6926.511329481483,1240.645708740205,75439.33177799726,62052.31151460322,871.4168713238134,14258.437134717844,0.0,49675.43671523219,4804.321784358763,1299.8028090299242,46170.91773990335,0.0,46170.91773990335,16494.350860247185,18477.70325546737,656.1668764900812
2025-10-24,2025-10-23,2025-08-29,2025-10-23,1240.645708740205,2657.899097944337,33698.50617635176,34280.48547891957,581.9793025678042,0.0,301.36754493695975,13654.25596903645,0.0,641.5261439881301,14295.78211302458,1351.9371762602855,15647.719289284865,18515.809905591435,13722.277973245344,11368.270374843767
2025-10-25,2025-10-24,2025-08-30,2025-10-24,2657.899097944337,10059.366428155296,40711.272524046755,41167.19405300641,459.17477134844387,3.253242388790113,201.78159270493643,15931.182528789688,0.8475584720950083,536.9421949902386,16467.27716530783,874.5232303021439,17341.800395609975,24664.900546192308,13317.24884522591,10622.891211411614
2025-10-26,2025-10-25,2025-08-31,2025-10-25,10059.366428155296,7267.842407059225,72942.46367778355,66274.16215759315,587.8699971175848,7256.17151730799,0.0,47626.8212147668,2523.5854368962023,983.6169743807455,46086.85275225135,0.0,46086.85275225135,18390.361526250643,17408.56445524949,748.0530699253255
2025-10-27,2025-10-26,2025-09-01,2025-10-26,7267.842407059225,6344.790867351647,68790.12238264339,69885.71841989405,2903.0279268441973,1807.431889593533,17.02606622260339,44274.67471898344,362.83854782060456,2938.6086973409106,46850.44486850375,89.01119464506678,46939.456063148806,20951.105954462353,17801.142208851328,3200.199073838954
2025-10-28,2025-10-27,2025-09-02,2025-10-27,6344.790867351647,7850.943741012228,71305.11427663945,72957.32500530318,2357.2019027064293,704.9911740426996,38.9704740847759,45692.70153153063,170.35867613910793,2811.3765281759815,48333.7193835675,250.66574995631845,48584.385133523814,22595.684229363393,16946.96663948983,1375.1561895143973
2025-10-29,2025-10-28,2025-09-03,2025-10-28,7850.943741012228,7129.289687302265,77065.89506061055,74328.7732879995,613.6602875844135,3350.782060195456,295.1704479454238,50506.29082976551,1195.438259637978,1002.2282746584299,50313.08084478596,1823.5080344996463,52136.588879285606,21844.04526428358,18343.165312408666,1810.8069840700214
2025-10-30,2025-10-29,2025-09-04,2025-10-29,7129.289687302265,1203.6726405,62405.81925507567,63099.38212527334,1711.257090668771,1017.6942204710986,246.2179283122478,42293.61952692937,387.5403971758261,2222.539953322972,44128.61908307651,955.3842662590101,45084.00334933552,15681.23398742157,18034.85487193351,911.4032880975286
2025-10-31,2025-10-30,2025-09-05,2025-10-30,1203.6726405,5730.186541234204,39576.34527598765,38799.62210976188,45.558096546326624,822.2812627721008,177.2235021883292,16251.498002760882,255.10578847248627,54.309262929013826,16050.70147721741,720.5112435067083,16771.21272072412,22169.75562793216,13883.639547964272,6786.437465315653
2025-11-01,2025-10-31,2025-09-06,2025-10-31,5730.186541234204,10278.743258447192,38671.619022586136,38821.03100492268,182.2530671602895,32.84108482374486,0.0,15333.008615261117,9.309657543053243,212.2677992275627,15535.966756945625,0.0,15535.966756945625,22010.808242584208,13735.053631001523,8001.237960006665
2025-11-02,2025-11-01,2025-09-07,2025-11-01,10278.743258447192,7277.942255021686,72185.57203061425,71859.5984499201,2300.8743591663033,2626.847939860436,302.1066051121364,48448.46901223692,1006.2266144408143,2479.190940973507,49921.43333876961,1884.2511547221238,51805.68449349173,19391.57210523009,18407.894308319337,2381.643324788148
2025-11-03,2025-11-02,2025-09-08,2025-11-02,7277.942255021686,7390.014693663891,80800.67101688948,75660.45741787215,183.59318267649383,5323.806781693813,0.0,53545.889328642625,2026.7019326544091,328.01110870179366,51847.19850469001,0.0,51847.19850469001,22691.96302530891,18279.62485572224,1743.1889649521595
2025-11-04,2025-11-03,2025-09-09,2025-11-03,7390.014693663891,7118.48341889448,74534.13220985906,72680.51412939235,509.02537061337813,2362.6434510800827,401.16084298718704,48835.86463580736,594.5149454228008,748.410584485905,48989.76027487047,2477.7039259131197,51467.46420078359,21114.2984054412,17346.95985569984,1734.264389304843
2025-11-05,2025-11-04,2025-09-10,2025-11-04,7118.48341889448,8064.269258544404,84159.89721678392,76559.71499299756,119.08291788956637,7719.265141675922,0.0,56224.95305759755,2942.5409515392153,202.66116530819107,53485.07327136652,0.0,53485.07327136652,24110.55319811854,18678.340834791088,1449.482563003431
2025-11-06,2025-11-05,2025-09-11,2025-11-05,8064.269258544404,1257.3728724619925,70280.89874990951,70279.62074205368,1051.8363889729835,1053.1143968288122,192.6119408223068,48849.30396547382,378.0144476684709,1486.287200513384,49957.57671831873,685.8087576664204,50643.38547598515,15274.911428039082,18498.885004185824,2326.621709022733
2025-11-07,2025-11-06,2025-09-12,2025-11-06,1257.3728724619925,5887.393649271824,39774.552811914655,40263.99086406829,489.4380521536368,0.0,0.0,15919.26667107858,0.0,561.4708014476516,16480.737472526227,0.0,16480.737472526227,23296.616713203817,14703.240838566246,8352.15320609739
2025-11-08,2025-11-07,2025-09-13,2025-11-07,5887.393649271824,10274.779202613594,39962.87679879948,40075.63333562683,113.00403215719942,0.24749532984787947,0.0,16230.778747368877,0.03992099670446296,112.7938884981736,16343.532714870345,0.0,16343.532714870345,22213.80048564475,14044.53139536466,8115.157145346737
2025-11-09,2025-11-08,2025-09-14,2025-11-08,10274.779202613594,6468.068664353093,76126.12340550098,72968.83697556349,331.12824143014296,3488.414671367632,0.0,52160.651012920476,1348.1495676495013,501.4428964330119,51313.94434170399,0.0,51313.94434170399,19076.552916129353,18878.047346499232,1423.5142226000357
2025-11-10,2025-11-09,2025-09-15,2025-11-09,6468.068664353093,8007.7891604999995,82921.89093574102,82206.90888082907,2167.0330537086056,2882.015108620547,99.25277726179479,56188.48167843969,1241.8396769256115,2673.4501725715363,57620.092174085614,565.3076018426746,58185.399775928294,24649.62123998925,18580.44475785908,2378.542075960691
2025-11-11,2025-11-10,2025-09-16,2025-11-10,8007.7891604999995,7273.041416881578,82498.5716035048,77043.24797220613,82.63870520573357,5537.962336504412,0.0,56257.747154981495,2265.847453261885,146.65028254421634,54138.549984263824,0.0,54138.549984263824,21485.346278436115,18064.403454789834,2063.2854818931705
2025-11-12,2025-11-11,2025-09-17,2025-11-11,7273.041416881578,6625.225705389935,79304.443017587,77142.7830311613,980.2432531259063,3141.9032395515987,8.117044167563108,53126.5991050202,1099.0908711935203,1142.5287802809974,53170.03701410767,41.766250764195966,53211.80326487187,21979.91837916409,18386.76802746539,2601.761973630165
2025-11-13,2025-11-12,2025-09-18,2025-11-12,6625.225705389935,1500.216323029366,71732.468286981,71590.4902786959,2075.625930825416,2217.6039391105164,36.72810872499406,50199.735755081536,769.0032601724589,2809.5756398604635,52240.30813476954,239.1550799627988,52479.46321473234,16715.573494159682,18152.12297439386,667.8965509884121
2025-11-14,2025-11-13,2025-09-19,2025-11-13,1500.216323029366,5379.473909043865,39816.193861009895,39673.991349354095,0.0,142.20251165580203,0.0,16368.054358781364,49.09973166435805,0.0,16318.954627117006,0.0,16318.954627117006,21839.10108096492,14198.340048168542,4434.775016557716
2025-11-15,2025-11-14,2025-09-20,2025-11-14,5379.473909043865,10286.703842694153,45211.62321370984,42356.113327032,26.382284464112615,2881.8921711419543,0.0,18648.196637122855,515.9680376950417,32.05274773254398,18164.281347160355,0.0,18164.281347160355,23572.397788773418,14677.135268621209,5248.963890213119
2025-11-16,2025-11-15,2025-09-21,2025-11-15,10286.703842694153,8043.235675212549,77826.39212258984,78131.1417481254,1653.3592888399166,1348.6096633043344,0.0,53523.809922677596,394.4862860356514,2425.01121424027,55554.33485088222,0.0,55554.33485088222,19783.344564700135,18043.63044814056,1956.8832482325047
2025-11-17,2025-11-16,2025-09-22,2025-11-16,8043.235675212549,7408.361320815022,76636.18894563489,79469.75990619387,3354.561073087977,520.9901125289962,0.0,52216.193619748694,193.79143028023395,3774.513523624524,55796.91571309298,0.0,55796.91571309298,21755.767242762944,18193.55838559576,3211.7967156933496
2025-11-18,2025-11-17,2025-09-23,2025-11-17,7408.361320815022,6851.321575219674,80459.09546689998,79814.9782656794,27.240371822642942,671.3575730432127,0.0,55689.3580830005,317.7318399906128,41.171334779607605,55412.79757778949,0.0,55412.79757778949,22374.832875494423,18624.950400186295,1174.5439570379444
2025-11-19,2025-11-18,2025-09-24,2025-11-18,6851.321575219674,7117.707700943128,80920.2032083293,82775.31534082827,3727.0508760356743,1871.9387435367066,0.0,56162.61596350488,631.7150335945496,4664.218754965157,60195.119684875484,0.0,60195.119684875484,22627.521740770495,18088.545096872993,2868.027096930768
2025-11-20,2025-11-19,2025-09-25,2025-11-19,7117.707700943128,1459.2133939740074,74001.93336159954,74893.49225654559,1119.641208977371,228.08231403132424,0.0,51847.61383269144,83.08281230096475,1477.8468434808979,53242.37786387137,0.0,53242.37786387137,17083.866706583263,18930.57690860465,1947.1264252336432
2025-11-21,2025-11-20,2025-09-26,2025-11-20,1459.2133939740074,6965.165249557344,42471.167320495275,43182.75903345212,711.5917129568484,0.0,0.0,17602.35599204315,0.0,494.20210508913215,18096.558097132278,0.0,18096.558097132278,23942.725234821086,14438.25077018008,4813.900502144447
2025-11-22,2025-11-21,2025-09-27,2025-11-21,6965.165249557344,10387.905727221229,45633.53979060157,41854.11553917503,53.113880025708625,3832.5381314522538,0.0,18925.79414130496,628.0847545617212,67.753003393201,18365.46239013644,0.0,18365.46239013644,22300.78885048764,14983.17253899749,4316.669744351547
2025-11-23,2025-11-22,2025-09-28,2025-11-22,10387.905727221229,7411.874533439655,77973.6684755153,78282.23953591769,2305.148742523092,1996.5776821207032,0.0,54389.855819192235,640.5256422693415,3138.522044257061,56887.85222117996,0.0,56887.85222117996,18564.894621485873,17715.992717806977,2201.241348905462
2025-11-24,2025-11-23,2025-09-29,2025-11-23,7411.874533439655,6387.466708228897,79277.76495087816,78838.79520020862,573.2185773509138,1012.1883280204322,1.3027433546174052,54493.68294981178,343.1604339565828,744.1514680113646,54894.67398386656,6.882393142443751,54901.55637700901,21586.100846070898,18406.708728007114,1498.7621254994715
2025-11-25,2025-11-24,2025-09-30,2025-11-24,6387.466708228897,5930.438514350045,90674.54709474566,81940.31593227899,4.283926856109019,8738.515089322795,0.0,63886.60515443891,3599.902150504944,6.556978445960465,60293.25998237993,0.0,60293.25998237993,21409.13997326781,17752.728752837902,2115.2442451824063
2025-11-26,2025-11-25,2025-10-01,2025-11-25,5930.438514350045,8147.921364269032,88584.72971404865,86146.2297803559,778.7620209070515,3217.261954599802,15.604814999999917,61313.78643456189,1331.547940823962,974.2560603900195,60956.494554127945,84.06313840499955,61040.557692532944,25001.205532229356,18255.241916178697,2658.204095971906
2025-11-27,2025-11-26,2025-10-02,2025-11-26,8147.921364269032,1689.590838717679,76394.68104989998,75069.57443952133,922.681394626261,2247.7880050049107,0.0,55532.043425191805,765.5541012079563,1167.8179569389847,55934.307280922825,0.0,55934.307280922825,14374.850329763938,17456.126240105015,2369.957616529071
2025-11-28,2025-11-27,2025-10-03,2025-11-27,1689.590838717679,6361.880355080336,43054.91090484044,43371.07967981248,590.4867992366592,274.3180242646214,0.0,17606.230509785353,79.00931398341199,281.2513663280762,17808.472562130017,0.0,17808.472562130017,24128.776479492804,15339.248383662787,3660.3130339824606
2025-11-29,2025-11-28,2025-10-04,2025-11-28,6361.880355080336,10417.273218083688,53421.87161039771,45665.93767818506,0.0,7755.933932212645,0.0,22111.97746428904,1644.3560068367092,0.0,20467.621457452333,0.0,20467.621457452333,23084.18280114227,15048.334492222222,2700.6392692650143
2025-11-30,2025-11-29,2025-10-05,2025-11-29,10417.273218083688,8804.726546644486,85389.88748027052,84911.89384977605,1247.137150693698,1725.1307811881686,0.0,60692.116057143474,610.9531126377385,1796.4005438436504,61877.56348834939,0.0,61877.56348834939,20759.408083348113,18266.412551807254,2174.070201568532
2025-12-01,2025-11-30,2025-10-06,2025-11-30,8804.726546644486,8006.0577025314715,88968.03358095058,90738.46706960633,2465.18999568822,694.756507032474,872.2436115234314,67885.02709867433,278.65942129138955,4334.756788573262,71941.1244659562,5650.129121539296,77591.2535874955,21737.343437215415,18326.05014384619,1900.4896544271905
2025-12-02,2025-12-01,2025-10-07,2025-12-01,8006.0577025314715,6207.116187839657,91263.10182615159,92741.22453387681,3530.7863714101186,2052.663663684887,483.12990814840947,71028.27692751492,901.4941868225684,6400.801849260788,76527.58458995313,3027.6766851536017,79555.26127510675,21244.96487968666,18827.468915768823,2169.048528107391
2025-12-03,2025-12-02,2025-10-08,2025-12-02,6207.116187839657,7216.437574911682,84612.25987347035,94800.72049749547,10188.460624025127,0.0,68.30803545043068,63184.06567062822,0.0,15568.86087638561,78752.92654701382,467.25361536290296,79220.18016237672,24443.837985943792,18891.119520249653,2153.5615005850827
2025-12-04,2025-12-03,2025-10-09,2025-12-03,7216.437574911682,2154.4827080746227,85047.83529009813,86468.04510704888,4237.353511456131,2817.1436945053892,619.5410847178744,67341.08628534444,1414.1845558812379,7331.878423561622,73258.78015302483,3972.0412017030612,77230.82135472789,16831.508944552636,18189.281625240998,1674.150122455107
2025-12-05,2025-12-04,2025-10-10,2025-12-04,2154.4827080746227,7685.833590371125,49736.77209813381,52499.870750037546,3504.428157472581,741.3295055688568,480.7344279285143,21583.47964065968,146.09171152558633,3962.7189793704656,25400.10690850456,2344.085016784421,27744.19192528898,26147.989657072674,16201.655828162013,1722.6436657220647
2025-12-06,2025-12-05,2025-10-11,2025-12-05,7685.833590371125,10800.0,50242.24999667269,52338.09114224136,2695.7318534708565,599.8907079021797,0.0,22772.061210660773,153.48851841636514,3453.924466021148,26072.497158265556,0.0,26072.497158265556,23913.668003359322,16567.321314055065,1327.113636270446
2025-12-07,2025-12-06,2025-10-12,2025-12-06,10800.0,9803.118462703522,93350.90902166667,92451.30542257772,2294.0356548917416,3193.639253980687,138.07956804353347,72331.95601485582,1398.4456051278282,3880.2964281032423,74813.80683783125,930.4651972880358,75744.27203511927,21964.787760811807,18688.671469824396,1660.5874496338406
2025-12-08,2025-12-07,2025-10-13,2025-12-07,9803.118462703522,8492.61888140727,95740.46835608387,93554.30248126181,718.8592444842609,2905.0251193063314,0.0,73446.48304544446,1135.9330241660398,1135.6136984167379,73446.16371969515,0.0,73446.16371969515,21627.683967551573,18697.8736368834,2777.281033926967
2025-12-09,2025-12-08,2025-10-14,2025-12-08,8492.61888140727,8226.121638144296,96200.96865541855,93249.03244203137,586.2353621346091,3538.171575521783,67.89246184183776,72412.91068440699,1588.997309630876,1011.3249061436361,71835.23828091976,501.99584255502236,72337.23412347477,23783.727661762572,19504.66692496436,1649.4099004083214
2025-12-10,2025-12-09,2025-10-15,2025-12-09,8226.121638144296,8384.188648230122,92628.29396761744,95057.81487392899,2595.1885607309387,165.66765441938674,10.014505865066212,69630.29361115475,76.70298230636106,3765.7039249200902,73319.29455376849,73.5214948083836,73392.81604857687,24800.784824899878,19946.37539909166,1825.8014873191837
2025-12-11,2025-12-10,2025-10-16,2025-12-10,8384.188648230122,1913.3959434051303,88495.37570981288,84561.90196810671,340.560169313165,4274.033911019333,0.0,68652.43250410183,1903.601336498884,524.5223230693634,67273.3534906723,0.0,67273.3534906723,15505.22348861484,18382.94446012053,1478.3682396124127
2025-12-12,2025-12-11,2025-10-17,2025-12-11,1913.3959434051303,9282.120022073279,57111.29625378854,58099.70072741342,1891.7006705743709,903.2961969494859,0.0,25046.03748241761,233.42063557869017,1865.0857280700275,26677.702574908948,0.0,26677.702574908948,28542.716110371395,16487.748378599495,2330.319512308196
2025-12-13,2025-12-12,2025-10-18,2025-12-12,9282.120022073279,10709.022506346997,51816.14937158525,51158.81997348601,892.7298172738525,1550.0592153730859,0.0,23642.876209999275,443.1842701268455,958.8396149373909,24158.531554809822,0.0,24158.531554809822,22304.824352571897,16782.695489736885,1838.1577273176695
2025-12-14,2025-12-13,2025-10-19,2025-12-13,10709.022506346997,9922.162438365414,90696.99834992994,94476.24964672097,3779.2512967910366,0.0,282.06131976853374,68698.95772658882,0.0,5524.895348223601,74223.85307481242,1961.8775096500362,76185.73058446246,22811.33454208273,19185.355040270442,2353.6096646772235
2025-12-15,2025-12-14,2025-10-20,2025-12-14,9922.162438365414,9049.492719296275,92812.92660477918,95363.68521266672,2572.535159395485,21.776551507921567,0.0,70205.40490776129,9.476152659948806,3980.843441593927,74176.77219669527,0.0,74176.77219669527,21924.527625130857,18544.270123518218,2513.8697443874253
2025-12-16,2025-12-15,2025-10-21,2025-12-15,9049.492719296275,9022.639060764637,99316.10683069962,96020.3480353418,92.07119587132439,3387.829991229149,0.0,75903.23211133335,1678.048758503405,169.78037753671225,74394.96373036667,0.0,74394.96373036667,23007.382126300796,18660.14781498212,2255.0223906897804
2025-12-17,2025-12-16,2025-10-22,2025-12-16,9022.639060764637,7487.806450116405,98127.84450970597,92856.62193140536,98.65557201734214,5369.878150317942,9.096534792847024,75135.10439410858,2667.341851856523,179.3630276656628,72647.12556991773,65.57540155200175,72712.70097146972,22554.71945391676,19650.672107255985,1769.824052870768
2025-12-18,2025-12-17,2025-10-23,2025-12-17,7487.806450116405,2567.3921811040004,89541.61562598177,88791.86016191589,391.49716022635704,1141.2526242922422,0.0,69126.02362915862,467.8809796141007,564.1817768337984,69222.32442637833,0.0,69222.32442637833,18604.38098404117,19497.92143918451,2319.133650392559
2025-12-19,2025-12-18,2025-10-24,2025-12-18,2567.3921811040004,9012.00384214962,56502.8702390614,55788.18874639091,1094.3568835302858,1809.038376200774,0.0,25334.076826556233,512.9482215504929,810.3242077804798,25631.45281278622,0.0,25631.45281278622,27361.740969370614,16362.85969024914,1880.916167269436
2025-12-20,2025-12-19,2025-10-25,2025-12-19,9012.00384214962,10681.399364759469,54138.79788158272,50150.83992358298,13.520828463709165,4001.4787864634545,0.0,24671.87116077116,1130.0605037103708,16.553672654658072,23558.36432971545,0.0,23558.36432971545,22596.06615413162,16800.357614497745,1498.7791339491014
2025-12-21,2025-12-20,2025-10-26,2025-12-20,10681.399364759469,9786.436421888218,97350.52500526726,95863.55951977667,641.6596965342237,2128.6251820248167,1.6724675383427439,74065.23904868269,1035.211822036544,995.4892829602186,74025.51650960636,11.759955495857003,74037.27646510222,23084.63480396189,19504.020839793262,3246.8361564797133
2025-12-22,2025-12-21,2025-10-27,2025-12-21,9786.436421888218,6625.216864591302,94305.52992179088,92355.59171467411,0.0,1949.9382071167638,0.0,73194.99929717736,1053.0511868045514,0.0,72141.94811037282,0.0,72141.94811037282,20053.490815726054,19088.42516230533,2453.0989779200445
2025-12-23,2025-12-22,2025-10-28,2025-12-22,6625.216864591302,9753.910594871644,103716.75941323189,97883.6887577881,0.0,5833.07065544379,0.0,77758.2110333163,2887.7281541788825,0.0,74870.48287913742,0.0,74870.48287913742,27393.20261874461,19372.669763930826,2605.063369640977
2025-12-24,2025-12-23,2025-10-29,2025-12-23,9753.910594871644,8895.14239770304,98059.85955403151,93984.97946622274,0.0,4074.8800878087645,28.68604140810305,74469.12500546366,2010.2685431774657,0.0,72458.8564622862,221.735268868227,72680.59173115442,22370.345026934832,18892.87084926896,2681.6320132983046
2025-12-25,2025-12-24,2025-10-30,2025-12-24,8895.14239770304,2423.670288608058,88008.82955243558,88082.70647797774,910.8296757369087,836.9527501947551,0.0,68385.56076484246,477.9072855182308,1208.5377270916933,69116.19120641594,0.0,69116.19120641594,16619.290339531282,19285.95007320582,2936.9176783189378
2025-12-26,2025-12-25,2025-10-31,2025-12-25,2423.670288608058,10792.811077638913,60002.21908697183,57864.17982305311,142.9757363246664,2281.0150002433975,0.0,26711.99390512032,560.8685915219709,182.99863216672478,26334.123945765074,0.0,26334.123945765074,29118.002215872126,16053.35508472865,1791.9102585762985
2025-12-27,2025-12-26,2025-11-01,2025-12-26,10792.811077638913,10701.36055601627,52790.27608391972,49682.1667712832,0.0,3108.109312636525,0.0,23783.873228712713,863.7096560434345,0.0,22920.163572669277,0.0,22920.163572669277,20106.19463170676,16368.323121142857,2605.4861940526293
2025-12-28,2025-12-27,2025-11-02,2025-12-27,10701.36055601627,9233.502578174592,96578.76639409715,92867.72080480555,0.0,3711.0455892915916,0.0,72862.58382423095,1787.9449674217649,0.0,71074.6388568092,0.0,71074.6388568092,21462.083112671316,18705.359501321283,3301.7424434555182
2025-12-29,2025-12-28,2025-11-03,2025-12-28,9233.502578174592,7426.977764359996,95883.08072723399,94303.57994469325,254.59263566648178,1834.093418207211,0.0,72105.68703790367,837.2781843076915,258.62351756912165,71527.03237116509,0.0,71527.03237116509,21095.02102246793,18712.83936063216,4397.63201619082
2025-12-30,2025-12-29,2025-11-04,2025-12-29,7426.977764359996,9054.518118668324,100674.20208952457,95986.3547744175,0.0,4687.847315107052,0.0,74249.02563033446,2115.331509167796,0.0,72133.69412116669,0.0,72133.69412116669,24872.862152719506,18682.232024825298,3571.3220465232966
2025-12-31,2025-12-30,2025-11-05,2025-12-30,9054.518118668324,8666.322657552304,100499.26919881845,96693.93461189892,0.0,3805.334586919542,11.058087768935888,75964.9696418274,1827.417895382802,0.0,74137.5517464446,53.26127973907971,74190.81302618368,23667.17793786615,19519.790044675996,3911.181873144369
