date,train_end_date,residual_history_start_date,residual_history_end_date,soc_open_kwh,soc_close_kwh,original_purchase_kwh,effective_purchase_kwh,upward_adjustment_kwh,downward_adjustment_kwh,emergency_purchase_kwh,base_plan_cost_yuan,downward_credit_yuan,upward_adjustment_cost_yuan,normal_settlement_cost_yuan,emergency_cost_yuan,total_cost_yuan,charge_kwh,discharge_kwh,surplus_discard_kwh
2025-02-01,2025-01-31,2025-01-02,2025-01-31,6000.0,10800.0,53154.19805019205,47639.64848653609,0.0,5514.549563655955,0.0,22464.292196134997,1378.5800790957624,0.0,21085.712117039235,0.0,21085.712117039235,24303.720840735477,15366.013880995735,4323.765593463013
2025-02-02,2025-02-01,2025-01-02,2025-02-01,10800.0,8274.511613566287,90953.16788781207,83376.25261757588,0.0,7576.915270236201,0.0,64809.59608868819,3290.87694987018,0.0,61518.719138818014,0.0,61518.719138818014,19480.720231157546,18052.322935027958,3591.577371446278
2025-02-03,2025-02-02,2025-01-02,2025-02-02,8274.511613566287,8467.478101966119,96233.23547000453,87803.76428996652,0.0,8429.471180038025,0.0,69285.25319156113,3756.3513563337865,0.0,65528.90183522735,0.0,65528.90183522735,23862.67087161669,19155.093566449672,2879.2704847994873
2025-02-04,2025-02-03,2025-01-02,2025-02-03,8467.478101966119,6957.860804041758,96636.60417194574,86958.49859427146,0.0,9678.105577674276,0.0,70697.46121627607,4369.781583786371,0.0,66327.67963248972,0.0,66327.67963248972,21649.458861706473,18894.71724611417,3008.8930286791583
2025-02-05,2025-02-04,2025-01-02,2025-02-04,6957.860804041758,9142.284580231193,95351.30369224715,90549.22046305615,0.0,4802.083229191013,8.556813600167288,67595.1541345794,2182.7704918544114,0.0,65412.38364272498,59.24737736755831,65471.631020092536,24748.30764672016,18080.14779527285,3141.190441875662
2025-02-06,2025-02-05,2025-01-02,2025-02-05,9142.284580231193,2714.282876638682,91665.29742189674,80114.67407076084,0.0,11550.6233511359,56.899936108396446,68609.90749265406,5211.8353544360225,0.0,63398.07213821805,394.2832117205585,63792.35534993861,16907.739929931988,19480.47087647817,2473.247736748764
2025-02-07,2025-02-06,2025-01-02,2025-02-06,2714.282876638682,7273.130716707382,53596.02541322546,46551.45511516781,0.0,7044.570298057657,69.82661824850712,22062.942567490354,1597.5905531026756,0.0,20465.35201438768,288.6791217855367,20754.031136173217,24293.790154271162,15575.006968897813,6096.8188813763045
2025-02-08,2025-02-07,2025-01-02,2025-02-07,7273.130716707382,10785.747519849276,43339.636577377256,43162.48070787669,0.0,177.15586950056422,0.0,17670.138330430564,34.655320377156485,0.0,17635.483010053405,0.0,17635.483010053405,23816.2105253017,16129.77540266667,3898.8828685749895
2025-02-09,2025-02-08,2025-01-02,2025-02-08,10785.747519849276,8228.57993307327,89983.35704529093,85087.5065200407,0.0,4895.850525250235,0.0,64566.354082956306,2304.2235271101445,0.0,62262.13055584616,0.0,62262.13055584616,19945.325498746162,18457.1644820828,4043.929536710668
2025-02-10,2025-02-09,2025-01-02,2025-02-09,8228.57993307327,8218.455366828013,88869.2226956895,81318.04325787615,0.0,7551.179437813364,0.0,60795.806905965896,3164.4682687147006,0.0,57631.338637251196,0.0,57631.338637251196,22222.359391126505,18009.2232164332,2778.26949984951
2025-02-11,2025-02-10,2025-01-02,2025-02-10,8218.455366828013,7399.66113739665,88758.70258559164,80990.45358653658,0.0,7768.248999055067,30.71779133136629,61763.35505254028,3345.340173695062,0.0,58418.01487884523,156.44571125064851,58574.46059009587,22025.163152955814,18577.296960382435,2352.708051961231
2025-02-12,2025-02-11,2025-01-02,2025-02-11,7399.66113739665,8937.968663319516,91377.8962102319,83495.69477210706,40.07372948879379,7922.2751676136295,14.53925329208073,62556.020250347625,3295.841462147371,72.07861354501895,59332.257401745264,78.86090985624587,59411.118311601516,25256.928232707243,19073.635095162288,2060.2047545208557
2025-02-13,2025-02-12,2025-01-02,2025-02-12,8937.968663319516,2503.499042143853,76853.3357707122,71483.21761918365,0.0,5370.1181515285325,30.500896978912806,53494.70035796404,2206.789926905136,0.0,51287.9104310589,153.73800379429457,51441.648434853196,14431.87786477245,17480.84372952378,3233.20536424724
2025-02-14,2025-02-13,2025-01-02,2025-02-13,2503.499042143853,6385.145593071365,44285.87988500614,44132.71364070018,333.70364076835847,486.8698850743187,0.0,17804.30803585884,84.1232578585867,327.8441721741786,18048.028950174434,0.0,18048.028950174434,22613.984290503584,14823.845379473143,6540.772913003074
2025-02-15,2025-02-14,2025-01-02,2025-02-14,6385.145593071365,10446.991754088811,44675.869536805476,43983.16129129474,0.0,692.7082455107392,0.0,18683.64479273685,215.7313331213651,0.0,18467.913459615484,0.0,18467.913459615484,22340.64494467712,14440.260860272763,6802.686106890384
2025-02-16,2025-02-15,2025-01-02,2025-02-15,10446.991754088811,7463.663043115745,85629.45943351448,77702.06569932311,228.95135087596913,8156.345085067345,14.252139704171896,60022.58274151987,3468.4053790999105,428.2464766890674,56982.42383910904,75.36933702927274,57057.793176138315,19560.686637133676,18529.152015954038,1307.4041178476452
2025-02-17,2025-02-16,2025-01-02,2025-02-16,7463.663043115745,8060.552532610641,89616.33829513888,77350.83533295644,19.37621877218794,12284.879180954635,0.0,61024.22388801462,4629.8207366097595,37.777813740134825,56432.180965144995,0.0,56432.180965144995,21095.36941660242,16550.04868690256,1621.6514365899004
2025-02-18,2025-02-17,2025-01-02,2025-02-17,8060.552532610641,6828.960458476961,77837.89870623803,75954.21079401072,227.89693728853342,2111.5848495158475,0.0,52223.89837792447,734.5731619569697,437.5546295460823,51926.879845513584,0.0,51926.879845513584,18533.04343707234,16120.198050748912,1449.977624353959
2025-02-19,2025-02-18,2025-01-02,2025-02-18,6828.960458476961,8026.420248394697,81532.701628802,80930.68098977051,293.88633852387,895.906977555354,0.0,54003.302409041906,392.72868920515896,342.38557095328514,53952.95929079004,0.0,53952.95929079004,23974.17935201369,18341.371464205124,2418.5457186286185
2025-02-20,2025-02-19,2025-01-02,2025-02-19,8026.420248394697,2509.5858428158735,76705.45368504568,71617.0073999834,111.32302017656673,5199.7693052388395,44.740372205829885,53399.92245349153,2053.5050274260043,165.52952151682308,51511.94694758234,244.12697023330333,51756.07391781564,15136.770249150166,17225.93486683258,2757.7786565383076
2025-02-21,2025-02-20,2025-01-02,2025-02-20,2509.5858428158735,5528.7898679376995,39088.89825698784,39325.34147022221,240.30057510705862,3.8573618726923087,0.0,16157.236022519486,0.5790908966840482,274.71871150627453,16431.37564312908,0.0,16431.37564312908,20831.35989879912,14156.117895417643,7089.837433507408
2025-02-22,2025-02-21,2025-01-02,2025-02-21,5528.7898679376995,10800.0,42256.57764751092,42243.765095939954,424.7561516474706,437.56870321843667,0.0,17539.261261665975,115.16770005104343,544.3390746109865,17968.43263622592,0.0,17968.43263622592,23595.45368005334,14368.228361987138,5171.776894540421
2025-02-23,2025-02-22,2025-01-02,2025-02-22,10800.0,8190.559406228694,78499.22539831445,74349.34211780396,179.30643248303465,4329.1897129935105,13.147353214504847,53112.37242447835,1677.2276344846093,266.4044312577106,51701.54922125145,67.97181611899006,51769.52103737045,19002.14139459956,17740.23106401982,1568.7254571053975
2025-02-24,2025-02-23,2025-01-02,2025-02-23,8190.559406228694,7643.9209709214065,77378.53038577196,73557.4722704818,126.77189084820452,3947.8300061383616,52.39974177777788,51818.184806099394,1450.6287692074923,230.52663608625545,50598.082672978155,267.1130636242227,50865.19573660238,19457.964961008234,16252.926210193233,2201.799644777907
2025-02-25,2025-02-24,2025-01-02,2025-02-24,7643.9209709214065,7487.858546416002,80713.68918407497,72678.95581485587,112.7201841397872,8147.453553358907,36.54789383976674,52794.43235530454,2999.053071652692,184.71622065811266,49980.09550430996,186.07787761434653,50166.17338192431,20704.08526602936,16910.76524753865,3100.8604568715796
2025-02-26,2025-02-25,2025-01-02,2025-02-25,7487.858546416002,7032.021231196816,73260.28869103847,74928.62202936556,1689.1511424864052,20.817804159313027,16.20104542763977,47796.53490350775,5.786230912910149,1932.6739765381235,49723.42264913296,83.01415677122617,49806.43680590419,21427.976730687198,17766.914735553895,2468.9130463265583
2025-02-27,2025-02-26,2025-01-02,2025-02-26,7032.021231196816,2493.7805712229533,70047.92937864276,68189.79446506759,63.874851056534,1922.0097646317058,162.0231438410053,46067.36094990886,631.5967020190394,101.65410678269552,45537.41835467251,807.1022575164249,46344.520612188935,17867.228658580658,18556.87180742681,2084.8765577547592
2025-02-28,2025-02-27,2025-01-03,2025-02-27,2493.7805712229533,4923.7876682436145,36883.88642442306,36852.2921024575,53.58713973943253,85.18146170498969,0.0,14977.477921695669,31.0360130943095,70.51799654010624,15016.959905141464,0.0,15016.959905141464,19607.736376015662,13695.260077254094,7647.222253695931
2025-03-01,2025-02-28,2025-01-04,2025-02-28,4923.7876682436145,10742.675487056582,46584.84612797349,43426.17792733296,0.0,3158.6682006405194,190.3782421278346,18425.62463628135,724.5777116940494,0.0,17701.046924587303,867.0200732615649,18568.06699784887,23002.979349177913,13395.414235902434,10350.225122851989
2025-03-02,2025-03-01,2025-01-05,2025-03-01,10742.675487056582,7209.373846021172,80256.60249771492,74504.51215827126,0.0,5752.090339443654,229.615691918052,54678.52915976956,2432.648071681225,0.0,52245.88108808834,1208.1076456953617,53453.9887337837,18113.120563226832,17851.59913314561,2114.299353441409
2025-03-03,2025-03-02,2025-01-06,2025-03-02,7209.373846021172,5669.103668105502,84356.37020273367,76324.57373528965,667.0175768408876,8698.814044284918,161.81372456670107,56702.279733687596,3572.7037917091943,1254.6600620377096,54384.23600401611,805.046207880561,55189.28221189667,21567.17910752908,18855.658237222662,1757.719956216592
2025-03-04,2025-03-03,2025-01-07,2025-03-03,5669.103668105502,6983.303582850496,78537.85107670719,75912.12082158045,858.1014791619991,3483.8317342887403,6.192220192549962,51012.72693797708,1355.8882136975826,1455.8191514960486,51112.65787577555,31.58341909210108,51144.24129486765,22434.127092424445,16988.863021593308,1273.5910376085278
2025-03-05,2025-03-04,2025-01-08,2025-03-04,6983.303582850496,7312.4187979301105,81265.02843627722,72172.67141927136,1147.6120136956304,10239.9690307015,71.36401841272573,52130.96195702614,3807.5083653202237,2228.560598476813,50552.01419018273,459.1351528035761,51011.149342986304,21044.158096116964,16749.564364283084,1818.9696891835315
2025-03-06,2025-03-05,2025-01-09,2025-03-05,7312.4187979301105,2061.5239001290747,69978.85523285542,65779.89752915128,275.49420217186116,4474.451905876014,0.0,45965.43760324948,1668.8425777017708,551.0572778942652,44847.65230344198,0.0,44847.65230344198,16519.639496004347,18106.713399784458,1426.3172995980524
2025-03-07,2025-03-06,2025-01-10,2025-03-06,2061.5239001290747,4743.603974841029,38143.89256373175,36223.48847003441,5.958122713489615,1926.3622164108276,36.86975520083504,15673.222579790883,606.9748538642552,8.89249814988325,15075.140224076511,142.84587572601632,15217.986099802527,18873.328282331422,12873.523841447692,9338.268251018186
2025-03-08,2025-03-07,2025-01-11,2025-03-07,4743.603974841029,10586.056820091513,39039.86548466224,38992.08753255442,0.0,47.777952107809234,0.0,15472.976476717904,10.158247537909734,0.0,15462.818229179993,0.0,15462.818229179993,21980.384260358456,12545.903690164916,10494.46744569422
2025-03-09,2025-03-08,2025-01-12,2025-03-08,10586.056820091513,7302.8523008421225,74704.3586576418,65364.6021189949,0.0,9339.7565386469,0.0,47960.200687846154,3054.143407131206,0.0,44906.057280714944,0.0,44906.057280714944,17459.0788149547,17096.73790743776,1668.736161477962
2025-03-10,2025-03-09,2025-01-13,2025-03-09,7302.8523008421225,6560.61951759482,74296.44666959243,73172.86976419511,991.4272378485849,2115.004143245894,0.0,48403.87694398072,817.4862430883984,1149.2248784582453,48735.61557935056,0.0,48735.61557935056,21151.057930782175,17800.366428856134,1780.1068122690813
2025-03-11,2025-03-10,2025-01-14,2025-03-10,6560.61951759482,6820.273934440222,66841.9642875764,70109.69453567656,3359.556776927575,91.82652882739535,0.0,42237.29173049783,50.08324622911285,3186.37273573137,45373.58122000009,0.0,45373.58122000009,21733.175721895004,17370.18335957409,1807.7833733556654
2025-03-12,2025-03-11,2025-01-15,2025-03-11,6820.273934440222,6697.205312474156,76330.83102516641,67674.75783179486,15.85274959639321,8671.925942967942,0.0,48429.42101692131,2905.0462279112166,31.712976901537616,45556.08776591163,0.0,45556.08776591163,20820.930710069144,16975.715634925466,1394.0080733178552
2025-03-13,2025-03-12,2025-01-16,2025-03-12,6697.205312474156,2120.7662478001776,71079.38834683255,69086.36397837348,561.76719812047,2554.7915665795404,0.0,47067.72298770452,986.3182024444848,633.2765071286284,46714.68129238866,0.0,46714.68129238866,16391.756640717827,17396.118037188015,2545.107358177007
2025-03-14,2025-03-13,2025-01-17,2025-03-13,2120.7662478001776,5493.754776627332,35069.639108685675,35395.43324686723,330.28761633190015,4.493478150343435,0.0,13657.051537250865,1.0519342977514858,365.7259088823706,14021.725511835484,0.0,14021.725511835484,18990.600888895246,12346.697044060715,12722.103418699364
2025-03-15,2025-03-14,2025-01-18,2025-03-14,5493.754776627332,10274.904547797758,36741.119205222036,37403.23566442045,664.9192658441727,2.802806645761848,0.0,14563.394527529126,0.5040847752402684,697.7819413095926,15260.672384063477,0.0,15260.672384063477,21959.4662504144,13484.13286878228,8003.777132788326
2025-03-16,2025-03-15,2025-01-19,2025-03-15,10274.904547797758,8730.601992430356,69902.1822791136,68611.32247564197,1388.163568896754,2679.0233723683923,1.6400000000001,44758.89251933432,1005.5112235987385,1508.8311118482154,45262.21240758379,8.081100000000493,45270.293507583796,18805.944669797886,16622.68748236695,3078.658354877699
2025-03-17,2025-03-16,2025-01-20,2025-03-16,8730.601992430356,7071.242966047165,65315.966746409205,61711.05124190044,874.7016339432872,4479.61713845206,0.0,39791.091540357345,1062.9853257301959,1250.4212320477932,39978.52744667494,0.0,39978.52744667494,18989.343845111845,16874.791638285467,1738.3676017407222
2025-03-18,2025-03-17,2025-01-21,2025-03-17,7071.242966047165,6939.4425889717295,75798.05455197091,67112.458496972,74.47885368168647,8760.074908680599,0.0,47813.94990221698,3052.562326466451,124.67304283266154,44886.06061858319,0.0,44886.06061858319,20691.597109017162,16878.813997671798,2173.7170189599697
2025-03-19,2025-03-18,2025-01-22,2025-03-18,6939.4425889717295,7908.649361746012,63481.94801344704,67184.11599408631,3707.1061625415705,4.938181902291831,0.0,39023.640996134214,1.1634938149696183,3534.904464398772,42557.381966718014,0.0,42557.381966718014,22038.669913724363,16979.03653461988,2659.012164981841
2025-03-20,2025-03-19,2025-01-23,2025-03-19,7908.649361746012,2600.3935568747047,64937.27766694888,61279.92996433406,988.1052680197465,4645.452970634563,0.0,42223.09229449143,1650.4184657888432,1236.7109471677772,41809.38477587036,0.0,41809.38477587036,15519.928873509592,17348.57261192694,899.6118860847353
2025-03-21,2025-03-20,2025-01-24,2025-03-20,2600.3935568747047,6131.020919439245,33624.975666590544,33997.698542100086,630.2504003409383,257.52752483139176,0.0,13164.076815832015,81.03108186295314,661.0201264842962,13744.065860453358,0.0,13744.065860453358,19077.395894299087,12275.126048074173,15161.964179208508
2025-03-22,2025-03-21,2025-01-25,2025-03-21,6131.020919439245,10783.358518518518,35841.64658306024,35935.16015600937,253.3738781032196,159.86030515407936,0.0,14273.038265825779,50.14850229555837,319.8308412858238,14542.720604816046,0.0,14542.720604816046,20285.779228395066,12244.377335828653,12012.55853010963
2025-03-23,2025-03-22,2025-01-26,2025-03-22,10783.358518518518,7812.696768962167,68446.0575208985,62396.54660765799,299.51224077634146,6349.023154016833,0.0,43004.91919339904,1987.019915673828,514.9925964558145,41532.89187418102,0.0,41532.89187418102,16883.918686563302,16349.569710716984,3092.477515145011
2025-03-24,2025-03-23,2025-01-27,2025-03-23,7812.696768962167,7180.076094405268,66831.9096671271,64124.947166704376,1091.8074682340875,3798.7699686567953,0.0,41155.41539295169,1020.658577228913,1560.1209112837573,41694.87772700653,0.0,41694.87772700653,20505.082660258147,17178.47556191031,2799.8429850232023
2025-03-25,2025-03-24,2025-01-28,2025-03-24,7180.076094405268,6893.621307088364,74446.92014010526,66128.49161322843,450.2515652307318,8768.68009210756,0.0,46308.6680449683,2863.7043668182773,761.5939433942516,44206.55762154427,0.0,44206.55762154427,20434.5412943051,16809.787756972342,1553.6133592289975
2025-03-26,2025-03-25,2025-01-29,2025-03-25,6893.621307088364,7837.318476023599,65360.2977128442,62549.22612676434,1544.6832707265203,4355.754856806378,0.0,39719.65911293807,1247.044420709893,2005.9028766025372,40478.517568830706,0.0,40478.517568830706,21332.88361055632,16430.30827250892,2054.0959220502714
2025-03-27,2025-03-26,2025-01-30,2025-03-26,7837.318476023599,2822.897488023677,62527.7224327388,58860.57449391505,631.9366132036151,4299.084552027367,0.0,39466.58741365678,1314.243858101455,915.4534115115848,39067.79696706691,0.0,39067.79696706691,14981.074549419753,16647.64927422993,1810.1598187252284
2025-03-28,2025-03-27,2025-01-31,2025-03-27,2822.897488023677,6092.018346127659,33151.649985858465,33554.11772479994,493.2838089154643,90.81606997399638,0.0,13021.215710958737,37.983821266623984,560.6613299728003,13543.893219664915,0.0,13543.893219664915,18172.774295666422,11777.738407196217,16337.201069663066
2025-03-29,2025-03-28,2025-02-01,2025-03-28,6092.018346127659,10800.0,33880.88318126288,34964.03720523308,1083.1540239701908,0.0,0.0,12902.21262185893,0.0,1136.3899834770696,14038.602605335996,0.0,14038.602605335996,20523.18676638253,12386.597792284741,19120.239047801955
2025-03-30,2025-03-29,2025-02-02,2025-03-29,10800.0,7923.73221662612,63560.56674503429,57328.5851609397,365.195190272124,6597.176774366715,0.0,38173.50618979676,1621.8323032036933,625.7013779304013,37177.37526452347,0.0,37177.37526452347,17477.715088634228,16745.590226830216,1250.840599135689
2025-03-31,2025-03-30,2025-02-03,2025-03-30,7923.73221662612,7294.256199875217,56856.42394132762,61488.69515163845,5126.419118035646,494.1479077248133,0.0,35237.630446970245,100.55854581260029,4189.366729864389,39326.43863102203,0.0,39326.43863102203,19353.622386611754,16242.962548231335,1426.6458299247047
2025-04-01,2025-03-31,2025-02-04,2025-03-31,7294.256199875217,6354.784213899058,69997.8102819905,65478.26842720619,1174.6121572457316,5694.1540120300415,0.0,43815.097862813265,1643.9437456112003,1676.6485051319873,43847.80262233406,0.0,43847.80262233406,17682.359055499517,15168.235622333159,2755.2934773731613
2025-04-02,2025-04-01,2025-02-05,2025-04-01,6354.784213899058,7568.6251859999775,68991.00306677882,68710.41172514873,1729.8363601081342,2010.4277017382271,0.0,41629.68152821439,495.3188368271556,2244.3772116214204,43378.73990300866,0.0,43378.73990300866,21461.449453289333,16291.317182273535,3104.944054132933
2025-04-03,2025-04-02,2025-02-06,2025-04-02,7568.6251859999775,2791.5739569128123,63393.38782408781,58135.83212274949,444.2956170130709,5701.8513183514,0.0,40297.49300561198,1626.0857549675889,632.6296806853977,39304.036931329785,0.0,39304.036931329785,14866.402518414438,16341.13214609415,3747.0314837625324
2025-04-04,2025-04-03,2025-02-07,2025-04-03,2791.5739569128123,5648.875914911,30834.498891166833,31237.135551678188,515.4893869414954,112.85272643014144,0.0,11888.518265117516,46.76052719632911,587.309918724389,12429.067656645577,0.0,12429.067656645577,17087.51129698302,11269.312388357881,18988.134393053046
2025-04-05,2025-04-04,2025-02-08,2025-04-04,5648.875914911,10800.0,33466.77489158009,34515.949122475286,1049.1742308951866,0.0,0.0,12991.472971317053,0.0,1072.9001253948873,14064.373096711937,0.0,14064.373096711937,20916.172725784607,12306.088231305432,13861.749644662774
2025-04-06,2025-04-05,2025-02-09,2025-04-05,10800.0,7637.61539444306,62058.96860596708,57867.16861761281,1351.528623179394,5543.328611533654,0.0,37632.48777425292,1329.7416454016575,1845.4070954709396,38148.1532243222,0.0,38148.1532243222,16703.020625463858,16375.59285162697,3129.664577109259
2025-04-07,2025-04-06,2025-02-10,2025-04-06,7637.61539444306,6276.349576965581,55705.44028959002,57881.13559084851,3354.887788724888,1179.1924874663935,0.0,33546.93921590231,262.41269634113013,3475.7281252041957,36760.25464476537,0.0,36760.25464476537,18436.093891512104,16158.375287854542,2360.697703857614
2025-04-08,2025-04-07,2025-02-11,2025-04-07,6276.349576965581,6656.743063900226,67232.60110138255,61108.92655696583,408.3827665994303,6532.057311016152,0.0,40168.53560817219,1716.1204582798691,671.577947651728,39123.99309754405,0.0,39123.99309754405,20919.074388480694,16602.096116428187,2438.7546682466523
2025-04-09,2025-04-08,2025-02-12,2025-04-08,6656.743063900226,7627.133473703862,66195.94893199015,67034.02828725755,2297.007004300886,1458.9276490334844,0.0,39949.438309391146,534.8659984751685,2332.9430969049854,41747.51540782097,0.0,41747.51540782097,21802.166928122024,16786.40384295556,2883.954185424419
2025-04-10,2025-04-09,2025-02-13,2025-04-09,7627.133473703862,2795.5791521794217,57689.92778519872,56664.88109652317,2414.975622688536,3440.0223113640927,0.0,36097.72648756308,1041.7316000985866,1829.9148181601067,36885.909705624596,0.0,36885.909705624596,15357.746920914455,16788.17389531271,3634.6701709214212
2025-04-11,2025-04-10,2025-02-14,2025-04-10,2795.5791521794217,4190.975074052733,27815.42017959488,28697.265797382377,881.8456177874942,0.0,0.0,10913.445841498826,0.0,903.5086003074692,11816.954441806296,0.0,11816.954441806296,14859.008576944343,10779.940617638935,19301.5476714103
2025-04-12,2025-04-11,2025-02-15,2025-04-11,4190.975074052733,10800.0,35319.61267557476,35035.56612485792,236.82841863249232,520.8749693493378,0.0,13559.32295624931,147.4548484153096,285.54753282186505,13697.415640655867,0.0,13697.415640655867,20605.7498913819,10742.534978666801,16147.190662142813
2025-04-13,2025-04-12,2025-02-16,2025-04-12,10800.0,7625.72646946744,57440.577823497944,56577.399373048815,565.1771053806046,1428.355555829738,0.0,35093.813763154525,308.32543482408573,754.5388195824747,35540.027147912915,0.0,35540.027147912915,17476.909619162376,17013.14296900083,1837.2742395539333
2025-04-14,2025-04-13,2025-02-17,2025-04-13,7625.72646946744,6204.515279644258,62597.21738882218,55367.80202241427,301.2986816818982,7530.714048089811,0.0,37811.458528588395,2338.559261263405,518.473461135258,35991.37272846025,0.0,35991.37272846025,18708.494266272362,16432.97042652148,564.2463826633802
2025-04-15,2025-04-14,2025-02-18,2025-04-14,6204.515279644258,6774.438711020962,56720.15511147895,57332.34123144393,1622.5983609642612,1010.4122409992779,0.0,33282.74011091142,198.21493507768886,1803.1019834284903,34887.62715926222,0.0,34887.62715926222,20305.477451019564,15934.505647086817,2821.940594177844
2025-04-16,2025-04-15,2025-02-19,2025-04-15,6774.438711020962,6927.769286133892,62697.512648234595,62166.0371336012,1540.664182224962,2072.139696858362,0.0,37273.01033056995,511.1070259005403,2037.9573429479556,38799.860647617366,0.0,38799.860647617366,19868.22994511193,15955.268737939025,2473.483976428294
2025-04-17,2025-04-16,2025-02-20,2025-04-16,6927.769286133892,2817.622810982651,51254.36992817084,54212.132954787536,4134.597475537448,1176.8344489207589,0.0,32026.653094513367,267.8909549947134,3020.783215266666,34779.54535478532,0.0,34779.54535478532,15705.310995606811,16420.43373407763,2058.9133432583512
2025-04-18,2025-04-17,2025-02-21,2025-04-17,2817.622810982651,4304.997511595529,27923.981459155075,28297.738356319715,414.7319725505498,40.97507538591111,0.0,10860.985059496012,16.150325963356863,407.99634769707075,11252.831081229724,0.0,11252.831081229724,14532.797017211786,10432.928353389954,17843.75250916455
2025-04-19,2025-04-18,2025-02-22,2025-04-18,4304.997511595529,10721.200453940837,33565.80317967163,34486.612055602236,920.8088759306056,0.0,0.0,12432.521852470838,0.0,875.625739188324,13308.147591659163,0.0,13308.147591659163,20581.251194212855,10896.230819201635,18016.91243059101
2025-04-20,2025-04-19,2025-02-23,2025-04-19,10721.200453940837,7205.81039876296,53479.12258963363,54542.30457428904,2411.9390198512056,1348.7570351958116,0.0,32738.303153841087,304.891079551274,2395.083606951279,34828.4956812411,0.0,34828.4956812411,16645.59043496722,16646.77930198354,2585.7485579720174
2025-04-21,2025-04-20,2025-02-24,2025-04-20,7205.81039876296,6947.607161780707,61321.772652801104,54730.34952463594,295.480069135818,6886.903197300979,0.0,35704.75095873204,1579.1358526781964,494.0443701794124,34619.65947623325,0.0,34619.65947623325,19034.761670625783,15650.539866490913,2829.2173371677377
2025-04-22,2025-04-21,2025-02-25,2025-04-21,6947.607161780707,7695.433456765007,55096.92686637535,58968.07668203955,3871.149815664202,0.0,0.0,33023.337532746606,0.0,3732.6082248613666,36755.94575760798,0.0,36755.94575760798,20261.569940893016,15738.827986637474,2292.4054111173373
2025-04-23,2025-04-22,2025-02-26,2025-04-22,7695.433456765007,7093.027992225924,51582.657860103354,56540.803850456265,4958.145990352911,0.0,0.0,31388.61560011103,0.0,4666.820378920034,36055.43597903106,0.0,36055.43597903106,18208.659067889726,15291.178763075854,2223.4068289757233
2025-04-24,2025-04-23,2025-02-27,2025-04-23,7093.027992225924,2676.378771802677,49332.503793198906,49598.29070963542,1395.001207547622,1129.2142911111073,0.0,30527.014469581936,226.01887638341583,1806.2617046548166,32107.25729785334,0.0,32107.25729785334,14075.151141571685,15375.856723053985,3808.8895911177224
2025-04-25,2025-04-24,2025-02-28,2025-04-24,2676.378771802677,3974.668288754841,27592.466535349566,27218.359650662842,35.0320781500929,409.13896283681635,0.0,10579.851873261669,120.80459275305527,35.31114580133506,10494.358426309947,0.0,10494.358426309947,15076.275563417354,11043.32264111111,21185.0490783566
2025-04-26,2025-04-25,2025-03-01,2025-04-25,3974.668288754841,10526.358922785059,33454.080060676206,33797.96968448607,343.88962380986857,0.0,0.0,12659.653688484257,0.0,320.2717609218265,12979.925449406084,0.0,12979.925449406084,20925.124455895493,11052.829238648159,23855.4808339054
2025-04-27,2025-04-26,2025-03-02,2025-04-26,10526.358922785059,6814.325283076706,49418.68080373062,51346.371307541776,2080.6859096069265,152.9954057957739,0.0,30204.34196767563,50.333370200451824,1967.1239367056828,32121.13253418086,0.0,32121.13253418086,16358.435188540396,16591.162778455233,3005.627714123278
2025-04-28,2025-04-27,2025-03-03,2025-04-27,6814.325283076706,6992.622930897638,65886.74595132767,64051.582207155036,1382.18149960589,3217.345243778524,0.0,39416.180456541675,916.1935525558292,1531.5375641188502,40031.5244681047,0.0,40031.5244681047,20261.667812604315,16251.483045170658,3419.4301230547094
2025-04-29,2025-04-28,2025-03-04,2025-04-28,6992.622930897638,8446.271742741548,56827.6546604841,57423.15325257496,1328.1601600908557,732.6615680000003,0.0,33296.60803977943,125.80823562956685,1804.9577538369558,34975.75755798682,0.0,34975.75755798682,19363.74269637336,14376.347653402907,5002.544492937836
2025-04-30,2025-04-29,2025-03-05,2025-04-29,8446.271742741548,8310.80491078059,52415.394021892105,52855.312685036064,457.3589405378669,17.440277393906968,0.0,31262.90510611157,10.50556467862516,330.4538508983021,31582.853392331246,0.0,31582.853392331246,18114.575645953773,14794.72642198742,1278.6090277363783
2025-05-01,2025-04-30,2025-03-06,2025-04-30,8310.80491078059,1943.3199,48744.24107955792,48461.150301614805,1691.2945260935949,1974.385304036719,1676.2656165040098,31104.1785620538,406.85899604904307,2197.0216534722585,32894.34121947702,8476.078848709069,41370.42006818608,11841.645196281275,15322.46911869036,2606.8610405278964
2025-05-02,2025-05-01,2025-03-07,2025-05-01,1943.3199,2917.5323754259257,29577.458661570643,29807.753973224208,316.1542802520048,85.85896859843925,840.6093981334955,12066.066955221959,27.138203969124056,442.77219781505585,12481.70094906789,4177.465302425195,16659.166251493087,14836.499043041917,11140.772996980619,12662.317241963074
2025-05-03,2025-05-02,2025-03-08,2025-05-02,2917.5323754259257,10027.235696444446,35242.29529024006,35494.084260832315,251.78897059226261,0.0,1218.5738449110645,13569.546690092833,0.0,311.0891127136201,13880.635802806453,5851.912834504558,19732.54863731101,20924.318535122544,10549.965024532594,17471.13294515343
2025-05-04,2025-05-03,2025-03-09,2025-05-03,10027.235696444446,7536.0697152777775,57722.77372856653,52567.591804135685,818.0877416468098,5973.269666077656,1116.8429865854228,35281.63804125002,1579.140554915053,1532.078220077568,35234.575706412536,6492.037922031412,41726.61362844395,15453.959821234119,14759.756838249647,1255.5644744032988
2025-05-05,2025-05-04,2025-03-10,2025-05-04,7536.0697152777775,4656.534145481025,59176.595334135796,56190.28967674037,628.2944215370314,3614.600078932458,850.3118804888753,36721.79477523459,1203.8033413958033,1147.1536759409296,36665.14510977972,5404.058468109523,42069.203577889246,16564.99532144804,16009.228223189992,1408.8276589711954
2025-05-06,2025-05-05,2025-03-11,2025-05-05,4656.534145481025,7549.307278407407,56586.521319678155,61852.951765459,6032.098787263835,765.6683414829913,889.8646938863646,34527.31158867903,152.93636455314248,5798.630518242457,40173.00574236835,5070.269592243526,45243.27533461188,22403.125416495946,15543.035767727972,3012.6444439107277
2025-05-07,2025-05-06,2025-03-12,2025-05-06,7549.307278407407,7480.79338737037,56895.89296238683,59796.715938691064,2900.822976304232,0.0,838.8912812112258,35313.302695769045,0.0,2608.5214498076584,37921.824145576706,5448.310049704844,43370.13419528154,20020.256415239495,16278.070198277335,1825.575052940124
2025-05-08,2025-05-07,2025-03-13,2025-05-07,7480.79338737037,2005.6772067686231,58472.01566406035,54370.78885943252,642.6822892196196,4743.909093847449,349.811966483223,36316.15737352078,1169.167659030289,1025.3236752126877,36172.31338970318,1717.6061177994604,37889.91950750264,13296.783768725756,15697.999415209435,1295.3040723994295
2025-05-09,2025-05-08,2025-03-14,2025-05-08,2005.6772067686231,3031.6189283073445,28565.607711425386,29007.70550393949,517.0816927261051,74.98390021199984,279.1626872740786,11535.47359290588,20.576642618771174,624.3228168082851,12139.219767095396,1281.8778721362978,13421.097639231695,14422.35117873118,10758.756905387407,17123.8880678698
2025-05-10,2025-05-09,2025-03-15,2025-05-09,3031.6189283073445,9924.85049927764,35553.10200291228,36028.9714077238,484.9591605482349,9.08975573671637,310.3125617717503,14249.88033272278,1.586741378226631,422.68932406733677,14670.982915411889,1490.3165374865707,16161.29945289846,20974.90137313357,10785.761698364924,14029.09901139357
2025-05-11,2025-05-10,2025-03-16,2025-05-10,9924.85049927764,6370.856596161947,58715.78566261332,56538.776279048994,828.461035406323,3005.470418970645,505.9801526014207,35882.18447476669,707.0620142308205,1213.2330121991101,36388.355472734984,3470.523749138383,39858.879221873365,14905.65842143109,15272.177834163307,1927.1967610493016
2025-05-12,2025-05-11,2025-03-17,2025-05-11,6370.856596161947,6583.385803310365,55190.62827640443,57700.07790367947,3610.7049172750385,1101.2552899999998,74.555263079611,34086.945933373965,297.31759307216663,3673.9821815439414,37463.61052184574,427.8682138514495,37891.478735697194,17477.947245760985,13965.860982632817,2331.351670297571
2025-05-13,2025-05-12,2025-03-18,2025-05-12,6583.385803310365,6656.016535577705,64887.20244211056,59391.01865528696,1132.836403081806,6629.020189905405,88.21364083561896,38786.87554089579,1808.5987685801783,1506.1394334681977,38484.416205783804,502.0149551078618,38986.43116089167,18547.951051798198,14958.472692915935,2760.541170573657
2025-05-14,2025-05-13,2025-03-19,2025-05-13,6656.016535577705,8506.84183234335,64948.213223063256,61118.240261412255,1339.5454080489183,5169.518369699917,12.05099611319963,39002.55953813705,1496.7404063778367,1065.5081430070602,38571.32727476627,76.38185108785493,38647.70912585413,20560.40827556396,14988.187936117727,2543.9221347458806
2025-05-15,2025-05-14,2025-03-20,2025-05-14,8506.84183234335,3049.2966464674537,54426.53464402865,52450.338111280544,1380.7285650076708,3356.9250977557763,0.0,35847.726313129446,1220.4373895115114,886.5019607496481,35513.79088436758,0.0,35513.79088436758,12793.976890778687,15274.911948819044,2166.214885987572
2025-05-16,2025-05-15,2025-03-21,2025-05-15,3049.2966464674537,3652.807928312508,28890.14621373485,28123.58065980983,0.0,766.5655539250142,0.0,12200.586496252577,291.84856396040436,0.0,11908.737932292173,0.0,11908.737932292173,14061.2493206051,10846.451796029583,22193.276601900983
2025-05-17,2025-05-16,2025-03-22,2025-05-16,3652.807928312508,10452.306526931785,35746.02506840763,35649.084674476624,103.1576423775769,200.09803630858755,0.0,14769.26130122463,61.36820004940811,141.41115633557496,14849.304257510797,0.0,14849.304257510797,20886.414334898247,10798.446872510234,15112.31812875527
2025-05-18,2025-05-17,2025-03-23,2025-05-17,10452.306526931785,5786.890085599127,60934.98651877236,55540.32176115594,197.27286676341168,5591.937624379839,0.0,38054.88116863379,1582.596576829044,329.88287666690775,36802.167468471656,0.0,36802.167468471656,13229.820022697884,14915.029015584681,3549.3626540427367
2025-05-19,2025-05-18,2025-03-24,2025-05-18,5786.890085599127,6775.76785094247,60835.393582441306,58056.20703676401,316.0446499815825,3095.231195658865,12.233166666666762,36610.39964001377,528.8991503091711,360.9540876146925,36442.454577319295,83.24669916666731,36525.701276485954,18540.944291436932,14128.174887254905,6140.454249248653
2025-05-20,2025-05-19,2025-03-25,2025-05-19,6775.76785094247,5844.303638621106,58565.37456804745,58690.99493571819,1302.3156027111377,1176.6952350404015,0.0,35811.535348260855,318.634008086709,1212.667764868874,36705.56910504302,0.0,36705.56910504302,17479.993546913065,14997.112564088806,1680.7191362272638
2025-05-21,2025-05-20,2025-03-26,2025-05-20,5844.303638621106,7530.297685918764,57503.87499708767,59621.2961501077,3000.2986616125645,882.8775085925246,0.0,35802.02280067509,198.1010857976997,2419.427801225406,38023.3495161028,0.0,38023.3495161028,19186.446439976153,14023.626973812794,3095.8614006110065
2025-05-22,2025-05-21,2025-03-27,2025-05-21,7530.297685918764,2632.1028821067825,52292.345764328944,50650.12782743739,0.5882072937470184,1642.8061441853074,0.0,33933.35904225032,507.722274547842,0.41406852443321357,33426.05083622692,0.0,33426.05083622692,12179.651541246123,14273.893071840146,1927.738541364746
2025-05-23,2025-05-22,2025-03-28,2025-05-22,2632.1028821067825,4029.238849812257,28476.75676554834,29480.13768552793,1080.1088841765882,76.72796419699478,0.0,11934.948658684938,39.30389965991057,1064.6344030685725,12960.279162093599,0.0,12960.279162093599,13758.01916858396,9886.573155618082,19187.742789228723
2025-05-24,2025-05-23,2025-03-29,2025-05-23,4029.238849812257,10800.0,36257.54024516897,35733.566769016856,0.0,523.9734761521161,0.0,15119.440798534315,199.17467741680588,0.0,14920.26612111751,0.0,14920.26612111751,21178.49419568267,11060.895263333994,21861.466453334844
2025-05-25,2025-05-24,2025-03-30,2025-05-24,10800.0,5113.027942731255,54361.615567791494,51553.923300738315,349.5156319200107,3157.2078989731845,0.0,34484.00266859665,682.8905420899684,430.41557756516823,34231.52770407185,0.0,34231.52770407185,10840.27916692265,13898.900976749213,6067.534927231548
2025-05-26,2025-05-25,2025-03-31,2025-05-25,5113.027942731255,5050.011734094987,58367.39435931094,60759.07578060121,2620.721690854316,229.04026956405625,0.0,35994.02047019683,127.72407916671918,2018.5824283592463,37884.87881938937,0.0,37884.87881938937,18814.4264950194,15296.400048738366,2661.216384320175
2025-05-27,2025-05-26,2025-04-01,2025-05-26,5050.011734094987,6404.161217700132,56778.71169407828,57873.001721323344,2406.1202841097843,1311.8302568647164,0.0,35309.01616530126,296.0969910694981,1525.7210239935494,36538.6401982253,0.0,36538.6401982253,18960.596511850556,14139.348639354328,3661.3865488271117
2025-05-28,2025-05-27,2025-04-02,2025-05-27,6404.161217700132,5993.572974311024,62992.67535584072,59023.25032617169,442.94204426868384,4412.367073937717,0.0,38674.63399925122,1149.8637134938558,601.5888995344712,38126.35918529184,0.0,38126.35918529184,17365.921415945326,14435.925765965923,3819.4305761922883
2025-05-29,2025-05-28,2025-04-03,2025-05-28,5993.572974311024,2667.8195971366113,58010.59079185606,58249.75281599992,2249.907274143857,2010.7452500000002,17.817433333333497,36657.03011346429,411.9589067902778,1811.1448008454288,38056.21600751943,119.80442173333444,38176.02042925277,14998.607241444111,15142.049905026706,4300.889412915847
2025-05-30,2025-05-29,2025-04-04,2025-05-29,2667.8195971366113,3683.334242206327,28468.07162091038,28560.84334772789,105.43658802830117,12.664861210795607,0.0,12558.190174090407,5.896666191448592,98.54376066634705,12650.837268565307,0.0,12650.837268565307,13320.206846653258,9875.404365226399,18519.80759963436
2025-05-31,2025-05-30,2025-04-05,2025-05-30,3683.334242206327,10704.021666666667,39097.450473680976,37562.81744751665,0.0,1534.6330261643209,0.0,15946.77183528586,451.33460237947565,0.0,15495.437232906384,0.0,15495.437232906384,20444.49439270168,10241.421776074054,18970.56328088903
2025-06-01,2025-05-31,2025-04-06,2025-05-31,10704.021666666667,3442.0410937222223,72762.47804046639,68531.94521921403,4952.675193151917,9183.208014404268,423.5469837395376,51241.13326206643,3283.959717560789,6978.968014912172,54936.14155941781,2479.410033340666,57415.55159275848,13486.590506250333,17459.92082571277,1703.9962224160063
2025-06-02,2025-06-01,2025-04-07,2025-06-01,3442.0410937222223,2472.592547537036,80593.86966812071,72551.98366409307,1766.194741932966,9808.080745960606,193.44929517732493,54458.46663537566,3285.2194884600626,3230.756492315443,54404.00363923104,1132.0260394455015,55536.02967867655,20233.685294659772,17261.788780241084,1132.7289948517018
2025-06-03,2025-06-02,2025-04-08,2025-06-02,2472.592547537036,3646.0052130925924,76483.39974368998,76903.55745608942,4731.676681730834,4311.518969331407,168.2525681634731,50487.36175665959,1184.742781127387,6687.510288559768,55990.12926409197,861.854461631599,56851.98372572357,20248.769442623645,15345.431849525155,3976.1055978210634
2025-06-04,2025-06-03,2025-04-09,2025-06-03,3646.0052130925924,3569.8068712532636,85622.82742663924,75648.5489460616,1122.2547721081346,11096.533252685773,91.88698681982885,58251.82801468982,3937.8411101576044,1983.614670089954,56297.60157462217,636.5907087022546,56934.192283324424,20230.424274638535,16455.22217011261,2319.9730116888295
2025-06-05,2025-06-04,2025-04-10,2025-06-04,3569.8068712532636,1200.0,71247.50448068479,73706.98339932413,6784.68568690897,4325.206768269616,773.1115211401611,48261.801451389176,1200.5330190212117,8987.449561759075,56048.717994127044,3201.4478363125863,59250.165830439626,16885.121417278802,15809.774532123763,2255.430018642592
2025-06-06,2025-06-05,2025-04-11,2025-06-05,1200.0,1346.364177575495,34785.17034547325,36147.51677910407,2732.032195242991,1369.6857616121708,497.9226900060939,17222.820550118515,388.5777167215666,3890.6559684924778,20724.898801889427,1656.485598401489,22381.384400290917,14161.58154402479,11339.153290842136,2968.0158159275134
2025-06-07,2025-06-06,2025-04-12,2025-06-06,1346.364177575495,9966.413288990223,49124.60355953888,44639.88353995789,1865.6176881874117,6350.337707768401,250.7044168487211,22551.326129265228,1293.7685817948131,2526.8171813417166,23784.37472881213,482.5006169602804,24266.87534577241,23394.68319441078,11191.649187199473,1561.0407829286416
2025-06-08,2025-06-07,2025-04-13,2025-06-07,9966.413288990223,3790.1058462270644,68089.16250049564,62925.582363576665,1868.4678017469037,7032.047938665871,19.87007617229426,46888.81922266102,2089.710945856923,2331.177127919176,47130.285404723276,136.4857936832875,47266.77119840656,12137.055276495648,15389.691472448332,1013.1653690349804
2025-06-09,2025-06-08,2025-04-14,2025-06-08,3790.1058462270644,3100.4956244543564,82970.04827773124,76237.07102095056,268.3309958582115,7001.308252638897,19.54470741488774,57675.44139952466,2436.429398935652,433.2526230007571,55672.26462358977,137.2359579348231,55809.50058152459,20020.225066582538,16837.031503527294,2140.7094319768694
2025-06-10,2025-06-09,2025-04-15,2025-06-09,3100.4956244543564,3696.156925687947,78899.4504177374,78622.3222758257,1813.6295020637838,2090.7576439754876,0.5340489864252049,53836.10763260658,624.1025021563202,2381.872708809846,55593.877839260116,3.732468366125757,55597.610307626244,22044.58529039705,17320.01891411138,2279.8457151931225
2025-06-11,2025-06-10,2025-04-16,2025-06-10,3696.156925687947,2553.145781297446,82042.24348276785,80615.18226628256,1916.7238160599159,3343.785032545213,13.49837159583899,57753.73024919038,1568.4329914631328,2467.5584584313046,58652.855716158556,93.6615659733911,58746.51728213194,21643.918512656506,18560.284025203226,1460.5998337584374
2025-06-12,2025-06-11,2025-04-17,2025-06-11,2553.145781297446,2043.3414892231913,80711.97249744728,77401.54949815857,286.5400181665284,3596.9630174552353,0.0,56182.150194993956,1351.1887038481598,481.54664663371807,55312.50813777952,0.0,55312.50813777952,20145.33390337294,16776.544324598908,1580.3684860512083
2025-06-13,2025-06-12,2025-04-18,2025-06-12,2043.3414892231913,2675.8795905908864,35854.58849285215,35794.62199024817,334.9437820915239,394.91028469550815,0.0,17914.693062164602,127.75142618565249,533.2101921500034,18320.151828128954,0.0,18320.151828128954,13912.173138716096,10699.575951129114,4236.711102661182
2025-06-14,2025-06-13,2025-04-19,2025-06-13,2675.8795905908864,10800.0,45340.55838957931,43586.30386896845,566.305583446702,2320.5601040575634,0.0,22675.52179872884,583.172592707117,969.7797437235236,23062.12894974525,0.0,23062.12894974525,21877.864610373283,10409.361965934157,5924.458474529326
2025-06-15,2025-06-14,2025-04-20,2025-06-14,10800.0,4002.9966693099054,69978.04346731139,70444.31264275941,958.6331602592459,492.363984811204,0.0,50003.67507712678,262.92372566294966,836.5176955954782,50577.26904705932,0.0,50577.26904705932,14905.08650681622,18190.423068142227,3102.674870752102
2025-06-16,2025-06-15,2025-04-21,2025-06-15,4002.9966693099054,4221.645126028095,80719.20268910695,79816.3782508136,1338.322259956767,2241.146698250129,0.0,56391.65718300365,1050.6292133231186,1352.5441537897368,56693.57212347028,0.0,56693.57212347028,21687.77140446385,17370.31122656934,2804.865256252427
2025-06-17,2025-06-16,2025-04-22,2025-06-16,4221.645126028095,4275.177513822615,83143.63378087989,81713.03444035901,1416.5564171004414,2847.155757621314,5.6254953046561695,58169.4514411562,1241.193871555594,1634.8160798195431,58563.07364942014,40.81015568762818,58603.88380510778,22032.43920014986,17798.096603106314,2847.306121953466
2025-06-18,2025-06-17,2025-04-23,2025-06-17,4275.177513822615,3254.3631000899813,82279.5009176868,77665.13999500437,309.64614928241497,4924.007071964845,2.3047035841362913,57553.24519141004,2080.5526506927404,336.90694787600296,55809.5994885933,16.258531434289466,55825.85802002759,18685.437436298966,16053.937295761534,4107.5536580510725
2025-06-19,2025-06-18,2025-04-24,2025-06-18,3254.3631000899813,2697.4700308624956,78124.49908082081,75922.51080842839,2893.7984457744406,5095.786718166857,30.32339166666668,53055.86579715746,1748.5905339948254,3606.669332358558,54913.9445955212,206.5477823375001,55120.492377858696,20539.98164574687,17138.588895359702,4291.937249707885
2025-06-20,2025-06-19,2025-04-25,2025-06-19,2697.4700308624956,2794.260389774188,35651.482339445975,34518.17088530786,0.0,1133.3114541381142,0.0,18803.503993759085,480.55674517494623,0.0,18322.94724858414,0.0,18322.94724858414,11792.657125561094,9464.94094868396,9789.873858430728
2025-06-21,2025-06-20,2025-04-26,2025-06-20,2794.260389774188,10800.0,44721.49715864768,44173.04762164704,0.0,548.4495370006307,0.0,22013.23612468836,200.98016647433323,0.0,21812.255958214027,0.0,21812.255958214027,20754.940638545955,9606.336268018991,13689.702851120084
2025-06-22,2025-06-21,2025-04-27,2025-06-21,10800.0,3730.0737526283497,69720.72105402606,67184.39671849617,1619.0693883342271,4155.393723864114,0.0,49411.7846412817,1415.8327110949376,2065.7742059576685,50061.72613614443,0.0,50061.72613614443,12766.0948117616,16703.47042016138,3664.431226895948
2025-06-23,2025-06-22,2025-04-28,2025-06-22,3730.0737526283497,3690.1869875650414,78358.94192386851,73865.27176354622,0.0,4493.67016032229,0.0,53967.97458154011,1799.2387491469156,0.0,52168.73583239319,0.0,52168.73583239319,20510.036214971602,16649.027422683983,2942.976971258593
2025-06-24,2025-06-23,2025-04-29,2025-06-23,3690.1869875650414,4746.872351674878,90803.39634992773,85176.74050702748,0.0,5626.655842900234,0.0,64903.670979168994,2419.673083452693,0.0,62483.9978957163,0.0,62483.9978957163,23581.485851644196,18149.986712132948,3476.4491175162484
2025-06-25,2025-06-24,2025-04-30,2025-06-24,4746.872351674878,3669.8160518686705,79593.60425846823,77164.91234668823,1788.5166583396926,4217.208570119701,0.0,54496.80581087352,1589.6182955093645,2060.6499922832963,54967.83750764745,0.0,54967.83750764745,18879.415089660288,16261.676892450425,4109.752782811702
2025-06-26,2025-06-25,2025-05-01,2025-06-25,3669.8160518686705,2893.83131071196,76640.02349057994,74330.10554951786,225.87629116766627,2535.7942322297467,5.302596933648374,52183.16518809088,1024.5289836011025,263.88476604999187,51422.52097053977,37.13673762480639,51459.65770816458,18803.221082881886,15928.995344175368,3913.7985744116527
2025-06-27,2025-06-26,2025-05-02,2025-06-26,2893.83131071196,3210.1516537461816,37615.957139243226,34755.83831545054,0.0,2860.118823792686,0.0,19272.533452282387,1014.3924357383804,0.0,18258.141016544007,0.0,18258.141016544007,12311.067616508193,9687.276460640835,12360.401292916515
2025-06-28,2025-06-27,2025-05-03,2025-06-27,3210.1516537461816,10800.0,45177.31813107288,43928.97844778078,0.0,1248.3396832921017,0.0,22569.77369383443,520.0019289510248,0.0,22049.771764883408,0.0,22049.771764883408,20688.36245119514,9926.71007383963,11390.3999537586
2025-06-29,2025-06-28,2025-05-04,2025-06-28,10800.0,4202.501448625288,68664.12054067058,69969.84198964482,3695.506018436897,2389.7845694626603,0.0,48685.43845333959,902.9955094218777,4504.377316192526,52286.82026011024,0.0,52286.82026011024,13063.672778451368,16519.323646782846,4157.724324642964
2025-06-30,2025-06-29,2025-05-05,2025-06-29,4202.501448625288,2847.4754960115906,81144.86469828303,76465.50661809684,0.0,4679.358080186176,10.479597243118064,55969.38855721464,1954.334291403674,0.0,54015.05426581097,74.21887462324155,54089.27314043421,18664.814651279885,16338.023224889037,4271.510805615775
2025-07-01,2025-06-30,2025-05-06,2025-06-30,2847.4754960115906,2497.1171652606063,73717.1325632256,84733.14134674001,13075.024252403302,2059.015468888888,0.0,54480.784933944946,562.4314875991109,17925.038507700752,71843.39195404659,0.0,71843.39195404659,18718.870544847956,15477.607639002734,2625.334407561463
2025-07-02,2025-07-01,2025-05-07,2025-07-01,2497.1171652606063,2152.0939310482245,70049.37081283801,79447.91021415754,11487.268433541758,2088.7290322222225,43.96146432724072,52571.81495125096,544.329877706889,13812.198884338466,65839.68395788255,377.38446949874753,66217.06842738128,17076.14078385647,14142.194945714884,3653.159473676532
2025-07-03,2025-07-02,2025-05-08,2025-07-02,2152.0939310482245,1974.5746390441006,78679.24624516591,88202.46775314366,12236.138001311097,2712.916493333333,204.5426880093772,59032.578906735216,757.4735508365555,16763.03815175145,75038.14350765011,718.1065899607385,75756.25009761084,18576.32686007179,15206.592119461862,5276.856767209773
2025-07-04,2025-07-03,2025-05-09,2025-07-03,1974.5746390441006,2399.586318244934,35140.860153270616,41239.16491677057,6098.304763499949,0.0,1359.1038076163454,20383.358770708153,0.0,7602.002104405779,27985.360875113933,2928.5842244828555,30913.94509959679,12572.470710404217,9801.190764146668,10946.12131146269
2025-07-05,2025-07-04,2025-05-10,2025-07-04,2399.586318244934,9354.984102495746,44662.790231357336,49413.125883352695,4750.335651995356,0.0,937.4110983555552,24168.47137356402,0.0,6192.7880280278205,30361.25940159184,2180.114374557999,32541.37377614984,21392.436696936526,11068.015718692857,11236.036036797914
2025-07-06,2025-07-05,2025-05-11,2025-07-05,9354.984102495746,1957.5537855030864,66174.60248210911,80497.76886800653,16387.521982474922,2064.355596577502,11.057472573994232,52091.781959766806,563.2525343867833,20657.74573626362,72186.27516164364,93.13301596802776,72279.40817761168,12492.09382118985,16776.283280457174,4999.034249847845
2025-07-07,2025-07-06,2025-05-12,2025-07-06,1957.5537855030864,3543.2064735012295,77128.54235686213,83895.295468528,8843.13538139876,2076.3822697328933,20.2981708280505,56868.03140817488,533.608133346026,11780.152210471932,68114.57548530078,171.05268556798157,68285.62817086876,19567.4671319933,14422.560957716243,5361.204698412326
2025-07-08,2025-07-07,2025-05-13,2025-07-07,3543.2064735012295,2883.951421160726,84146.07242273526,81828.73322581715,1793.7261644618302,4111.065361379928,18.47515625360802,62758.03397781383,1147.8789953517526,2993.657160864479,64603.812143326555,155.13588706154655,64758.94803038811,19597.90755106831,16467.634663471785,3145.548477807579
2025-07-09,2025-07-08,2025-05-14,2025-07-08,2883.951421160726,2396.082984510478,84287.67008755475,80051.51017570464,1179.0964751597858,5415.2563870098975,37.30733642181292,62283.41107331593,1666.6666171826462,2064.072689565049,62680.81714569833,320.33579856791533,63001.15294426625,18955.948262130147,15793.399685310646,2867.543918640282
2025-07-10,2025-07-09,2025-05-15,2025-07-09,2396.082984510478,2077.999942308605,78007.62981043415,78087.26454931856,2264.1228408012125,2184.4881019168406,33.191880573366575,58842.72240467301,632.8262591588964,2808.278176595214,61018.17432210932,284.91583169611465,61303.09015380543,19763.388462440445,16294.619392558447,1798.063976676579
2025-07-11,2025-07-10,2025-05-16,2025-07-10,2077.999942308605,3112.0200173408875,43644.55046031732,43538.1026977522,779.3340120569363,885.7817746220551,0.0,25740.074363677468,281.8454767749945,1101.0318483100405,26559.26073521251,0.0,26559.26073521251,14504.717193326003,10818.202859065012,7332.811213491204
2025-07-12,2025-07-11,2025-05-17,2025-07-11,3112.0200173408875,10044.976299394904,49818.53513550431,51883.30866294315,2064.77352743884,0.0,0.0,27806.938066278934,0.0,2422.0745872720136,30229.012653550948,0.0,30229.012653550948,23206.6212110793,12557.702527125617,10150.146645656136
2025-07-13,2025-07-12,2025-05-18,2025-07-12,10044.976299394904,3368.820644244539,76952.22184413855,67976.38820168766,48.87162028467196,9024.705262735572,47.00370366396544,58635.56108369908,3251.2768958537185,121.40511192723878,55505.6892997726,393.8164793582297,55899.505779130835,12701.025844646045,16296.371023798623,2351.0166845041945
2025-07-14,2025-07-13,2025-05-19,2025-07-13,3368.820644244539,2969.3969281929844,79643.17779014833,77778.18919782882,2066.966395993581,3931.9549883130862,0.0,58221.385140213744,1013.2058734767365,3101.7235282854704,60309.90279502248,0.0,60309.90279502248,18642.57076852327,15459.963666950243,2787.902879589119
2025-07-15,2025-07-14,2025-05-20,2025-07-14,2969.3969281929844,3706.660559054107,88118.24132822864,79185.75524763778,0.0,8932.486080590876,0.0,65196.44636314187,3348.062909201999,0.0,61848.38345393987,0.0,61848.38345393987,19670.44675276352,15269.52460196344,2035.7825135043586
2025-07-16,2025-07-15,2025-05-21,2025-07-15,3706.660559054107,2820.741787950182,82931.9291803171,78295.27472386448,0.731501539815099,4637.385957992452,29.819372348963725,63055.36085463634,1798.9658423073756,1.7507757853934578,61258.14578811435,250.59721643255313,61508.7430045469,17929.374591275915,15320.120312927025,3581.2764345312053
2025-07-17,2025-07-16,2025-05-22,2025-07-16,2820.741787950182,2637.183746681029,82071.73884518596,79907.36872731996,1309.1818075036867,3473.5519253696757,11.432396447548854,61395.54821243428,1247.6436387250785,1537.0330511300467,61684.93762483925,96.27792668303267,61781.215551522284,20476.400441812082,16751.086595010027,3473.0712102987814
2025-07-18,2025-07-17,2025-05-23,2025-07-17,2637.183746681029,2945.0885407640676,46579.43530168392,42841.120069685494,0.0,3738.3152319984238,0.0,27231.892801495174,1293.0795853850038,0.0,25938.81321611017,0.0,25938.81321611017,13142.086115642676,10367.975438995834,8792.761293038653
2025-07-19,2025-07-18,2025-05-24,2025-07-18,2945.0885407640676,9493.073784573422,54786.1133134015,51410.0268762013,0.0,3376.086437200198,0.0,31034.736198974813,1159.1071858933826,0.0,29875.62901308143,0.0,29875.62901308143,20657.305654306565,10839.230860559903,14409.133032454643
2025-07-20,2025-07-19,2025-05-25,2025-07-19,9493.073784573422,3374.383348301692,80908.44088677816,73288.49953896113,0.0,7619.941347817034,0.0,60821.06486523131,2616.560540714221,0.0,58204.5043245171,0.0,58204.5043245171,12455.352573059161,15595.656976822474,4338.825726057772
2025-07-21,2025-07-20,2025-05-26,2025-07-20,3374.383348301692,3531.325186351214,88882.999559887,82997.22767781992,0.0,5885.771882067084,1.2075756511204645,66830.1412830432,2287.505525462069,0.0,64542.63575758112,10.455793775226542,64553.09155135635,20088.805329563045,16130.684662701495,5050.565236609494
2025-07-22,2025-07-21,2025-05-27,2025-07-21,3531.325186351214,3005.00697531229,86379.76185400784,82947.12559390342,1052.1032940745308,4484.73955417895,2.5424729184514945,64935.400275052016,1935.8040421061687,803.1680917544477,63802.764324700285,21.686022757932022,63824.450347458216,18598.145449083662,15538.184203692801,6094.562204764348
2025-07-23,2025-07-22,2025-05-28,2025-07-22,3005.00697531229,3039.658230442416,97028.72841434437,82984.51322709909,0.0,14044.21518724529,13.440469127839265,72688.90811342254,5473.427518737559,0.0,67215.48059468498,115.00337409235667,67330.48396877733,20780.495034594154,16801.01484840415,4801.92639337025
2025-07-24,2025-07-23,2025-05-29,2025-07-23,3039.658230442416,3553.006695589841,96142.48079580472,82968.6582828995,0.0,13173.822512905232,0.0,72827.09765480182,5210.436831643456,0.0,67616.66082315837,0.0,67616.66082315837,19520.616968303097,15349.686125692826,5181.255440289221
2025-07-25,2025-07-24,2025-05-30,2025-07-24,3553.006695589841,3200.807211911332,45112.01253996876,42656.08055174841,0.0,2455.9319882203536,0.0,26732.164412308117,1116.376558189139,0.0,25615.78785411898,0.0,25615.78785411898,13440.239620480086,11203.573627899526,13914.094992501186
2025-07-26,2025-07-25,2025-05-31,2025-07-25,3200.807211911332,9239.551516511794,53449.8302323868,51218.24953915177,0.0,2231.5806932350206,0.0,30401.886797072755,931.2623372985452,0.0,29470.624459774204,0.0,29470.624459774204,20700.808885766455,11332.785323330416,13381.134410049068
2025-07-27,2025-07-26,2025-06-01,2025-07-26,9239.551516511794,3318.724867230101,81270.180519129,74584.3644480962,259.67237003999844,6945.4884410727955,0.0,61841.831798758365,2598.52189533463,317.2635520778818,59560.573455501624,0.0,59560.573455501624,13515.255576561587,16276.101001368399,3660.020072903018
2025-07-28,2025-07-27,2025-06-02,2025-07-27,3318.724867230101,3766.808489208372,91781.06825376456,86695.72537566174,0.0,5085.3428781028215,0.0,68743.68450663086,2371.2276928274396,0.0,66372.45681380342,0.0,66372.45681380342,21182.20467245089,16754.31052490478,4312.953994782303
2025-07-29,2025-07-28,2025-06-03,2025-07-28,3766.808489208372,3156.7461795129752,88535.11500974791,84808.27957002731,0.0,3726.8354397205976,5.3674966458569315,66331.45585448713,1836.7077294870567,0.0,64494.74812500007,46.95754440627937,64541.70566940635,18826.599772360645,15798.601894337982,5716.403238650488
2025-07-30,2025-07-29,2025-06-04,2025-07-29,3156.7461795129752,3499.2620206371544,82218.53811589093,83253.65065901184,2570.869612676186,1535.7570695552747,0.0,62547.20134276852,904.0727555472565,2723.824949180408,64366.95353640168,0.0,64366.95353640168,19957.065608492747,15856.958885867361,5050.289886386458
2025-07-31,2025-07-30,2025-06-05,2025-07-30,3499.2620206371544,3044.542960137877,85949.82050344157,82536.46125921837,0.0,3413.3592442231975,0.0,63873.01028456925,1711.0019063110194,0.0,62162.00837825823,0.0,62162.00837825823,20947.618902450606,17376.818465434342,4270.66455553545
2025-08-01,2025-07-31,2025-06-06,2025-07-31,3044.542960137877,3487.544596472264,45550.99216907591,42493.17670140757,0.0,3057.815467668344,0.0,26839.355390445442,1262.0110433529157,0.0,25577.344347092523,0.0,25577.344347092523,13419.701429411445,10471.256685122322,18293.372290451778
2025-08-02,2025-08-01,2025-06-07,2025-08-01,3487.544596472264,9603.607178549859,54969.06285912146,50586.91629183224,0.0,4382.146567289223,0.0,30539.355997361403,1635.2659900748795,0.0,28904.090007286526,0.0,28904.090007286526,20483.557401034785,11087.225170968344,20263.559128432466
2025-08-03,2025-08-02,2025-06-08,2025-08-02,9603.607178549859,2415.555475700634,67938.76818056189,63911.77612491986,0.0,4026.992055642023,73.97146257108977,51856.73483871568,1647.3708836933824,0.0,50209.36395502231,616.8281276762817,50826.19208269859,11219.363702125866,15556.931131286257,5483.83503331801
2025-08-04,2025-08-03,2025-06-09,2025-08-03,2415.555475700634,3157.027479576156,81193.16507359053,74287.35208682083,0.0,6905.812986769695,0.0,60165.32851464374,2669.33242975663,0.0,57495.99608488711,0.0,57495.99608488711,18621.123862207332,14415.785524899968,4666.358666180129
2025-08-05,2025-08-04,2025-06-10,2025-08-04,3157.027479576156,2700.8045175929183,78705.33069401688,72434.75419758254,0.0,6270.576496434347,7.296438300103432,58078.940580191294,2450.7290583766403,0.0,55628.21152181465,59.37841488624173,55687.58993670089,17768.31152911333,14802.933004366714,4324.362377802689
2025-08-06,2025-08-05,2025-06-11,2025-08-05,2700.8045175929183,2729.3855009947674,86951.03594133709,76201.53426731298,0.0,10749.501674024104,0.0,65849.04043209767,4499.544582271093,0.0,61349.49584982658,0.0,61349.49584982658,18502.678725293634,14961.446882426178,4545.9031577788555
2025-08-07,2025-08-06,2025-06-12,2025-08-06,2729.3855009947674,2660.9433347185245,88297.97840473833,73650.56971233341,0.0,14647.408692404908,8.901885987579135,62981.27570952473,4394.81862458157,0.0,58586.45708494316,77.54432883780184,58664.00141378096,18602.20543367263,15129.384350923454,6798.665265571818
2025-08-08,2025-08-07,2025-06-13,2025-08-07,2660.9433347185245,2904.8730720944063,44460.77179208666,42352.63635367485,0.0,2108.1354384118176,0.0,25234.641493376443,1017.3881663637167,0.0,24217.253327012728,0.0,24217.253327012728,13020.091340272305,10326.737221982274,23884.110985384814
2025-08-09,2025-08-08,2025-06-14,2025-08-08,2904.8730720944063,8837.291623861796,51798.50694691202,49404.698968598954,0.0,2393.8079783130606,0.0,28879.878444691396,1083.2934232995167,0.0,27796.58502139188,0.0,27796.58502139188,21255.335319196194,11877.644911958268,21105.07956136103
2025-08-10,2025-08-09,2025-06-15,2025-08-09,8837.291623861796,3320.831138004618,75534.66808188196,66038.92028527975,0.0,9495.747796602205,0.941546887855452,58104.476235655326,3610.3505902392276,0.0,54494.12564541609,7.728216855517551,54501.853862271615,11534.196331754154,14307.513465992324,3508.559916405777
2025-08-11,2025-08-10,2025-06-16,2025-08-10,3320.831138004618,3003.142966240387,79985.43922570386,74096.43744570436,0.0,5889.0017799994785,59.65607040243094,57080.04953493867,1927.2850381581393,0.0,55152.764496780524,496.9982190723478,55649.76271585288,19081.248147673636,15741.730354203457,6255.322389303288
2025-08-12,2025-08-11,2025-06-17,2025-08-11,3003.142966240387,2575.582651361397,85491.14817728358,75360.84011361189,0.0,10130.308063671702,19.996385459509952,62504.588720870786,3390.71977673111,0.0,59113.86894413968,167.00981135782712,59280.878755497506,17504.069933454917,14563.100929489578,4679.323845106058
2025-08-13,2025-08-12,2025-06-18,2025-08-12,2575.582651361397,2913.4884984452524,78306.09157227333,74554.00317933064,0.0,3752.0883929427027,34.68645123789338,56873.454788686046,1361.720001427435,0.0,55511.73478725862,290.7623541389916,55802.49714139761,18279.027651053744,14501.897134978062,4690.579664492851
2025-08-14,2025-08-13,2025-06-19,2025-08-13,2913.4884984452524,2465.013038590567,79413.26429540163,73964.60662202051,0.0,5448.6576733811235,46.96466379784397,58650.21198864037,2345.6711699013804,0.0,56304.540818738984,402.0370884042103,56706.57790714319,19452.822633298143,16160.414246840712,4792.871916027597
2025-08-15,2025-08-14,2025-06-20,2025-08-14,2465.013038590567,2368.2987980734647,45412.57153238783,41658.55112538901,0.0,3754.020406998825,0.0,26265.56604369584,1573.034340384098,0.0,24692.53170331174,0.0,24692.53170331174,12851.101166711835,10496.434761501976,22144.157836845814
2025-08-16,2025-08-15,2025-06-21,2025-08-15,2368.2987980734647,9438.226617170145,55087.840362268864,49629.52919656884,0.0,5458.311165700021,0.0,30868.86175771709,1966.5923572822808,0.0,28902.26940043481,0.0,28902.26940043481,21444.5254518687,11007.130578826635,22262.853956860115
2025-08-17,2025-08-16,2025-06-22,2025-08-16,9438.226617170145,2567.385548211855,75998.36406029391,64879.49736657846,0.0,11118.86669371546,88.74677383312758,55890.377985686755,3340.8313397398806,0.0,52549.54664594687,739.6467415069569,53289.19338745384,11261.429156709419,15305.514578997087,5846.935946032589
2025-08-18,2025-08-17,2025-06-23,2025-08-17,2567.385548211855,2742.323442172677,80866.95832377009,73613.78065148683,0.0,7253.177672283258,113.0472167718898,59363.914348350314,2805.9169047061296,0.0,56557.997443644184,955.7843544407847,57513.781798084965,19644.36072388047,15754.488081778438,5442.839609490028
2025-08-19,2025-08-18,2025-06-24,2025-08-18,2742.323442172677,2497.0143911586456,79166.22754155025,72415.99317991472,0.0,6750.234361635527,114.83653066892657,58234.80685556968,2434.8192995295476,0.0,55799.98755604014,979.3311319901934,56779.31868803033,17828.12826176248,14661.562037940235,5046.60343676141
2025-08-20,2025-08-19,2025-06-25,2025-08-19,2497.0143911586456,2417.6937264728513,88494.38321905033,77337.5069133343,0.0,11156.876305716045,57.2030642644454,64207.76149996405,3886.5495202525835,0.0,60321.211979711465,482.2525457617386,60803.46452547321,20849.38759486532,16959.392550058128,2854.0238661248804
2025-08-21,2025-08-20,2025-06-26,2025-08-20,2417.6937264728513,2429.2616468845813,84125.81465720801,72738.59712809688,0.0,11387.217529111142,13.865767328431843,60779.46184947979,3797.2137835697677,0.0,56982.24806591003,113.72009074413378,57095.96815665416,18246.62428162118,14769.354539742599,3430.77467021339
2025-08-22,2025-08-21,2025-06-27,2025-08-21,2429.2616468845813,2241.1492520626075,44727.479025334746,41831.97702303006,0.0,2895.5020023046854,0.0,25959.025452736292,1175.4920768932604,0.0,24783.533375843035,0.0,24783.533375843035,13064.90518569311,10751.874355751195,18288.376793088144
2025-08-23,2025-08-22,2025-06-28,2025-08-22,2241.1492520626075,10000.733937860636,52472.47219014306,51350.293038397576,0.0,1122.1791517454822,0.0,28250.994999634873,538.6962097643378,0.0,27712.29878987054,0.0,27712.29878987054,20967.941630846828,10000.406503767706,17852.751761318454
2025-08-24,2025-08-23,2025-06-29,2025-08-23,10000.733937860636,2797.13571901929,70855.95841222187,64708.21023325927,0.0,6147.748178962597,0.0,54895.60601380881,2188.191808548101,0.0,52707.414205260706,0.0,52707.414205260706,11906.770723233401,16127.722682776264,5195.572709468798
2025-08-25,2025-08-24,2025-06-30,2025-08-24,2797.13571901929,2598.45235318944,100701.34680763975,79020.80715684422,0.0,21680.539650795512,15.718051063976873,73370.64944999883,8077.992891052652,0.0,65292.656558946175,131.33050588841394,65423.98706483459,19986.80887188818,16368.13021547629,4644.759534829653
2025-08-26,2025-08-25,2025-07-01,2025-08-25,2598.45235318944,2964.10648631496,79097.14937446715,73603.80616046657,0.0,5493.343214000582,0.0,58502.434891439974,2272.6455282777983,0.0,56229.78936316217,0.0,56229.78936316217,19746.66126600518,15665.70690565123,3994.03341677929
2025-08-27,2025-08-26,2025-07-02,2025-08-26,2964.10648631496,2945.7794577268164,80116.94114579531,77642.86304664158,62.54927810108825,2536.6273772548125,25.056440778054707,58682.322402270765,1017.8793153389854,66.56806921908316,57731.01115615086,205.00807733916093,57936.01923349002,19150.38947130086,15528.309797483027,6131.6909469351385
2025-08-28,2025-08-27,2025-07-03,2025-08-27,2945.7794577268164,2664.7647260684016,78130.83390596198,78193.62801714157,1211.7392234161102,1148.9451122365153,25.736144807935716,57024.12868198041,595.6661090667765,1369.3670157508186,57797.82958866445,216.9925669969753,58014.82215566142,20176.20539996428,16595.63963246364,3871.0034111155273
2025-08-29,2025-08-28,2025-07-04,2025-08-28,2664.7647260684016,2229.8943950538696,45616.861532094,42907.19123382137,0.0,2709.6702982726224,0.0,26044.779117256123,1142.1840682883014,0.0,24902.59504896782,0.0,24902.59504896782,13443.031883662687,11280.239123679858,18189.178123838545
2025-08-30,2025-08-29,2025-07-05,2025-08-29,2229.8943950538696,9863.078311557627,53785.69457710584,51026.6577448357,0.0,2759.036832270147,0.0,29696.015948114276,1021.092406168932,0.0,28674.923541945343,0.0,28674.923541945343,21883.378577603093,10855.671123005124,21486.23045690439
2025-08-31,2025-08-30,2025-07-06,2025-08-30,9863.078311557627,2697.8772007445523,68603.89336640373,64840.03529388416,0.0,3763.858072519578,20.572253587815,51967.730618738344,1658.09579160478,0.0,50309.63482713356,171.56230879558316,50481.19713592915,13827.268003473584,17648.76808254537,2035.484543210428
2025-09-01,2025-08-31,2025-07-07,2025-08-31,2697.8772007445523,4951.419032844841,85986.25598627143,67503.55771378103,0.0,18482.698272490383,0.0,54958.67893797436,5856.126860610925,0.0,49102.552077363434,0.0,49102.552077363434,19389.29083069878,13677.137923975757,8217.270273724671
2025-09-02,2025-09-01,2025-07-08,2025-09-01,4951.419032844841,4885.498718108272,73178.7007914687,64636.60965510602,0.0,8542.091136362675,0.0,47843.64320733419,2922.2684426085298,0.0,44921.37476472567,0.0,44921.37476472567,18839.12755204286,15319.021600417629,7058.747853480791
2025-09-03,2025-09-02,2025-07-09,2025-09-02,4885.498718108272,5179.837330207643,78309.83899802098,66851.38610842591,0.0,11458.452889595064,0.0,52387.8393627055,3788.2183128004317,0.0,48599.621049905065,0.0,48599.621049905065,17204.138897759287,13670.44775629559,7769.977716962225
2025-09-04,2025-09-03,2025-07-10,2025-09-03,5179.837330207643,4555.724466558528,75235.91339688862,65295.22625446222,0.0,9940.687142426406,0.0,50752.346876975455,3679.980359726052,0.0,47072.36651724941,0.0,47072.36651724941,17711.430240281235,14907.96007191201,8566.190536092996
2025-09-05,2025-09-04,2025-07-11,2025-09-04,4555.724466558528,4251.788893713123,40144.577240652885,35479.48716191059,0.0,4665.090078742289,0.0,20347.90416291023,1995.089609248767,0.0,18352.81455366146,0.0,18352.81455366146,13672.166311676778,11347.996728019054,26331.0559115862
2025-09-06,2025-09-05,2025-07-12,2025-09-05,4251.788893713123,10800.0,49153.688719639744,44757.9336998644,0.0,4395.755019775339,0.0,23468.844763281304,1753.5675342383001,0.0,21715.277229043004,0.0,21715.277229043004,20199.042269409594,10467.834242563582,27305.64197301839
2025-09-07,2025-09-06,2025-07-13,2025-09-06,10800.0,4722.532487719795,64519.220426385466,59389.985663506784,0.0,5129.234762878686,0.0,44283.15000340417,2123.9945188104366,0.0,42159.155484593735,0.0,42159.155484593735,13237.715852730675,16192.27060176403,7383.55679587347
2025-09-08,2025-09-07,2025-07-14,2025-09-07,4722.532487719795,4450.886134896129,75257.48800357163,67777.7250130112,0.0,7479.762990560436,0.0,49335.71845971704,2158.7885819342278,0.0,47176.929877782815,0.0,47176.929877782815,18335.171183112067,15095.970375862074,5142.954672427863
2025-09-09,2025-09-08,2025-07-15,2025-09-08,4450.886134896129,4269.841760285443,64102.797006706634,62180.581308216824,0.0,1922.2156984898115,0.0,43055.0025869982,745.9979129508994,0.0,42309.004674047304,0.0,42309.004674047304,18535.242042259404,15176.485991379735,5718.990990670486
2025-09-10,2025-09-09,2025-07-16,2025-09-09,4269.841760285443,4261.969684125007,77092.01587359229,70115.70841083268,23.85564306731095,7000.163105826938,296.376016666666,50661.086654947554,2263.149714061519,27.105974435232067,48425.04291532126,1550.478299616663,49975.52121493792,20921.279298008365,16953.321099931167,5128.127579422145
2025-09-11,2025-09-10,2025-07-17,2025-09-10,4261.969684125007,3562.94598127634,75121.96756491068,62284.65011188798,0.0,12837.317453022699,0.0,48972.45016811248,3740.2664494132305,0.0,45232.183718699256,0.0,45232.183718699256,18607.754034321533,15701.402100364241,5882.212394597364
2025-09-12,2025-09-11,2025-07-18,2025-09-11,3562.94598127634,3795.6156451017264,36782.50483240685,35332.135391938995,0.0,1450.3694404678565,0.0,18177.133323365095,705.8625644939757,0.0,17471.27075887112,0.0,17471.27075887112,13307.318481519163,10569.525272587674,21042.685983007505
2025-09-13,2025-09-12,2025-07-19,2025-09-12,3795.6156451017264,10800.0,45504.29968402963,43387.51606499929,0.0,2116.783619030341,0.0,21019.01063112002,871.8313202546317,0.0,20147.179310865387,0.0,20147.179310865387,20908.337006791036,10631.807056092293,25103.884630967215
2025-09-14,2025-09-13,2025-07-20,2025-09-13,10800.0,3905.540063527967,72551.83174421125,61211.98192332673,0.0,11339.849820884518,0.0,49551.346326990446,4001.8851512241117,0.0,45549.46117576633,0.0,45549.46117576633,12660.484382834056,16460.006292920414,4912.179083413086
2025-09-15,2025-09-14,2025-07-21,2025-09-14,3905.540063527967,3269.7570202257034,61955.3029229799,61874.99494620091,230.14924442178102,310.45722120077,60.547132089140106,41661.62356177479,193.25748522921816,258.34170827030755,41726.70778481588,312.2052392539431,42038.913024069814,20379.077828759462,17079.25778026721,3568.6913964644627
2025-09-16,2025-09-15,2025-07-22,2025-09-15,3269.7570202257034,2327.851858038198,75827.83730867706,67500.88112465269,21.3117587300909,8348.267942754472,0.0,49739.22967583515,2570.268183315351,31.737471100851373,47200.69896362064,0.0,47200.69896362064,18510.18125146848,15840.961459658225,5339.8913495090965
2025-09-17,2025-09-16,2025-07-23,2025-09-16,2327.851858038198,3140.4617515477157,73163.69201187114,68116.64009664659,221.16190499824677,5268.213820222811,7.62916666666672,48054.29845485925,1866.2176951601668,226.78974922503093,46414.87050892411,38.19542291666694,46453.06593184078,21101.12919361784,16360.565742671883,3423.58741236729
2025-09-18,2025-09-17,2025-07-24,2025-09-17,3140.4617515477157,2215.644614827291,63327.80270275906,66975.96028773238,4601.679091276326,953.5215063030067,0.0,41901.36063939355,356.8395813534487,3471.706366628808,45016.227424668905,0.0,45016.227424668905,19118.162754169396,16318.0472539256,5219.79367082191
2025-09-19,2025-09-18,2025-07-25,2025-09-18,2215.644614827291,3238.069028861486,35094.735360486826,34272.12862049191,0.0,822.6067399949188,0.0,16888.75489093706,333.63543368569043,0.0,16555.11945725137,0.0,16555.11945725137,14722.659685342924,11005.172372496992,14453.288990979307
2025-09-20,2025-09-19,2025-07-26,2025-09-19,3238.069028861486,10800.0,44149.77966465322,43078.13649868898,0.0,1071.643165964234,0.0,19610.4660614512,389.0994920250854,0.0,19221.366569426114,0.0,19221.366569426114,22612.448821749887,11510.345671592753,16330.599615198516
2025-09-21,2025-09-20,2025-07-27,2025-09-20,10800.0,3206.6998649202737,63528.807834801104,59962.02505154842,0.0,3566.7827832526746,0.0,43623.80462903691,1015.882965502198,0.0,42607.92166353471,0.0,42607.92166353471,11089.196593123233,15816.219362001573,6401.560337093431
2025-09-22,2025-09-21,2025-07-28,2025-09-21,3206.6998649202737,3384.754836534456,74374.14105897062,66620.08868791722,812.8619005782432,8566.914271631631,19.555900000000065,48761.41044673012,2578.566611042673,1061.5687161783485,47244.4125518658,128.01369518333377,47372.42624704912,20546.169532333006,16482.14784673697,1961.6030189878618
2025-09-23,2025-09-22,2025-07-29,2025-09-22,3384.754836534456,2701.030012810281,71826.31139544869,67863.74818601273,195.1300414126348,4157.693250848587,16.609366666666915,47206.11234991072,1083.4554797882538,300.65740739885973,46423.31427752132,110.35257885000166,46533.666856371325,20103.104061880236,16898.866631474746,2559.504538940574
2025-09-24,2025-09-23,2025-07-30,2025-09-23,2701.030012810281,3007.6262870832797,62275.8977528034,67375.15012842455,5099.25237562115,0.0,0.0,41256.325491049734,0.0,4859.067011224017,46115.39250227375,0.0,46115.39250227375,20831.028289668655,16597.19626778592,2078.093006541805
2025-09-25,2025-09-24,2025-07-31,2025-09-24,3007.6262870832797,1904.9683951433867,67197.46914546302,68646.86635525734,3661.49374247576,2212.096532681434,15.37166666666667,44164.8906788529,492.6986357650165,3469.3246108463386,47141.516653934224,106.25664583333337,47247.773299767556,18078.2294776158,15635.757979614707,5884.317623922918
2025-09-26,2025-09-25,2025-08-01,2025-09-25,1904.9683951433867,3099.1023391637386,35159.97907582147,33972.81650257763,0.0,1187.1625732438438,0.0,16026.293266475133,389.96935365834463,0.0,15636.323912816788,0.0,15636.323912816788,15575.850164365167,11541.718083517473,12244.440921729938
2025-09-27,2025-09-26,2025-08-02,2025-09-26,3099.1023391637386,10665.353606951268,41837.830521011485,42962.60720504586,1124.7766840343857,0.0,0.0,18643.720241686704,0.0,1265.2467332160334,19908.966974902738,0.0,19908.966974902738,23159.177995494654,11949.308035341897,13951.43499489311
2025-09-28,2025-09-27,2025-08-03,2025-09-27,10665.353606951268,4268.255452496712,61941.83143504729,63995.669004666575,4337.366295191943,2283.5287255726594,5.868333333333453,42316.104227279735,576.7036726238094,4768.568200545587,46507.96875520152,40.07191416666748,46548.04066936818,12862.891299177762,16176.330291343089,3827.3471634985603
2025-09-29,2025-09-28,2025-08-04,2025-09-28,4268.255452496712,4042.1426530142885,71562.41733983904,67688.53303978615,336.1222266219234,4210.006526674797,20.545504030358757,47091.32988085514,1355.402720221824,600.5508571416661,46336.47801777498,114.60808535645472,46451.086103131434,21646.98289759146,17737.557666583267,1039.7617128083316
2025-09-30,2025-09-29,2025-08-05,2025-09-29,4042.1426530142885,3643.620411496054,69521.92621442857,71800.07712807198,3649.2353611983676,1371.0844475549552,0.0,46449.72728426068,484.56277811166876,4151.127435874306,50116.291942023316,0.0,50116.291942023316,20901.387881816336,17288.794201637644,2765.3086812266247
2025-10-01,2025-09-30,2025-08-06,2025-09-30,3643.620411496054,4779.074169954938,65352.60018878353,62115.681604848214,540.426330957643,3777.344914892964,0.0,40777.10922792962,702.2189216577227,688.4442526079681,40763.33455887987,0.0,40763.33455887987,20087.299629478104,15248.804317264268,7615.6647593010475
2025-10-02,2025-10-01,2025-08-07,2025-10-01,4779.074169954938,4400.4095721998965,69984.07843384294,61716.815717196005,274.6273218598587,8541.890038506795,0.0,44211.11779512095,2426.777860465618,391.9855988072058,42176.32553346253,0.0,42176.32553346253,18129.676107012434,15025.835784659612,6882.19227817651
2025-10-03,2025-10-02,2025-08-08,2025-10-02,4400.4095721998965,4723.70459433039,29467.910098618773,29993.889666397445,525.9795677786742,0.0,0.0,12679.295827715727,0.0,534.9295152757738,13214.2253429915,0.0,13214.2253429915,13685.32590267914,10794.14846125266,19285.558524970966
2025-10-04,2025-10-03,2025-08-09,2025-10-03,4723.70459433039,10800.0,40431.157425963494,40330.29365469359,128.6220715548983,229.48584282480087,0.0,17091.784663132807,70.20812012355083,188.86784324998743,17210.444386259245,0.0,17210.444386259245,20719.827953754182,11314.394777438238,17828.87804504431
2025-10-05,2025-10-04,2025-08-10,2025-10-04,10800.0,6704.442317302417,65585.63626977366,57952.666393750995,756.1406250341176,8389.110501056784,0.0,42040.42317421045,2037.6041742452371,1096.623330948322,41099.44233091354,0.0,41099.44233091354,14812.333473506063,15683.992027967735,4088.363881546004
2025-10-06,2025-10-05,2025-08-11,2025-10-05,6704.442317302417,5065.01399090816,57743.825638360824,61169.344695458036,3685.0730113031427,259.5539542059297,0.0,38889.92187623367,99.01317345202841,3503.3207471312044,42294.22944991284,0.0,42294.22944991284,17421.21158279998,15586.666875822815,1601.6907384808753
2025-10-07,2025-10-06,2025-08-12,2025-10-06,5065.01399090816,6014.458152593007,65202.76689644636,66162.03080426322,2888.489116245527,1929.22520842866,0.0,41365.50772558827,369.9265811850968,3481.0944008539464,44476.67554525712,0.0,44476.67554525712,20066.9964952704,15399.767415652663,3723.238724645486
2025-10-08,2025-10-07,2025-08-13,2025-10-07,6014.458152593007,5046.079512906937,60602.73317785276,60618.561020508794,1793.9604542002262,1778.1326115441864,0.0,38650.52851962019,413.50843439360045,2256.376848890795,40493.39693411738,0.0,40493.39693411738,18775.57467112213,16079.756259326385,1444.2469420463897
2025-10-09,2025-10-08,2025-08-14,2025-10-08,5046.079512906937,2946.0767405348906,69116.38329077556,58459.9654530521,488.6168675332415,11145.034705256698,0.0,44091.2605440535,3018.970964675854,766.3096975026656,41838.599276880304,0.0,41838.599276880304,17716.144307440743,16240.079384161842,1223.9188464398658
2025-10-10,2025-10-09,2025-08-15,2025-10-09,2946.0767405348906,5695.340643749463,33979.47331826027,34192.18645547259,584.41995484462,371.70681763229925,0.0,13988.176643493694,113.49774176510992,850.5443429431367,14725.22324467172,0.0,14725.22324467172,17809.86885993666,11951.656263655586,18990.36294252485
2025-10-11,2025-10-10,2025-08-16,2025-10-10,5695.340643749463,10798.901666666667,38328.083595069926,38521.779345934076,255.5880877975809,61.89233693343122,0.0,15684.29863125573,17.088458810283388,349.1235124500057,16016.33368489545,0.0,16016.33368489545,20805.045243125696,12258.881726306334,15869.30224578138
2025-10-12,2025-10-11,2025-08-17,2025-10-11,10798.901666666667,7571.549733215354,61933.6771110631,61112.29667384866,1310.5131665306956,2131.89360374514,20.92993333333345,39237.86923271617,472.3977977991129,1810.2176059120854,40575.68904082914,105.12059016666726,40680.809630995805,16816.76866617707,16526.199359709615,2327.701317381198
2025-10-13,2025-10-12,2025-08-18,2025-10-12,7571.549733215354,4784.260055426103,64505.620510720924,59321.05984743415,1433.3723499245311,6617.93301321131,0.0,41213.70485813064,1693.8740247521064,1904.088081081688,41423.91891446021,0.0,41423.91891446021,16896.62047702136,16194.823296397622,1591.8673668104198
2025-10-14,2025-10-13,2025-08-19,2025-10-13,4784.260055426103,4743.9366314626395,70493.64124119323,66554.34032548408,1650.5534976101676,5589.8544133193045,0.0,45112.60855430662,1559.1647731741143,2161.2791661639358,45714.72294729644,0.0,45714.72294729644,20479.181765948306,16624.428311985237,1925.7575881876814
2025-10-15,2025-10-14,2025-08-20,2025-10-14,4743.9366314626395,5448.981100181812,73892.93164526373,67951.49571521531,793.2081661447879,6734.644096193204,0.0,46310.29593264953,2045.974497413919,1251.6988201891772,45516.020255424795,0.0,45516.020255424795,21986.806830003436,17174.77351045552,1219.4387456673987
2025-10-16,2025-10-15,2025-08-21,2025-10-15,5448.981100181812,2135.2389116097224,65179.35675294614,64628.590832262715,2515.2867338613114,3066.052654544742,0.0,42632.09391119124,870.8089523251036,3329.3133879975635,45090.59834686369,0.0,45090.59834686369,17732.095384366432,17345.365231051685,1275.3877289479633
2025-10-17,2025-10-16,2025-08-22,2025-10-16,2135.2389116097224,3781.7982797272375,31917.487959720333,33599.824184034755,1682.3362243144186,0.0,0.0,12838.185510875832,0.0,1723.0664661707015,14561.251977046533,0.0,14561.251977046533,17178.708261131986,12432.850260211148,12849.766866447248
2025-10-18,2025-10-17,2025-08-23,2025-10-17,3781.7982797272375,10800.0,40124.54406758702,39780.78834968969,533.9895823512643,877.7453002485942,0.0,16240.212776965513,268.299287241349,562.8802421211311,16534.793731845293,0.0,16534.793731845293,22832.05880320596,12177.586082351338,13049.722362168402
2025-10-19,2025-10-18,2025-08-24,2025-10-18,10800.0,7443.44871127921,67775.57487646092,65381.75256877079,979.3765518481786,3373.1988595382986,0.0,44436.52200189936,995.930668008408,1327.8118994446959,44768.403233335644,0.0,44768.403233335644,18381.06291322197,17909.5571195585,1024.5242417739876
2025-10-20,2025-10-19,2025-08-25,2025-10-19,7443.44871127921,5301.54776663239,73414.17903521199,68177.65505130735,306.9027331742064,5543.426717078844,0.0,48171.65661141148,1872.6728363015366,529.5066809776923,46828.49045608763,0.0,46828.49045608763,18659.40204220712,17041.826504369907,2119.297146803468
2025-10-21,2025-10-20,2025-08-26,2025-10-20,5301.54776663239,6955.106178378489,76209.937560064,74323.24939254805,1818.2877716021726,3704.975939118133,0.0,49088.719260048354,1328.0763253044786,2431.274460628997,50191.917395372875,0.0,50191.917395372875,22957.243713361968,17107.1648372517,2010.5891664377848
2025-10-22,2025-10-21,2025-08-27,2025-10-21,6955.106178378489,6950.878827964981,71145.61693966863,70864.59959954837,1067.5678652301592,1348.585205350402,91.55910457711593,45707.68447474526,377.5399718620942,1722.9612597506068,47053.10576263378,552.306993370266,47605.41275600404,21565.3810777736,17471.763288368777,1307.644214720668
2025-10-23,2025-10-22,2025-08-28,2025-10-22,6950.878827964981,1454.3245559915492,75412.25677968227,62274.82880657777,1115.9041037728307,14253.332076877323,0.0,49663.458735977634,4730.749498255011,1681.4239087465432,46614.13314646917,0.0,46614.13314646917,16157.221511035681,18034.24826871499,772.3585309237426
2025-10-24,2025-10-23,2025-08-29,2025-10-23,1454.3245559915492,2702.388943432714,33461.08523496138,34431.55400030127,970.4687653398976,0.0,157.24870902222193,13575.598411153816,0.0,1070.7704177034022,14646.368828857218,676.3395044964294,15322.708333353647,18119.016914166823,13553.145751778082,11602.880830268088
2025-10-25,2025-10-24,2025-08-30,2025-10-24,2702.388943432714,10070.454889255045,40661.839362393,41327.68256398731,665.843201594314,0.0,47.24252431397999,15913.258064374038,0.0,808.3946816245032,16721.65274599854,186.45735614343863,16908.11010214198,24608.09835640133,13301.300317444977,10669.694316011613
2025-10-26,2025-10-25,2025-08-31,2025-10-25,10070.454889255045,7436.672688348313,72930.1431654505,66669.10498531818,830.3159700076202,7091.3541501399295,0.0,47622.14804443887,2440.8723770861934,1384.2202177019858,46565.49588505467,0.0,46565.49588505467,18608.29277329867,17443.121127187987,959.6213225408351
2025-10-27,2025-10-26,2025-09-01,2025-10-26,7436.672688348313,6507.323498971692,68602.53318121107,70440.04599240443,3628.6244162365115,1791.111605043134,0.8159817998168819,44195.755941940864,356.20435215086735,3891.1261238898505,47730.67771367985,4.28390444903863,47734.96161812889,20609.57139941256,17530.167103963136,3808.8760120881598
2025-10-28,2025-10-27,2025-09-02,2025-10-27,6507.323498971692,7959.7184358176155,71124.5224637283,73195.26800266173,3335.0053033933377,1264.2597644599057,0.0,45614.32468472718,303.2496718838003,3650.0812082467783,48961.15622109016,0.0,48961.15622109016,22437.00423261878,16866.817985259877,1652.660055302827
2025-10-29,2025-10-28,2025-09-03,2025-10-28,7959.7184358176155,7142.9699623998895,76945.03428860457,74481.55119232181,1211.2918801651933,3674.7749764479463,154.72043290418617,50456.496191699036,1279.3568999565123,1999.4203566563988,51176.55964839892,938.1955601585375,52114.75520855746,21544.08055191877,18185.778873130155,1965.7131464373895
2025-10-30,2025-10-29,2025-09-04,2025-10-29,7142.9699623998895,1203.6726405,62390.61894941164,63104.72796288415,1813.3947294474356,1099.2857159749228,154.86631023060232,42287.20651796971,304.4690028869921,2387.7543204700046,44370.49183555272,506.6906064261994,44877.18244197893,15259.0342335429,17705.185318879645,917.9277084515069
2025-10-31,2025-10-30,2025-09-05,2025-10-30,1203.6726405,5732.9842844313725,39576.34527598765,38941.227197446286,149.93125667872607,785.0493352200983,69.26511042608975,16251.498002760882,242.10515024725538,180.19034505854626,16189.583197572172,282.72856284789293,16472.311760420067,22170.471740891742,13881.701630584083,6817.430130898045
2025-11-01,2025-10-31,2025-09-06,2025-10-31,5732.9842844313725,10427.276630246086,38668.51041903373,39006.312164487645,353.8881214802837,16.086376026364405,0.0,15331.904750139656,4.385343949827506,413.7098721069797,15741.229278296807,0.0,15741.229278296807,22012.987231389576,13605.656546192318,8054.943045957059
2025-11-02,2025-11-01,2025-09-07,2025-11-01,10427.276630246086,7295.168554621572,72020.5349508377,72088.43319180628,2972.7105699107415,2904.8123289421537,205.91837024068423,48379.648549970094,1048.3295427381722,3388.8952039472565,50720.214211179176,1287.6909300481461,52007.905141227326,18800.673148212394,18047.442518114105,2744.7369986153353
2025-11-03,2025-11-02,2025-09-08,2025-11-02,7295.168554621572,7510.435218960384,80781.53068400073,76018.11034207928,349.2244429052969,5112.644784826729,0.0,53536.73067935536,1868.91835927406,615.1891590201448,52283.00147910143,0.0,52283.00147910143,22284.37327689006,17856.60235637602,2085.4091382319148
2025-11-04,2025-11-03,2025-09-09,2025-11-03,7510.435218960384,7122.359575350222,74400.33162619628,72648.9367393346,632.1377914995925,2383.5326783612695,357.7165961996297,48787.62952539693,594.4718478667107,899.185222818821,49092.34290034904,2218.6321919255224,51310.975092274566,20987.224351152556,17348.91980368272,1788.2767547310632
2025-11-05,2025-11-04,2025-09-10,2025-11-04,7122.359575350222,8173.025092662703,84155.59037627754,76863.62281803749,243.50532685323208,7535.472885093279,0.0,56223.00421226842,2828.316286341529,416.5944616671312,53811.28238759402,0.0,53811.28238759402,23800.53531057087,18332.83463598118,1717.90207678112
2025-11-06,2025-11-05,2025-09-11,2025-11-05,8173.025092662703,1259.709215378588,70160.05893422251,70520.98752673279,1624.3718393545957,1263.4432468443244,81.45497495563424,48800.67802364137,442.4768687424738,2350.542527930309,50708.74368282921,196.09010874538322,50904.833791574594,15004.851580110442,18375.914069445163,2603.920441023138
2025-11-07,2025-11-06,2025-09-12,2025-11-06,1259.709215378588,5982.341485589319,39771.956875340664,40388.69664775148,616.7397724108187,0.0,0.0,15918.239978163565,0.0,714.65127129346,16632.891249457025,0.0,16632.891249457025,23296.069537786203,14619.447282417173,8393.612609049118
2025-11-08,2025-11-07,2025-09-13,2025-11-07,5982.341485589319,10348.486978867533,39857.379202891156,40075.139165551445,217.75996266030285,0.0,0.0,16195.563649854677,0.0,232.87127438771648,16428.434924242392,0.0,16428.434924242392,22128.293828509297,13994.38705714214,8150.025294184294
2025-11-09,2025-11-08,2025-09-14,2025-11-08,10348.486978867533,6520.601832889432,76059.78640687244,72967.3974083569,394.17834896837286,3486.5673474839073,0.0,52130.62025364133,1280.695868447482,608.7950063958574,51458.71939158971,0.0,51458.71939158971,18760.802658018518,18641.346784375295,1501.124351380346
2025-11-10,2025-11-09,2025-09-15,2025-11-09,6520.601832889432,8013.010665819492,82863.52074847842,82431.65896842367,2550.9766920820857,2982.8384721368175,35.87873774787836,56161.71311056106,1241.657270920958,3173.606197089127,58093.66203672923,180.79921439890842,58274.46125112814,24431.555101656835,18446.39168270499,2623.9311872197122
2025-11-11,2025-11-10,2025-09-16,2025-11-10,8013.010665819492,7329.986651850216,82492.76993092758,77287.87042130258,142.19710989889757,5347.096619523909,0.0,56255.731073760915,2261.6778840344623,254.91031194369776,54248.96350167014,0.0,54248.96350167014,21902.997147809743,18356.149302298236,2182.0029091244032
2025-11-12,2025-11-11,2025-09-17,2025-11-11,7329.986651850216,6639.545798505327,79241.17053428851,77106.69034822754,941.1778942914258,3075.6580803523975,11.773333333333426,53101.448292909045,1075.9735002819343,1093.9772858757226,53119.45207850284,60.579686666667136,53180.03176516951,21869.451547641824,18335.65252160027,2628.676905519316
2025-11-13,2025-11-12,2025-09-18,2025-11-12,6639.545798505327,1550.7778832798647,71716.55707240835,71694.14036431024,2156.502314315617,2178.9190224137287,0.0,50193.39513607434,733.7025182526743,2842.360549726521,52302.053167548176,0.0,52302.053167548176,16857.07334087234,18234.120529809516,675.3162365807464
2025-11-14,2025-11-13,2025-09-19,2025-11-13,1550.7778832798647,5392.64654317677,39760.014349620455,39625.40452618207,0.46002632205824057,135.0698497604424,0.0,16348.273552821141,46.13828866060497,0.42320121497747837,16302.558465375512,0.0,16302.558465375512,21792.261695703855,14194.05017961291,4428.737710091125
2025-11-15,2025-11-14,2025-09-20,2025-11-14,5392.64654317677,10324.475763242333,45196.98695356217,42415.955819955976,67.84640876599855,2848.8775423721895,0.0,18643.334471501796,504.6164721888992,82.74406784491468,18221.46206715781,0.0,18221.46206715781,23550.48342019178,14637.245272296339,5290.830755393865
2025-11-16,2025-11-15,2025-09-21,2025-11-15,10324.475763242333,8099.213572011167,77784.42332198074,78217.37309903066,1716.9022996808853,1283.9525226309624,0.0,53507.647737563035,369.32697841658876,2513.32614558792,55651.64690473436,0.0,55651.64690473436,19823.88218493092,18060.080541902098,2019.0270726685067
2025-11-17,2025-11-16,2025-09-22,2025-11-16,8099.213572011167,7367.58233017737,76573.99128252531,79108.84416458438,3659.206520163504,1124.353638104424,0.0,52187.06645411448,364.4752444251925,4249.110766946086,56071.70197663538,0.0,56071.70197663538,21084.642453746557,17737.02850518513,3065.475882689634
2025-11-18,2025-11-17,2025-09-23,2025-11-17,7367.58233017737,6872.605564199779,80504.40545649736,79953.36830415028,55.949790515552536,606.9869428626323,0.0,55707.735814781205,285.6712323038934,87.78249280466552,55509.84707528197,0.0,55509.84707528197,22405.413424191847,18593.863962975225,1251.2670096003294
2025-11-19,2025-11-18,2025-09-24,2025-11-18,6872.605564199779,7149.601810919009,80896.55433168475,82952.71796732358,4095.9540610042295,2039.7904253653942,0.0,56151.855724631605,667.6309937890453,5192.332597075794,60676.557327918345,0.0,60676.557327918345,22396.201256645563,17891.6263958356,3079.8315065136126
2025-11-20,2025-11-19,2025-09-25,2025-11-19,7149.601810919009,1488.3554970910707,73966.49546162634,74942.24199050828,1416.087016289841,440.3404874079094,0.0,51832.389710862946,159.21677795438063,1904.217086136018,53577.390019044586,0.0,53577.390019044586,16835.483987936524,18731.86371267373,2045.5456819121473
2025-11-21,2025-11-20,2025-09-26,2025-11-20,1488.3554970910707,6985.448249079423,42438.78720592076,43569.81381193701,1142.6322587298919,11.60565271363231,0.0,17591.006761884782,4.830653779818252,799.9143148150081,18386.090422919973,0.0,18386.090422919973,23837.394476751175,14360.906049378937,5228.941317898115
2025-11-22,2025-11-21,2025-09-27,2025-11-21,6985.448249079423,10434.036099929956,45611.00312446593,42210.908265241844,102.57456841930087,3502.6694276433873,0.0,18917.843205492303,565.6688545779734,130.87749393734663,18483.051844851678,0.0,18483.051844851678,22262.04928579474,14928.530855728264,4657.560351842032
2025-11-23,2025-11-22,2025-09-28,2025-11-22,10434.036099929956,7378.457280452902,77922.41250583893,78292.11719564121,2398.4597003051485,2028.7550105028772,0.0,54368.76911326738,651.9281981760934,3267.2242676448886,56984.06518273617,0.0,56984.06518273617,18502.367578375823,17736.938676013768,2294.592009945824
2025-11-24,2025-11-23,2025-09-29,2025-11-23,7378.457280452902,6379.1158660583,79314.89523197454,78870.14892474284,651.2439659138391,1095.990273145554,15.349403617112012,54509.195981253855,375.2352153053977,860.1488699684262,54994.10963591689,74.25223966191112,55068.36187557879,21555.36160358642,18359.25017186015,1527.4431966336729
2025-11-25,2025-11-24,2025-09-30,2025-11-24,6379.1158660583,5913.353989510047,90683.82580826855,82177.04143746776,6.282885977008505,8513.067256777793,0.0,63890.252616724756,3556.103198495234,9.616585276409216,60343.76600350592,0.0,60343.76600350592,21255.561191744022,17636.190254206085,2389.0100332631696
2025-11-26,2025-11-25,2025-10-01,2025-11-25,5913.353989510047,8136.906616469632,88603.71251942642,85957.09229106375,496.422280164077,3143.042508526758,15.604814999999917,61321.40803092106,1310.1352090750136,662.4535166129501,60673.726338459004,84.06313840499955,60757.789476863996,25022.60980760264,18267.116579894515,2459.536995022284
2025-11-27,2025-11-26,2025-10-02,2025-11-26,8136.906616469632,1649.0824388035196,76406.91965856598,75011.85075240453,859.1111974912606,2254.180103652717,0.0,55537.679304482495,788.8509676697547,1094.5874374134987,55843.41577422623,0.0,55843.41577422623,14455.7971581877,17548.23745803154,2323.3983189150294
2025-11-28,2025-11-27,2025-10-03,2025-11-27,1649.0824388035196,6387.408937245112,43099.9202380784,43465.06583889364,615.3287653680945,250.18316455285174,0.0,17621.659709219322,69.58961431325311,303.74141265244486,17855.811507558516,0.0,17855.811507558516,24185.0514001124,15325.397785493617,3684.1736742748585
2025-11-29,2025-11-28,2025-10-04,2025-11-28,6387.408937245112,10411.22346350932,53393.50651910352,45583.60149873197,0.0,7809.9050203715415,0.0,22103.266544752594,1657.8782429273338,0.0,20445.38830182526,0.0,20445.38830182526,23049.095760320997,15048.334492222222,2653.3901306331954
2025-11-30,2025-11-29,2025-10-05,2025-11-29,10411.22346350932,8791.133767851363,85396.6094297976,84898.06207091064,1229.837904568024,1728.3852634549776,0.0,60694.87272864452,618.3919076645614,1773.5170269944085,61849.99784797437,0.0,61849.99784797437,20738.343490683706,18256.138953545968,2171.0294171062415
2025-12-01,2025-11-30,2025-10-06,2025-11-30,8791.133767851363,8535.086759544512,88983.13666849848,94600.94896320981,5806.583287343126,188.7709926318057,0.0,67892.3747507664,74.508328823729,9731.299001206768,77549.16542314945,0.0,77549.16542314945,21494.577634545712,17641.050191458184,4448.493786788943
2025-12-02,2025-12-01,2025-10-07,2025-12-01,8535.086759544512,6849.914848568281,90675.29176280377,95351.5714045942,6702.172515607016,2025.8928738165869,0.0,70726.14255495413,791.1242765600754,11729.3093510076,81664.32762940165,0.0,81664.32762940165,20267.283090679695,17933.15402332916,4379.6323872436515
2025-12-03,2025-12-02,2025-10-08,2025-12-02,6849.914848568281,7830.374334463324,83898.03913932742,96624.26029457343,12726.221155246008,0.0,0.0,62855.26869455655,0.0,20244.791929677165,83100.06062423371,0.0,83100.06062423371,23042.707184102197,17782.17928181724,4200.9838256218045
2025-12-04,2025-12-03,2025-10-09,2025-12-03,7830.374334463324,3081.4296186515544,84365.68333504075,89607.31752553607,7603.932774597324,2362.298584102011,9.670778014230564,67019.75559032585,1270.3737245479608,12585.163595821825,78334.54546159972,68.43042522869547,78402.97588682841,16824.540956295423,17901.928418829888,3923.1670160847593
2025-12-05,2025-12-04,2025-10-10,2025-12-04,3081.4296186515544,8285.111367470787,48706.83108638167,54108.20378798264,5741.581357825616,340.20865622465413,0.0,21209.471570375747,71.2247402504238,6611.084898762383,27749.331728887708,0.0,27749.331728887708,25174.924985080554,15708.375663977942,3330.026783546692
2025-12-06,2025-12-05,2025-10-11,2025-12-05,8285.111367470787,10800.0,49576.38579989529,53923.01587950862,5733.758486106688,1387.1284064933561,0.0,22518.59007110574,314.14901641941316,6904.837135583723,29109.27819027005,0.0,29109.27819027005,21684.71476799048,15301.219192795998,3874.889487647471
2025-12-07,2025-12-06,2025-10-12,2025-12-06,10800.0,10403.023029415835,93350.90902166667,94684.60959173061,4618.650258319714,3284.949688255787,0.0,72331.95601485582,1458.7313694672075,8000.216967512302,78873.44161290093,0.0,78873.44161290093,21421.289142460428,17708.52347891869,3319.162678188858
2025-12-08,2025-12-07,2025-10-13,2025-12-07,10403.023029415835,8739.701609915031,95073.90772640353,94210.54994053418,2078.0905979721156,2941.44838384147,0.0,73146.13805841953,1089.0794331122693,3311.5274584715035,75368.58608377876,0.0,75368.58608377876,20543.3525318498,18137.104828349067,3957.0911203667756
2025-12-09,2025-12-08,2025-10-14,2025-12-08,8739.701609915031,8489.513176425906,95926.43229040991,94331.82129436085,1435.7185273814475,3030.3295234304996,25.123641636077764,72294.41568054423,1165.712619079395,2461.027217671254,73589.73027913609,185.78220977425065,73775.51248891033,23132.229874801676,18962.275788729574,2798.5365832581665
2025-12-10,2025-12-09,2025-10-15,2025-12-09,8489.513176425906,8678.981141124239,92335.6367028601,96233.76453946233,3959.519501879232,61.39166527701286,0.0,69503.80714132663,28.655572521512372,6042.111407001268,75517.26297580638,0.0,75517.26297580638,24101.28626150061,19351.520703586993,3096.3805148820416
2025-12-11,2025-12-10,2025-10-16,2025-12-10,8678.981141124239,2217.9237372533134,88167.82849548609,85325.46678971821,884.1633375318423,3726.5250432997236,0.0,68515.29877472471,1621.708789480323,1370.8525292316199,68264.44251447602,0.0,68264.44251447602,15138.303694628183,18076.977656132673,2302.8860512227056
2025-12-12,2025-12-11,2025-10-17,2025-12-11,2217.9237372533134,9582.882440660414,56772.932038401676,58804.57319646364,2973.949654295423,942.3084962334483,0.0,24925.17378468142,245.04006297119568,3128.475495994511,27808.60921770474,0.0,27808.60921770474,27991.33594893064,16044.519285567425,3143.343049767101
2025-12-13,2025-12-12,2025-10-18,2025-12-12,9582.882440660414,10800.0,51481.96890648843,51810.8693633881,1641.1874501291795,1312.2869932295137,0.0,23523.435059167296,297.4149780414662,1881.8981048828211,25107.91818600865,0.0,25107.91818600865,21248.91965601239,16116.219117964405,2879.635442006779
2025-12-14,2025-12-13,2025-10-19,2025-12-13,10800.0,10210.471394896484,90595.91224587105,95952.44351174781,5356.53126587676,0.0,14.311576193931216,68654.1260394387,0.0,8059.503391163585,76713.62943060228,99.54416821688858,76813.17359881916,22835.13903322192,19027.038361502924,3379.932616222748
2025-12-15,2025-12-14,2025-10-20,2025-12-14,10210.471394896484,9134.774433577848,92492.58331974465,95409.61726461878,2937.6246633846495,20.59071851050919,0.0,70057.56114408087,9.817041803730826,4477.552532021956,74525.2966342991,0.0,74525.2966342991,21646.306829172736,18501.635796816692,2795.388265596076
2025-12-16,2025-12-15,2025-10-21,2025-12-15,9134.774433577848,9117.714045200857,99221.34937038676,96436.7608799193,305.4284831438714,3090.016973611334,0.0,75861.03661425604,1531.0178521647022,548.9055301652809,74878.92429225662,0.0,74878.92429225662,22901.437214392463,18565.51849319719,2682.750825390681
2025-12-17,2025-12-16,2025-10-22,2025-12-16,9117.714045200857,7604.126412508723,98022.20563811017,93295.61668567653,326.8927409606547,5053.481693394292,1.4924313227757011,75090.34520421344,2498.4418548020717,580.2719822869815,73172.17533169835,10.96041563446475,73183.13574733282,22350.341579760214,19466.005549028698,2220.9260196011173
2025-12-18,2025-12-17,2025-10-23,2025-12-17,7604.126412508723,2696.3560643045594,89412.37122332364,89267.1047625427,977.3784408665877,1122.6449016475285,0.0,69057.5240957498,438.874683381033,1515.0907562017453,70133.74016857051,0.0,70133.74016857051,18342.969035959974,19274.79823251132,2832.666992427382
2025-12-19,2025-12-18,2025-10-24,2025-12-18,2696.3560643045594,9088.351630971945,56359.57703550522,55897.12380313134,1251.0390198648302,1713.4922522387096,0.0,25277.762597558656,479.71424769014783,999.0528965428067,25797.101246411316,0.0,25797.101246411316,27156.58055942499,16244.034243133603,2076.1861868399524
2025-12-20,2025-12-19,2025-10-25,2025-12-19,9088.351630971945,10786.490031796295,54053.967005113474,50331.8475251169,139.3586265995877,3861.4781065961615,0.0,24641.476257732225,1106.9684607684735,170.38729612956368,23704.895093093317,0.0,23704.895093093317,22578.800324295684,16760.50370193759,1657.198652758798
2025-12-21,2025-12-20,2025-10-26,2025-12-20,10786.490031796295,9857.42170468775,97233.75759744857,96151.71200135464,943.0660939084183,2025.1116900023453,0.0,74015.4494259888,983.8141309936765,1494.9791387907794,74526.6144337859,0.0,74526.6144337859,22931.130277447526,19410.377019130185,3593.176876370631
2025-12-22,2025-12-21,2025-10-27,2025-12-21,9857.42170468775,6605.045866230594,94226.65738534695,92176.38262365054,0.0,2050.274761696391,0.0,73161.42325841318,1115.7242352508063,0.0,72045.6990231624,0.0,72045.6990231624,20025.444170838477,19147.748032990607,2361.259402469352
2025-12-23,2025-12-22,2025-10-28,2025-12-22,6605.045866230594,9748.285621494455,103739.17163363266,97568.50903848279,0.0,6170.662595149868,0.0,77768.28084394237,3064.4814892233026,0.0,74703.79935471907,0.0,74703.79935471907,27696.530122268014,19605.273619299616,2219.160002181074
2025-12-24,2025-12-23,2025-10-29,2025-12-23,9748.285621494455,8846.830656290065,98066.10952445061,93629.5130484657,0.0,4436.59647598491,31.76931083420793,74472.08999143049,2236.962513344394,0.0,72235.12747808608,227.69322532252448,72462.82070340861,22606.34648204795,19122.45011914279,2322.82667972808
2025-12-25,2025-12-24,2025-10-30,2025-12-24,8846.830656290065,2383.8458712206757,88062.50926511668,87867.61929933279,1015.4989862384048,1210.3889520222829,0.0,68410.62382269326,691.2925190792823,1376.406065432131,69095.73736904611,0.0,69095.73736904611,16952.846823271277,19548.492233412187,2650.8161761403608
2025-12-26,2025-12-25,2025-10-31,2025-12-25,2383.8458712206757,10800.0,60046.468439624485,57838.829286051274,0.0,2207.639153573211,0.0,26730.98130234357,548.5339206074703,0.0,26182.4473817361,0.0,26182.4473817361,29417.484086817345,16253.62339442066,1667.3461603212543
2025-12-27,2025-12-26,2025-11-01,2025-12-26,10800.0,10676.659729988382,52782.288392407405,49449.264486615,0.0,3333.0239057924064,0.0,23781.52005479319,971.2983639465365,0.0,22810.22169084665,0.0,22810.22169084665,20574.032316384633,16775.972419282014,2312.3955228457153
2025-12-28,2025-12-27,2025-11-02,2025-12-27,10676.659729988382,9157.495612413533,96606.21175635036,92593.9899948016,0.0,4012.2217615487625,0.0,72874.92600363622,1956.485420631984,0.0,70918.44058300424,0.0,70918.44058300424,21607.141676300416,18869.032463620704,3046.6260321218806
2025-12-29,2025-12-28,2025-11-03,2025-12-28,9157.495612413533,7289.26277787957,95967.53291141294,93376.09427444768,0.0,2591.4386369652516,1.2851435277070777,72138.6402801703,1232.0600634394073,0.0,70906.58021673089,8.931747517564188,70915.51196424845,21278.774726677708,18917.217079689515,3492.055504320529
2025-12-30,2025-12-29,2025-11-04,2025-12-29,7289.26277787957,8933.03246378099,100827.21874116948,95553.64665174784,0.0,5273.572089421634,0.0,74315.31244382705,2444.2457000290706,0.0,71871.06674379799,0.0,71871.06674379799,25463.852838468698,19146.328081848373,3011.7192951275115
2025-12-31,2025-12-30,2025-11-05,2025-12-30,8933.03246378099,8643.71829878645,100634.25325980438,96148.06563828247,0.0,4486.187621521913,126.57112646071971,76019.84066261818,2188.640144665034,0.0,73831.20051795316,724.8503653361304,74556.05088328928,24105.55426979095,19785.881707025757,3308.541268644664
