date,train_end_date,residual_history_start_date,residual_history_end_date,soc_open_kwh,soc_close_kwh,original_purchase_kwh,effective_purchase_kwh,upward_adjustment_kwh,downward_adjustment_kwh,emergency_purchase_kwh,base_plan_cost_yuan,downward_credit_yuan,upward_adjustment_cost_yuan,normal_settlement_cost_yuan,emergency_cost_yuan,total_cost_yuan,charge_kwh,discharge_kwh,surplus_discard_kwh
2025-02-01,2025-01-31,2025-01-02,2025-01-31,6000.0,10800.0,53154.19805019205,48082.975124361474,0.0,5071.222925830565,0.0,22464.292196134997,1244.8403475465075,0.0,21219.45184858849,0.0,21219.45184858849,24270.202128816374,15338.863724341265,4773.460786553036
2025-02-02,2025-02-01,2025-01-02,2025-02-01,10800.0,8603.391042302235,90953.16788781207,84692.8805805082,0.0,6260.287307303873,0.0,64809.59608868819,2587.3841204797227,0.0,62222.21196820847,0.0,62222.21196820847,18896.45628299946,17283.077651157553,4723.223998666288
2025-02-03,2025-02-02,2025-01-02,2025-02-02,8603.391042302235,8708.479664898217,95867.81388252015,88175.08287102064,0.0,7692.731011499501,0.0,69124.29896067771,3369.637977861384,0.0,65754.66098281633,0.0,65754.66098281633,23026.90334455642,18557.21194875432,3488.4749752185467
2025-02-04,2025-02-03,2025-01-02,2025-02-03,8708.479664898217,7245.158137339722,96368.82465757674,87852.29848889884,0.0,8516.526168677885,0.0,70585.27691389635,3825.862397309884,0.0,66759.41451658646,0.0,66759.41451658646,21108.549856664366,18414.914758700783,3963.7994409352723
2025-02-05,2025-02-04,2025-01-02,2025-02-04,7245.158137339722,9397.393610213221,95032.0844330272,91201.2202824631,4.623662644360593,3835.487813208457,0.0,67447.6074416395,1730.1190079706405,9.604272044865823,65727.09270571372,0.0,65727.09270571372,24432.589484306045,17853.385556701753,3873.5893715254715
2025-02-06,2025-02-05,2025-01-02,2025-02-05,9397.393610213221,2942.8301666663874,91381.84294413895,80949.36763639879,0.0,10432.475307740158,25.672684483286503,68486.9915114503,4697.37084218456,0.0,63789.62066926574,184.68393395657193,63974.304603222314,16636.036607104757,19284.29675094701,3352.243248057654
2025-02-07,2025-02-06,2025-01-02,2025-02-06,2942.8301666663874,7494.7800063025215,53342.08397986135,47756.90419422941,7.031382551365084,5592.2111681833085,0.0,21978.04994631673,1244.3797239530759,11.496310471481914,20745.166532835137,0.0,20745.166532835137,24076.754112803217,15405.415975698086,7279.886390457616
2025-02-08,2025-02-07,2025-01-02,2025-02-07,7494.7800063025215,10800.0,43093.35958893821,43101.53203823416,110.98110445837952,102.80865516243375,0.0,17573.154452383267,19.74272224825998,112.4937166901855,17665.905446825192,0.0,17665.905446825192,23567.77464770647,16115.199470314503,4071.794144175524
2025-02-09,2025-02-08,2025-01-02,2025-02-08,10800.0,8365.014427218255,89967.52095623457,85568.38169746946,0.0,4399.139258765102,0.0,64559.33394467762,1944.026244724586,0.0,62615.307699953046,0.0,62615.307699953046,19362.557607002705,17875.158677175765,4525.566800975861
2025-02-10,2025-02-09,2025-01-02,2025-02-09,8365.014427218255,8362.592488716014,88717.62881330619,81694.62778793754,0.0,7023.001025368656,0.0,60733.72921112993,2870.4935709615493,0.0,57863.23564016838,0.0,57863.23564016838,21729.347411880088,17602.951148274893,3241.5939409990096
2025-02-11,2025-02-10,2025-01-02,2025-02-10,8362.592488716014,7563.233959193039,88598.5502279383,81314.80964630794,0.0,7283.740581630375,0.0,61687.57095689872,3076.2292437447154,0.0,58611.34171315401,0.0,58611.34171315401,21340.581432546638,18005.293636933453,2758.924717361415
2025-02-12,2025-02-11,2025-01-02,2025-02-11,7563.233959193039,9103.305434919228,91230.68067061514,83714.66144141825,0.0,7516.019229196896,0.0,62486.8878329436,3117.341287260936,0.0,59369.546545682664,0.0,59369.546545682664,25043.006832903317,18898.771206498117,2303.6896816797175
2025-02-13,2025-02-12,2025-01-02,2025-02-12,9103.305434919228,2681.873345094883,76669.62824671251,71731.05655667397,3.8293840423262964,4942.401074080878,31.43858093204358,53409.47843758058,2004.6139203714758,4.597558481216952,51409.46207569032,158.52129951355738,51567.98337520388,14296.46927863067,17359.428996532755,3495.975838841422
2025-02-14,2025-02-13,2025-01-02,2025-02-13,2681.873345094883,6510.236899908856,44087.68621506056,44137.556135522784,481.39407851990086,431.52415805766805,0.0,17736.76363314139,66.62946636342281,505.5797306608071,18175.71389743877,0.0,18175.71389743877,22455.580558889917,14743.493053368264,6623.666813334463
2025-02-15,2025-02-14,2025-01-02,2025-02-14,6510.236899908856,10454.359172910661,44536.879195874935,43876.780326799686,11.738155712726211,671.837024787973,0.0,18640.419117928926,210.23690977027553,16.99605946911548,18447.178267627765,0.0,18447.178267627765,22201.838863919438,14433.779434073123,6828.62979695337
2025-02-16,2025-02-15,2025-01-02,2025-02-15,10454.359172910661,7502.055032424622,85621.27341260132,77772.23944251506,166.70295790702858,8015.73692799329,12.125724569102204,60019.06193392513,3409.1693649348827,310.8160130049692,56920.70858199522,64.12083152141246,56984.82941351663,19570.98476349001,18509.571384864354,1345.5726884584992
2025-02-17,2025-02-16,2025-01-02,2025-02-16,7502.055032424622,8099.422274932688,89573.68052924014,77481.63785380565,0.0,12092.042675434495,0.0,61007.941418771064,4570.237613610541,0.0,56437.70380516053,0.0,56437.70380516053,21097.548485865645,16551.383755293915,1751.609956567233
2025-02-18,2025-02-17,2025-01-02,2025-02-17,8099.422274932688,6855.745081408096,77794.71010365798,75959.63283865087,167.3212961859934,2002.3985611931064,0.0,52204.29939007365,688.6381627280759,321.9634423585919,51837.624669704164,0.0,51837.624669704164,18519.837560767286,16120.37789839363,1468.7853929438877
2025-02-19,2025-02-18,2025-01-02,2025-02-18,6855.745081408096,8032.968576193369,81502.94093665629,80906.436687093,282.01632533046404,878.5205748937593,0.0,53991.09159705453,382.84566887458794,329.06871718010245,53937.31464536004,0.0,53937.31464536004,23954.29349097939,18343.47658238656,2416.2923951668363
2025-02-20,2025-02-19,2025-01-02,2025-02-19,8032.968576193369,2573.4434555060284,76698.17776526937,71720.96262728103,167.5113239050106,5144.726461893354,33.859125953959165,53396.69121751886,2004.888241947143,268.0025797966562,51659.80555536838,185.53723836607656,51845.34279373445,14900.995730263046,16983.379150131677,2844.0714397702823
2025-02-21,2025-02-20,2025-01-02,2025-02-20,2573.4434555060284,5556.727635558443,39017.94535399879,39245.46254047488,237.30899648149565,9.791810005397792,0.0,16132.757270988259,2.0305096553275055,286.8948665364295,16417.62162786936,0.0,16417.62162786936,20764.873343613748,14134.591646279961,7054.918809807767
2025-02-22,2025-02-21,2025-01-02,2025-02-21,5556.727635558443,10800.0,42225.53568348788,42112.704758124826,337.3602065424311,450.19113190548296,0.0,17527.868860869516,118.12070802141292,460.99069421248146,17870.738847060587,0.0,17870.738847060587,23588.864431504826,14388.03506152151,5067.112504808176
2025-02-23,2025-02-22,2025-01-02,2025-02-22,10800.0,8170.585925893191,78499.22539831445,74213.63669716887,96.98488880612467,4382.573589951696,15.205583913850887,53112.37242447835,1700.827224549249,167.54878221220082,51579.093982141305,78.61286883460909,51657.70685097592,18989.68332841075,17748.11616270883,1455.4214320474712
2025-02-24,2025-02-23,2025-01-02,2025-02-23,8170.585925893191,7651.84052007338,77400.72314170029,73620.41690101987,137.72191036072627,3918.028151041156,52.39974177777788,51827.95849581023,1418.5541529577347,253.58734013464235,50662.991682987136,267.1130636242227,50930.10474661136,19436.974328086195,16210.820070987655,2243.628769032427
2025-02-25,2025-02-24,2025-01-02,2025-02-24,7651.84052007338,7490.7086635821615,80704.88968501723,72528.37445126171,75.0888640598746,8251.6040978154,37.59421215475368,52790.66176995829,3054.5323788357628,126.3423822697537,49862.47177339229,191.16246146602552,50053.63423485831,20787.975991040556,16983.27922358494,2939.9486626275157
2025-02-26,2025-02-25,2025-01-02,2025-02-25,7490.7086635821615,7015.255622633506,73257.12189418718,74799.1077299192,1561.2535295977336,19.267693865717888,24.94054050388752,47795.24665054865,5.063451674525733,1753.708850384103,49543.892049258226,127.79532954191964,49671.68737880015,21433.539210790354,17789.074497593974,2364.735523893366
2025-02-27,2025-02-26,2025-01-02,2025-02-26,7015.255622633506,2492.1079652984563,70066.557832602,68505.48739756228,97.97390800531281,1659.0443430450373,34.2129983216945,46075.65247476612,521.6503580261917,163.58715841716443,45717.589275157094,170.6149294601347,45888.20420461723,17854.011887398457,18532.582520394302,2261.6868288798128
2025-02-28,2025-02-27,2025-01-03,2025-02-27,2492.1079652984563,4877.535653794956,36885.74487545028,36753.916960598624,12.30791473447158,144.1358295861254,0.0,14978.15402617937,51.78642819737268,16.196600394827875,14942.564198376826,0.0,14942.564198376826,19634.415676256947,13756.991778121283,7583.8995124629555
2025-03-01,2025-02-28,2025-01-04,2025-02-28,4877.535653794956,10800.0,46636.237255138665,43879.46209340429,60.644640959839535,2817.419802694208,0.0,18442.53745623141,624.2265201434733,92.07675836932437,17910.387694457262,0.0,17910.387694457262,23100.065043154085,13380.834773370267,10501.465890287142
2025-03-02,2025-03-01,2025-01-05,2025-03-01,10800.0,7220.969924795406,80192.90859444445,75270.46242279928,415.25881959665173,5337.704991241815,39.24965638153246,54653.03885968072,2190.768149852231,608.4563295267693,53070.72703935525,199.43861913822826,53270.16565849349,17628.077503204324,17499.869845279634,2823.1973545894552
2025-03-03,2025-03-02,2025-01-06,2025-03-02,7220.969924795406,5680.728919794488,84343.4856707623,76699.87993658063,601.5338978093345,8245.139631991005,26.149725162685332,56697.21482416965,3356.108832867406,982.1423285703315,54323.248319872575,131.2754879128746,54454.523807785445,21342.52643251313,18673.663314836464,2040.0199107333203
2025-03-04,2025-03-03,2025-01-07,2025-03-03,5680.728919794488,7136.254765956293,78524.9341303861,76251.21534747872,835.3705947413573,3109.089377648741,0.0,51007.44907371028,1172.3742885479319,1197.8845043527376,51032.959289515085,0.0,51032.959289515085,22659.37605922964,17044.12134643038,1436.5027013461204
2025-03-05,2025-03-04,2025-01-08,2025-03-04,7136.254765956293,7387.497756838586,81095.08267727078,72321.21046116589,742.8321065380143,9516.70432264292,0.0,52060.72451332374,3469.2545711673038,1433.8141174295356,50025.284059585974,0.0,50025.284059585974,21145.213116801577,16901.503932815205,1947.0292605128398
2025-03-06,2025-03-05,2025-01-09,2025-03-05,7387.497756838586,2208.748475279077,69895.43416740156,66231.68130833522,201.48760517096912,3865.240464237317,0.0,45927.13899209961,1367.6174779973446,371.86889182328235,44931.39040592555,0.0,44931.39040592555,16287.947508725112,17854.111835470903,1857.1915017476763
2025-03-07,2025-03-06,2025-01-10,2025-03-06,2208.748475279077,4908.309031978254,37980.309702453975,36270.94229507939,33.67634296309012,1743.0437503376713,0.0,15615.346963470804,548.2636762121339,50.261941872412,15117.345229131082,0.0,15117.345229131082,18781.127808623445,12783.10902395573,9350.63797707834
2025-03-08,2025-03-07,2025-01-11,2025-03-07,4908.309031978254,10585.43112903118,38857.258547886246,38799.51043079024,0.0,57.74811709600357,0.0,15417.661489775199,15.460947640873467,0.0,15402.200542134324,0.0,15402.200542134324,21807.888041343136,12554.97942614031,10483.462298920746
2025-03-09,2025-03-08,2025-01-12,2025-03-08,10585.43112903118,7341.45127022484,74705.05386993106,65567.74471829263,0.0,9137.309151638437,0.0,47960.524100603114,2932.063977199496,0.0,45028.46012340362,0.0,45028.46012340362,17328.70881278481,16955.836011281404,1861.3468667892198
2025-03-10,2025-03-09,2025-01-13,2025-03-09,7341.45127022484,6567.624272989727,74253.55892583384,73181.9148566139,942.804436072099,2014.4485052920509,0.0,48386.05708644903,780.2682705187199,1086.1046613162441,48691.89347724656,0.0,48691.89347724656,21156.591760142106,17833.283623226707,1816.5352696984996
2025-03-11,2025-03-10,2025-01-14,2025-03-10,6567.624272989727,6858.073862623378,66834.1812260265,70291.01338561036,3509.182255150864,52.35009556701198,0.0,42233.636804794,26.696179615608354,3411.4180874165136,45618.358712594905,0.0,45618.358712594905,21516.805935875644,17167.208177388988,2002.4968271236962
2025-03-12,2025-03-11,2025-01-15,2025-03-11,6858.073862623378,6718.318535071367,76288.83110496291,67727.58521488041,27.685154136036317,8588.931044218527,0.0,48411.43665109017,2870.702650934038,52.94587933260938,45593.67987948874,0.0,45593.67987948874,20748.04683761415,16931.697733264275,1475.701427197208
2025-03-13,2025-03-12,2025-01-16,2025-03-12,6718.318535071367,2093.801012504439,71055.92921061342,69054.97109526463,541.9616676833551,2542.9197830321623,5.455015355762498,47057.92410650579,981.056416201217,606.3118116170943,46683.179501921666,31.649999094134017,46714.829501015796,16367.986220564344,17420.134608967346,2566.9564823567257
2025-03-14,2025-03-13,2025-01-17,2025-03-13,2093.801012504439,5483.336159478686,35099.60048123649,35392.6375704142,299.8420545089655,6.8049653312602345,0.0,13666.525323251433,1.430784615333469,322.43145797518963,13987.52599661129,0.0,13987.52599661129,19024.279606859156,12359.084849279097,12698.016829500806
2025-03-15,2025-03-14,2025-01-18,2025-03-14,5483.336159478686,10213.414305451797,36752.69544649831,37271.18083234395,521.0110371954846,2.5256513498438835,0.0,14567.418428996758,0.4542383952694225,534.3919112521464,15101.356101853633,0.0,15101.356101853633,21971.31964698659,13539.69858268334,7915.434618040696
2025-03-16,2025-03-15,2025-01-19,2025-03-15,10213.414305451797,8615.823599825426,69970.50477060911,68299.778139845,940.2981261910077,2611.0247569551075,1.6400000000001,44784.308486170645,1009.0968388687822,877.4960544204077,44652.70770172228,8.081100000000493,44660.78880172227,19068.5955382285,16883.394021028824,2765.169689312005
2025-03-17,2025-03-16,2025-01-20,2025-03-16,8615.823599825426,6972.3146211948015,65443.49829374802,61546.07494093421,771.5113782316693,4668.934731045476,0.0,39844.87159387012,1116.9385032827286,1031.4278494246157,39759.360940012004,0.0,39759.360940012004,19190.497372744005,17023.46095269021,1520.9070875470795
2025-03-18,2025-03-17,2025-01-21,2025-03-17,6972.3146211948015,6883.028112293857,75907.9749351402,67085.13256447174,21.478572076164596,8844.32094274464,0.0,47860.42054704534,3078.2626601336856,31.682575598461874,44813.84046251012,0.0,44813.84046251012,20782.16377264175,16913.91051385067,2090.920939013987
2025-03-19,2025-03-18,2025-01-22,2025-03-18,6883.028112293857,7849.571435476711,63544.63076531135,67137.39124471313,3594.9522790751885,2.1917996733977816,0.0,39050.83277389295,0.4710177498131833,3339.788021930681,42390.149778073814,0.0,42390.149778073814,22082.723064595295,17017.116691457624,2606.314421575463
2025-03-20,2025-03-19,2025-01-23,2025-03-19,7849.571435476711,2480.6634820442023,65002.9198072481,61033.61492919139,657.921828136283,4627.226706192989,0.0,42252.00765729323,1644.2412591084724,818.0348990844143,41425.80129726917,0.0,41425.80129726917,15778.773450022753,17612.823652607683,658.7033151096556
2025-03-21,2025-03-20,2025-01-24,2025-03-20,2480.6634820442023,6005.826266284442,33732.73273393799,33784.266164065455,333.60398957423615,282.07055944677666,0.0,13196.296178968903,87.57355112326194,341.63400544007186,13450.356633285714,0.0,13450.356633285714,19189.82313214405,12371.110231220466,14932.088746475201
2025-03-22,2025-03-21,2025-01-25,2025-03-21,6005.826266284442,10783.358518518518,35954.32177089956,35799.221945549885,110.23603358158945,265.33585893125905,0.0,14311.246422022094,84.19070005688891,141.54306711876086,14368.598789083966,0.0,14368.598789083966,20357.03528227239,12189.419551629966,11750.406481574128
2025-03-23,2025-03-22,2025-01-26,2025-03-22,10783.358518518518,7668.1610659403395,68446.0575208985,61948.21786118298,140.49854391046654,6638.338203625976,0.0,43004.91919339904,2166.8383079343785,241.449137691812,41079.53002315647,0.0,41079.53002315647,17264.727777953067,16788.107207462337,2701.8771740255806
2025-03-24,2025-03-23,2025-01-27,2025-03-23,7668.1610659403395,7052.096111975699,66992.5048927069,63745.0041165579,805.9372136639693,4053.43798981295,0.0,41223.99131079829,1128.8065603269736,1115.9730987254657,41211.15784919678,0.0,41211.15784919678,20724.504428783563,17341.30704588286,2363.3096503238794
2025-03-25,2025-03-24,2025-01-28,2025-03-24,7052.096111975699,6724.3798179089445,74589.12012058255,65603.19188282253,209.39700385946742,9195.325241619488,0.0,46367.8374568449,3059.510771219016,354.4769117474973,43662.80359737338,0.0,43662.80359737338,20918.543157359385,17238.964622121173,973.4886309176517
2025-03-26,2025-03-25,2025-01-29,2025-03-25,6724.3798179089445,7695.745626044131,65548.34381193244,62178.323405410876,1151.7990873057283,4521.8194938272945,0.0,39805.87824937003,1313.4993294586498,1442.0102119373641,39934.38913184874,0.0,39934.38913184874,21703.363872510643,16705.495509411958,1587.900175645527
2025-03-27,2025-03-26,2025-01-30,2025-03-26,7695.745626044131,2589.2210053944677,62685.02559938266,58257.51590153334,292.401275483895,4719.9109733332125,0.0,39533.27803982164,1502.105591724806,431.5857051549053,38462.75815325174,0.0,38462.75815325174,15414.347243041464,17081.493425448287,1207.6726839401608
2025-03-28,2025-03-27,2025-01-31,2025-03-27,2589.2210053944677,5971.073693149702,33411.29052211314,33541.4413310977,198.97166081164178,68.82085182707976,0.0,13107.494261156166,28.784321276676113,230.58858078561397,13309.298520665105,0.0,13309.298520665105,18432.414831921098,11886.588594876379,16173.734327386319
2025-03-29,2025-03-28,2025-02-01,2025-03-28,5971.073693149702,10702.657733879189,33989.73336894304,34746.977446011006,757.2440770679593,0.0,0.0,12938.938675182217,0.0,775.4594578827973,13714.398133065011,0.0,13714.398133065011,20614.36018664026,12439.206114522076,18864.61419055948
2025-03-30,2025-03-29,2025-02-02,2025-03-29,10702.657733879189,7730.372392498804,63668.724818501854,56575.189086167346,133.427148166714,7226.962880501229,0.0,38212.43228043774,1889.488754029873,224.952849362841,36547.89637577071,0.0,36547.89637577071,17988.138435132256,17245.448939699476,486.8798907345629
2025-03-31,2025-03-30,2025-02-03,2025-03-30,7730.372392498804,7153.754517773386,57071.26819035797,61013.180641754814,4217.819781769083,275.9073303722433,0.0,35327.95309561388,55.222852174004494,3276.1112226001205,38548.841466039994,0.0,38548.841466039994,19558.27507286267,16361.15889627164,864.6749818304546
2025-04-01,2025-03-31,2025-02-04,2025-03-31,7153.754517773386,6162.850859698893,70153.92326210364,64858.36410473808,588.4262451211072,5883.98540248667,0.0,43885.70776371844,1773.3071148416689,851.0062098774097,42963.40685875418,0.0,42963.40685875418,18173.450736818777,15612.308389090256,2088.3702403428892
2025-04-02,2025-04-01,2025-02-05,2025-04-01,6162.850859698893,7387.7052952615195,69204.26234922346,68072.89947686892,722.5817235438619,1853.944595898387,0.0,41726.68796882282,461.79347113173867,919.5827821012896,42184.47727979237,0.0,42184.47727979237,21984.940674181857,16705.43295408094,2358.0563567680124
2025-04-03,2025-04-02,2025-02-06,2025-04-02,7387.7052952615195,2565.453295144722,63594.40992490832,57135.083235661565,198.49484670829793,6657.8215359550595,0.0,40375.08753652869,1940.3175861913232,281.65397343346706,38716.42392377084,0.0,38716.42392377084,15200.376535235284,16652.331793645706,2723.5082274053166
2025-04-04,2025-04-03,2025-02-07,2025-04-03,2565.453295144722,5512.550584434667,31085.744070909153,31262.319709737618,264.446557690212,87.87091886175017,0.0,11972.760773885118,36.40931523036618,295.35131644681337,12231.702775101565,0.0,12231.702775101565,17338.756476725343,11392.00518578658,18884.766168798855
2025-04-05,2025-04-04,2025-02-08,2025-04-04,5512.550584434667,10637.587693788426,33589.467689008794,34247.08788492317,657.6201959143692,0.0,0.0,13031.022837299037,0.0,654.5999878379037,13685.62282513694,0.0,13685.62282513694,20948.64414766767,12355.868361192428,13610.197115114588
2025-04-06,2025-04-05,2025-02-09,2025-04-05,10637.587693788426,7540.371223366541,62239.42672397994,57446.23721682698,884.0470661241754,5677.23657327713,0.0,37708.33432125372,1395.1721032732266,1216.5626719335028,37529.724889913996,0.0,37529.724889913996,17178.618472225004,16702.175785881947,2559.7182638172562
2025-04-07,2025-04-06,2025-02-10,2025-04-06,7540.371223366541,6159.076320974255,55813.489368563925,57265.68136179348,2302.996420841036,850.8044276114781,0.0,33592.643976308274,188.24159015195974,2487.976595770575,35892.37898192689,0.0,35892.37898192689,18509.2246809743,16235.637403742245,1749.374801228093
2025-04-08,2025-04-07,2025-02-11,2025-04-07,6159.076320974255,6531.334309212181,67362.9047191507,60633.427753562115,227.85064049759637,6957.327606086166,0.0,40221.39978590073,1848.1482158321928,371.0135543158203,38744.26512438436,0.0,38744.26512438436,21197.426726353075,16834.883458931858,1917.6908694742365
2025-04-09,2025-04-08,2025-02-12,2025-04-08,6531.334309212181,7506.346674545916,66335.29199275465,66707.30230682112,1873.4029749171752,1501.3926608507002,0.0,40006.42962124382,560.5039912450903,1789.4836507281211,41235.40928072686,0.0,41235.40928072686,22127.265051561146,17045.57356296417,2491.2998015574667
2025-04-10,2025-04-09,2025-02-13,2025-04-09,7506.346674545916,2614.238235871569,57824.13533981866,56054.07508678983,1909.2343307104875,3679.294583739319,0.0,36160.455098592436,1145.2411629719275,1373.5285013169698,36388.74243693748,0.0,36388.74243693748,15441.151107876587,16910.229992186956,3062.516071100197
2025-04-11,2025-04-10,2025-02-14,2025-04-10,2614.238235871569,4051.6034996524513,28016.910086603602,28594.44524144257,577.5351548389624,0.0,0.0,10980.360639616425,0.0,576.3951647045769,11556.755804321001,0.0,11556.755804321001,15174.006093960916,10997.316198705543,19101.105179520535
2025-04-12,2025-04-11,2025-02-15,2025-04-11,4051.6034996524513,10767.57183416219,35445.04709253501,34976.87178334574,118.28151695059785,586.4568261398731,0.0,13605.62079954934,167.55120200104375,144.2479020566491,13582.317499604946,0.0,13582.317499604946,20716.41006043423,10735.920647892966,15971.221820804472
2025-04-13,2025-04-12,2025-02-16,2025-04-12,10767.57183416219,7508.626193519126,57476.60911887329,56273.018858902244,351.66381512360823,1555.2540750946573,0.0,35108.03531543918,343.98642042358006,431.56964398379205,35195.61853899939,0.0,35195.61853899939,17525.36337525078,17128.59541053189,1599.8924108500162
2025-04-14,2025-04-13,2025-02-17,2025-04-13,7508.626193519126,6017.645988657197,62727.32880654253,54908.67499198625,222.83531973107608,8041.489134287353,0.0,37862.43618205123,2512.121111559669,395.33553373879687,35745.65060423036,0.0,35745.65060423036,18672.375273828,16466.506156176423,174.7740743346734
2025-04-15,2025-04-14,2025-02-18,2025-04-14,6017.645988657197,6697.858257218565,56927.787657020126,57388.3569867185,1470.5657324319245,1009.9964027335529,0.0,33375.96712385942,198.13455354092423,1584.0740257671114,34761.906596085595,0.0,34761.906596085595,20508.401577387158,15999.614235978366,2740.140811976367
2025-04-16,2025-04-15,2025-02-19,2025-04-15,6697.858257218565,6787.9145236863305,62782.60204134837,61621.86272908325,1163.899031894609,2324.638344159722,0.0,37311.419682621505,579.8780804467398,1536.6527320980792,38268.19433427285,0.0,38268.19433427285,19931.53894404728,16063.495904857306,1974.2277398932843
2025-04-17,2025-04-16,2025-02-20,2025-04-16,6787.9145236863305,2672.3555985287403,51409.76410866813,53811.02077007812,3759.551766575428,1358.2951051654466,0.0,32097.327742310456,339.77779420191916,2616.04932885348,34373.59927696202,0.0,34373.59927696202,15782.586341765164,16487.89796947161,1647.9900477845636
2025-04-18,2025-04-17,2025-02-21,2025-04-17,2672.3555985287403,4203.231721229666,28085.389472992756,28221.015231489662,171.61159156434994,35.98583306744856,0.0,10913.442663993257,13.954367919145906,156.32513634841416,11055.813432422525,0.0,11055.813432422525,14764.75295295547,10581.6613814631,17683.806476663955
2025-04-19,2025-04-18,2025-02-22,2025-04-18,4203.231721229666,10620.74915404455,33678.87628007815,34393.93613408595,716.2977592042173,1.237905196415113,0.0,12471.848676792222,0.1705833360660026,651.5416543044016,13123.219747760559,0.0,13123.219747760559,20687.852475926084,10981.39481596673,17902.799224126593
2025-04-20,2025-04-19,2025-02-23,2025-04-19,10620.74915404455,7104.069816357885,53590.73514507395,53997.22361993084,1667.5244064575609,1261.0359316006698,0.0,32778.6845763994,286.6946163839522,1662.680017229985,34154.66997724543,0.0,34154.66997724543,16710.427475177836,16700.457658812047,2029.5089202317263
2025-04-21,2025-04-20,2025-02-24,2025-04-20,7104.069816357885,6769.387082760247,61434.8177443623,54382.833321627426,120.91287080823577,7172.897293543106,0.0,35757.74649765593,1697.1319957075516,198.12681630487,34258.74131825324,0.0,34258.74131825324,19105.025920081636,15776.285455504001,2537.1824737164575
2025-04-22,2025-04-21,2025-02-25,2025-04-21,6769.387082760247,7581.095227831257,55294.94917639808,58343.34860863231,3048.3994322342332,0.0,0.0,33101.12069612354,0.0,2953.7198014333353,36054.84049755688,0.0,36054.84049755688,20444.920783214606,15829.848503839921,1575.347012590959
2025-04-23,2025-04-22,2025-02-26,2025-04-22,7581.095227831257,6962.1317512399655,51709.700336696405,56050.95539199568,4341.255055299274,0.0,0.0,31452.77205079052,0.0,3833.510220904509,35286.28227169503,0.0,35286.28227169503,18508.62143678916,15549.050492731381,1691.4677312712388
2025-04-24,2025-04-23,2025-02-27,2025-04-23,6962.1317512399655,2551.782266228502,49477.944060961076,49467.67721072983,1118.9474408798635,1129.2142911111073,0.0,30590.193721897827,226.01887638341583,1438.8537841490943,31803.028629663502,0.0,31803.028629663502,14160.46494639615,15439.291143091199,3656.3967074248867
2025-04-25,2025-04-24,2025-02-28,2025-04-24,2551.782266228502,3888.478596067835,27730.907097098647,27219.208125278965,0.0,511.6989718196811,0.0,10630.327302075384,157.85577459460148,0.0,10472.471527480782,0.0,10472.471527480782,15179.68404701634,11092.517381227839,21131.68380949046
2025-04-26,2025-04-25,2025-03-01,2025-04-25,3888.478596067835,10496.882248197535,33531.650784094505,33747.48874739356,216.60457378842995,0.7666104893755801,0.0,12681.084661740597,0.12932183248664486,197.9301112926123,12878.885451200724,0.0,12878.885451200724,20938.968194156376,11013.000950349939,23751.327870253786
2025-04-27,2025-04-26,2025-03-02,2025-04-26,10496.882248197535,6758.141107945661,49445.20981085939,51126.713673781414,1860.7149728966701,179.21110997465627,0.0,30216.89284094825,59.62642062291479,1801.749986684935,31959.01640701027,0.0,31959.01640701027,16291.885171822061,16561.294015402556,2822.6513340285683
2025-04-28,2025-04-27,2025-03-03,2025-04-27,6758.141107945661,6938.163568869984,65949.17281258438,63817.33654549504,1220.3030029165843,3352.139270005929,0.0,39443.76064384489,959.262629640571,1319.1146257849587,39803.61263998928,0.0,39803.61263998928,20340.031532911256,16313.405326826229,3168.7430227433433
2025-04-29,2025-04-28,2025-03-04,2025-04-28,6938.163568869984,8384.045595711172,56888.16506273705,57258.25471805779,1132.16051524334,762.0708599225975,0.0,33324.7090705857,135.42339642261283,1520.9797262614427,34710.26540042453,0.0,34710.26540042453,19411.849468472574,14422.30424530572,4835.495778224271
2025-04-30,2025-04-29,2025-03-05,2025-04-29,8384.045595711172,8272.170640270435,52484.53418525918,52645.01983241015,191.49483219508073,31.00918504411254,0.0,31288.756613194528,18.92622880959098,126.47276192324107,31396.30314630818,0.0,31396.30314630818,18164.444400281947,14813.887424125043,1037.6084229199193
2025-05-01,2025-04-30,2025-03-06,2025-04-30,8272.170640270435,1943.3199,48787.16804679143,48278.62808226647,1492.5137254739789,2001.0536899989327,1806.6392658767627,31121.018811299506,417.5142215300216,1943.3551346930976,32646.859724462578,9101.609232384248,41748.46895684683,11939.30496554652,15366.802688336074,2501.3862709327927
2025-05-02,2025-05-01,2025-03-07,2025-05-01,1943.3199,2917.5323754259257,29577.458661570643,29657.430914045326,238.77247861482942,158.80022614014652,980.5415234715413,12066.066955221959,50.60290112234579,364.065791664835,12379.52984576445,4939.626328006351,17319.1561737708,14817.917657968734,11125.72207507134,12655.45677128614
2025-05-03,2025-05-02,2025-03-08,2025-05-02,2917.5323754259257,10027.235696444446,35242.29529024006,35364.81051849872,140.57789579618833,18.062667537526195,1323.862433741404,13569.546690092833,5.58645665554932,181.72017184036937,13745.680405277653,6354.594173197665,20100.27457847532,20919.80416189986,10546.308382222227,17448.005522562486
2025-05-04,2025-05-03,2025-03-09,2025-05-03,10027.235696444446,7536.0697152777775,57722.77372856653,52422.1325140823,787.8484658078676,6088.489680292098,1261.6195620905337,35281.63804125002,1628.802546129396,1499.6876692292167,35152.52316434984,7347.530289331531,42500.05345368137,15450.366586769538,14756.846318333337,1255.5644744032988
2025-05-05,2025-05-04,2025-03-10,2025-05-04,7536.0697152777775,4656.393480685185,59176.595334135796,56093.331582621526,610.0084904866586,3693.2722420009313,943.2334404258852,36721.79477523459,1239.537634279056,1129.1660737570742,36611.42321471261,5943.419202985066,42554.84241769767,16544.41671162922,15992.686147553006,1408.8276589711954
2025-05-06,2025-05-05,2025-03-11,2025-05-05,4656.393480685185,7549.307278407407,56586.67761389575,60845.77967416316,5108.398775976759,849.2967157093594,1033.4674807715191,34527.38328083665,181.85410160904254,4935.700068222299,39281.229247449905,5926.08101308881,45207.31026053872,22418.63617888748,15555.472886948857,2146.001496329389
2025-05-07,2025-05-06,2025-03-12,2025-05-06,7549.307278407407,7480.79338737037,56895.89296238683,59479.52182639555,2585.5551021027354,1.9262380940148205,957.7999362491504,35313.302695769045,1.1916671968622687,2288.404806640316,37600.5158352125,6170.3567717208225,43770.87260693332,20019.26906043895,16277.270440888888,1627.4771930946372
2025-05-08,2025-05-07,2025-03-13,2025-05-07,7480.79338737037,1990.5036190706635,58472.01566406035,54161.80032670335,525.8029612472234,4836.018298604231,410.2210009456314,36316.15737352078,1193.7807000587875,867.9883151815354,35990.36498864353,2052.88284310078,38043.24783174431,13283.400297645167,15700.815032562321,1162.923662566131
2025-05-09,2025-05-08,2025-03-14,2025-05-08,1990.5036190706635,3028.8199691511804,28579.26394035355,28961.977100308668,466.0726027606821,83.35944280556684,320.19483437940926,11540.279219865703,22.993841477150006,566.2413424175068,12083.526720806061,1479.9753713552134,13563.502092161274,14399.150464297516,10728.827161008527,17112.462781399085
2025-05-10,2025-05-09,2025-03-15,2025-05-09,3028.8199691511804,9927.947627104482,35555.62106615283,36016.428544036025,467.065673908417,6.258196025225516,310.70776981032134,14250.817172341938,1.0745913291752942,406.43988463601016,14656.182465648772,1492.4052964978855,16148.587762146657,20982.23684573597,10786.396952888163,14010.2511376652
2025-05-11,2025-05-10,2025-03-16,2025-05-10,9927.947627104482,6355.977199912567,58712.34440947238,56025.82233659724,747.5218263485001,3434.0438992236523,537.8932228523673,35880.6193928382,816.4107099865914,1105.052839988698,36169.2615228403,3690.2771508864016,39859.5386737267,14885.507329608961,15272.034321455987,1466.1634679632882
2025-05-12,2025-05-11,2025-03-17,2025-05-11,6355.977199912567,6572.118300658376,55207.16093890373,57550.968477274815,3447.3140001336424,1103.5064617625642,108.62653623991798,34094.00207372867,297.8515942074674,3507.764657212794,37303.915136733995,651.2557564875749,37955.17089322157,17478.236436329433,13962.84452275561,2213.0078666075715
2025-05-13,2025-05-12,2025-03-18,2025-05-12,6572.118300658376,6649.589091961959,64899.72188950166,59341.5411126994,1076.9163981962506,6635.097174998506,106.27443957765733,38792.41414442161,1809.6494403592264,1434.5920267374604,38417.35673079984,617.474851023668,39034.83158182351,18555.182461638942,14959.97408175432,2723.3944057257754
2025-05-14,2025-05-13,2025-03-19,2025-05-13,6649.589091961959,8503.334171575234,64955.35482708075,61311.584754048585,1517.533943361586,5161.304016393743,16.600327402556104,39005.42046470646,1493.4222621596118,1178.3410038859413,38690.33920643279,106.95947059044019,38797.29867702323,20565.294645361497,14989.518091090866,2738.259743847181
2025-05-15,2025-05-14,2025-03-20,2025-05-14,8503.334171575234,3067.808220260304,54430.43204488212,52567.10134972377,1450.5390660309145,3313.8697611892585,0.0,35849.27475048852,1198.1264216436002,931.4343039477103,35582.58263279263,0.0,35582.58263279263,12792.192202256,15253.649040010794,2263.4999041452347
2025-05-16,2025-05-15,2025-03-21,2025-05-15,3067.808220260304,3666.2086378438685,28873.485797321286,28111.373054818625,0.0,762.112742502658,0.0,12194.472123428799,287.57259675752584,0.0,11906.899526671274,0.0,11906.899526671274,14060.739038042462,10850.638244989188,22185.765728432016
2025-05-17,2025-05-16,2025-03-22,2025-05-16,3666.2086378438685,10416.443013164375,35733.9644298294,35598.707417620826,82.2695739155485,217.52658612412378,0.0,14765.019574636666,66.68780299321625,118.0113261868066,14816.343097830257,0.0,14816.343097830257,20872.768852827085,10831.731833001486,15108.871314461898
2025-05-18,2025-05-17,2025-03-23,2025-05-17,10416.443013164375,5745.143782378401,60967.26368116304,54971.69995481086,117.45102435093139,6113.014750703115,0.0,38070.34515713516,1737.8595228802833,199.46317650676127,36531.948810761634,0.0,36531.948810761634,13433.3695006206,15085.198603210063,2947.360957400315
2025-05-19,2025-05-18,2025-03-24,2025-05-18,5745.143782378401,6809.705140673105,60881.77836379767,58270.58534571009,431.6024490947946,3042.795467182363,12.233166666666762,36632.55301158957,501.517980668168,508.1815660332605,36639.21659695466,83.24669916666731,36722.46329612132,18554.77482209933,14071.262383435227,6284.08952371265
2025-05-20,2025-05-19,2025-03-25,2025-05-19,6809.705140673105,5873.911076390301,58527.66646834675,58806.37390903373,1554.321630416452,1275.6141897294629,0.0,35795.39628158895,332.28923974177167,1426.2328682560146,36889.33991010319,0.0,36889.33991010319,17467.76462892758,14991.10400728586,1802.3184707253506
2025-05-21,2025-05-20,2025-03-26,2025-05-20,5873.911076390301,7587.624538895173,57470.97784401078,59871.22789307356,3217.390070572298,817.140021509507,0.0,35786.80457766172,162.43501045119996,2614.9823588711233,38239.351926081654,0.0,38239.351926081654,19189.782724214536,14001.381890359395,3320.2117758850904
2025-05-22,2025-05-21,2025-03-27,2025-05-21,7587.624538895173,2648.9856688567083,52228.64926102183,50562.546139278624,0.0,1666.1031217432037,0.0,33904.04591142839,514.6558201611256,0.0,33389.39009126727,0.0,33389.39009126727,12122.1139995357,14263.687322658538,1887.4886457347936
2025-05-23,2025-05-22,2025-03-28,2025-05-22,2648.9856688567083,3982.45126128959,28461.562257473408,29377.716978825174,978.847458019898,62.69273666812933,0.0,11930.603029375507,32.114354358249244,939.5181257751783,12838.006800792435,0.0,12838.006800792435,13756.124511449045,9942.341821084136,19142.985405126936
2025-05-24,2025-05-23,2025-03-29,2025-05-23,3982.45126128959,10800.0,36299.64907483937,35786.67437805772,0.0,512.9746967816465,0.0,15136.07799713709,193.4246296359198,0.0,14942.65336750117,0.0,14942.65336750117,21154.476007132533,10999.331700937983,21877.02868852984
2025-05-25,2025-05-24,2025-03-30,2025-05-24,10800.0,5144.245733904723,54361.615567791494,51576.12182762899,344.19896107078955,3129.6927012332944,0.0,34484.00266859665,665.3470237871995,423.9318068760598,34242.58745168551,0.0,34242.58745168551,10851.978511707448,13880.281433968783,6059.414566556987
2025-05-26,2025-05-25,2025-03-31,2025-05-25,5144.245733904723,5139.438637415213,58332.707924673756,61051.11582355837,2839.307428951025,120.89953006641838,0.0,35977.24264176283,66.79549243027981,2226.7084373180965,38137.155586650646,0.0,38137.155586650646,18804.80766555343,15236.220595938845,2902.695803943787
2025-05-27,2025-05-26,2025-04-01,2025-05-26,5139.438637415213,6458.655337713019,56679.34846816692,57846.81735365989,2411.7473294713,1244.2784439783202,0.0,35266.558258869336,258.94827473999385,1526.0055470775285,36533.61553120687,0.0,36533.61553120687,18878.677562382494,14104.4337952618,3682.2062865391986
2025-05-28,2025-05-27,2025-04-02,2025-05-27,6458.655337713019,6039.898594432936,62932.12633360419,59006.828454555754,442.0056312475658,4367.303510296003,0.0,38647.719958867085,1120.3546701530365,600.9347881704598,38128.30007688451,0.0,38128.30007688451,17322.734535821786,14408.296042967733,3818.565861701693
2025-05-29,2025-05-28,2025-04-03,2025-05-28,6039.898594432936,2632.1454673754843,57959.1178806095,57835.60906317878,1929.8692489913692,2053.3780664220826,17.817433333333497,36635.859305068574,438.51878037447875,1543.37357911962,37740.71410381371,119.80442173333444,37860.51852554705,14931.160965820933,15161.218196666665,3973.3602273578463
2025-05-30,2025-05-29,2025-04-04,2025-05-29,2632.1454673754843,3695.393552593706,28500.178337695397,28617.222193666574,118.79582091432734,1.751964943151961,0.0,12567.562124719952,0.26629867135909807,111.33546519543646,12678.63129124403,0.0,12678.63129124403,13321.90276024781,9833.81795910433,18532.904125856425
2025-05-31,2025-05-30,2025-04-05,2025-05-30,3695.393552593706,10704.021666666667,39086.597094332334,37534.66357495161,0.0,1551.9335193807206,0.0,15942.681196609357,455.1827426340255,0.0,15487.498453975333,0.0,15487.498453975333,20436.963670513334,10246.175270450136,18954.693624888416
2025-06-01,2025-05-31,2025-04-06,2025-05-31,10704.021666666667,3442.0410937222223,72762.47804046639,67904.6901491051,4122.276119872619,8980.064011233922,808.0952368567016,51241.13326206643,3326.537346071343,6233.545307429965,54148.14122342505,4869.775036756457,59017.91626018151,13893.504629582792,17789.521265612057,1383.9757219910512
2025-06-02,2025-06-01,2025-04-07,2025-06-01,3442.0410937222223,2472.592547537036,80593.86966812071,71693.59062419267,1476.5555173880164,10376.834561316056,608.7863934470761,54458.46663537566,3610.0492387429904,2900.0663474803505,53748.48374411302,3518.4967440345426,57266.98048814757,20933.67485885839,17828.780327241962,556.6750360233111
2025-06-03,2025-06-02,2025-04-08,2025-06-02,2472.592547537036,3646.0052130925924,76483.39974368998,75439.23959237455,3462.326272279413,4506.486423594848,553.8412569751174,50487.36175665959,1249.1507522327672,5223.312533722393,54461.52353814922,3168.33023586069,57629.853774009905,20602.430465302736,15631.89727789521,2830.1808286088144
2025-06-04,2025-06-03,2025-04-09,2025-06-03,3646.0052130925924,3487.986968426692,85622.82742663924,74301.0589746896,608.7052392243686,11930.473691173995,389.46921080190236,58251.82801468982,4424.975662688791,1099.4504786794355,54926.30283068046,2524.021224831157,57450.32405551162,20961.422807565927,17120.96889432771,1204.8134555866222
2025-06-05,2025-06-04,2025-04-10,2025-06-04,3487.986968426692,1200.0,71338.41548382542,72056.91672797457,4651.050233794654,3932.548989645499,1269.839723765408,48307.238770758864,1101.2794492409294,6485.33144429646,53691.290765814396,5255.161182550028,58946.451948364425,17616.69755650213,16328.713292350749,889.4541709219322
2025-06-06,2025-06-05,2025-04-11,2025-06-05,1200.0,1303.7087890925927,34785.17034547325,35480.61016749736,2192.890363356587,1497.4505413324764,822.806128995474,17222.820550118515,436.4026346388073,3250.2532105641017,20036.67112604381,3412.267852991221,23448.938979035032,14230.057155299657,11433.00838560939,2651.372126802571
2025-06-07,2025-06-06,2025-04-12,2025-06-06,1303.7087890925927,9832.301965507739,49171.998435631,43882.72063526628,1216.2465958942666,6505.5243962589775,571.9849150890241,22569.312484742186,1332.8928177618654,1716.0603269912976,22952.479993971614,2365.579436738944,25318.05943071056,23448.016708815536,11317.159675366944,1197.3353502400535
2025-06-08,2025-06-07,2025-04-13,2025-06-07,9832.301965507739,3675.521653206773,68238.17508214284,62779.004944533415,1746.8358210467577,7206.005958656178,37.30207672850463,46955.04041394504,2158.896097473191,2131.7388025555383,46927.88311902739,256.9067960478434,47184.78991507523,12450.509597900418,15626.015055370215,806.8892120650544
2025-06-09,2025-06-08,2025-04-14,2025-06-08,3675.521653206773,2950.001204306648,83097.36404775378,75753.81362061211,105.95675417923258,7449.507181320896,30.489870627287928,57736.98584275356,2631.5904956281884,163.6586466527699,55269.05399377814,213.4692906399611,55482.5232844181,20220.543622717872,17031.608738411593,1662.6558735997978
2025-06-10,2025-06-09,2025-04-15,2025-06-09,2950.001204306648,3646.884163738407,79066.66644012374,78588.56925020489,819.6369977258098,1297.7341876446767,7.373496666666824,53916.25427213636,402.38481976629004,1119.8362361266823,54633.70568849676,51.53336820333443,54685.239056700084,22897.802149879986,17920.025077914208,1999.7214415724359
2025-06-11,2025-06-10,2025-04-16,2025-06-10,3646.884163738407,2467.4789693916014,82096.99099604512,80466.52579890324,1425.3838466466595,3055.849043788524,14.017279102833072,57778.17501386868,1468.3096367735022,1792.7819773035221,58102.64735439871,97.19581329904453,58199.84316769775,22142.94032884663,18997.246341277892,1250.4027737706792
2025-06-12,2025-06-11,2025-04-17,2025-06-11,2467.4789693916014,1950.4545979774648,80807.15784400933,77406.53765800642,246.26870615375685,3646.8888921566586,0.0,56217.67127325309,1439.1676086253333,462.04005612911084,55240.543720756876,0.0,55240.543720756876,20674.931451262477,17212.01640979533,1491.2311832059474
2025-06-13,2025-06-12,2025-04-18,2025-06-12,1950.4545979774648,2584.343652424645,35957.796149791844,35813.40800534954,248.7452494210945,393.13339386340016,0.0,17951.92006402275,126.18210299580451,401.45580337232064,18227.193764399264,0.0,18227.193764399264,14004.647650978386,10773.264448290029,4236.711102661182
2025-06-14,2025-06-13,2025-04-19,2025-06-13,2584.343652424645,10747.583062634374,45422.94073392893,43581.99364918449,449.4222806547879,2290.369365399227,0.0,22706.95066309822,571.324200878403,777.5908139128845,22913.217276132702,0.0,22913.217276132702,21899.569552227247,10391.735868115315,5880.817215072557
2025-06-15,2025-06-14,2025-04-20,2025-06-14,10747.583062634374,4063.7619101323976,70025.21871094045,70953.6850552011,1411.5197215251083,483.0533772644477,0.0,50024.70628565333,253.76030464292285,1361.127496679168,51132.07347768957,0.0,51132.07347768957,14462.646448142306,17730.18266024705,3594.2469339725203
2025-06-16,2025-06-15,2025-04-21,2025-06-15,4063.7619101323976,4224.5999352786785,80651.68575485975,79599.27311633085,1074.1731157929244,2126.5857543218094,0.0,56357.979491666934,995.0100151232995,1078.1591903372878,56441.128666880926,0.0,56441.128666880926,21563.496904134197,17321.67826971705,2663.40166524704
2025-06-17,2025-06-16,2025-04-22,2025-06-16,4224.5999352786785,4340.704095679722,83140.35065949036,81854.44443249024,1437.6969884869272,2723.6032154870377,0.0,58167.89163018403,1178.8021667037365,1674.0349955000934,58663.12445898038,0.0,58663.12445898038,22070.183017040636,17772.35449944198,2919.6046982249177
2025-06-18,2025-06-17,2025-04-23,2025-06-17,4340.704095679722,3347.115899154033,82206.69360451224,77967.51355033714,549.7338666653716,4788.913920840471,0.0,57520.19795196011,1964.384825506925,638.2838327947483,56194.09695924794,0.0,56194.09695924794,18357.736407439777,15763.995866899342,4445.382109796701
2025-06-19,2025-06-18,2025-04-24,2025-06-18,3347.115899154033,2759.1597982796206,78021.44041519408,75917.66493835225,2943.2337905281693,5047.00926737,30.32339166666668,53011.61282967539,1715.1150959155048,3692.8010759718736,54989.29880973177,206.5477823375001,55195.84659206927,20533.71654976117,17161.470896093524,4316.238476351267
2025-06-20,2025-06-19,2025-04-25,2025-06-19,2759.1597982796206,2905.172251461863,35595.96154877056,34632.17621490665,0.0,963.7853338639204,0.0,18782.40054122336,398.29498228760644,0.0,18384.105558935753,0.0,18384.105558935753,11822.802826101894,9445.059081278514,9853.851620083266
2025-06-21,2025-06-20,2025-04-26,2025-06-20,2905.172251461863,10800.0,44621.67648312877,44150.38527161279,0.0,471.29121151598713,0.0,21968.805942014893,166.51604195008554,0.0,21802.28990006481,0.0,21802.28990006481,20754.940638545955,9706.156943537899,13766.861176604729
2025-06-22,2025-06-21,2025-04-27,2025-06-21,10800.0,3905.7445459286055,69720.72105402606,67628.71207580833,1778.6272202406872,3870.636198458407,0.0,49411.7846412817,1261.4423992635134,2344.7746269362706,50495.116868954465,0.0,50495.116868954465,12728.87726515493,16515.220493439745,3957.7142040931517
2025-06-23,2025-06-22,2025-04-28,2025-06-22,3905.7445459286055,3871.2355839537668,78163.75215353488,74138.92231208671,0.0,4024.829841448175,0.0,53883.43789200862,1462.905810324991,0.0,52420.53208168363,0.0,52420.53208168363,19611.349961896787,15916.251534913761,3382.5378851036844
2025-06-24,2025-06-23,2025-04-29,2025-06-23,3871.2355839537668,4838.383794505001,90602.23124282915,85189.24080026086,0.0,5412.990442568294,0.0,64810.873515264415,2290.1240300634527,0.0,62520.74948520097,0.0,62520.74948520097,23233.281801489626,17948.524869710483,3635.6916184817132
2025-06-25,2025-06-24,2025-04-30,2025-06-24,4838.383794505001,3853.710123879534,79491.92487754588,77739.89551376087,2221.3913271877395,3973.4206909727513,0.0,54450.030019237274,1404.2822431405043,2674.460660712077,55720.208436808854,0.0,55720.208436808854,18281.047564394907,15693.854830722801,4715.281413422097
2025-06-26,2025-06-25,2025-05-01,2025-06-25,3853.710123879534,3080.2237884481156,76435.69674390121,74708.9834406836,619.2362579783553,2345.9495611959546,0.0,52088.05108751193,820.4869672051706,703.1346364630892,51970.69875676985,0.0,51970.69875676985,18287.419480922297,15508.947481435336,4383.127607863309
2025-06-27,2025-06-26,2025-05-02,2025-06-26,3080.2237884481156,3528.330795264644,37408.85438620306,35013.05303825569,0.0,2395.8013479473602,0.0,19202.656983406632,796.8013972054116,0.0,18405.85558620122,0.0,18405.85558620122,12187.831382966811,9468.847114068241,12522.42290269046
2025-06-28,2025-06-27,2025-05-03,2025-06-27,3528.330795264644,10800.0,44890.95690370626,44062.624781924365,0.0,828.3321217818967,0.0,22462.33096132648,347.68516739554605,0.0,22114.645793930933,0.0,22114.645793930933,20567.79697793323,10115.413267864096,11833.314955188567
2025-06-29,2025-06-28,2025-05-04,2025-06-28,10800.0,4381.273526527461,68664.12054067058,70300.99596038548,3741.6217701173,2104.746350402387,0.0,48685.43845333959,748.0285054400633,4636.659835058573,52574.069782958104,0.0,52574.069782958104,12966.645388925372,16279.836591154839,4346.418629281625
2025-06-30,2025-06-29,2025-05-05,2025-06-29,4381.273526527461,3052.591080056191,80946.22905616948,76832.42127299396,0.0,4113.807783175531,0.0,55875.17567216019,1632.0841877155162,0.0,54243.09148444468,0.0,54243.09148444468,17948.120857915594,15733.79209673578,4740.408528480805
2025-07-01,2025-06-30,2025-05-06,2025-06-30,3052.591080056191,1504.5194707130345,73489.22635873161,81015.82207137541,8548.499383166678,1021.903670522878,45.4012865913611,54358.55883647481,286.4400732537359,12167.393581169246,66239.51234439033,375.5172179700552,66615.02956236039,18883.91459495931,16689.23527032588,0.0
2025-07-02,2025-07-01,2025-05-07,2025-07-01,1504.5194707130345,1554.803311964015,71152.25714011308,76796.49676562264,6044.796082443932,400.55645693438316,196.773777542316,53161.90841295716,108.23035466367033,6765.51934390759,59819.197402201076,1683.3579443039112,61502.55534650499,20010.950079989747,16163.614107665813,241.16820417435616
2025-07-03,2025-07-02,2025-05-08,2025-07-02,1554.803311964015,1253.8455641799078,79342.90248859281,83151.61919679551,6388.871296990374,2580.1545887876723,850.9226591300883,59397.730671859536,730.7294583752507,8621.779058207276,67288.78027169156,2998.962017423023,70287.74228911458,19735.848660224714,16256.899387787715,763.1736501552465
2025-07-04,2025-07-03,2025-05-09,2025-07-03,1253.8455641799078,1200.0,35941.67023645305,38708.712903769396,2767.0426673163506,0.0,2416.8914180732713,20675.706690654282,0.0,3636.8376180065798,24312.544308660865,6118.530494395782,30431.074803056643,12853.39267783737,10459.709076810188,9851.053254148825
2025-07-05,2025-07-04,2025-05-10,2025-07-04,1200.0,8339.792763117524,45742.41791777778,48780.08525007493,3037.667332297151,0.0,1000.4205688991291,24723.48032164339,0.0,4044.113228099448,28767.593549742836,2347.842155176708,31115.435704919546,21171.33009656226,10722.963891409658,10542.059647154789
2025-07-06,2025-07-05,2025-05-11,2025-07-05,8339.792763117524,1535.4872973361507,67290.9851042247,78196.8584368108,12096.76186470366,1190.8885321175574,261.091302867653,52634.124301274176,333.6966495428045,14287.4025937021,66587.83024543348,2135.0240391232273,68722.8542845567,14480.47240874857,17853.05757028958,2036.5533512194638
2025-07-07,2025-07-06,2025-05-12,2025-07-06,1535.4872973361507,2901.7994921573295,77597.50512149205,81474.94419595576,4149.2768035026165,271.8377290389209,152.00313612297663,57125.88429618141,71.1126265562643,5100.729584184088,62155.50125380923,1055.034375134086,63210.53562894331,22602.54981385527,17078.384373883706,2693.2991254405056
2025-07-08,2025-07-07,2025-05-13,2025-07-07,2901.7994921573295,2697.915596017699,84858.74684645071,81413.94529499298,1205.7212093900118,4650.522760847729,40.87586757712563,63149.63213476135,1424.1853020140256,1929.640581922567,63655.08741466989,347.02285112511765,64002.11026579501,20808.907496554577,17038.710578734877,2113.237228083747
2025-07-09,2025-07-08,2025-05-14,2025-07-08,2697.915596017699,2195.2882664881854,84494.37655993589,78905.73808626486,704.6420044592662,6293.280478130297,59.2118275991395,62384.03578407108,1973.4322102371493,1214.163412898841,61624.766986732764,506.43583171312235,62131.20281844589,19238.58652255582,16035.619679846775,1703.2580544882892
2025-07-10,2025-07-09,2025-05-15,2025-07-09,2195.2882664881854,1911.098409232384,78230.73505268115,77622.05122330063,681.1324458305056,1289.816275211025,40.530516052749476,58960.96818306392,420.60469622016836,991.1175490967192,59531.481035940466,346.4617100725636,59877.94274601303,20520.682454131165,16877.52365937646,1165.7995612653565
2025-07-11,2025-07-10,2025-05-16,2025-07-10,1911.098409232384,2816.406605688394,43794.761840085914,42891.35671077696,239.56254034255278,1142.9676696515035,41.611299656480675,25799.85849282537,376.05946926174374,325.2542641458807,25749.053287709503,133.1342330818578,25882.18752079136,14663.63082170607,11062.763588771508,6813.323627498883
2025-07-12,2025-07-11,2025-05-17,2025-07-11,2816.406605688394,9795.119618624884,50084.58720599156,51405.35947816921,1328.5941008614805,7.821828683833701,0.0,27915.726757901168,2.00654894459011,1469.9027679152139,29383.62297687179,0.0,29383.62297687179,23364.816280125902,12644.65947525914,9600.959339969104
2025-07-13,2025-07-12,2025-05-18,2025-07-12,9795.119618624884,3254.521370160518,77177.09285683157,67245.34388873934,14.327866368219247,9946.076834460448,63.24946660674232,58752.71888131215,3588.3492959812015,35.86590073863528,55200.235486069585,527.4750310025483,55727.71051707213,13008.784966083032,16423.654246145183,1455.7422354082325
2025-07-14,2025-07-13,2025-05-19,2025-07-13,3254.521370160518,2762.286505075341,79770.17698357502,76905.42065563975,1404.8744998607417,4269.630827796007,14.192243955095478,58290.7177988615,1132.1277351829365,2051.300802526379,59209.890866204936,121.09579454274711,59330.98666074769,18685.69077178948,15578.420903726137,2004.663814864827
2025-07-15,2025-07-14,2025-05-20,2025-07-14,2762.286505075341,3897.0134126844273,88348.36402058159,79874.64730607372,0.0,8473.716714507866,0.0,65337.53458582345,3084.5342124580693,0.0,62253.00037336539,0.0,62253.00037336539,19807.11145016038,15022.506057781728,2340.9913303617323
2025-07-16,2025-07-15,2025-05-21,2025-07-15,3897.0134126844273,2918.3413917240396,82720.42600961676,78303.4926810714,0.0,4416.933328545361,14.440008257465024,62933.7676818007,1646.0874859498856,0.0,61287.6801958508,121.38992941637972,61409.070125267186,17745.93121191802,15255.009100517947,3692.4471945954438
2025-07-17,2025-07-16,2025-05-22,2025-07-16,2918.3413917240396,2831.419370296546,81963.29484099278,80408.73427570713,1591.7408968633035,3146.301462148952,0.0,61338.409066624896,1061.799143718149,1951.2004157635447,62227.8103386703,0.0,62227.8103386703,20405.743659917338,16606.882183817794,3889.4567329409065
2025-07-18,2025-07-17,2025-05-23,2025-07-17,2831.419370296546,3090.7198741232987,46404.62324042996,42928.66739125294,0.0,3475.95584917702,0.0,27154.62587042092,1155.031922168181,0.0,25999.59394825274,0.0,25999.59394825274,13154.664920659558,10421.908132290166,8921.66250288354
2025-07-19,2025-07-18,2025-05-24,2025-07-18,3090.7198741232987,9629.231055646635,54655.0451133782,51592.402377230566,0.0,3062.6427361476294,0.0,30974.5103610641,1017.2892709834842,0.0,29957.221090080617,0.0,29957.221090080617,20686.276973725122,10871.224285346352,14594.530638851797
2025-07-20,2025-07-19,2025-05-25,2025-07-19,9629.231055646635,3567.038606116335,80785.89934281226,73668.73182137826,31.52097347082986,7148.688494904849,0.0,60757.514820530596,2335.3257216716574,42.5026212184465,58464.69172007739,0.0,58464.69172007739,12296.619942309568,15416.235357848018,4698.369020250033
2025-07-21,2025-07-20,2025-05-26,2025-07-20,3567.038606116335,3771.072601182362,88668.93816231517,83354.41860128657,0.0,5314.519561028609,0.0,66727.88415342313,1958.2706340938882,0.0,64769.613519329236,0.0,64769.613519329236,19856.04487653069,15899.765754430438,5408.390129186316
2025-07-22,2025-07-21,2025-05-27,2025-07-21,3771.072601182362,3327.01084631641,86113.37583752879,83738.30552918371,1490.2672212531904,3865.337529598277,0.0,64796.932823686206,1488.071922580867,1241.2482423365996,64550.10914344193,0.0,64550.10914344193,18102.63813309551,15062.792467186724,6903.315246608254
2025-07-23,2025-07-22,2025-05-28,2025-07-22,3327.01084631641,3354.5158853973217,96670.9463354509,83574.29852027755,0.0,13096.64781517335,0.0,72502.70759207878,5050.660775043027,0.0,67452.04681703575,0.0,67452.04681703575,20411.94937579207,16508.924459218757,5454.726487037571
2025-07-24,2025-07-23,2025-05-29,2025-07-23,3354.5158853973217,3854.7074385116084,95792.63895696594,83599.04649596734,0.0,12193.592460998592,0.0,72635.02693864159,4682.549391546736,0.0,67952.47754709485,0.0,67952.47754709485,19263.21901279028,15153.03500255727,5872.390485734335
2025-07-25,2025-07-24,2025-05-30,2025-07-24,3854.7074385116084,3652.632128032242,44804.81410033955,43120.34044034301,0.0,1684.4736599965395,0.0,26625.14267305632,720.8302343273733,0.0,25904.312438728946,0.0,25904.312438728946,13268.954562533523,10929.72097508358,14275.787286226405
2025-07-26,2025-07-25,2025-05-31,2025-07-25,3652.632128032242,9561.781540628905,53043.187807877985,51710.673832044326,0.0,1332.5139758336536,0.0,30221.28915021262,531.0151925629356,0.0,29690.27395764968,0.0,29690.27395764968,20703.51743587824,11451.61465172438,13989.679481223793
2025-07-27,2025-07-26,2025-06-01,2025-07-26,9561.781540628905,3651.864416995041,80967.41215090943,75664.90548788905,1060.2163985038912,6362.723061524285,0.0,61678.37181421084,2235.4933069383037,1309.7807598060676,60752.65926707861,0.0,60752.65926707861,13380.43226387147,16157.075545006359,4756.358969023925
2025-07-28,2025-07-27,2025-06-02,2025-07-27,3651.864416995041,4135.540109965122,91410.91319847018,87364.71012637037,0.0,4046.203072099822,0.0,68550.01938170084,1750.0451244353048,0.0,66799.97425726554,0.0,66799.97425726554,20311.638865041823,16017.119357010806,5115.313385006016
2025-07-29,2025-07-28,2025-06-03,2025-07-28,4135.540109965122,3602.782242797066,88125.41320890708,85874.8405601189,73.05039712433518,2323.6230459124977,0.0,66119.6602992285,1072.916239248766,61.09935215479395,65107.843412134534,0.0,65107.843412134534,18487.096146063155,15454.029958762407,6772.528422818152
2025-07-30,2025-07-29,2025-06-04,2025-07-29,3602.782242797066,3927.0769913408944,81722.94249001972,84545.52364438918,4563.801243454751,1741.2200890852878,0.0,62280.845901142326,716.3851900687091,4962.387584867233,66526.84829594086,0.0,66526.84829594086,18990.933815417553,15090.79111679877,6542.1268957704
2025-07-31,2025-07-30,2025-06-05,2025-07-30,3927.0769913408944,3541.770321952699,85474.47053599298,83176.10120806276,1.4945767587029195,2299.863904688928,0.0,63637.379305704984,961.158671169859,1.8531257231157499,62678.07376025824,0.0,62678.07376025824,19720.394499358288,16320.295546929592,5081.005988967387
2025-08-01,2025-07-31,2025-06-06,2025-07-31,3541.770321952699,3862.671758222183,45103.48754344256,42681.620174837866,0.0,2421.867368604701,0.0,26649.096547977988,935.7728246531485,0.0,25713.323723324836,0.0,25713.323723324836,13380.709216593688,10549.563172798355,18599.114464375867
2025-08-02,2025-08-01,2025-06-07,2025-08-01,3862.671758222183,10143.604034362768,54631.44841354653,51361.323120952846,0.0,3270.1252925936938,0.0,30377.875008042916,1129.5805816970142,0.0,29248.2944263459,0.0,29248.2944263459,20585.4508248094,11021.376119569091,20870.2234823792
2025-08-03,2025-08-02,2025-06-08,2025-08-02,10143.604034362768,2777.4776012480656,67338.7716741031,64218.089039295235,0.0,3120.6826348078594,12.516060229715094,51590.45638914927,1103.7958508135869,0.0,50486.66053833569,104.19620141237816,50590.85673974807,10619.399020276836,15231.226996227471,6002.953092142252
2025-08-04,2025-08-03,2025-06-09,2025-08-03,2777.4776012480656,3480.2744243060806,80791.02937853782,74793.68175278549,0.0,5997.347625752337,0.0,59962.71327254842,2348.381743793148,0.0,57614.33152875526,0.0,57614.33152875526,18361.417866827862,14240.231331378356,5256.840134002645
2025-08-05,2025-08-04,2025-06-10,2025-08-04,3480.2744243060806,3172.4709297167,78346.16742209475,74268.20986935351,0.0,4077.9575527412353,0.0,57892.341001650486,1519.8350251662218,0.0,56372.50597648426,0.0,56372.50597648426,17444.263393892452,14406.876494183329,6078.513236311053
2025-08-06,2025-08-05,2025-06-11,2025-08-05,3172.4709297167,3215.104493033089,86426.96215008844,77346.23038482135,0.0,9080.731765267094,0.0,65572.90595148875,3664.6632292749077,0.0,61908.24272221385,0.0,61908.24272221385,17909.93576558344,14468.677763137832,5790.573115709072
2025-08-07,2025-08-06,2025-06-12,2025-08-06,3215.104493033089,3097.1611056079355,87758.29063580686,74408.22583231592,95.65623817523584,13445.721041666167,0.0,62725.19386316674,3849.2333706946065,127.65301333995222,59003.6135058121,0.0,59003.6135058121,18193.487535250784,14842.873952235776,7669.6269993009155
2025-08-08,2025-08-07,2025-06-13,2025-08-07,3097.1611056079355,3317.4377802887398,44068.17579828619,42763.97418215518,0.0,1304.201616131012,0.0,25054.695209848112,606.3552193440642,0.0,24448.33999050405,0.0,24448.33999050405,12997.67081780609,10329.86435521021,24320.9964695593
2025-08-09,2025-08-08,2025-06-14,2025-08-08,3317.4377802887398,9268.740621186953,51427.198709537115,50042.87901429685,0.0,1384.3196952402725,0.0,28697.269053550423,618.3512130906038,0.0,28078.917840459813,0.0,28078.917840459813,21300.642443911947,11897.34782276029,21717.655393145185
2025-08-10,2025-08-09,2025-06-15,2025-08-09,9268.740621186953,3710.029675892395,75055.28030707623,66833.58871869883,0.0,8221.691588377409,0.0,57877.39024672985,2960.258069572559,0.0,54917.13217715729,0.0,54917.13217715729,11107.815064264098,14000.170052819016,4421.324657253737
2025-08-11,2025-08-10,2025-06-16,2025-08-10,3710.029675892395,3368.561853106711,79552.99640582854,74383.71499251213,40.73855295152879,5210.019966267937,0.0,56857.6441926768,1475.4585580683456,43.191013839210825,55425.376648447666,0.0,55425.376648447666,18722.616699037182,15472.64056672723,6572.485526868852
2025-08-12,2025-08-11,2025-06-17,2025-08-11,3368.561853106711,2958.8050171828445,85085.12719187656,76221.26363749905,0.0,8863.863554377502,11.215558914212693,62277.97212674584,2750.34125812739,0.0,59527.63086861845,93.67234805150441,59621.303216669956,17151.753406006857,14261.701411197042,5581.883551603455
2025-08-13,2025-08-12,2025-06-18,2025-08-12,2958.8050171828445,3224.320495962983,77880.28894358284,75108.42000997452,0.0,2771.8689336083225,2.838858060819234,56680.82167946646,839.4184350613747,0.0,55841.40324440509,23.342510405086152,55864.74575481018,17876.722348674193,14241.181171523964,5354.738240885115
2025-08-14,2025-08-13,2025-06-19,2025-08-13,3224.320495962983,2834.023467167659,79067.89540927083,75050.22536114133,165.25535796866353,4182.925406098158,13.52000558676616,58498.836805849234,1721.9091573502242,109.67882451884458,56886.60647301785,117.51588856017146,57004.122361578025,19146.982164223915,15860.322878937157,5850.795098108012
2025-08-15,2025-08-14,2025-06-20,2025-08-14,2834.023467167659,2818.867468637304,45080.46214666845,42098.15240774925,0.0,2982.3097389192,0.0,26128.172390823733,1162.854122099871,0.0,24965.31826872386,0.0,24965.31826872386,12864.980711254148,10434.27477479318,22507.719587954947
2025-08-16,2025-08-15,2025-06-21,2025-08-15,2818.867468637304,9798.205232479666,54682.32855876141,50011.675082640315,0.0,4670.6534761210905,0.0,30708.17288476652,1606.9943403325606,0.0,29101.178544433962,0.0,29101.178544433962,21309.73202523589,10979.478952982943,22752.141643720708
2025-08-17,2025-08-16,2025-06-22,2025-08-16,9798.205232479666,2974.115857010539,75674.38330651534,66231.4922384942,0.0,9442.891068021147,20.771928505597202,55732.30777591819,2638.0401269184185,0.0,53094.26764899977,174.7438485533365,53269.0114975531,11332.159594593579,15320.729709543011,7075.440665282566
2025-08-18,2025-08-17,2025-06-23,2025-08-17,2974.115857010539,3020.3542974070974,80415.03575843821,74497.52771482976,0.0,5917.508043608465,30.122045877547976,59139.89633271531,2180.7015800933045,0.0,56959.19475262201,253.03416042013004,57212.228913042134,19196.086425242513,15507.215408089534,6444.663126887661
2025-08-19,2025-08-18,2025-06-24,2025-08-18,3020.3542974070974,2825.2012204357898,78857.30436906757,73005.54936513107,0.0,5851.755003936494,48.61920428780968,58083.959670446384,1908.3445069495817,0.0,56175.61516349681,417.0887915449661,56592.703955041776,17569.061877574204,14406.577890109282,5574.024531953956
2025-08-20,2025-08-19,2025-06-25,2025-08-19,2825.2012204357898,2649.441531831325,88129.73118652016,78242.66584726292,0.0,9887.06533925725,5.768325076341171,64028.801332132076,3258.4133797378227,0.0,60770.38795239425,49.39416762870944,60819.78212002297,20131.01124939893,16464.30283175716,3931.0346880308284
2025-08-21,2025-08-20,2025-06-26,2025-08-20,2649.441531831325,2873.642409695837,83868.3170956986,73664.36016324008,0.0,10203.956932458517,0.0,60649.62918528772,3188.841268839178,0.0,57460.78791644855,0.0,57460.78791644855,18126.719996564007,14480.86240713879,4174.084090481529
2025-08-22,2025-08-21,2025-06-27,2025-08-21,2873.642409695837,2587.3524595727135,44327.53633880461,41984.55169260221,0.0,2342.984646202398,0.0,25793.985802745206,890.0266049526658,0.0,24903.959197792545,0.0,24903.959197792545,12908.708819558045,10713.715098952827,18558.988571996997
2025-08-23,2025-08-22,2025-06-28,2025-08-22,2587.3524595727135,10344.826935954194,52106.630249162336,51607.96862432652,72.97907164524729,571.6406964810614,0.0,28093.901438241803,274.77329049138086,71.22492540860306,27890.35307315903,0.0,27890.35307315903,20735.791117485292,9814.263776419755,18156.435133260988
2025-08-24,2025-08-23,2025-06-29,2025-08-23,10344.826935954194,3212.161574825854,70535.87410081936,65423.393414405655,0.0,5112.480686413703,0.0,54729.74901641356,1653.4272450582616,0.0,53076.3217713553,0.0,53076.3217713553,11892.761884680252,16052.535951606507,5849.577997998573
2025-08-25,2025-08-24,2025-06-30,2025-08-24,3212.161574825854,2974.3493217557193,100240.20696785468,79851.83595074479,0.0,20388.371017109886,0.0,73134.45362406092,7406.706676304078,0.0,65727.74694775685,0.0,65727.74694775685,19592.17832417752,16083.695470346915,5570.266080247523
2025-08-26,2025-08-25,2025-07-01,2025-08-25,2974.3493217557193,3296.1079040710106,78679.48607606019,74558.2685741598,0.0,4121.2175019003935,0.0,58292.726149309834,1612.3227932368811,0.0,56680.403356072944,0.0,56680.403356072944,19124.498258277796,15201.260865121258,5106.21279766991
2025-08-27,2025-08-26,2025-07-02,2025-08-26,3296.1079040710106,3303.7668108137855,79748.05068162191,78848.89587548081,1153.9138638892236,2053.0686700303313,0.0,58516.284804346324,679.1438464939234,1210.6817582607969,59047.82271611321,0.0,59047.82271611321,18781.50459872218,15206.12570889647,7359.368118988436
2025-08-28,2025-08-27,2025-07-03,2025-08-27,3303.7668108137855,2861.6950066449344,77733.07018030979,78813.88438881643,1862.5741191150976,781.7599106084527,10.611645050922334,56796.57715315229,363.8127355935784,2259.331451044782,58692.09586860349,89.23862905573137,58781.33449765922,19269.037321501834,16005.784854168454,4793.448583200636
2025-08-29,2025-08-28,2025-07-04,2025-08-28,2861.6950066449344,2595.072994963545,45439.62427957512,43356.77659289806,0.0,2082.847686677056,0.0,25977.37579012319,819.2019986071061,0.0,25158.173791516085,0.0,25158.173791516085,13534.450246348526,11202.864510055559,18469.970506605092
2025-08-30,2025-08-29,2025-07-05,2025-08-29,2595.072994963545,10127.03705814712,53457.03383718713,51224.994258853534,0.0,2232.0395783336,0.0,29546.93543648715,770.3571579536247,0.0,28776.578278533525,0.0,28776.578278533525,21920.698964811374,10976.998504632003,21768.573965340824
2025-08-31,2025-08-30,2025-07-06,2025-08-30,10127.03705814712,2907.5167467573997,68310.60587019319,65441.08426875384,0.0,2869.5216014393463,0.44540697851800815,51832.16883236515,1242.5893746657894,0.0,50589.57945769936,3.7144714973509285,50593.293929196705,13483.934261039989,17419.555031693137,2730.5273630521765
2025-09-01,2025-08-31,2025-07-07,2025-08-31,2907.5167467573997,5806.114502908783,85753.32315736826,69816.32061815483,0.0,15937.002539213423,0.0,54861.84876099932,4697.64015472276,0.0,50164.20860627656,0.0,50164.20860627656,19445.296273471988,13141.95200097607,9938.841812325576
2025-09-02,2025-09-01,2025-07-08,2025-09-01,5806.114502908783,5649.656746407905,72229.03915806432,67642.56626279706,0.0,4586.472895267256,0.0,47416.644801989045,1489.0899401790061,0.0,45927.554861810044,0.0,45927.554861810044,18154.04142438287,14845.58553460092,10276.354523015107
2025-09-03,2025-09-02,2025-07-09,2025-09-02,5649.656746407905,5937.998583010827,77460.7745221325,67938.68069561389,0.0,9522.093826518614,0.0,51990.70959742546,2767.603727450048,0.0,49223.105869975414,0.0,49223.105869975414,16624.033129148207,13205.959181667418,8972.8894981331
2025-09-04,2025-09-03,2025-07-10,2025-09-03,5937.998583010827,5370.573198934706,74393.5120048851,66457.98939294984,0.0,7935.522611935247,0.0,50402.62386077619,2628.3364846460695,0.0,47774.28737613012,0.0,47774.28737613012,17156.74341499614,14407.645011815388,9783.32543976909
2025-09-05,2025-09-04,2025-07-11,2025-09-04,5370.573198934706,5442.382776094124,39411.213381514324,36418.30682074685,0.0,2992.9065607674693,0.0,20097.928507299035,1234.644518511417,0.0,18863.283988787618,0.0,18863.283988787618,14017.089636161236,11289.213985847124,26866.169503766072
2025-09-06,2025-09-05,2025-07-12,2025-09-05,5442.382776094124,10800.0,48054.82703318195,45481.835677826704,0.0,2572.991355355246,0.0,23100.532157460562,996.108150675502,0.0,22104.42400678506,0.0,22104.42400678506,18955.066461699993,10531.748332461706,29337.433848588422
2025-09-07,2025-09-06,2025-07-13,2025-09-06,10800.0,5395.824105018367,64519.220426385466,62025.498566855225,493.8592724636102,2987.5811319938475,0.0,44283.15000340417,1146.6625170816192,342.09365864575045,43478.5811449683,0.0,43478.5811449683,13473.090724441221,15776.96179228086,9368.3860180282
2025-09-08,2025-09-07,2025-07-14,2025-09-07,5395.824105018367,4819.2972832603,74509.38620657321,68531.00756103525,566.4690019379796,6544.847647475939,0.0,48983.194522279504,1757.7133015769016,656.722005366513,47882.20322606911,0.0,47882.20322606911,17712.62888645376,14866.103537609808,6288.912678857963
2025-09-09,2025-09-08,2025-07-15,2025-09-08,4819.2972832603,4642.291251392863,63693.451286302006,63068.42090423105,813.389109121857,1438.4194911928143,0.0,42880.157413340654,454.45050537348936,879.7580743495477,43305.46498231671,0.0,43305.46498231671,18040.540207234735,14772.14299654083,6697.189426870467
2025-09-10,2025-09-09,2025-07-16,2025-09-09,4642.291251392863,4588.9221670321895,76678.18310569516,71162.67615252,278.6962404736751,5794.203193648843,265.1268980097477,50475.27574216174,1853.6595279810247,304.6325817415255,48926.248795922234,1388.326622905914,50314.57541882815,20624.294325169016,16753.71057931151,6241.22065467224
2025-09-11,2025-09-10,2025-07-17,2025-09-10,4588.9221670321895,3957.73987100839,74758.68702834715,62812.81827844105,0.0,11945.8687499061,0.0,48804.06963941528,3263.426464193033,0.0,45540.643175222256,0.0,45540.643175222256,18380.118806371232,15455.960299582119,6392.573988318605
2025-09-12,2025-09-11,2025-07-18,2025-09-11,3957.73987100839,4271.3223693873615,36427.190331648,35686.98938994319,0.0,740.2009417048204,0.0,18049.93073209343,366.1381254230449,0.0,17683.792606670384,0.0,17683.792606670384,13423.714528651333,10590.984519666505,21302.60318095836
2025-09-13,2025-09-12,2025-07-19,2025-09-12,4271.3223693873615,10800.0,45013.63904088471,43872.48804182937,0.0,1141.150999055335,0.0,20847.72695072829,466.9187099710052,0.0,20380.808240757287,0.0,20380.808240757287,19925.153343283993,10263.56434050866,26203.797555720703
2025-09-14,2025-09-13,2025-07-20,2025-09-13,10800.0,4193.707321254385,72551.83174421125,62243.304136226405,0.0,10308.52760798484,0.0,49551.346326990446,3483.0366047529214,0.0,46068.30972223752,0.0,46068.30972223752,12379.168448312194,15972.789854003931,5737.600791918146
2025-09-15,2025-09-14,2025-07-21,2025-09-14,4193.707321254385,3372.3540520087768,61635.11708106166,61719.388280725165,266.6404425513948,182.36924288788953,114.9690111111104,41523.71459522424,112.87520066283628,301.3832073872527,41712.22260194866,612.750066152774,42324.972668101436,20087.091733983987,17009.762246848084,3689.9971713670366
2025-09-16,2025-09-15,2025-07-22,2025-09-15,3372.3540520087768,2381.4505510980493,75713.84060669587,66978.49320583191,26.654979950288634,8762.00238081425,0.0,49690.15918673113,2686.88135829597,39.94681874268976,47043.22464717784,0.0,47043.22464717784,18774.21722674909,16098.929104486422,4811.435100235905
2025-09-17,2025-09-16,2025-07-23,2025-09-16,2381.4505510980493,3227.010267977653,73104.1379084713,68262.03678895417,48.93981573230951,4891.04093524945,7.62916666666672,48031.69767261901,1729.4603073768235,49.63965509728154,46351.87702033947,38.19542291666694,46390.07244325613,21070.013167602607,16305.70692056647,3545.2413085846933
2025-09-18,2025-09-17,2025-07-24,2025-09-17,3227.010267977653,2326.1014965103736,63231.63768450357,67088.70523267292,4454.1294073269,597.0618591575573,0.0,41858.221012204136,216.8505318485845,3306.6318990106843,44948.00237936624,0.0,44948.00237936624,19140.657367213083,16314.750361763148,5306.7471105563145
2025-09-19,2025-09-18,2025-07-25,2025-09-18,2326.1014965103736,3338.5616537051983,34972.00549195006,34220.43578372133,0.0,751.5697082287363,0.0,16844.326678526755,290.33852626018063,0.0,16553.988152266575,0.0,16553.988152266575,14639.750963807071,10946.984139208385,14426.316642455977
2025-09-20,2025-09-19,2025-07-26,2025-09-19,3338.5616537051983,10800.0,44038.12119260465,43046.859845725216,0.0,991.2613468794316,0.0,19574.55669684038,354.6964192349791,0.0,19219.860277605403,0.0,19219.860277605403,22483.696863988767,11496.499948165583,16414.2291965687
2025-09-21,2025-09-20,2025-07-27,2025-09-20,10800.0,3275.8597666260107,63528.807834801104,59850.11780382601,0.0,3678.6900309750863,0.0,43623.80462903691,1035.8325355794946,0.0,42587.972093457414,0.0,42587.972093457414,11197.505385262892,15841.705572099534,6206.8305073293195
2025-09-22,2025-09-21,2025-07-28,2025-09-21,3275.8597666260107,3306.8636038017344,74297.29672374202,66236.5952221748,200.0723628551321,8260.773864422343,19.555900000000065,48727.7218901659,2580.2112276238804,325.0890257236714,46472.59968826569,128.01369518333377,46600.61338344902,20980.528977871392,16966.32501861768,1627.9272795877635
2025-09-23,2025-09-22,2025-07-29,2025-09-22,3306.8636038017344,2620.3240002978223,71912.85720959614,67690.43227924213,64.07771668856208,4286.502647042584,16.609366666666915,47245.784951115915,1244.3550315326715,106.55546600556939,46107.985385588814,110.35257885000166,46218.33796443882,20616.269265977448,17317.063748595247,2291.2205451932664
2025-09-24,2025-09-23,2025-07-30,2025-09-23,2620.3240002978223,2898.0042618482503,62365.571100039466,66875.18631059318,4510.608120538566,0.9929099848325222,0.0,41297.942891501996,0.6740865887027992,3914.9110691391325,45212.179874052425,0.0,45212.179874052425,20917.53033270074,16693.287334092223,1587.7182119846711
2025-09-25,2025-09-24,2025-07-31,2025-09-24,2898.0042618482503,1810.2693560567814,67319.27139572418,67815.83946502575,2721.773305527305,2225.2052362257136,15.37166666666667,44219.57988922016,495.6179440443276,2429.8902194896455,46153.85216466547,106.25664583333337,46260.1088104988,18323.416010916793,15820.928384054929,4993.27460483056
2025-09-26,2025-09-25,2025-08-01,2025-09-25,1810.2693560567814,3083.9454604213925,35265.20023036215,34009.04390331883,0.0,1256.1563270433146,0.0,16063.320590757996,415.8310995981721,0.0,15647.489491159824,0.0,15647.489491159824,15700.686088468421,11571.247237731273,12185.361552581691
2025-09-27,2025-09-26,2025-08-02,2025-09-26,3083.9454604213925,10508.170836753543,41854.67149739187,42498.29900367824,643.6275062863813,0.0,0.0,18649.83688430806,0.0,727.6145876892288,19377.451471997287,0.0,19377.451471997287,23304.630051114724,12194.947502703992,13587.31420526752
2025-09-28,2025-09-27,2025-08-03,2025-09-27,10508.170836753543,4224.9982895275025,62116.478957489206,63808.99560875463,3390.0488209052164,1697.5321696397928,5.868333333333453,42387.91928850785,438.26064806348,3541.6096361636014,45491.26827660798,40.07191416666748,45531.340190774645,13614.399059588195,16682.518530769878,3395.354246602975
2025-09-29,2025-09-28,2025-08-04,2025-09-28,4224.9982895275025,3846.614889485227,71610.48085424927,67235.98746128914,187.69409747402926,4562.187490434157,26.015016666666952,47111.756874479484,1381.3140033111017,343.90976661460166,46074.352637782984,142.85538336666838,46217.20802114965,21684.88936786793,17905.30544801108,722.5269580989586
2025-09-30,2025-09-29,2025-08-05,2025-09-29,3846.614889485227,3469.453032398072,69739.17928501642,71129.00670918643,1559.2470459945366,169.4196218245197,0.0,46543.8630397464,76.1310938965412,2098.0155576242346,48565.74750347408,0.0,48565.74750347408,21099.43193446725,17429.98553829691,2037.3855463494256
2025-10-01,2025-09-30,2025-08-06,2025-09-30,3469.453032398072,4730.683420418629,65546.1194988924,61324.37097096838,94.84084225641425,4316.589370180436,0.0,40855.00075024844,808.8071358002885,153.58651379642703,40199.78012824459,0.0,40199.78012824459,20702.377808274603,15633.818675483928,6594.290304844375
2025-10-02,2025-10-01,2025-08-07,2025-10-01,4730.683420418629,4257.881985481801,70037.84593332771,60199.18037203126,136.32687027826358,9974.992431574727,0.0,44232.108626919806,2890.83479494371,189.6280556004271,41530.90188757652,0.0,41530.90188757652,18754.091735036956,15616.335596823079,5330.64111715072
2025-10-03,2025-10-02,2025-08-08,2025-10-02,4257.881985481801,4642.565478530525,29626.274083861103,29977.7072505305,351.43316666939927,0.0,0.0,12736.973893856582,0.0,329.5370158368454,13066.510909693428,0.0,13066.510909693428,13798.170986821464,10830.303355581531,19192.68591929057
2025-10-04,2025-10-03,2025-08-09,2025-10-03,4642.565478530525,10800.0,40521.311999074445,40236.180647581765,54.20428359890889,339.33563509159285,0.0,17120.43578646747,107.04364939944904,78.31512166264413,17091.707258730665,0.0,17091.707258730665,20858.031215529485,11353.314215256354,17635.481213975305
2025-10-05,2025-10-04,2025-08-10,2025-10-04,10800.0,6600.2683292060265,65585.63626977366,56193.19726486799,503.71358437189826,9896.15258927757,0.0,42040.42317421045,2481.576588616521,711.8789924848195,40270.72557807875,0.0,40270.72557807875,14800.592421575939,15768.238365191086,2424.8821418164744
2025-10-06,2025-10-05,2025-08-11,2025-10-05,6600.2683292060265,4990.810629540008,57859.57451402348,60441.151619156924,2582.5824908192635,1.0053856858255585,0.0,38946.4536271073,0.22078269660729263,2372.5767575732607,41318.80960198396,0.0,41318.80960198396,17957.840176574486,15994.362472724748,744.5646653071826
2025-10-07,2025-10-06,2025-08-12,2025-10-06,4990.810629540008,5966.270355833802,65285.2150757443,65257.55759166303,1924.2949963951412,1951.9524804764162,0.0,41403.42564324739,391.47579879315776,2401.3960260390463,43413.345870493285,0.0,43413.345870493285,20364.942353052953,15617.689552308482,2738.741790918555
2025-10-08,2025-10-07,2025-08-13,2025-10-07,5966.270355833802,4938.781918081603,60656.275174251874,60349.01823101131,678.2997593624684,985.5567026030319,0.0,38672.26121595859,242.73270684858386,1002.366230798416,39431.89473990842,0.0,39431.89473990842,19312.21414442385,16567.6330509603,1125.9414708810955
2025-10-09,2025-10-08,2025-08-14,2025-10-08,4938.781918081603,2764.9966904402145,69235.60284058147,58193.23800163608,338.62483442032845,11380.989673365733,0.0,44138.17343690213,3218.6448082317474,566.3014359544949,41485.830064624875,0.0,41485.830064624875,18232.848867452725,16725.014287513957,925.4217383639749
2025-10-10,2025-10-09,2025-08-15,2025-10-09,2764.9966904402145,5477.481422348261,34180.67337392102,34094.96099333603,368.48608793204795,454.19846851703153,0.0,14045.13434941995,141.70432265165638,556.480418803377,14459.91044557167,0.0,14459.91044557167,17970.218974921383,12114.641110969085,18895.772212717075
2025-10-11,2025-10-10,2025-08-16,2025-10-10,5477.481422348261,10798.901666666667,38558.657855607555,38595.7844315917,125.0932672127023,87.9666912285593,0.0,15765.611892191913,24.07208654403569,181.10832472599404,15922.648130373871,0.0,15922.648130373871,21034.154036883338,12248.38654998894,15703.703361363969
2025-10-12,2025-10-11,2025-08-17,2025-10-11,10798.901666666667,7433.372552985004,61933.6771110631,60614.80753938453,833.3651704355584,2152.234742114128,20.92993333333345,39237.86923271617,478.9450143873455,1428.2049322767423,40187.129150605564,105.12059016666726,40292.24974077223,16760.23323581013,16604.765123319707,1965.3133768941063
2025-10-13,2025-10-12,2025-08-18,2025-10-12,7433.372552985004,4730.413877732838,64659.15071097687,58539.30624270928,1006.4529311811701,7126.297399448758,0.0,41280.29090598164,1837.6889942119383,1356.5772365203604,40799.17914829006,0.0,40799.17914829006,17511.27237539879,16616.793431799975,617.4319991104713
2025-10-14,2025-10-13,2025-08-19,2025-10-13,4730.413877732838,4558.231010477024,70553.47032751907,66058.77993995,834.6713853517816,5329.361772920836,0.0,45136.414547755674,1453.0618233304044,1111.5318331882581,44794.88455761353,0.0,44794.88455761353,20531.852864107343,16785.76540045718,1538.8631929665175
2025-10-15,2025-10-14,2025-08-20,2025-10-14,4558.231010477024,5265.158520926546,74099.27122413664,67805.19267939279,235.84346318457006,6529.922007928406,0.0,46409.875413413596,2100.2299830065886,438.43273118630935,44748.07816159332,0.0,44748.07816159332,22615.563034126655,17682.37129823802,951.9772935041618
2025-10-16,2025-10-15,2025-08-21,2025-10-15,5265.158520926546,1852.2581853838853,65383.60406322977,63946.48299408308,1428.196750394135,2865.3178195408163,0.0,42718.020754627556,868.7831762326348,2052.9942386774965,43902.23181707242,0.0,43902.23181707242,18260.725623561575,17862.79805707327,582.0824775947779
2025-10-17,2025-10-16,2025-08-22,2025-10-16,1852.2581853838853,3626.0635344400785,32231.910988860152,33478.90200350927,1246.9910146491238,0.0,0.0,12942.731997963987,0.0,1272.089811571135,14214.821809535122,0.0,14214.821809535122,17640.56122294485,12692.429776434758,12526.571240332518
2025-10-18,2025-10-17,2025-08-23,2025-10-17,3626.0635344400785,10781.660788877547,40297.58267346164,39641.177846163475,286.7929817192521,943.1978090174186,0.0,16296.77025892053,291.4003556125907,321.2155907972332,16326.585494105173,0.0,16326.585494105173,23256.53625376032,12397.75683655214,12705.805162288623
2025-10-19,2025-10-18,2025-08-24,2025-10-18,10781.660788877547,7239.886065437915,67795.95177770808,64725.356796813736,335.4760535725144,3406.0710344668573,0.0,44445.54081839135,1027.1384045966558,622.242842749133,44040.64525654384,0.0,44040.64525654384,18231.56759688387,17955.16700457161,563.2336711681356
2025-10-20,2025-10-19,2025-08-25,2025-10-19,7239.886065437915,5186.818379899813,73640.35975281343,68162.09026089254,159.0831948559299,5637.352686776821,0.0,48265.815644148955,2113.9943563207516,272.5718902697041,46424.39317809792,0.0,46424.39317809792,19374.083751775,17540.768755922047,1887.9928983729146
2025-10-21,2025-10-20,2025-08-26,2025-10-20,5186.818379899813,6773.1491687478565,76337.41465643354,73844.09343524942,562.0640500919096,3055.3852712760277,0.0,49140.33473636837,1170.6958354437982,864.8617421382648,48834.500643062835,0.0,48834.500643062835,23625.399816177636,17708.876141140645,1464.9884102124324
2025-10-22,2025-10-21,2025-08-27,2025-10-21,6773.1491687478565,6926.511329481483,71347.79139481377,70745.4967867372,358.131640069274,960.4262481458389,235.94589297620232,45793.932097310186,318.3818197742549,618.8363427348677,46094.3866202708,1489.7118364714265,47584.09845674223,22147.029745620923,17801.06814929269,1080.5843833851704
2025-10-23,2025-10-22,2025-08-28,2025-10-22,6926.511329481483,1241.0392080461488,75439.33177799726,62052.31151460322,871.4168713238138,14258.437134717844,0.0,49675.43671523219,4804.321784358763,1304.8995684462473,46176.01449931967,0.0,46176.01449931967,16492.4869161664,18475.83931138659,656.1668764900812
2025-10-24,2025-10-23,2025-08-29,2025-10-23,1241.0392080461488,2657.899097944337,33698.068954900715,34280.048257468516,581.9793025678042,0.0,301.36754493695975,13654.111117569717,0.0,641.5261439881301,14295.637261557848,1351.9371762602855,15647.574437818132,18515.372684140384,13722.277973245344,11368.270374843767
2025-10-25,2025-10-24,2025-08-30,2025-10-24,2657.899097944337,10059.366428155296,40711.272524046755,41167.19405300641,459.17477134844387,3.253242388790113,201.78159270493643,15931.182528789688,0.8475584720950083,536.9421949902386,16467.27716530783,874.5232303021439,17341.800395609975,24664.900546192308,13317.24884522591,10622.891211411614
2025-10-26,2025-10-25,2025-08-31,2025-10-25,10059.366428155296,7268.97337745169,72942.46367778355,66324.20799842553,587.8699971175839,7206.1256764756145,0.0,47626.8212147668,2545.765306055906,984.030158280138,46065.08606699103,0.0,46065.08606699103,18648.403460351466,17616.560548517937,748.0530699253255
2025-10-27,2025-10-26,2025-09-01,2025-10-26,7268.97337745169,6344.790867351647,68788.86574887397,69884.46178612465,2903.0279268441977,1807.431889593533,16.231375735732968,44274.14605315665,362.83854782060456,2937.166405368381,46848.47391070443,85.17244224823921,46933.646352952666,20945.666739183114,17797.75431782836,3200.199073838954
2025-10-28,2025-10-27,2025-09-02,2025-10-27,6344.790867351647,7850.943741012228,71305.11427663945,72957.32500530318,2357.2019027064275,704.9911740426996,38.97047408477749,45692.70153153063,170.35867613910793,2811.194020654245,48333.536876045764,250.66574995632925,48584.202626002094,22595.684229363393,16946.96663948983,1375.1561895143973
2025-10-29,2025-10-28,2025-09-03,2025-10-28,7850.943741012228,7129.289687302265,77065.89506061055,74328.77328799952,613.660287584414,3350.782060195456,293.4217179248516,50506.29082976551,1201.7519399608539,1021.7837719162887,50326.322661720944,1811.866738752697,52138.18940047364,21834.841422070043,18335.7102002157,1810.8069840700218
2025-10-30,2025-10-29,2025-09-04,2025-10-29,7129.289687302265,1203.6726405,62405.81925507567,63099.38212527334,1711.2570906687715,1017.6942204710967,246.03972840006685,42293.61952692937,387.2437250283475,2222.55022326528,44128.92602516629,954.2298872279019,45083.1559123942,15680.296093146939,18034.095177571056,911.4032880975286
2025-10-31,2025-10-30,2025-09-05,2025-10-30,1203.6726405,5730.186541234204,39576.34527598765,38799.62210976188,45.558096546326624,822.2812627721008,177.2235021883292,16251.498002760882,255.10578847248627,54.309262929013826,16050.70147721741,720.5112435067083,16771.21272072412,22169.75562793216,13883.639547964272,6786.437465315653
2025-11-01,2025-10-31,2025-09-06,2025-10-31,5730.186541234204,10278.743258447192,38671.619022586136,38821.03100492268,182.2530671602895,32.84108482374486,0.0,15333.008615261117,9.309657543053243,212.2677992275627,15535.966756945625,0.0,15535.966756945625,22010.808242584208,13735.053631001523,8001.237960006665
2025-11-02,2025-11-01,2025-09-07,2025-11-01,10278.743258447192,7277.942255021686,72185.57203061425,71852.41214895243,2300.8743591663024,2634.0342408281062,302.10660511213786,48448.46901223692,1008.1392484433597,2471.443253397322,49911.77301719088,1884.251154722133,51796.024171913006,19353.749468558144,18377.257972615058,2381.643324788146
2025-11-03,2025-11-02,2025-09-08,2025-11-02,7277.942255021686,7390.014693663891,80800.67101688948,75726.1396309758,183.59318267649383,5258.124568590178,0.0,53545.889328642625,2015.9994164929244,328.01110870179366,51857.901020851496,0.0,51857.901020851496,22834.54800722183,18395.118691071704,1781.7800314923386
2025-11-04,2025-11-03,2025-09-09,2025-11-03,7390.014693663891,7118.48341889448,74534.13220985906,72680.51412939235,509.02537061337847,2362.6434510800827,401.1608429871854,48835.86463580736,594.5149454228008,739.2785292500562,48980.628219634615,2477.703925913109,51458.33214554773,21114.2984054412,17346.95985569984,1734.264389304843
2025-11-05,2025-11-04,2025-09-10,2025-11-04,7118.48341889448,8064.269258544404,84159.89721678392,76559.71499299756,119.08291788956637,7719.265141675922,0.0,56224.95305759755,2942.5409515392153,202.66116530819107,53485.07327136652,0.0,53485.07327136652,24110.55319811854,18678.340834791088,1449.482563003431
2025-11-06,2025-11-05,2025-09-11,2025-11-05,8064.269258544404,1257.3728724619925,70280.89874990951,70278.99357667123,1051.836388972985,1053.7415622112721,191.12111786323783,48849.30396547382,378.21790011854085,1533.5826342984806,50004.66869965376,678.9375546480717,50683.60625430183,15263.764120978394,18489.855685466668,2326.6217090227346
2025-11-07,2025-11-06,2025-09-12,2025-11-06,1257.3728724619925,5887.393649271824,39774.552811914655,40263.99086406829,489.4380521536368,0.0,0.0,15919.26667107858,0.0,561.4708014476516,16480.737472526227,0.0,16480.737472526227,23296.616713203817,14703.240838566246,8352.15320609739
2025-11-08,2025-11-07,2025-09-13,2025-11-07,5887.393649271824,10274.779202613594,39962.87679879948,40075.63333562683,113.00403215719942,0.24749532984787947,0.0,16230.778747368877,0.03992099670446296,112.7938884981736,16343.532714870345,0.0,16343.532714870345,22213.80048564475,14044.53139536466,8115.157145346737
2025-11-09,2025-11-08,2025-09-14,2025-11-08,10274.779202613594,6468.818095381158,76126.12340550098,72912.0445980303,331.1282414301418,3545.2070489008074,0.0,52160.651012920476,1306.5449262240184,502.1676746725266,51356.27376136898,0.0,51356.27376136898,18754.101086500254,18616.1868765744,1427.3132047711292
2025-11-10,2025-11-09,2025-09-15,2025-11-09,6468.818095381158,8007.7891604999995,82921.05823459872,82206.07617968677,2167.033053708605,2882.015108620546,99.25277726179479,56188.09980169583,1241.1004138218527,2673.946344302532,57620.94573217651,565.3076018426746,58186.25333401919,24648.788538846955,18580.44475785908,2378.542075960697
2025-11-11,2025-11-10,2025-09-16,2025-11-10,8007.7891604999995,7273.041416881576,82498.5716035048,77127.92001848773,82.63870520573232,5453.290290222798,0.0,56257.747154981495,2305.1265701300717,148.61123586620465,54101.23182071762,0.0,54101.23182071762,21930.988627286704,18425.373757358808,2063.28548189317
2025-11-12,2025-11-11,2025-09-17,2025-11-11,7273.041416881576,6625.225705389935,79304.443017587,77128.54652337017,980.2432531259054,3156.139747342731,8.117044167563108,53126.5991050202,1103.307610617733,1140.1162541778117,53163.40774858028,41.766250764195966,53205.17399934447,21904.98939078971,18326.075546882137,2601.7619736301644
2025-11-13,2025-11-12,2025-09-18,2025-11-12,6625.225705389935,1500.216323029366,71732.468286981,71553.94340697289,2039.0790591024102,2217.6039391105164,36.72810872499201,50199.735755081536,769.0032601724589,2717.727416169162,52148.459911078244,239.1550799627855,52387.61499104103,16774.520061454856,18199.86969390295,620.1498314793207
2025-11-14,2025-11-13,2025-09-19,2025-11-13,1500.216323029366,5379.473909043865,39816.193861009895,39673.991349354095,0.0,142.20251165580203,0.0,16368.054358781364,49.09973166435805,0.0,16318.954627117006,0.0,16318.954627117006,21839.10108096492,14198.340048168542,4434.775016557716
2025-11-15,2025-11-14,2025-09-20,2025-11-14,5379.473909043865,10286.703842694153,45211.62321370984,42356.113327032,26.382284464112615,2881.8921711419543,0.0,18648.196637122855,515.9680376950417,32.05274773254398,18164.281347160355,0.0,18164.281347160355,23572.397788773418,14677.135268621209,5248.963890213119
2025-11-16,2025-11-15,2025-09-21,2025-11-15,10286.703842694153,8043.235675212549,77826.39212258984,78138.23566308653,1660.453203801031,1348.6096633043326,0.0,53523.809922677596,386.92779372815835,2433.979565552477,55570.86169450192,0.0,55570.86169450192,19820.680959232326,18073.872927711633,1956.8832482325047
2025-11-17,2025-11-16,2025-09-22,2025-11-16,8043.235675212549,7408.361320815024,76636.18894563489,79342.47156842588,3836.237931512386,1129.9553087213972,0.0,52216.193619748694,352.032776465305,4474.046789189868,56338.20763247326,0.0,56338.20763247326,21085.8286229314,17650.90810353221,3211.796715693352
2025-11-18,2025-11-17,2025-09-23,2025-11-17,7408.361320815024,6851.321575219676,80459.09546689998,79814.9782656794,27.24037182264385,671.3575730432127,0.0,55689.3580830005,317.7318399906128,41.11166639524887,55412.73790940513,0.0,55412.73790940513,22374.83287549442,18624.950400186295,1174.5439570379444
2025-11-19,2025-11-18,2025-09-24,2025-11-18,6851.321575219676,7118.936245701195,80920.2032083293,82775.31534082827,3727.050876035673,1871.938743536707,0.0,56162.61596350488,632.8825521588194,4664.809185144282,60194.54259649033,0.0,60194.54259649033,22621.702318232266,18082.725674334768,2868.0270969307667
2025-11-20,2025-11-19,2025-09-25,2025-11-19,7118.936245701195,1460.9467367959624,74000.56831186835,74865.26690568685,1234.15091378432,369.4523199658298,0.0,51847.02740732692,133.80637043026536,1650.8240747844147,53364.045111681065,0.0,53364.045111681065,16916.5693848683,18794.611759758034,1950.2332472432463
2025-11-21,2025-11-20,2025-09-26,2025-11-20,1460.9467367959624,6965.165249557344,42469.241384026434,43180.833096983275,711.5917129568484,0.0,0.0,17601.68095131082,0.0,494.20210508913215,18095.88305639995,0.0,18095.88305639995,23940.79929835225,14438.25077018008,4813.900502144447
2025-11-22,2025-11-21,2025-09-27,2025-11-21,6965.165249557344,10387.905727221229,45633.53979060157,41854.11553917503,53.113880025708625,3832.5381314522538,0.0,18925.79414130496,628.0847545617212,67.753003393201,18365.46239013644,0.0,18365.46239013644,22300.78885048764,14983.17253899749,4316.669744351547
2025-11-23,2025-11-22,2025-09-28,2025-11-22,10387.905727221229,7411.874533439655,77973.6684755153,78282.23953591769,2305.148742523092,1996.5776821207025,0.0,54389.855819192235,634.7327027291676,3138.522044257061,56893.64516072013,0.0,56893.64516072013,18564.894621485873,17715.992717806977,2201.241348905462
2025-11-24,2025-11-23,2025-09-29,2025-11-23,7411.874533439655,6387.466708228895,79277.76495087816,78836.82827472503,573.2185773509137,1014.155253504032,1.3027433546174052,54493.68294981178,344.2804072272681,745.0004810441212,54894.40302362865,6.882393142443751,54901.28541677109,21575.748606683526,18398.323414103343,1498.7621254994715
2025-11-25,2025-11-24,2025-09-30,2025-11-24,6387.466708228895,5930.438514350045,90674.54709474566,82179.23907981373,4.283926856109019,8499.59194178804,0.0,63886.60515443891,3561.1259763564212,6.556978445960465,60332.036156528455,0.0,60332.036156528455,21322.696017619593,17682.709148762846,2370.591744290325
2025-11-26,2025-11-25,2025-10-01,2025-11-25,5930.438514350045,8147.92136426903,88584.72971404865,86146.2297803559,778.7620209070515,3217.261954599801,15.604814999999917,61313.78643456189,1333.3632190880367,974.2560603900195,60954.67927586387,84.06313840499955,61038.74241426887,25001.205532229356,18255.241916178697,2658.2040959719066
2025-11-27,2025-11-26,2025-10-02,2025-11-26,8147.92136426903,1685.9708923148894,76394.68104989998,75076.30490829979,922.6813946262596,2241.0575362264563,0.0,55532.043425191805,772.3104309328925,1183.4957278687755,55943.228722127686,0.0,55943.228722127686,14427.420964190065,17501.96640575269,2369.9576165290723
2025-11-28,2025-11-27,2025-10-03,2025-11-27,1685.9708923148894,6361.880355080336,43058.93306751021,43375.10184248225,590.4867992366592,274.3180242646214,0.0,17607.60930714855,79.00931398341199,281.2513663280762,17809.851359493216,0.0,17809.851359493216,24132.798642162572,15339.248383662787,3660.3130339824606
2025-11-29,2025-11-28,2025-10-04,2025-11-28,6361.880355080336,10417.273218083688,53421.87161039771,45665.93767818506,0.0,7755.933932212645,0.0,22111.97746428904,1644.3560068367092,0.0,20467.621457452333,0.0,20467.621457452333,23084.18280114227,15048.334492222222,2700.6392692650143
2025-11-30,2025-11-29,2025-10-05,2025-11-29,10417.273218083688,8808.873650721362,85389.88748027052,84911.89384977605,1247.137150693698,1725.1307811881682,0.0,60692.116057143474,613.2125724088422,1796.4005438436504,61875.304028578284,0.0,61875.304028578284,20739.763906141867,18246.768374601008,2174.070201568532
2025-12-01,2025-11-30,2025-10-06,2025-11-30,8808.873650721362,8033.958759183228,88963.42568753182,90838.36588289992,2569.6967024005735,694.756507032474,767.7369048110762,67882.78535852612,278.65942129138955,4357.732964317899,71961.85890155264,5012.254768506359,76974.11367005899,21600.572643867294,18193.887243916826,1900.4896544271905
2025-12-02,2025-12-01,2025-10-07,2025-12-01,8033.958759183228,6226.806376946467,91232.10065209409,92710.2233598193,3530.7863714101204,2052.663663684887,483.1299081484095,71012.34232404936,901.4941868225684,6280.693336315662,76391.54147354246,3027.676685153602,79419.21815869605,21120.69438880742,18734.19959894709,2169.048528107391
2025-12-03,2025-12-02,2025-10-08,2025-12-02,6226.806376946467,7241.370344313192,84590.38188557388,94778.84250959901,10188.460624025129,0.0,68.30803545043068,63175.94237372226,0.0,15444.497029556436,78620.4394032787,467.25361536290296,79087.69301864158,24303.85740614544,18773.01692834775,2153.5615005850827
2025-12-04,2025-12-03,2025-10-09,2025-12-03,7241.370344313192,2161.8923133186227,85020.13221298534,86440.34202993609,4237.353511456135,2817.1436945053892,619.5410847178744,67328.03813602432,1414.1845558812379,7318.5346574264895,73232.38823756957,3972.0412017030594,77204.42943927263,16768.70773733669,18154.183495137833,1674.150122455107
2025-12-05,2025-12-04,2025-10-10,2025-12-04,2161.8923133186227,7685.833590371128,49728.53920341826,52491.637855321984,3504.428157472583,741.3295055688568,480.7344279285143,21580.528971193624,146.09171152558633,3947.620730046976,25382.057989715013,2344.085016784421,27726.143006499435,26139.756762357116,16201.65582816201,1722.6436657220647
2025-12-06,2025-12-05,2025-10-11,2025-12-05,7685.833590371128,10800.0,50242.24999667269,52338.09114224136,2695.7318534708565,599.8907079021797,0.0,22772.061210660773,153.48851841636514,3453.924466021148,26072.497158265556,0.0,26072.497158265556,23913.66800335932,16567.321314055065,1327.113636270446
2025-12-07,2025-12-06,2025-10-12,2025-12-06,10800.0,9821.785334124454,93350.90902166667,92451.30542257772,2294.035654891739,3193.639253980687,138.07956804353347,72331.95601485582,1398.4456051278282,3857.6185666817546,74791.12897640976,930.4651972880358,75721.59417369778,21876.365738291595,18600.249447304188,1660.5874496338406
2025-12-08,2025-12-07,2025-10-13,2025-12-07,9821.785334124454,8492.61888140727,95719.7273878384,93533.56151301632,718.8592444842609,2905.0251193063314,0.0,73436.87375485632,1135.9330241660398,1135.6136984167379,73436.55442910703,0.0,73436.55442910703,21606.942999306095,18697.8736368834,2777.281033926967
2025-12-09,2025-12-08,2025-10-14,2025-12-08,8492.61888140727,8226.121638144296,96200.96865541855,93249.03244203137,586.2353621346091,3538.171575521783,67.89246184183776,72412.91068440699,1588.997309630876,1011.3249061436361,71835.23828091976,501.99584255502236,72337.23412347477,23783.727661762572,19504.66692496436,1649.4099004083214
2025-12-10,2025-12-09,2025-10-15,2025-12-09,8226.121638144296,8390.890166128283,92628.29396761744,95057.440465941,2594.8141527429366,165.66765441938674,10.014505865066212,69630.29361115475,76.70298230636106,3765.6380191961553,73319.22864804455,73.5214948083836,73392.75014285294,24767.07022439278,19913.035206572567,1825.8014873191846
2025-12-11,2025-12-10,2025-10-16,2025-12-10,8390.890166128283,1913.3959434051303,88487.92957881492,84554.45583710878,340.560169313165,4274.033911019333,0.0,68649.29842756479,1903.601336498884,524.5223230693634,67270.21941413527,0.0,67270.21941413527,15497.777357616882,18382.94446012053,1478.3682396124127
2025-12-12,2025-12-11,2025-10-17,2025-12-11,1913.3959434051303,9282.120022073279,57111.29625378854,58099.70072741342,1891.7006705743709,903.2961969494859,0.0,25046.03748241761,233.42063557869017,1865.0857280700275,26677.702574908948,0.0,26677.702574908948,28542.716110371395,16487.748378599495,2330.319512308196
2025-12-13,2025-12-12,2025-10-18,2025-12-12,9282.120022073279,10709.022506346997,51816.14937158525,51158.81997348601,892.7298172738525,1550.0592153730859,0.0,23642.876209999275,443.1842701268455,958.8396149373909,24158.531554809822,0.0,24158.531554809822,22304.824352571897,16782.695489736885,1838.1577273176695
2025-12-14,2025-12-13,2025-10-19,2025-12-13,10709.022506346997,9927.745751180275,90696.99834992994,94476.24964672097,3779.2512967910384,0.0,282.06131976853374,68698.95772658882,0.0,5524.653799844008,74223.61152643283,1961.8775096500362,76185.48903608287,22784.887270854444,19158.907769042155,2353.6096646772235
2025-12-15,2025-12-14,2025-10-20,2025-12-14,9927.745751180275,9049.492719296275,92806.72292387378,95357.48153176132,2572.535159395485,21.776551507921567,0.0,70202.67094558629,9.476152659948806,3980.843441593927,74174.03823452027,0.0,74174.03823452027,21918.323944225456,18544.270123518218,2513.8697443874253
2025-12-16,2025-12-15,2025-10-21,2025-12-15,9049.492719296275,9022.639060764637,99316.10683069962,96020.3480353418,92.07119587132439,3387.829991229149,0.0,75903.23211133335,1678.048758503405,169.78037753671225,74394.96373036667,0.0,74394.96373036667,23007.382126300796,18660.14781498212,2255.0223906897804
2025-12-17,2025-12-16,2025-10-22,2025-12-16,9022.639060764637,7487.8607298669895,98127.84450970597,92869.54545374674,98.65557201734225,5356.954627976562,9.096534792847024,75135.10439410858,2663.4508182017953,179.35249882246438,72651.00607472926,65.57540155200175,72716.58147628125,22565.322442116623,19659.211675922343,1780.6841556786476
2025-12-18,2025-12-17,2025-10-23,2025-12-17,7487.8607298669895,2567.3921811040004,89541.5553151478,88791.7998510819,391.49716022635704,1141.2526242922422,0.0,69125.99166441661,467.8809796141007,564.1817768337984,69222.29246163632,0.0,69222.29246163632,18604.320673207192,19497.92143918451,2319.133650392559
2025-12-19,2025-12-18,2025-10-24,2025-12-18,2567.3921811040004,9012.00384214962,56502.8702390614,55788.18874639091,1094.3568835302858,1809.038376200774,0.0,25334.076826556233,512.9482215504929,810.3242077804798,25631.45281278622,0.0,25631.45281278622,27361.740969370614,16362.85969024914,1880.916167269436
2025-12-20,2025-12-19,2025-10-25,2025-12-19,9012.00384214962,10682.691503598648,54138.79788158272,50152.275633404286,13.520828463709165,4000.043076642145,0.0,24671.87116077116,1129.4868658512667,16.553672654658072,23558.93796757455,0.0,23558.93796757455,22597.501863952926,16800.357614497745,1498.7791339491014
2025-12-21,2025-12-20,2025-10-26,2025-12-20,10682.691503598648,9786.436421888218,97349.08929544594,95862.12380995536,641.6596965342237,2128.6251820248167,1.6724675383427439,74064.62686201488,1035.211822036544,995.4892829602186,74024.90432293856,11.759955495857003,74036.66427843441,23083.19909414058,19504.020839793262,3246.8361564797133
2025-12-22,2025-12-21,2025-10-27,2025-12-21,9786.436421888218,6625.216864591302,94305.52992179088,92355.59171467411,0.0,1949.9382071167638,0.0,73194.99929717736,1053.0511868045514,0.0,72141.94811037282,0.0,72141.94811037282,20053.490815726054,19088.42516230533,2453.0989779200445
2025-12-23,2025-12-22,2025-10-28,2025-12-22,6625.216864591302,9753.910594871644,103716.75941323189,97883.6887577881,0.0,5833.07065544379,0.0,77758.2110333163,2887.7281541788825,0.0,74870.48287913742,0.0,74870.48287913742,27393.20261874461,19372.669763930826,2605.063369640977
2025-12-24,2025-12-23,2025-10-29,2025-12-23,9753.910594871644,8876.864331346103,98059.85955403151,93988.13065133996,0.0,4071.728902691541,5.042047448335779,74469.12500546366,2008.4962863493438,0.0,72460.62871911432,38.84897558942718,72499.47769470373,22332.48326778471,18878.653084078607,2684.783198415529
2025-12-25,2025-12-24,2025-10-30,2025-12-24,8876.864331346103,2423.670288608058,88029.13851505441,88103.01544059656,910.8296757369087,836.9527501947551,0.0,68395.0430194892,477.9072855182308,1208.5377270916933,69125.67346106266,0.0,69125.67346106266,16639.5993021501,19285.95007320582,2936.9176783189378
2025-12-26,2025-12-25,2025-10-31,2025-12-25,2423.670288608058,10792.811077638913,60002.21908697183,57864.1740675523,142.97573632466748,2281.0207557442077,0.0,26711.99390512032,560.8699147116071,175.45267483081568,26326.57666523953,0.0,26326.57666523953,29117.97192376261,16053.330548119942,1791.9102585762985
2025-12-27,2025-12-26,2025-11-01,2025-12-26,10792.811077638913,10701.36055601627,52790.27608391972,49682.1667712832,0.0,3108.109312636525,0.0,23783.873228712713,863.7096560434345,0.0,22920.163572669277,0.0,22920.163572669277,20106.19463170676,16368.323121142857,2605.4861940526293
2025-12-28,2025-12-27,2025-11-02,2025-12-27,10701.36055601627,9233.502578174592,96578.76639409715,92872.01374917716,0.0,3706.7526449199904,0.0,72862.58382423095,1786.900019572829,0.0,71075.68380465813,0.0,71075.68380465813,21462.083112671316,18705.359501321283,3306.03538782712
2025-12-29,2025-12-28,2025-11-03,2025-12-28,9233.502578174592,7426.977764359996,95883.08072723399,94303.57994469325,254.59263566648178,1834.093418207211,0.0,72105.68703790367,837.2781843076915,258.62351756912165,71527.03237116509,0.0,71527.03237116509,21095.02102246793,18712.83936063216,4397.63201619082
2025-12-30,2025-12-29,2025-11-04,2025-12-29,7426.977764359996,9054.518118668324,100674.20208952457,95986.3547744175,0.0,4687.847315107052,0.0,74249.02563033446,2115.331509167796,0.0,72133.69412116669,0.0,72133.69412116669,24872.862152719506,18682.232024825298,3571.3220465232966
2025-12-31,2025-12-30,2025-11-05,2025-12-30,9054.518118668324,8666.322657552304,100499.26919881845,96693.93461189892,0.0,3805.334586919542,11.058087768935888,75964.9696418274,1827.417895382802,0.0,74137.5517464446,53.26127973907971,74190.81302618368,23667.17793786615,19519.790044675996,3911.181873144369
