date,train_end_date,residual_history_start_date,residual_history_end_date,soc_open_kwh,soc_close_kwh,original_purchase_kwh,effective_purchase_kwh,upward_adjustment_kwh,downward_adjustment_kwh,emergency_purchase_kwh,base_plan_cost_yuan,downward_credit_yuan,upward_adjustment_cost_yuan,normal_settlement_cost_yuan,emergency_cost_yuan,total_cost_yuan,charge_kwh,discharge_kwh,surplus_discard_kwh
2025-02-01,2025-01-31,2025-01-02,2025-01-31,6000.0,10800.0,53154.19805019205,48633.67057901097,0.0,4520.527471181071,0.0,22464.292196134997,1063.0970566652109,0.0,21401.195139469783,0.0,21401.195139469783,24151.815283401917,15242.970379555554,5346.6497418312765
2025-02-02,2025-02-01,2025-01-02,2025-02-01,10800.0,8839.230981746914,90953.16788781207,86228.11700339588,99.90427362222067,4824.955158038414,0.0,64809.59608868819,1911.2080893265058,160.06386442724522,63058.45186378893,0.0,63058.45186378893,18893.53011552126,17068.451510000003,6046.760447874615
2025-02-03,2025-02-02,2025-01-02,2025-02-02,8839.230981746914,8810.548093095063,95605.76950535939,89008.83978125514,0.0,6596.92972410425,0.0,69006.0907421405,2806.326526850863,0.0,66199.76421528963,0.0,66199.76421528963,22158.986195736623,17974.593418333334,4607.530503851849
2025-02-04,2025-02-03,2025-01-02,2025-02-03,8810.548093095063,7504.192218165434,96255.41529291357,89326.52975777045,78.88280407222186,7007.76833921536,0.0,70535.52422561863,2950.7897169980865,139.59363172483614,67724.32814034537,0.0,67724.32814034537,20214.977197814813,17549.851817666666,5466.540427622292
2025-02-05,2025-02-04,2025-01-02,2025-02-04,7504.192218165434,9583.1521470321,94744.26878766529,92107.58701194655,498.238714759999,3134.9204904787384,0.0,67314.98199225673,1367.6319366497937,745.5369207318261,66692.88697633875,0.0,66692.88697633875,23834.606843892994,17434.967607573333,4959.520792293557
2025-02-06,2025-02-05,2025-01-02,2025-02-05,9583.1521470321,3005.72678471605,91175.44456989574,82139.947835214,0.0,9035.496734681758,7.959461000000147,68395.63959101026,4005.6198572032304,0.0,64390.01973380703,57.58670033500106,64447.60643414203,15995.460873146769,18876.006133333332,4757.395339733884
2025-02-07,2025-02-06,2025-01-02,2025-02-06,3005.72678471605,7778.271062567901,53272.19884869506,48789.63267505994,0.0,4482.566173635115,0.0,21954.68734696784,945.788523526705,0.0,21008.898823441137,0.0,21008.898823441137,24022.25291434842,15162.735010555554,8124.435104600412
2025-02-08,2025-02-07,2025-01-02,2025-02-07,7778.271062567901,10800.0,42778.36952642112,43459.41805696295,681.0485305418365,0.0,0.0,17453.386315130687,0.0,554.9744069132564,18008.360722043944,0.0,18008.360722043944,23095.35764954733,15987.683652444448,4774.581343193405
2025-02-09,2025-02-08,2025-01-02,2025-02-08,10800.0,8483.463940171605,89967.52095623457,86226.33009387714,18.96169278777836,3760.152555145211,0.0,64559.33394467762,1545.1656750794032,28.767993282474755,63042.9362628807,0.0,63042.9362628807,19001.528404588476,17476.12046156222,5145.506184184216
2025-02-10,2025-02-09,2025-01-02,2025-02-09,8483.463940171605,8505.761400364197,88586.01824335803,82187.03586302663,19.55281970111082,6418.535200032515,0.0,60679.83468273615,2495.6877691451073,29.83536501485001,58213.982278605894,0.0,58213.982278605894,21149.36573158573,17110.918528411115,3821.9510765186737
2025-02-11,2025-02-10,2025-01-02,2025-02-10,8505.761400364197,7625.597847281479,88439.47365944034,81834.7250037284,0.09053722222211036,6604.839192934154,0.0,61612.29592468548,2708.7978754618894,0.14519001641648727,58903.64323924002,0.0,58903.64323924002,21096.123323735257,17880.007090000003,3398.0116366598086
2025-02-12,2025-02-11,2025-01-02,2025-02-11,7625.597847281479,9254.768395475308,91174.55317133554,84235.42226169907,0.0,6939.130909636489,0.0,62460.5303592819,2765.1237720359595,0.0,59695.40658724593,0.0,59695.40658724593,24170.601036124826,18111.933345886668,2910.0184381275694
2025-02-13,2025-02-12,2025-01-02,2025-02-12,9254.768395475308,2732.374438901232,76501.33606831687,72177.90436966703,211.43668911111058,4534.868387760962,2.767724999999814,53331.40769602284,1786.3194789644554,297.6813367946992,51842.76955385308,13.916121299999066,51856.68567515309,13909.788219702332,17137.083018875564,4078.4878771735794
2025-02-14,2025-02-13,2025-01-02,2025-02-13,2732.374438901232,6630.714541687653,44031.573888609055,44362.72922372016,703.7187545555541,372.5634194444445,0.0,17717.640552286714,51.488264567222224,778.9339588004473,18445.08624651994,0.0,18445.08624651994,22432.776384851848,14662.042779222225,6790.19380142387
2025-02-15,2025-02-14,2025-01-02,2025-02-14,6630.714541687653,10482.779751179012,44403.01514945405,43817.58094089849,43.05694199999988,628.4911505555556,0.0,18591.53196817602,199.88875544030557,65.17314025829982,18456.816352994014,0.0,18456.816352994014,22073.619603412895,14412.773190222222,6876.643427707821
2025-02-16,2025-02-15,2025-01-02,2025-02-15,10482.779751179012,7526.679073309878,85589.69499230315,77621.15695084678,98.45309525555456,8066.991136711933,0.0,60005.480055354885,3306.4870107861784,184.2894263541098,56883.28247092282,0.0,56883.28247092282,18328.374587648825,17506.474026077776,1421.8772892757252
2025-02-17,2025-02-16,2025-01-02,2025-02-16,7526.679073309878,8169.409115740744,89546.32048381207,77777.19018525453,0.0,11769.13029855755,0.0,60997.498089431174,4381.207110982579,0.0,56616.2909784486,0.0,56616.2909784486,20791.1479569465,16262.372806938889,2064.5518685802404
2025-02-18,2025-02-17,2025-01-02,2025-02-17,8169.409115740744,6861.100581518521,77716.94694720459,75982.83113613268,179.5256842668972,1913.6414953388148,0.0,52169.01046967509,641.3522125532763,213.2067619901552,51740.86501911197,0.0,51740.86501911197,18495.125974853217,16158.529720431106,1554.847098377229
2025-02-19,2025-02-18,2025-01-02,2025-02-18,6861.100581518521,8047.7325951642,81496.99038097804,80835.9215730906,179.95070410666767,841.0195119941229,0.0,53988.650084059744,322.9178682153856,263.90796087006544,53929.64017671443,0.0,53929.64017671443,23370.27953848422,17861.95761389111,2448.272265164146
2025-02-20,2025-02-19,2025-01-02,2025-02-19,8047.7325951642,2616.1168958654325,76681.77329974622,71815.0475361484,218.3100127777762,5085.035776375602,16.592149444444317,53389.40599438004,1917.6486521984139,353.18326928074714,51824.94061146237,93.09025445805484,51918.03086592043,14494.411254004102,16628.927245112223,2973.0219433676275
2025-02-21,2025-02-20,2025-01-02,2025-02-20,2616.1168958654325,5559.557408375314,38970.53042026612,39196.36675793279,225.83633766666952,0.0,0.0,16116.399118850488,0.0,280.6810556670876,16397.080174517578,0.0,16397.080174517578,20716.058968220852,14130.911302999997,7050.957059378599
2025-02-22,2025-02-21,2025-01-02,2025-02-21,5559.557408375314,10800.0,42222.391491469134,42018.284523835864,246.5384685944448,450.6454362277099,0.0,17526.714942398638,119.12824706810137,361.932905082354,17769.51960041289,0.0,17769.51960041289,23637.928284932776,14430.323578333333,4965.91693390309
2025-02-23,2025-02-22,2025-01-02,2025-02-22,10800.0,8151.278239874076,78499.22539831445,74115.1942099921,59.51544146777678,4443.54662979012,15.482654444444279,53112.37242447835,1722.7152198490712,111.85143865954853,51501.508643288835,80.04532347777692,51581.55396676661,18978.52051165158,17756.451198551113,1376.7538680027428
2025-02-24,2025-02-23,2025-01-02,2025-02-23,8151.278239874076,7657.001610475306,77422.17612616597,73868.87043623731,333.6579696406098,3886.9636595692696,52.39974177777788,51837.40639016892,1404.7479714875562,429.27166332931415,50861.93008201068,267.1130636242227,51129.0431456349,19452.5669104074,16201.428163888893,2467.0978148299173
2025-02-25,2025-02-24,2025-01-02,2025-02-24,7657.001610475306,7488.411811080247,80699.1551401262,72396.86727878737,35.20812648889023,8337.495987827728,39.90832344444459,52788.20451747249,3091.346015047364,61.44971686220238,49758.308219287326,202.4078852782785,49960.7161045656,20832.94777085186,17026.418513845554,2808.9231118921743
2025-02-26,2025-02-25,2025-01-02,2025-02-25,7488.411811080247,6990.159138981479,73259.67395252263,74690.75571076953,1446.4131703580224,15.331412111111263,25.217496666666534,47796.28482787951,4.266353492933378,1600.249174597173,49392.267648983754,129.2144529199993,49521.48210190375,21440.525085871053,17815.252724444443,2275.8528126762676
2025-02-27,2025-02-26,2025-01-02,2025-02-26,6990.159138981479,2496.8476314814857,70094.44281443759,68705.7870899705,213.13949658230257,1601.795221049385,20.962080555555644,46088.06408018113,466.88867201295386,320.9599276765157,45942.135335844694,103.9079909883338,46046.04332683303,17692.231780418377,18374.688098888888,2452.6212889965714
2025-02-28,2025-02-27,2025-01-03,2025-02-27,2496.8476314814857,4865.143099932103,36880.47857969135,36693.782532647456,0.0,186.69604704389525,0.0,14976.238147782275,66.78231896453997,0.0,14909.455828817734,0.0,14909.455828817734,19640.91674889574,13777.676645,7537.948878751714
2025-03-01,2025-02-28,2025-01-04,2025-02-28,4865.143099932103,10800.0,46650.00675943072,44369.87854971405,0.0,2280.128209716666,0.0,18447.06900009393,443.3958377518484,0.0,18003.67316234208,0.0,18003.67316234208,22830.85712729767,13151.623063049998,11031.878552133054
2025-03-02,2025-03-01,2025-01-05,2025-03-01,10800.0,7398.031155234567,80192.90859444445,76102.11549950823,997.5258065727015,5088.318901508916,0.0,54653.03885968072,2025.131874025248,1491.3067966577746,54119.21378231324,0.0,54119.21378231324,17162.280784074068,16963.21939538889,3544.7470441563805
2025-03-03,2025-03-02,2025-01-06,2025-03-02,7398.031155234567,5844.336563376539,84146.75097027434,77090.71451061728,738.0406266666664,7794.077086323736,0.0,56619.87841340783,3124.3864082700816,1066.4317713030832,54561.92377644083,0.0,54561.92377644083,20854.121823175574,18290.163809444446,2509.609863552814
2025-03-04,2025-03-03,2025-01-07,2025-03-03,5844.336563376539,7317.057085277778,78343.14785973937,76529.45311832058,791.0791074074084,2604.7738488261984,0.0,50933.17120352403,932.7452680407928,908.7319054053901,50909.15784088863,0.0,50909.15784088863,22807.133485967082,17148.32965392222,1671.1913529423825
2025-03-05,2025-03-04,2025-01-08,2025-03-04,7317.057085277778,7546.606107611113,80894.19121135803,72557.88442696708,201.06993766666812,8537.376722057614,0.0,51970.10237305049,3010.9942932815184,376.4172913148193,49335.5253710838,0.0,49335.5253710838,21380.563585308642,17111.662384,2158.5112089917693
2025-03-06,2025-03-05,2025-01-09,2025-03-05,7546.606107611113,2368.2088436913577,69718.64711098764,66707.3535354709,530.6953299222214,3541.988905438965,0.0,45845.97605449998,1173.5333731101357,804.5026870734247,45476.94536846327,0.0,45476.94536846327,15750.062156399166,17418.107884211113,2434.74512994952
2025-03-07,2025-03-06,2025-01-10,2025-03-06,2368.2088436913577,5136.794565944442,37803.13151532921,36445.621543765425,0.0,1357.509971563788,0.0,15552.661320866064,408.9034086923782,0.0,15143.757912173687,0.0,15143.757912173687,18617.15507685185,12588.168462222224,9494.349395802466
2025-03-08,2025-03-07,2025-01-11,2025-03-07,5136.794565944442,10593.322338919756,38651.62156731667,38639.912267368934,3.530605566665429,15.239905514404501,0.0,15348.402954719368,5.057518471632143,4.703507183784717,15348.04894343152,0.0,15348.04894343152,21784.71916189986,12734.747525461107,10526.801114263511
2025-03-09,2025-03-08,2025-01-12,2025-03-08,10593.322338919756,7380.337810783953,74696.28585894375,65784.9352150692,24.00568104999877,8935.356324924556,0.0,47956.44522189182,2810.2987654531794,36.387786930633084,45182.53424336927,0.0,45182.53424336927,17153.601472167342,16786.103267777777,2083.9119606796294
2025-03-10,2025-03-09,2025-01-13,2025-03-09,7380.337810783953,6574.8607711913555,74210.35165854596,73234.57840143217,954.595067810768,1930.3683249245541,0.0,48368.1044668909,746.3428055720325,1102.9453651982005,48724.70702651707,0.0,48724.70702651707,21114.927997009603,17828.02101321111,1905.5999676336733
2025-03-11,2025-03-10,2025-01-14,2025-03-10,6574.8607711913555,6899.519816308641,66826.14067246913,70565.83589565157,3818.174834950003,78.4796117675636,0.0,42229.86096084346,39.84218704571168,3798.057412335986,45988.07618613374,0.0,45988.07618613374,21297.69201103566,16958.937388333332,2288.1624729492514
2025-03-12,2025-03-11,2025-01-15,2025-03-11,6899.519816308641,6734.508550783949,76242.78004531263,67805.63563447187,34.39917555555587,8471.543586396292,0.0,48391.717587347914,2802.791682640832,68.02780957866729,45656.953714285744,0.0,45656.953714285744,20613.092300994504,16845.114902777776,1602.123552921818
2025-03-13,2025-03-12,2025-01-16,2025-03-12,6734.508550783949,2073.332694358025,71037.94030426611,69049.82088789054,575.5701201858058,2563.6895365613836,26.854227222219492,47050.410140324515,974.8387499458522,628.4164185502292,46703.98780892889,165.3938543710936,46869.38166329998,16252.743330068595,17359.78036813889,2638.094136516391
2025-03-14,2025-03-13,2025-01-17,2025-03-13,2073.332694358025,5473.7486681793935,35122.343056954734,35449.35395917695,327.01090222222115,0.0,0.0,13673.71652569354,0.0,337.56920005699806,14011.285725750538,0.0,14011.285725750538,19045.22387561042,12366.256962805215,12740.96106303841
2025-03-15,2025-03-14,2025-01-18,2025-03-14,5473.7486681793935,10155.105118104937,36763.34821460863,37188.88818349752,425.5399688888892,0.0,0.0,14571.121331191907,0.0,419.24837197566706,14990.369703167573,0.0,14990.369703167573,21984.49806644676,13594.222628888887,7874.487595939647
2025-03-16,2025-03-15,2025-01-19,2025-03-15,10155.105118104937,8501.641609117285,70035.29275655007,68009.81316897119,759.9194316666669,2785.399019245549,1.6400000000001,44808.409616940684,1069.0994868641958,602.2396897861669,44341.54981986266,8.081100000000493,44349.630919862655,19083.784111412897,16945.982288333333,2522.604412558297
2025-03-17,2025-03-16,2025-01-20,2025-03-16,8501.641609117285,6857.553534944444,65570.36717231262,61393.3777061454,600.6609220439012,4777.650388211115,0.0,39895.433084426055,1142.2546860018483,751.1533818103801,39504.331780234585,0.0,39504.331780234585,19314.879810589846,17124.731913333337,1345.0983755555571
2025-03-18,2025-03-17,2025-01-21,2025-03-17,6857.553534944444,6842.996546722225,76035.48725319616,67151.45909482538,0.0,8884.028158370787,0.0,47913.75894968814,3077.073422440138,0.0,44836.685527248,0.0,44836.685527248,20768.134276913584,16835.290053700002,2092.656504945128
2025-03-19,2025-03-18,2025-01-22,2025-03-18,6842.996546722225,7809.039475413579,63589.11028261316,67264.52500211247,3675.4147194993147,0.0,0.0,39070.127988498476,0.0,3252.7392964799214,42322.86728497839,0.0,42322.86728497839,22579.598635445807,17420.03625888889,2639.4921755555556
2025-03-20,2025-03-19,2025-01-23,2025-03-19,7809.039475413579,2387.340080543211,65047.95531842936,60894.02596099788,441.5407351611125,4595.4700925925845,0.0,42271.84579996858,1622.8471785758115,549.6104509830612,41198.609072375824,0.0,41198.609072375824,15907.969410850494,17764.984678172223,542.0794116529444
2025-03-21,2025-03-20,2025-01-24,2025-03-20,2387.340080543211,5876.8355301851825,33816.72379528888,33595.6233957111,92.42421819999993,313.5246177777789,0.0,13221.40950631282,98.10645574916714,83.01147866026338,13206.314529223917,0.0,13206.314529223917,19294.798749753085,12488.241082622226,14755.601211913581
2025-03-22,2025-03-21,2025-01-25,2025-03-21,5876.8355301851825,10783.358518518518,36070.413433388894,35722.93740283333,0.0,347.4760305555561,0.0,14350.613104772227,111.47228273850017,0.0,14239.140822033727,0.0,14239.140822033727,20493.129150891633,12183.56392272222,11532.172441330587
2025-03-23,2025-03-22,2025-01-26,2025-03-22,10783.358518518518,7535.019204518514,68446.0575208985,61480.734522677914,19.054829094443335,6984.377827315015,0.0,43004.91919339904,2327.3577998125047,35.490571929855435,40713.05196551639,0.0,40713.05196551639,17165.520574814815,16827.5770482,2373.070879396433
2025-03-24,2025-03-23,2025-01-27,2025-03-23,7535.019204518514,6933.02933388889,67140.4402942867,63401.92784723595,576.6302983333337,4315.142745384086,35.509001522220856,41286.93782417049,1230.3372215034717,754.9079814336671,40811.508584100695,178.34026791104304,40989.84885201173,20943.647461481487,17506.145327366667,2001.4376313100145
2025-03-25,2025-03-24,2025-01-28,2025-03-24,6933.02933388889,6558.867023703704,74721.416540679,65159.63392646775,0.0,9561.782614211246,0.0,46425.87524760321,3214.000875612612,0.0,43211.8743719906,0.0,43211.8743719906,21306.816246570655,17595.26723888889,497.9602021193302
2025-03-26,2025-03-25,2025-01-29,2025-03-25,6558.867023703704,7560.960120888888,65732.24691660493,61887.696543459526,831.3025924444449,4675.852965589852,0.0,39890.19782286236,1378.6069180627892,990.2965546497337,39501.8874594493,0.0,39501.8874594493,21986.059396460892,16906.824323666668,1215.9066039986344
2025-03-27,2025-03-26,2025-01-30,2025-03-26,7560.960120888888,2382.9164549629663,62834.78727177737,57747.69108579616,9.489512638887618,5096.585698620101,0.0,39594.48563532936,1668.6827630887628,14.034875954081361,37939.83774819468,0.0,37939.83774819468,15841.919786879283,17492.194326705554,680.9762256224304
2025-03-28,2025-03-27,2025-01-31,2025-03-27,2382.9164549629663,5847.724884987654,33640.51780037036,33555.33316561042,0.0,85.18463475994568,0.0,13172.523599976135,30.92426548045329,0.0,13141.599334495682,0.0,13141.599334495682,18644.89062801097,11984.033821666668,16072.595592599455
2025-03-29,2025-03-28,2025-02-01,2025-03-28,5847.724884987654,10522.681962037042,34100.747296288886,34573.81173073334,473.06443444444693,0.0,0.0,12976.593918953742,0.0,457.78329629958654,13434.37721525333,0.0,13434.37721525333,20664.5822403978,12530.850245377775,18732.870552379973
2025-03-30,2025-03-29,2025-02-02,2025-03-29,10522.681962037042,7536.88248211111,63868.69789832646,56260.13724072866,280.7835393111135,7889.344196908914,0.0,38284.402591866616,2155.3480486358512,537.1641861410911,36666.21872937186,0.0,36666.21872937186,18192.69463681755,17423.30218775555,145.12509166666746
2025-03-31,2025-03-30,2025-02-03,2025-03-30,7536.88248211111,7002.518044351855,57286.25697967764,60843.67337527881,3583.8362194283336,26.419823827159746,0.0,35421.12923690502,6.545511353178827,2700.787905278864,38115.371630830705,0.0,38115.371630830705,19757.12778407408,16484.201499083334,619.3576069547321
2025-04-01,2025-03-31,2025-02-04,2025-03-31,7002.518044351855,5960.723938407408,70321.96378812757,64373.85527768855,218.5677952499963,6166.676305689017,0.0,43959.72352727469,1916.4381564764512,285.7007446090195,42328.98611540726,0.0,42328.98611540726,18974.528409862825,16306.982707338895,1497.4580584979458
2025-04-02,2025-04-01,2025-02-05,2025-04-01,5960.723938407408,7205.837173888889,69428.84781732509,67533.14826636646,171.71363212777604,2067.413183086417,0.0,41829.79515722829,517.0373045122248,186.08476606563573,41498.842618781695,0.0,41498.842618781695,22234.487741872425,16889.333158983332,1752.6582834773692
2025-04-03,2025-04-02,2025-02-06,2025-04-02,7205.837173888889,2346.4525354259263,63796.48561532236,56319.372758950616,0.0,7477.112856371744,0.0,40453.08875302851,2226.1110739457863,0.0,38226.977679082716,0.0,38226.977679082716,15600.846953148146,17010.132206666665,1865.127745802468
2025-04-04,2025-04-03,2025-02-07,2025-04-03,2346.4525354259263,5397.836682222222,31329.078248374484,31310.036222818926,65.47124888888547,84.51327444444331,0.0,12054.350723589243,34.18411923697178,63.31767277957993,12083.48427713185,0.0,12083.48427713185,17582.09065419067,11495.247697777779,18792.391016406036
2025-04-05,2025-04-04,2025-02-08,2025-04-04,5397.836682222222,10464.914124981482,33692.710200999994,34018.85430299445,326.1441019944509,0.0,0.0,13063.915901619433,0.0,305.2243291029268,13369.140230722358,0.0,13369.140230722358,20979.375635240052,12432.924566061105,13428.288250482168
2025-04-06,2025-04-05,2025-02-09,2025-04-05,10464.914124981482,7467.1668565555565,62431.28624487654,57265.11384848423,700.9638572222224,5867.136253614533,0.0,37788.97287788657,1472.6289014296235,945.5140028459167,37261.85797930286,0.0,37261.85797930286,17527.646185288067,16895.365951666667,2222.757348196159
2025-04-07,2025-04-06,2025-02-10,2025-04-06,7467.1668565555565,6061.450248851851,55894.82755390947,56866.80867040946,1786.1179126934128,814.1367961934184,0.0,33627.05002870944,181.7614313996823,1918.5796556935072,35363.86825300327,0.0,35363.86825300327,18567.09251613168,16304.489885,1361.4867559444483
2025-04-08,2025-04-07,2025-02-11,2025-04-07,6061.450248851851,6438.94223835185,67471.37813262004,60294.120161762694,82.62760888888897,7259.885579746226,0.0,40265.40744974524,1943.0900631254149,126.44667672441702,38448.76406334424,0.0,38448.76406334424,21433.311431406033,17021.23946888889,1528.8545825788788
2025-04-09,2025-04-08,2025-02-12,2025-04-08,6438.94223835185,7398.290468703705,66437.94984926612,66414.96846493141,1557.5619522222178,1580.5433365569231,0.0,40048.416684557014,591.3506617549704,1376.907905344161,40833.97392814621,0.0,40833.97392814621,22294.90175937586,17195.45701777778,2181.2127066666617
2025-04-10,2025-04-09,2025-02-13,2025-04-09,7398.290468703705,2458.133929172841,57944.19779075445,55270.32535303285,1205.3498600012986,3879.222297722907,0.0,36216.57228815982,1234.2402870714886,822.5180458853082,35804.85004697364,0.0,35804.85004697364,15520.46834222908,17017.720242783333,2306.9393535870977
2025-04-11,2025-04-10,2025-02-14,2025-04-10,2458.133929172841,3926.3124708678397,28190.359316268856,28565.189277874415,374.8299616055551,0.0,29.715614444443972,11037.963128788255,0.0,373.55551056703064,11411.518639355285,91.98468451277631,11503.503323868063,15343.421028152194,11106.810345277776,19041.644042777778
2025-04-12,2025-04-11,2025-02-15,2025-04-11,3926.3124708678397,10667.010663074076,35557.80901844116,34929.66243788561,21.15992444444339,649.3065049999996,0.0,13647.2412264013,187.36091898786103,30.870213771998465,13490.750521185437,0.0,13490.750521185437,20695.767449369,10696.943261003278,15905.677699519885
2025-04-13,2025-04-12,2025-02-16,2025-04-12,10667.010663074076,7421.261155703705,57572.98470545556,55998.25964398772,161.29040266111042,1736.0154641289473,0.0,35149.30937496359,400.9378512345221,167.61252892433004,34915.984052653395,0.0,34915.984052653395,17601.213635425236,17178.157601327777,1298.8451265569277
2025-04-14,2025-04-13,2025-02-17,2025-04-13,7421.261155703705,5915.986458166666,62824.40107078188,54769.10605549568,453.23218037221875,8508.527195658426,59.26824126666702,37900.46909518021,2661.9008734244435,873.1557443151715,36111.72396607094,385.6880800428356,36497.41204611378,18335.196225679014,16206.256170583336,171.40244166666685
2025-04-15,2025-04-14,2025-02-18,2025-04-14,5915.986458166666,6648.353727179014,57040.74269089849,57369.661117884505,1338.457129180798,1009.5387021947865,0.0,33426.6839340708,198.0460800267807,1392.7879312398,34621.42578528382,0.0,34621.42578528382,20601.253279862827,16027.884614577779,2656.8636192661193
2025-04-16,2025-04-15,2025-02-19,2025-04-15,6648.353727179014,6670.090042999998,62837.60707472565,61209.068406687235,875.5238527160487,2504.06252075446,0.0,37336.24895468801,630.4575038023047,1127.05680242875,37832.848253314456,0.0,37832.848253314456,19956.72352306584,16145.383369444444,1618.1363030658408
2025-04-17,2025-04-16,2025-02-20,2025-04-16,6670.090042999998,2537.17174937037,51540.68019831961,53528.05463386832,3524.823703484231,1537.4492679355267,0.0,32157.43131906945,422.8509843016537,2388.6841696458464,34123.264504413644,0.0,34123.264504413644,15848.370290342937,16556.806399444442,1368.1483929698252
2025-04-18,2025-04-17,2025-02-21,2025-04-17,2537.17174937037,4102.895951962965,28235.59374983539,28134.41161255762,36.90182827778262,138.08396555555458,0.0,10962.259053967113,52.996859720221856,32.180845691662405,10941.443039938553,0.0,10941.443039938553,14983.217883539095,10727.254703333334,17524.331249018524
2025-04-19,2025-04-18,2025-02-22,2025-04-18,4102.895951962965,10524.710109296291,33790.360468152256,34322.78766337448,532.4271952222211,0.0,0.0,12510.6228774044,0.0,465.70503286744906,12976.327910271848,0.0,12976.327910271848,20775.068754375854,11048.172949444448,17811.21260844307
2025-04-20,2025-04-19,2025-02-23,2025-04-19,10524.710109296291,7004.204093777775,53697.44519479424,53646.05716244856,999.7772718792855,1051.1653042249657,0.0,32817.29227238819,243.28226919040702,993.4321082617088,33567.4421114595,0.0,33567.4421114595,16763.31206300412,16746.738185000002,1671.7384011111124
2025-04-21,2025-04-20,2025-02-24,2025-04-20,7004.204093777775,6590.278682074072,61545.7796583402,54090.158200246915,0.0,7455.621458093281,0.0,35807.85219173548,1824.0811050408647,0.0,33983.771086694614,0.0,33983.771086694614,19205.332784663922,15928.852426111112,2296.767458360772
2025-04-22,2025-04-21,2025-02-25,2025-04-21,6590.278682074072,7433.609656740741,55493.95851049383,57755.10243908093,2261.1439285871065,0.0,0.0,33179.29156255635,0.0,2165.3962468179298,35344.68780937428,0.0,35344.68780937428,20612.32922768176,15936.988797222222,926.8326919547313
2025-04-23,2025-04-22,2025-02-26,2025-04-22,7433.609656740741,6832.538002740739,51873.57319346365,55692.33788043704,3821.765944751164,3.0012577777778233,0.0,31535.527843457978,1.8981708698333577,3127.9676783460136,34661.59735093416,0.0,34661.59735093416,18785.166374039778,15756.949251572227,1264.204041302813
2025-04-24,2025-04-23,2025-02-27,2025-04-23,6832.538002740739,2454.1891781172867,49621.93711484911,49379.93032248245,887.2074987444447,1129.2142911111073,0.0,30652.744304506785,226.01887638341583,1129.946453969089,31556.671882092458,0.0,31556.671882092458,14252.671299979427,15485.177695144444,3522.3300176474645
2025-04-25,2025-04-24,2025-02-28,2025-04-24,2454.1891781172867,3804.1282659506173,27822.764003158092,27193.030518713647,0.0,629.7334844444474,0.0,10660.842594472022,202.97378075555685,0.0,10457.868813716465,0.0,10457.868813716465,15200.858398381344,11097.750123638893,21089.56459397119
2025-04-26,2025-04-25,2025-03-01,2025-04-25,3804.1282659506173,10496.882248197535,33607.5660812,33737.16459011666,129.59850891666406,0.0,0.0,12707.313396890546,0.0,118.03872276697261,12825.352119657518,0.0,12825.352119657518,20938.968194156376,10937.085653244441,23665.0884158714
2025-04-27,2025-04-26,2025-03-02,2025-04-26,10496.882248197535,6702.328546037039,49445.20981085939,50932.04564043547,1687.5548858243621,200.7190562482843,0.0,30216.89284094825,67.69691406400584,1668.698449642568,31817.894376526812,0.0,31817.894376526812,16225.274449389573,16557.57063595,2690.8706436625625
2025-04-28,2025-04-27,2025-03-03,2025-04-27,6702.328546037039,6876.450543333338,66011.18677026063,63667.811624269205,1050.2762008192722,3393.6513468106964,0.0,39471.15841034626,976.9823614698007,1084.048255106232,39578.224303982686,0.0,39578.224303982686,20441.155864314125,16400.62645252778,3005.3148958161864
2025-04-29,2025-04-28,2025-03-04,2025-04-28,6876.450543333338,8326.442259981484,56956.7350911111,57123.41548625514,953.70711,787.0267148559674,0.0,33353.1693288249,143.58500900933964,1260.6457761690003,34470.23009598456,0.0,34470.23009598456,19474.566096001367,14469.40599277778,4685.041666364879
2025-04-30,2025-04-29,2025-03-05,2025-04-29,8326.442259981484,8225.114196259261,52548.53789162551,52486.24677773661,0.0,62.29111388889123,0.0,31312.687599004894,38.44144770539033,0.0,31274.246151299503,0.0,31274.246151299503,18226.68312329903,14854.80858722222,857.5178083264724
2025-05-01,2025-04-30,2025-03-06,2025-04-30,8225.114196259261,1943.3199,48839.45298458162,48187.05486685947,1380.7652585055528,2033.1633762277118,1911.7140221111115,31141.530192394595,432.22361610493124,1805.7339383422313,32515.040514631895,9592.39924241033,42107.43975704223,12019.695042489711,15389.567851050002,2457.2628975308658
2025-05-02,2025-05-01,2025-03-07,2025-05-01,1943.3199,2917.5323754259257,29577.458661570643,29519.534363481755,197.9731474666669,255.89744555555617,1110.921576666664,12066.066955221959,85.56517796972247,319.5286600112004,12300.030437263438,5633.943563311617,17933.974000575054,14809.482804355284,11118.889843644449,12649.542896104249
2025-05-03,2025-05-02,2025-03-08,2025-05-02,2917.5323754259257,10027.235696444446,35242.29529024006,35256.365121906725,72.45496335390754,58.38513168724261,1411.2937349999984,13569.546690092833,18.206931070285947,98.25979855240172,13649.59955757495,6767.267014081781,20416.86657165673,20920.187145438955,10546.61859888889,17426.918660356652
2025-05-04,2025-05-03,2025-03-09,2025-05-03,10027.235696444446,7536.0697152777775,57722.77372856653,52290.841878633946,761.2750596833336,6193.206909615916,1392.9101975388903,35281.63804125002,1675.1301209956007,1486.4957769722973,35093.00369722672,8106.981033999206,43199.98473122592,15450.366586769538,14756.846318333333,1255.5644744032988
2025-05-05,2025-05-04,2025-03-10,2025-05-04,7536.0697152777775,4656.393480685185,59176.595334135796,56005.97814175802,580.182302066667,3750.7994944444445,1028.3321347555545,36721.79477523459,1266.445343724167,1139.7971415250706,36595.1465730355,6441.50095305086,43036.64752608635,16532.549624609048,15983.073807066668,1408.8276589711954
2025-05-06,2025-05-05,2025-03-11,2025-05-05,4656.393480685185,7549.307278407407,56586.67761389575,59906.304966888405,4231.191466634626,911.5641136419779,1180.7695972611104,34527.38328083665,203.3042940391644,4146.483219842211,38470.56220663969,6817.494599682674,45288.05680632237,22888.57353519204,15936.12214555555,1264.5408078463624
2025-05-07,2025-05-06,2025-03-12,2025-05-06,7549.307278407407,7480.79338737037,56895.89296238683,59112.882597266944,2216.989634880111,0.0,1072.3815524888862,35313.302695769045,0.0,1872.3047105552996,37185.60740632434,6876.8720783496365,44062.47948467398,20019.26906043895,16277.270440888888,1375.419580205764
2025-05-08,2025-05-07,2025-03-13,2025-05-07,7480.79338737037,1978.3620517037036,58472.01566406035,54034.210022679836,411.7100467333353,4849.515688113849,484.40547878333217,36316.15737352078,1199.1682107881195,704.869981420833,35821.859144153495,2452.64412981311,38274.503273966606,13300.38226296982,15725.497835105554,1117.2186735989076
2025-05-09,2025-05-08,2025-03-14,2025-05-08,1978.3620517037036,3020.842902925926,28590.191350983812,28910.931015350478,410.0161238111086,89.27645944444458,362.3510799999991,11544.124575666494,24.69417243588893,504.4548585982721,12023.885261828877,1682.1131027399956,13705.998364568874,14377.935953278462,10707.895356055556,17103.855648127574
2025-05-10,2025-05-09,2025-03-15,2025-05-09,3020.842902925926,9930.484691999998,35562.80042575556,36022.066811811106,459.26638605555263,0.0,313.87623333333465,14253.487176178194,0.0,398.17919793662134,14651.666374114815,1505.9226705508404,16157.589044665656,20988.62050688614,10782.10500041111,14008.382255336077
2025-05-11,2025-05-10,2025-03-16,2025-05-10,9930.484691999998,6343.087583185185,58709.52544847736,55568.91072852675,673.0566578888885,3813.6713778395,571.2382050000007,35879.33732937766,922.1082798377768,1003.1260348157151,35960.3550843556,3919.8906979550047,39880.24578231061,14866.280121755834,15270.344296555557,1060.1340249931443
2025-05-12,2025-05-11,2025-03-17,2025-05-11,6343.087583185185,6566.077371537037,55221.48273526749,57391.77025046824,3271.542805200748,1101.2552899999998,138.8091569166662,34100.11461641672,297.31759307216663,3341.1904415483036,37143.98746489286,847.6790562397467,37991.6665211326,17502.298048703706,13976.170609933333,2073.256735281201
2025-05-13,2025-05-12,2025-03-18,2025-05-12,6566.077371537037,6645.573135,64906.43403296982,59283.334984876536,1011.516875507546,6634.6159236008225,139.6947503833331,38795.38359669192,1808.0347729726548,1336.7195349761687,38324.068358695426,832.4175306775387,39156.48588937297,18583.543124910833,14981.12374406111,2691.3975877434837
2025-05-14,2025-05-13,2025-03-19,2025-05-13,6645.573135,8505.23837561111,64959.81700148292,61523.3657706284,1706.9307315117294,5143.381962366257,18.077617900000178,39007.208011771974,1486.4428248657866,1308.095188443753,38828.86037534995,118.53916141201796,38947.399536761965,20569.195914643344,14987.349974311115,2945.44866486283
2025-05-15,2025-05-14,2025-03-20,2025-05-14,8505.23837561111,3078.930672648149,54428.316262620036,52698.8817128395,1527.7282201714636,3257.1627699519904,0.0,35848.4341501958,1168.7804964727507,980.7258327587034,35660.379486481754,0.0,35660.379486481754,12853.184060493833,15294.756021666668,2375.3953906790066
2025-05-16,2025-05-15,2025-03-21,2025-05-15,3078.930672648149,3683.5352074814796,28863.475590172224,28108.15404717222,0.0,755.3215430000016,0.0,12190.798377405095,281.40735627851205,0.0,11909.391021126583,0.0,11909.391021126583,14060.082398847735,10844.522661716668,22177.08777670782
2025-05-17,2025-05-16,2025-03-22,2025-05-16,3683.5352074814796,10401.43301314815,35718.370517155556,35566.163885939444,78.65001656166689,230.85664777777757,0.0,14759.535195549273,71.33021156449995,119.95631964461836,14808.161303629393,0.0,14808.161303629393,20858.923325369684,10849.619868449443,15108.061345685872
2025-05-18,2025-05-17,2025-03-23,2025-05-17,10401.43301314815,5714.629393037037,60980.77268117764,54367.26206268759,50.35615230555396,6663.8667707956065,0.0,38076.81731904215,1881.9068894254265,86.9869439498848,36281.89737356661,0.0,36281.89737356661,13451.586414074072,15113.908253500002,2353.4158021135154
2025-05-19,2025-05-18,2025-03-24,2025-05-18,5714.629393037037,6863.342940746917,60915.683240843624,58457.988388075515,561.9113814500013,3019.606234218106,12.233166666666762,36648.74598086672,493.5842513538537,703.6663242088929,36858.82805372175,83.24669916666731,36942.074752888424,18602.582377496572,14034.249532833333,6386.6721600789415
2025-05-20,2025-05-19,2025-03-25,2025-05-19,6863.342940746917,5907.76509572222,58468.06891270918,58887.861140253764,1776.9419833539123,1357.149755809325,0.0,35769.88852777607,340.89643867849253,1616.7166804841181,37045.708769581695,0.0,37045.708769581695,17427.729881385458,14976.481264444446,1909.2177066460888
2025-05-21,2025-05-20,2025-03-26,2025-05-20,5907.76509572222,7647.607963555556,57433.36226697532,60106.53161961591,3434.9685576406055,761.7992049999991,0.0,35769.403611725116,134.78416136661093,2826.3106397796296,38460.930090138136,0.0,38460.930090138136,19188.514183052124,13976.837907222223,3532.2400604526792
2025-05-22,2025-05-21,2025-03-27,2025-05-21,7647.607963555556,2671.067678296297,52162.001011399174,50468.18903493142,0.0,1693.8119764677613,0.0,33873.37438695204,521.867931457393,0.0,33351.50645549466,0.0,33351.50645549466,12062.689460823043,14249.664719999999,1838.5334774417086
2025-05-23,2025-05-22,2025-03-28,2025-05-22,2671.067678296297,3942.8981657963,28441.68844897778,29268.53933008889,875.8030549999992,48.952173888889774,0.0,11924.919120145758,25.075751074583785,817.1423427964154,12716.985711867588,0.0,12716.985711867588,13755.432020980797,9997.252498244447,19089.410924019205
2025-05-24,2025-05-23,2025-03-29,2025-05-23,3942.8981657963,10800.0,36335.24686078333,35839.50674245,0.0,495.740118333332,0.0,15150.142682363548,184.94122832547168,0.0,14965.201454038077,0.0,14965.201454038077,21142.833243484223,10954.303276438892,21896.475392071334
2025-05-25,2025-05-24,2025-03-30,2025-05-24,10800.0,5154.170792944444,54361.615567791494,51763.17397405075,354.06777033333316,2952.5093640740743,0.0,34484.00266859665,626.0925771106425,453.0623116195661,34310.97240310558,0.0,34310.97240310558,10862.588104643351,13879.942651111112,6235.51833718518
2025-05-26,2025-05-25,2025-03-31,2025-05-25,5154.170792944444,5228.020566469138,58321.68008129629,61354.800598805974,3043.5700641763437,10.449546666666606,0.0,35971.90847392115,6.262577921583298,2484.3807803529585,38450.02667635252,0.0,38450.02667635252,18799.383852613162,15161.036124444445,3136.619920637254
2025-05-27,2025-05-26,2025-04-01,2025-05-26,5228.020566469138,6500.148159759257,56580.92410255144,57812.27508107043,2355.296782668509,1123.9458041495213,0.0,35227.353401888424,218.92213975717482,1509.9056960990877,36518.33695823033,0.0,36518.33695823033,18792.69650694787,14077.169336666668,3706.3806107892287
2025-05-28,2025-05-27,2025-04-02,2025-05-27,6500.148159759257,6080.976999388891,62886.02319799725,59021.014245400205,451.74751019444346,4316.756462791494,0.0,38627.2271150898,1091.7338693261122,619.7040230966418,38155.19726886033,0.0,38155.19726886033,17291.617029629626,14383.463838333333,3839.0369541039113
2025-05-29,2025-05-28,2025-04-03,2025-05-28,6080.976999388891,2592.8192799629664,57913.47520843621,57413.26008670782,1626.4841929698205,2126.6993146982136,17.817433333333497,36617.08647400371,479.8941080841264,1299.955060551464,37437.147426471034,119.80442173333444,37556.95184820437,14877.652371733046,15190.2403685871,3633.542016895207
2025-05-30,2025-05-29,2025-04-04,2025-05-29,2592.8192799629664,3707.5893458148175,28535.571906366662,28687.24579342222,151.67388705555587,0.0,0.0,12577.893507415096,0.0,151.6508140369501,12729.544321452046,0.0,12729.544321452046,13320.048399327843,9785.946144188893,18556.9102716166
2025-05-31,2025-05-30,2025-04-05,2025-05-30,3707.5893458148175,10704.021666666667,39075.62088043333,37517.66406598888,0.0,1557.9568144444452,0.0,15938.544261590823,455.7817016399729,0.0,15482.762559950852,0.0,15482.762559950852,20427.540733196158,10249.518905122222,18950.46068791495
2025-06-01,2025-05-31,2025-04-06,2025-05-31,10704.021666666667,3442.0410937222223,72762.47804046639,67309.5489265603,3284.8698496947263,8737.798963600822,1197.968766100002,51241.13326206643,3367.4798257126868,5373.186155500915,53246.83959185467,7299.372468191609,60546.21206004627,14468.263274732508,18255.075768183327,1069.5038861111093
2025-06-02,2025-06-01,2025-04-07,2025-06-01,3442.0410937222223,2472.592547537036,80593.86966812071,71007.30719149938,1464.4894947163966,11051.051971337723,1041.9194804666677,54458.46663537566,3934.012140678135,2987.519961968756,53511.974456666285,6185.574007474272,59697.54846414055,21527.024112160485,18309.39322241666,190.78833222222158
2025-06-03,2025-06-02,2025-04-08,2025-06-02,2472.592547537036,3646.0052130925924,76483.39974368998,73472.2387243546,1767.2509055000055,4778.411924835392,963.2373150000008,50487.36175665959,1336.824797341486,3295.3489273913046,52445.88588670941,5808.698650525839,58254.58453723525,21726.820574965706,16542.653266722216,1058.9418977777775
2025-06-04,2025-06-03,2025-04-09,2025-06-03,3646.0052130925924,3467.740163685185,85622.82742663924,73293.33992506881,211.80161104190944,12541.289112612341,772.8824716722182,58251.82801468982,4734.219958132748,432.078263574343,53949.68632013141,5000.309731546447,58949.99605167785,22242.19820255144,18176.61908853333,355.3824660562384
2025-06-05,2025-06-04,2025-04-10,2025-06-04,3467.740163685185,1200.0,71360.91193353821,71043.38776452505,2605.2624980444434,2922.786667057609,1803.030486383336,48318.48249632531,869.9539133197836,4453.126938623444,51901.65552162897,8010.247115281943,59911.90263691092,17972.77025966393,16598.910057644443,323.2400322222235
2025-06-06,2025-06-05,2025-04-11,2025-06-05,1200.0,1303.7087890925927,34785.17034547325,34846.012423045475,1681.8283447944468,1620.986267222224,1183.6045258499971,17222.820550118515,481.66710258994465,2634.4217391137418,19375.575186642316,5369.720972687627,24745.296159329944,14356.054540582987,11535.066267688888,2353.6332760013765
2025-06-07,2025-06-06,2025-04-12,2025-06-06,1303.7087890925927,9721.705681185183,49171.998435631,43467.79748161434,860.9113620944516,6565.112316111108,860.3730306499995,22569.312484742186,1352.4224592036103,1228.0077039899504,22444.897729528522,4178.172270219315,26623.06999974784,23305.919960390944,11301.597965033327,1197.3353502400535
2025-06-08,2025-06-07,2025-04-13,2025-06-07,9721.705681185183,3598.401270814816,68361.05984250124,62787.11930782571,1650.9031081137869,7224.843642789305,53.59899333333374,47009.65040144831,2164.4290517185455,1996.1063918149653,46841.32774154473,369.1954058566694,47210.5231474014,12515.91668203703,15648.866481783332,788.7448342386851
2025-06-09,2025-06-08,2025-04-14,2025-06-08,3598.401270814816,2876.381345148149,83183.05336152263,75527.4986506369,0.0,7655.554710885731,60.580788333333544,57778.40805702942,2819.563759662735,0.0,54958.84429736668,423.68851814416814,55382.532815510844,21077.493339067216,17722.58753774445,1300.4609043141322
2025-06-10,2025-06-09,2025-04-15,2025-06-09,2876.381345148149,3622.8855472962982,79148.46628363318,78466.00975170083,428.362488863236,1110.8190207956075,9.518935000000283,53955.46093713044,334.76631124173156,611.7435634021995,54232.43818929091,65.97235721416861,54298.410546505074,23199.561917942385,18119.7913716,1777.3139070251034
2025-06-11,2025-06-10,2025-04-16,2025-06-10,3622.8855472962982,2411.0675997777757,82123.65612542524,80376.13383797092,1062.71297388999,2810.235261344307,25.97968333333324,57790.08099413691,1376.3569859256595,1334.344232911651,57748.0682411229,180.30114189999938,57928.369383022895,22520.83874530864,19332.515536466664,1129.343995795609
2025-06-12,2025-06-11,2025-04-17,2025-06-11,2411.0675997777757,1861.2231918518526,80869.83714358025,77422.79925002695,246.203672205555,3693.2415657588417,0.0,56240.7936668648,1486.527790205128,518.1928574431688,55272.458734102845,0.0,55272.458734102845,21049.528317304528,17544.97790415,1465.8574035390955
2025-06-13,2025-06-12,2025-04-18,2025-06-12,1861.2231918518526,2535.4440194444446,36056.94215659808,35875.7662337203,212.473261566666,393.6491844444447,0.0,17987.682028677762,126.44648937413896,345.99331821367537,18207.228857517297,0.0,18207.228857517297,14141.803611714675,10848.062180655557,4236.711102661182
2025-06-14,2025-06-13,2025-04-19,2025-06-13,2535.4440194444446,10707.337587777776,45466.95040361111,43593.306647100006,399.1415329333341,2272.785289444444,0.0,22723.74035208197,565.3112979082775,698.0935580152814,22856.522612188975,0.0,22856.522612188975,21901.084069903973,10385.173885122222,5884.053712318248
2025-06-15,2025-06-14,2025-04-20,2025-06-14,10707.337587777776,4148.4980318827165,70061.43963831139,71543.30632999822,2412.750731673116,930.8840399862862,0.0,50040.65435997475,355.8760763952017,2368.6171269793294,52053.39541055888,0.0,52053.39541055888,14446.69632229766,17604.779621366662,4074.4152957338842
2025-06-16,2025-06-15,2025-04-21,2025-06-15,4148.4980318827165,4237.837993074076,80557.5345084705,79562.79521765385,1045.8601890555565,2040.5994798722154,0.0,56313.427121875546,943.2835884408826,1044.9827762993343,56415.126309734,0.0,56415.126309734,21583.18400811385,17401.9730815,2687.5314743733197
2025-06-17,2025-06-16,2025-04-22,2025-06-16,4237.837993074076,4431.050046537035,83125.64170638435,82217.24761584753,1175.2130004888904,2083.6070910257167,0.0,58160.90340656337,940.9978196126318,1370.279397522258,58590.184984473,0.0,58590.184984473,22469.73985813443,18026.59843697222,3137.0949780186534
2025-06-18,2025-06-17,2025-04-23,2025-06-17,4431.050046537035,3464.0671369382744,82106.30921467078,78495.27292858073,466.628913038891,4077.665199128943,0.0,57474.63347741107,1662.4804741273767,500.0872299898532,56312.24023327355,0.0,56312.24023327355,18546.91914677641,15893.289127527776,4913.252009332093
2025-06-19,2025-06-18,2025-04-24,2025-06-18,3464.0671369382744,2820.6359909876555,77891.49459543382,76007.22322561729,3113.795222441699,4998.066592258232,30.266366666666727,52960.258241706135,1692.8108558932006,3966.992397294034,55234.439783106965,206.15935655000044,55440.599139656966,20447.49207994512,17141.556616111113,4472.049928449931
2025-06-20,2025-06-19,2025-04-25,2025-06-19,2820.6359909876555,3000.495772425926,35540.632975333334,34809.83482255555,0.0,730.7981527777805,0.0,18761.37015045987,283.43748175911276,0.0,18477.932668700756,0.0,18477.932668700756,11789.061186783267,9387.265758000001,10007.458543772287
2025-06-21,2025-06-20,2025-04-26,2025-06-20,3000.495772425926,10800.0,44535.88531426112,44237.218019480584,13.88791111111101,312.55520589163643,0.0,21930.6202927519,99.04801439434428,17.137837643833294,21848.71011600139,0.0,21848.71011600139,20754.940638545955,9791.948112405555,13939.48509334019
2025-06-22,2025-06-21,2025-04-27,2025-06-21,10800.0,4059.8971743456786,69720.72105402606,68192.49980080246,2088.1090426268865,3616.3302958504773,0.0,49411.7846412817,1132.184868634131,2815.6468790345907,51095.24665168217,0.0,51095.24665168217,12982.023194403297,16581.531330555554,4334.666836954724
2025-06-23,2025-06-22,2025-04-28,2025-06-22,4059.8971743456786,3988.383066604939,77992.4714552937,74667.8743731884,0.0,3324.5970821052833,0.0,53809.04618156702,1049.8779658655835,0.0,52759.168215701444,0.0,52759.168215701444,18660.339182757194,15179.237434999997,4125.486625431215
2025-06-24,2025-06-23,2025-04-29,2025-06-23,3988.383066604939,4948.68856232716,90472.06737321673,85458.80119016461,0.0,5013.266183052126,0.0,64750.82892221221,2083.4933891005217,0.0,62667.33553311169,0.0,62667.33553311169,23092.35190608367,17840.530097777773,3938.1871318587114
2025-06-25,2025-06-24,2025-04-30,2025-06-24,4948.68856232716,4057.447850117286,79369.36402441014,78366.89151946153,2706.438708936904,3708.911213885528,0.0,54393.67653896546,1183.4075025689708,3399.2340964971418,56609.50313289363,0.0,56609.50313289363,17613.32995262688,15068.913902616669,5385.054102784646
2025-06-26,2025-06-25,2025-05-01,2025-06-25,4057.447850117286,3296.0495807407387,76209.32149252592,75241.03937264252,1075.3800863648771,2043.6622062482843,0.0,51982.684166002466,632.889508914515,1191.8896196923188,52541.684276780274,0.0,52541.684276780274,18132.96510543895,15372.960177844445,4933.650611714675
2025-06-27,2025-06-26,2025-05-02,2025-06-26,3296.0495807407387,3876.8507369999993,37169.04795032236,35295.543608655695,1.6648833333331368,1875.1692249999978,0.0,19121.746291940486,555.3870724156932,2.788762827499671,18569.14798235229,0.0,18569.14798235229,12084.519104348425,9265.739433888888,12705.118071529496
2025-06-28,2025-06-27,2025-05-03,2025-06-27,3876.8507369999993,10800.0,44577.288956144446,44205.33321630905,0.0,371.9557398353936,0.0,22345.127036858074,152.36478745913493,0.0,22192.76224939894,0.0,22192.76224939894,20393.976921810703,10288.286969966666,12322.71714779835
2025-06-29,2025-06-28,2025-05-04,2025-06-28,10800.0,4502.794658722221,68664.12054067058,70680.85716301098,3835.5491716460897,1818.8125493056957,0.0,48685.43845333959,611.5987489113669,4913.249599203266,52987.08930363149,0.0,52987.08930363149,12822.374040555558,16053.607779999998,4644.322369122081
2025-06-30,2025-06-29,2025-05-05,2025-06-29,4502.794658722221,3280.935795117285,80811.20557595309,77541.24825049192,187.85399840000161,3457.811323861181,0.0,55811.13403549355,1287.462122866782,308.39128193589306,54832.06319456267,0.0,54832.06319456267,17822.96524894376,15536.274828888889,5376.873847103703
2025-07-01,2025-06-30,2025-05-06,2025-06-30,3280.935795117285,1258.5709966666655,73235.51000866372,79797.78099931317,6674.827974538333,112.55698388888902,881.0471115166654,54222.4907579334,34.917285436222265,10659.585089950215,64847.1585624474,6303.619313257635,71150.77787570504,19067.546119835388,17264.840675672225,9.578633333333528
2025-07-02,2025-07-01,2025-05-07,2025-07-01,1258.5709966666655,1345.396562888889,71425.53322238683,75195.50781885267,3769.974596465839,0.0,1517.5507529333318,53299.44826516553,0.0,5980.882968646983,59280.33123381251,9570.81868392531,68851.14991773783,19568.76197934156,15772.554193666667,12.084419444444393
2025-07-03,2025-07-02,2025-05-08,2025-07-02,1345.396562888889,1200.0,79575.57665423182,81586.2219757465,4095.5509024063194,2084.9055808916337,1955.9716443611107,59530.86682943818,770.2534235101872,6875.629505282847,65636.24291121084,9860.959684441681,75497.20259565253,20327.61395927983,16596.22421361666,50.38494111111072
2025-07-04,2025-07-03,2025-05-09,2025-07-03,1200.0,1200.0,36001.498641097394,36775.8869964474,774.3883553499998,0.0,4262.416141977781,20697.67568083969,0.0,1273.286248345195,21970.961929184883,15061.39619501641,37032.35812420129,12612.874412764057,10216.428274338887,9760.989533333337
2025-07-05,2025-07-04,2025-05-10,2025-07-04,1200.0,8306.244770703703,45742.41791777778,47386.84200677222,1644.4240889944429,0.0,2157.3758063611103,24723.48032164339,0.0,2393.747612138627,27117.22793378202,9112.181047955233,36229.40898173726,20998.801549999996,10613.408961866668,10368.745258333332
2025-07-06,2025-07-05,2025-05-11,2025-07-05,8306.244770703703,1490.835787092593,67328.26065135117,75993.38984975056,8735.81633451049,70.68713611111139,1049.2794109111146,52652.82171571282,27.840040788055667,9853.660871025086,62478.64254594986,7984.757738206199,70463.40028415604,16278.397490178322,19319.370052294435,289.6602727777781
2025-07-07,2025-07-06,2025-05-12,2025-07-06,1490.835787092593,2892.284307537037,77647.11791065158,78349.35875259072,1613.8371371037724,911.596295164606,1112.7194615666674,57153.42435544385,279.8062387142719,1716.2132918144791,58589.83140854406,7272.641512903969,65862.47292144803,22448.00770185185,16921.5825701,526.1703157388883
2025-07-08,2025-07-07,2025-05-13,2025-07-07,2892.284307537037,2596.57975970988,84869.31927380658,80544.26550529493,811.142938978053,5136.196707489715,61.0385866666669,63155.163628753944,1480.4151390057775,1256.3713547525158,62931.11984450069,520.8990073866687,63452.01885188735,20809.11381037037,17121.51627944444,1346.3195443689963
2025-07-09,2025-07-08,2025-05-14,2025-07-08,2596.57975970988,2103.5000249259288,84606.97193361125,78272.53129735033,453.0894431111134,6787.530079372022,76.42593166666643,62438.84721197624,2235.2610671908087,811.026041841422,61014.61218662685,654.3710432008313,61668.98322982769,19892.9363692524,16557.0502204,954.346063497936
2025-07-10,2025-07-09,2025-05-15,2025-07-09,2103.5000249259288,1843.3169047222254,78332.72198775032,77295.59237179224,168.29475972777846,1205.4243756858718,49.65599999999995,59015.02125865058,369.49296324371466,309.9120377566503,58955.44033316351,423.7235694999996,59379.16390266351,21094.177786879285,17320.448815555552,717.8960171351808
2025-07-11,2025-07-10,2025-05-16,2025-07-10,1843.3169047222254,2696.432838820987,43855.76519414506,42505.35571321227,0.0,1350.4094809327835,164.03345687222216,25824.13782774091,458.82386357020084,0.0,25365.313964170706,534.0996869694859,25899.41365114019,14673.62036318244,11117.828153488892,6594.81981039095
2025-07-12,2025-07-11,2025-05-17,2025-07-11,2696.432838820987,9712.852776037034,50192.56359617222,51200.08305513265,1008.6811089055567,1.1616499451307618,0.0,27959.878303846046,0.7219654408987686,1050.4953145348795,29009.651652940025,0.0,29009.651652940025,23375.31656124143,12619.228471111113,9359.751631668998
2025-07-13,2025-07-12,2025-05-18,2025-07-12,9712.852776037034,3308.738177296301,77251.13301516062,67317.28783632038,7.671678272220106,9941.516857112481,66.01376333333349,58791.29380380159,3631.7922058399513,16.790618650494533,55176.292216612135,549.0519248833347,55725.34414149547,13481.72509076132,16683.90046238333,1317.7565712757155
2025-07-14,2025-07-13,2025-05-19,2025-07-13,3308.738177296301,2680.7915690185187,79709.93608675749,76241.35366372427,1002.7980600342931,4471.380483067488,32.12411333333307,58257.95533509624,1207.421262426602,1492.9346318140572,58543.4687044837,274.06264605416436,58817.53135053786,18575.15508408093,15611.027565555552,1501.6710418655662
2025-07-15,2025-07-14,2025-05-20,2025-07-14,2680.7915690185187,4205.505461808646,88438.91394953361,80862.29092179012,52.503540000000385,7629.126567743488,0.0,65393.05074726394,2679.865063246293,106.83005690008444,62820.01574091773,0.0,62820.01574091773,20129.07890076818,14932.31140611111,2916.4728437997182
2025-07-16,2025-07-15,2025-05-21,2025-07-15,4205.505461808646,3130.0459638888906,82377.6570661454,78536.47727174014,0.0,3841.1797944052705,0.0,62743.9321809808,1355.4654851511614,0.0,61388.46669582964,0.0,61388.46669582964,17505.318821989018,15147.221793938887,4043.816860356657
2025-07-17,2025-07-16,2025-05-22,2025-07-16,3130.0459638888906,3134.5816423642,81728.06753858738,81120.19435836289,2105.138201975308,2713.0113821997948,0.0,61214.4678009875,782.1493728811654,2745.179592997343,63177.498021103675,0.0,63177.498021103675,20012.3077240192,16205.887145827777,4593.3577135048
2025-07-18,2025-07-17,2025-05-23,2025-07-17,3134.5816423642,3375.864063296297,46120.20797507545,43136.646559156376,12.796779444443587,2996.3581953635135,0.0,27030.97242656941,903.6477304608059,23.05806486349834,26150.3827609721,0.0,26150.3827609721,13159.78499239369,10442.271665,9144.885131762687
2025-07-19,2025-07-18,2025-05-24,2025-07-18,3375.864063296297,9888.03093221605,54398.4153431225,51919.8244171417,43.14310777777689,2521.7340337585724,0.0,30856.588981631612,762.6196759767784,76.88312749266501,30170.8524331475,0.0,30170.8524331475,20758.56318668724,10953.48599918889,14931.92817964335
2025-07-20,2025-07-19,2025-05-25,2025-07-19,9888.03093221605,3840.9839575123465,80552.9794538998,74594.86986396654,495.8632507666683,6453.972840699935,0.0,60636.72256614058,1899.0862878167716,807.7968317250575,59545.43311004888,0.0,59545.43311004888,11866.932726090534,15054.557785366665,5692.516706575994
2025-07-21,2025-07-20,2025-05-26,2025-07-20,3840.9839575123465,4128.918822123457,88364.55443854182,84096.82082631688,155.55717277777796,4423.290785002739,0.0,66582.4800485766,1480.3326405085666,294.3920357569175,65396.53944382496,0.0,65396.53944382496,19678.87452858025,15680.746990000001,6108.943937736626
2025-07-22,2025-07-21,2025-05-27,2025-07-21,4128.918822123457,3772.822795111114,85715.76892537202,84847.35026778463,1793.6263621999997,2662.045019787381,0.0,64591.15116406451,775.8395946778005,1510.56074617587,65325.87231556258,0.0,65325.87231556258,17801.668881508907,14739.838218333332,7990.374987942393
2025-07-23,2025-07-22,2025-05-28,2025-07-22,3772.822795111114,3803.4254457345673,96175.59972567901,84403.4831544751,28.773417150000228,11800.889988353916,0.0,72233.93252161655,4383.148313812762,58.013512893117976,67908.7977206969,0.0,67908.7977206969,20083.068034300406,16239.742722222221,6343.61072573024
2025-07-24,2025-07-23,2025-05-29,2025-07-23,3803.4254457345673,4263.111343401234,95293.85055659122,84469.74055794925,0.0,10824.109998641976,0.0,72382.09134081157,3938.376510878794,0.0,68443.71482993278,0.0,68443.71482993278,18907.386907558295,14901.266087222222,6847.1477376131725
2025-07-25,2025-07-24,2025-05-30,2025-07-24,4263.111343401234,4106.586424290124,44437.25058593889,43773.55003594795,23.24764317777698,686.9481931687242,0.0,26477.639434727334,206.96803585242358,33.12186796789875,26303.79326684281,0.0,26303.79326684281,13454.49205579561,11039.010992394444,14852.74940588011
2025-07-26,2025-07-25,2025-05-31,2025-07-25,4106.586424290124,9984.9567473642,52634.62894124589,52460.512444853564,297.71174777777645,471.8282441700958,0.0,30043.280052021015,130.2716142220891,401.24669480833126,30314.255132607257,0.0,30314.255132607257,20869.062499814812,11613.407334083333,14735.765712455417
2025-07-27,2025-07-26,2025-06-01,2025-07-26,9984.9567473642,4120.254783567902,80586.55446484766,77118.31171965617,2072.8277881138574,5541.070533305345,0.0,61468.82391533966,1764.9353788153321,2754.509557756701,62458.39809428103,0.0,62458.39809428103,13527.905118230463,16235.834913183337,6141.05171460905
2025-07-28,2025-07-27,2025-06-02,2025-07-27,4120.254783567902,4596.729515777779,90890.47945783367,88581.31012439745,590.7615122222227,2899.930845658441,0.0,68282.07643909397,1085.0471002040479,1007.4049658012509,68204.43430469117,0.0,68204.43430469117,19445.684038429357,15322.176812138885,6502.925664773656
2025-07-29,2025-07-28,2025-06-03,2025-07-28,4596.729515777779,4136.931966759261,87612.9805357819,88122.4449303963,3158.604730677507,2649.1403360630984,0.0,65878.25326691923,729.8765875720968,3422.480456465141,68570.85713581227,0.0,68570.85713581227,17499.243160130318,14588.204753822221,9142.160574088202
2025-07-30,2025-07-29,2025-06-04,2025-07-29,4136.931966759261,4445.666127370371,81129.4427967284,86644.12881479526,7444.653304177981,1929.9672861111098,0.0,61958.06061717203,475.012820502583,8448.58427577352,69931.63207244297,0.0,69931.63207244297,18159.434041865563,14431.28082936111,8812.721552290808
2025-07-31,2025-07-30,2025-06-05,2025-07-30,4445.666127370371,4111.800548240742,84898.26038484911,85245.23140114541,1957.1875093347073,1610.2164930384097,0.0,63350.25719507957,433.3559123263427,2587.4568610505985,65504.35814380383,0.0,65504.35814380383,18779.96300261317,15512.249053333333,7282.521185198904
2025-08-01,2025-07-31,2025-06-06,2025-07-31,4111.800548240742,4288.675165253087,44590.46033978333,42985.72476141186,1.9561872222230932,1606.6917655936904,0.0,26431.590846714025,521.6072814463914,3.5729440165848976,25913.556509284215,0.0,25913.556509284215,13486.791421611799,10765.113896194445,19012.68756932784
2025-08-02,2025-08-01,2025-06-07,2025-08-01,4288.675165253087,10605.707514259262,54248.04534721872,52335.780944937374,27.97420832222076,1940.2386106035638,0.0,30204.597915801933,542.2944978334532,48.967191433860734,29711.270609402345,0.0,29711.270609402345,20497.34104622085,10917.517133333335,21828.93209871653
2025-08-03,2025-08-02,2025-06-08,2025-08-02,10605.707514259262,3215.868119240744,66825.32336310699,65214.68208231275,23.242224555553662,1633.883505349802,0.0,51344.316314534946,402.93836565898977,47.16543681039538,50988.54338568635,0.0,50988.54338568635,10223.218834067215,14931.662711111108,7083.6459760233065
2025-08-04,2025-08-03,2025-06-09,2025-08-03,3215.868119240744,3874.2908053888905,80303.9288029904,76642.81072665981,1283.9745275308676,4945.09260386146,0.0,59703.28350601187,1745.5829465337276,943.0779658347801,58900.77852531291,0.0,58900.77852531291,17629.595577201642,13687.391999999998,7284.952066124832
2025-08-05,2025-08-04,2025-06-10,2025-08-04,3874.2908053888905,3718.046023623458,77908.37144311385,77116.85857112792,1966.754931463992,2758.2678034499286,0.0,57685.39484238622,760.0149708729235,1449.742701017146,58375.12257253043,0.0,58375.12257253043,17181.093027119343,14057.305655555556,8840.761466230786
2025-08-06,2025-08-05,2025-06-11,2025-08-05,3718.046023623458,3758.789821074073,85820.76760130315,78750.81103466393,0.0,7069.956566639232,0.0,65293.402214210735,2659.112554914381,0.0,62634.28965929636,0.0,62634.28965929636,17476.842883998626,14119.573318333332,7279.142202331959
2025-08-07,2025-08-06,2025-06-12,2025-08-06,3758.789821074073,3623.19935899383,87154.19582687243,75450.57874034232,784.1355038888878,12487.752590418997,0.0,62427.69285056194,3312.6732009971556,1182.5104296506645,60297.53007921545,0.0,60297.53007921545,17638.865774567897,14409.51269327222,8833.24040904664
2025-08-08,2025-08-07,2025-06-13,2025-08-07,3623.19935899383,3900.845851574078,43594.74137023889,43323.77447433978,13.603275061112981,284.5701709602209,0.0,24833.21446952125,89.587679945149,25.07044088860043,24768.6972304647,0.0,24768.6972304647,13109.497899554186,10368.811455316667,24807.91678010226
2025-08-09,2025-08-08,2025-06-14,2025-08-08,3900.845851574078,9679.884821203705,50801.26457813443,50657.254958710415,1.816497544443564,145.82611696845237,0.0,28451.876207592926,54.37097347223546,3.386042247720025,28400.891276368406,0.0,28400.891276368406,20787.2974765432,11636.575883333333,22584.604365500545
2025-08-10,2025-08-09,2025-06-15,2025-08-09,9679.884821203705,4145.329045197531,74678.65132486729,68061.12273651338,0.0,6617.528588353909,0.0,57677.57838703085,2168.9207344768247,0.0,55508.65765255403,0.0,55508.65765255403,11123.08751386832,13990.80108463889,5624.217257283945
2025-08-11,2025-08-10,2025-06-16,2025-08-10,4145.329045197531,3841.497333685185,79069.33043993395,76937.96704801096,1090.9676301646068,3222.331022087588,0.0,56615.620780161706,716.4510442895645,1469.4792996106917,57368.64903548283,0.0,57368.64903548283,18088.72643919753,14925.31695611111,9213.304231591217
2025-08-12,2025-08-11,2025-06-17,2025-08-11,3841.497333685185,3356.6468025000013,84559.64332456715,78110.3694747668,396.51201611111003,6845.785865911452,0.0,61997.10099966895,1978.4744110202587,639.498461242998,60658.1250498917,0.0,60658.1250498917,16730.97441185185,13988.454751666668,7607.30616458162
2025-08-13,2025-08-12,2025-06-18,2025-08-12,3356.6468025000013,3631.400484388889,77438.24251545267,76412.62671555555,1614.4427084362205,2640.0585083333317,0.0,56477.969770720374,555.0427670409997,1692.6669324182944,57615.59393609767,0.0,57615.59393609767,17561.23492020576,13977.321971666664,6707.734317016464
2025-08-14,2025-08-13,2025-06-19,2025-08-13,3631.400484388889,3293.9586052407426,78615.58431101983,77716.24172973252,2978.1643161543843,3877.5068974417027,0.0,58288.25338901134,1219.685321215227,2332.9543569462126,59401.52242474232,0.0,59401.52242474232,18342.060820836763,15160.76695611111,8608.656881673518
2025-08-15,2025-08-14,2025-06-20,2025-08-14,3293.9586052407426,3326.3445012407424,44666.52052240267,42673.06671583889,0.0,1993.453806563784,0.0,25945.500675660733,660.6427812703811,0.0,25284.85789439035,0.0,25284.85789439035,12947.120930048011,10458.020646938889,23024.239549396432
2025-08-16,2025-08-15,2025-06-21,2025-08-15,3326.3445012407424,10207.44328362963,54225.599229418316,50543.484972106926,0.0,3682.1142573113866,0.0,30546.445029246133,1143.4640817812083,0.0,29402.980947464926,0.0,29402.980947464926,21390.66660938271,11133.451049450001,23356.989045507547
2025-08-17,2025-08-16,2025-06-22,2025-08-16,10207.44328362963,3475.1037557222226,75306.06906048037,68725.34344236707,494.74596611111144,7075.471584224415,0.0,55552.60725527773,1787.7612820774095,813.8477990016675,54578.69377220198,0.0,54578.69377220198,11308.545177139917,15219.027168599998,9470.431817160492
2025-08-18,2025-08-17,2025-06-23,2025-08-17,3475.1037557222226,3421.8575190000015,79858.38253764747,76164.29194620714,0.0,3694.0905914403284,0.0,58871.62898447539,1191.9262171193625,0.0,57679.70276735603,0.0,57679.70276735603,18161.279039444446,14758.557634999997,8367.454925096023
2025-08-19,2025-08-18,2025-06-24,2025-08-18,3421.8575190000015,3242.9610600370397,78411.18967840879,74968.80821179698,3.4483200000000807,3445.8297866118055,4.538833333333173,57856.34618602903,933.3106184198606,7.142941327000157,56930.17850893617,39.038505499998614,56969.21701443617,17215.20581514403,14105.323523333333,7545.804703319611
2025-08-20,2025-08-19,2025-06-25,2025-08-19,3242.9610600370397,3102.6672681296295,87665.55358696321,79838.88262460903,755.0859610888908,8581.756923443081,0.0,63797.362380992985,2526.2683225508895,1031.2970867963925,62302.391145238485,0.0,62302.391145238485,19079.71006111796,15580.829562222221,5689.311059046636
2025-08-21,2025-08-20,2025-06-26,2025-08-20,3102.6672681296295,3352.906430777779,83364.73294425604,75697.18333442078,20.754005305554074,7688.303615140818,0.0,60374.87367226066,2167.7429237416936,40.23204280682111,58247.362791325795,0.0,58247.362791325795,17743.5121142524,14147.02956616111,6256.282302996153
2025-08-22,2025-08-21,2025-06-27,2025-08-21,3352.906430777779,2987.371210679012,43896.19871983086,42346.451596298626,4.12580333333392,1553.8729268655684,0.0,25623.42276071239,489.64224768879956,7.573575574334431,25141.35408859793,0.0,25141.35408859793,13015.282598149839,10871.360602590263,18971.96020073905
2025-08-23,2025-08-22,2025-06-28,2025-08-22,2987.371210679012,10744.441031481481,51746.61337316666,52496.44609538889,749.8327222222222,0.0,0.0,27927.3936330938,0.0,897.1582798550835,28824.55191294889,0.0,28824.55191294889,20840.587155692727,9899.51275738889,19025.36554708505
2025-08-24,2025-08-23,2025-06-29,2025-08-23,10744.441031481481,3637.166660925927,70176.2214148448,66995.87631179548,176.8411842277787,3357.186287277095,0.0,54541.974349066244,881.2992693097754,189.6240588924669,53850.299138648945,0.0,53850.299138648945,11796.821844101505,15951.972627222221,7417.43761158286
2025-08-25,2025-08-24,2025-06-30,2025-08-24,3637.166660925927,3445.362162111112,99767.97909441017,81358.41841711826,9.236129633333121,18418.79680692524,0.0,72900.2958775216,6456.40537683299,19.393017961532873,66463.28351865015,0.0,66463.28351865015,19160.937994252403,15692.983824277777,7117.377230476958
2025-08-26,2025-08-25,2025-07-01,2025-08-25,3445.362162111112,3729.5873112407417,78156.1384756653,76772.466173107,1432.2526612619988,2815.9249638203028,0.0,58035.428627257745,882.0976705246807,916.7381059982939,58070.06906273135,0.0,58070.06906273135,18749.195708909465,14931.045890000001,7425.497970864193
2025-08-27,2025-08-26,2025-07-02,2025-08-26,3729.5873112407417,3761.774967611113,79266.40689587776,81129.23721137785,3351.25408272229,1488.4237672222216,0.0,58271.669224999176,274.93320995349984,3309.320290856646,61306.056305902326,0.0,61306.056305902326,18430.189301316866,14899.484443333331,9684.383486727642
2025-08-28,2025-08-27,2025-07-03,2025-08-27,3761.774967611113,3146.4462614629647,77224.17222831276,80159.36788655007,3722.973586488342,787.7779282510262,0.0,56540.041695550586,223.24879161900446,4274.811419758272,60591.60432368984,0.0,60591.60432368984,18677.764008943752,15682.78468277778,6396.5935770507585
2025-08-29,2025-08-28,2025-07-04,2025-08-28,3146.4462614629647,2981.3833737407394,45163.84751749657,43884.934764163234,0.0,1278.912753333333,0.0,25874.293998415196,422.4529698170278,0.0,25451.84102859817,0.0,25451.84102859817,13577.421342860078,11146.267886666667,18898.560957969825
2025-08-30,2025-08-29,2025-07-05,2025-08-29,2981.3833737407394,10397.068985351852,53028.99466018519,51491.56569242799,0.0,1537.4289677572042,0.0,29359.79777779539,460.06685859328974,0.0,28899.7309192021,0.0,28899.7309192021,21553.53123306584,10784.243248333332,22209.557874362145
2025-08-31,2025-08-30,2025-07-06,2025-08-30,10397.068985351852,3125.0037843148148,68010.57039552127,66768.75077663691,1490.5294843186575,2732.349103203021,0.0,51694.78258851287,965.468703724088,1162.5820599275553,51891.895944716336,0.0,51891.895944716336,12943.921650521257,17029.435217855553,4207.6412606378635
2025-09-01,2025-08-31,2025-07-07,2025-08-31,3125.0037843148148,6610.323624814812,85511.67089341558,74518.08864951867,131.85916123333368,11125.441405130241,0.0,54761.393914874185,2977.97545763337,165.4987635383082,51948.91722077913,0.0,51948.91722077913,19478.195082037026,12640.55016,14106.3091941483
2025-09-02,2025-09-01,2025-07-08,2025-09-01,6610.323624814812,6434.066625000004,71335.47346705763,71839.82593502352,2299.650491299243,1795.2980233333333,0.0,46992.46324120562,318.0678426253054,1939.9226571051515,48614.31805568547,0.0,48614.31805568547,16932.34715315501,13873.832493888889,14723.555425757406
2025-09-03,2025-09-02,2025-07-09,2025-09-02,6434.066625000004,6713.07899951852,76589.2079903635,70985.50288960288,379.47724394444515,5983.182344705072,0.0,51597.32429529824,1437.9065253663225,521.3613677420761,50680.77913767399,0.0,50680.77913767399,15878.451436707817,12610.434526666668,12169.768729561729
2025-09-04,2025-09-03,2025-07-10,2025-09-03,6713.07899951852,6171.382503333335,73532.31154209876,68521.87941251714,0.0,5010.432129581617,0.0,50025.81102998321,1365.7352643273998,0.0,48660.07576565581,0.0,48660.07576565581,16598.638607119334,13932.424118333332,11930.099373731147
2025-09-05,2025-09-04,2025-07-11,2025-09-04,6171.382503333335,5943.0863046851855,38690.48500755556,37368.681211999996,0.0,1321.8037955555558,0.0,19861.449943199266,443.90573479,0.0,19417.544208409265,0.0,19417.544208409265,13645.30957351852,11258.167333333333,28157.27730514814
2025-09-06,2025-09-05,2025-07-12,2025-09-05,5943.0863046851855,10800.0,47604.193857449995,46820.46807800555,0.7936816666665436,784.519461111112,0.0,22947.843491206364,257.2780444657225,1.3963638402497836,22691.96181058089,0.0,22691.96181058089,18116.61717489712,10303.237585883335,31286.00478899177
2025-09-07,2025-09-06,2025-07-13,2025-09-06,10800.0,6065.485161092597,64519.220426385466,65505.76648675947,2661.160224050276,1674.6141636762713,0.0,44283.15000340417,379.6218776643284,2145.6611201945084,46049.18924593435,0.0,46049.18924593435,13270.244222201643,15009.961174999997,12284.49982289116
2025-09-08,2025-09-07,2025-07-14,2025-09-07,6065.485161092597,5183.687445018517,73765.31836649074,69980.13335811385,1532.6621442455416,5317.847152622431,0.0,48646.8696864853,1316.815779579637,1796.2041511473044,49126.25805805297,0.0,49126.25805805297,17104.895611769538,14648.58339,8128.251603010971
2025-09-09,2025-09-08,2025-07-15,2025-09-08,5183.687445018517,5035.491318462963,63288.573328792874,64764.49179058374,2124.708052943136,648.7895911522623,0.0,42718.2872059285,96.68566280302397,2215.4509432909867,44837.05248641646,0.0,44837.05248641646,17705.159386131687,14474.555616666667,8431.053754452054
2025-09-10,2025-09-09,2025-07-16,2025-09-09,5035.491318462963,4925.112082777779,76241.29414228394,72496.16313305288,1021.2824212353232,4766.413430466391,0.0,50285.784851613214,1425.3535455464914,1133.8068322001059,49994.23813826683,0.0,49994.23813826683,20013.229173655687,16310.056942777777,7476.992252174967
2025-09-11,2025-09-10,2025-07-17,2025-09-10,4925.112082777779,4344.635933185187,74385.14267751871,63646.38408683127,0.0,10738.758590687445,0.0,48634.170845616,2732.8329313695704,0.0,45901.337914246425,0.0,45901.337914246425,18152.616988106998,15226.048295,7223.729610390941
2025-09-12,2025-09-11,2025-07-18,2025-09-11,4344.635933185187,4678.825917685184,36078.983875688886,36094.74414938333,27.114325916667177,11.354052222223174,0.0,17932.929991974586,6.66454563977835,22.158724213125442,17948.424170547933,0.0,17948.424170547933,13381.12680977366,10537.941729866667,21699.90286947634
2025-09-13,2025-09-12,2025-07-19,2025-09-12,4678.825917685184,10800.0,44646.88584741666,44557.9507764633,0.0,88.93507095335957,0.0,20731.209461163497,33.596543992355656,0.0,20697.61291717114,0.0,20697.61291717114,19606.93222770919,10372.55843036111,27316.47549578189
2025-09-14,2025-09-13,2025-07-20,2025-09-13,10800.0,4504.799087111112,72551.83174421125,63524.3978196022,0.6832805555554842,9028.11720516461,0.0,49551.346326990446,2835.1298817168827,1.3114886983331964,46717.52793397189,0.0,46717.52793397189,12092.298227105628,15460.442385555554,6793.21722805212
2025-09-15,2025-09-14,2025-07-21,2025-09-14,4504.799087111112,3496.3807947962987,61289.45956344307,61707.951855080035,418.49229163696344,0.0,114.9690111111104,41363.60603306331,0.0,485.03920458827264,41848.64523765159,612.750066152774,42461.39530380436,19772.805984135797,16923.549310233335,3906.633558955351
2025-09-16,2025-09-15,2025-07-22,2025-09-15,3496.3807947962987,2454.4540017037043,75576.03311470973,66889.42291768745,66.71098579444708,8753.321182816733,0.0,49628.07691159137,2656.0358861748477,102.47730566434421,47074.518331080864,0.0,47074.518331080864,18822.05981906035,16183.60256722222,4759.1956825159905
2025-09-17,2025-09-16,2025-07-23,2025-09-16,2454.4540017037043,3339.5044839814846,73023.0229633539,68513.96750886146,77.1663765294897,4586.221831021949,7.62916666666672,48000.91455094696,1560.0112638573996,78.77539936636141,46519.67868645592,38.19542291666694,46557.874109372584,21022.614908292177,16231.772641666666,3770.636008902605
2025-09-18,2025-09-17,2025-07-24,2025-09-17,3339.5044839814846,2450.1566482037065,63106.64411116598,67329.61123174848,4727.397060849992,504.4299402674915,0.0,41802.01282420452,116.7902543011825,3584.559482534231,45269.78205243756,0.0,45269.78205243756,18949.215633312753,16149.277715183336,5573.622196952396
2025-09-19,2025-09-18,2025-07-25,2025-09-18,2450.1566482037065,3475.805489925927,34834.16643451303,34262.307686179694,0.0,571.8587483333331,0.0,16794.42893973455,201.03812898747202,0.0,16593.390810747078,0.0,16593.390810747078,14535.329917414265,10850.533275555557,14476.15872765432
2025-09-20,2025-09-19,2025-07-26,2025-09-19,3475.805489925927,10800.0,43885.62804124829,43069.66451680384,0.0,815.9635244444438,0.0,19525.095591847723,282.9314203924166,0.0,19242.164171455308,0.0,19242.164171455308,22235.443633278453,11418.934283888884,16607.721434080944
2025-09-21,2025-09-20,2025-07-27,2025-09-20,10800.0,3356.732204703704,63528.807834801104,60058.08101965583,0.0,3470.7268151452668,0.0,43623.80462903691,922.1677105120342,0.0,42701.63691852487,0.0,42701.63691852487,11215.668177379976,15783.632239444447,6338.557598386969
2025-09-22,2025-09-21,2025-07-28,2025-09-21,3356.732204703704,3238.548635697534,74207.43845921126,65943.65169828567,109.21301169444547,8372.999772620029,19.555900000000065,48685.1573271105,2676.4580017884564,220.29637543929783,46228.99570076134,128.01369518333377,46357.00939594468,21291.9716667764,17352.86226219444,1410.0783103703752
2025-09-23,2025-09-22,2025-07-29,2025-09-22,3238.548635697534,2564.7760685740755,71988.76272971193,67610.84227145405,5.835280000000466,4383.755738257889,16.609366666666915,47280.341064009146,1327.719717385226,12.053822987500965,45964.67516961142,110.35257885000166,46075.02774846142,20915.733424732505,17548.13938444444,2143.2420144993107
2025-09-24,2025-09-23,2025-07-30,2025-09-23,2564.7760685740755,2799.505686055557,62427.29102417696,66429.77037351365,4008.79695711447,6.3176077777781074,0.0,41326.5871082942,4.236221776833554,3422.0515065639565,44744.40239308133,0.0,44744.40239308133,20985.247463182437,16786.793789444444,1168.0915997756529
2025-09-25,2025-09-24,2025-07-31,2025-09-24,2799.505686055557,1729.1358344320984,67428.71425771606,67319.22416154444,2126.6527310506103,2236.142827222222,15.37166666666667,44268.71973425451,498.0685954444166,1700.437576485303,45471.088715295395,106.25664583333337,45577.345361128726,18807.702377633737,16197.571792344444,4389.016342921812
2025-09-26,2025-09-25,2025-08-01,2025-09-25,1729.1358344320984,3086.9475748518553,35355.34858772291,34076.91073327846,0.0,1278.4378544444428,0.0,16095.043797713246,425.8282569357492,0.0,15669.215540777499,0.0,15669.215540777499,15862.320585377225,11626.449107777777,12146.795755679019
2025-09-27,2025-09-26,2025-08-02,2025-09-26,3086.9475748518553,10387.782466314819,41851.33581469135,42278.90765030247,427.571835611119,0.0,0.0,18648.625364351232,0.0,437.6809191413853,19086.30628349262,0.0,19086.30628349262,23306.928256975298,12307.86048583333,13478.5376291605
2025-09-28,2025-09-27,2025-08-03,2025-09-27,10387.782466314819,4170.702758666667,62250.24381353223,63666.00912074321,2721.73884405597,1305.9735368449897,5.868333333333453,42442.92339731275,351.46470818785656,2678.119976512016,44769.5786656369,40.07191416666748,44809.65057980357,14201.428536570638,17098.52885150555,3081.3486023447886
2025-09-29,2025-09-28,2025-08-04,2025-09-28,4170.702758666667,3670.353852379962,71670.80922187242,66420.08190100576,1.9167710949245702,5252.644091961589,386.531274222221,47137.396430719324,1509.1684812725352,3.812844398846421,45632.040793845634,1936.9336702754385,47568.97446412107,21470.2962193048,17841.253953294923,417.67930921810876
2025-09-30,2025-09-29,2025-08-05,2025-09-29,3670.353852379962,3310.520732629631,69935.02488180005,70830.7684981637,1012.011192474758,116.26757611111168,39.01605523333265,46628.72293683274,43.52093006611136,1163.8351796348697,47749.0371864015,192.34034240194663,47941.377528803445,21829.442007794554,18005.69783408889,1623.8656130246884
2025-10-01,2025-09-30,2025-08-06,2025-09-30,3310.520732629631,4701.702687234569,65722.71094307955,60900.16451908484,46.88513387222201,4869.431557866941,0.0,40926.07880653377,928.948235160364,72.07217731134054,40069.20274868475,0.0,40069.20274868475,21007.053256145402,15763.649378333332,5995.239107939442
2025-10-02,2025-10-01,2025-08-07,2025-10-01,4701.702687234569,4127.3517242407415,70070.04674797668,59072.82501479492,34.31915450000008,11031.540887681755,0.0,44244.67982495876,3209.794744722031,64.53800817006682,41099.423088406795,0.0,41099.423088406795,19098.925641872425,15987.04563661111,4230.161892866945
2025-10-03,2025-10-02,2025-08-08,2025-10-02,4127.3517242407415,4567.263827166669,29771.307707462278,29980.31437024006,268.5265772222226,59.51991444444121,0.0,12791.056932097461,33.0097445508871,249.26949744341707,13007.316684989992,0.0,13007.316684989992,13944.760198038408,10899.334867777774,19117.735339979423
2025-10-04,2025-10-03,2025-08-09,2025-10-03,4567.263827166669,10800.0,40604.980500589845,40168.50079670096,7.085994444444395,443.56569833333333,0.0,17147.025636249065,142.0403035861389,12.245065047666591,17017.23039771059,0.0,17017.23039771059,20970.3417023251,11376.514223333334,17478.690884375857
2025-10-05,2025-10-04,2025-08-10,2025-10-04,10800.0,6505.641586228399,65585.63626977366,55445.22044280521,261.50879277777835,10401.924619746233,0.0,42040.42317421045,2721.4263479324054,345.2543420549173,39664.251168332965,0.0,39664.251168332965,15346.523324204387,16295.606464999997,1658.342516934152
2025-10-06,2025-10-05,2025-08-11,2025-10-05,6505.641586228399,4923.0376480493815,57964.71533955418,60308.742822064465,2391.9525547325084,47.92507222222116,0.0,38997.8044062965,29.040197513054913,1993.483083263753,40962.24729204719,0.0,40962.24729204719,18376.595483641977,16309.385886111111,508.42397453359825
2025-10-07,2025-10-06,2025-08-12,2025-10-06,4923.0376480493815,5924.456555481482,65360.518388511664,65109.79533474279,1438.0777714437597,1688.8008252126285,0.0,41438.057636789104,362.53059250568424,1771.7507134771358,42847.27775776056,0.0,42847.27775776056,20773.0838241015,15924.920880833335,2490.069391474624
2025-10-08,2025-10-07,2025-08-13,2025-10-07,5924.456555481482,4835.830435722223,60702.73495242112,60077.641627259465,238.68150890555614,863.7748340672103,59.255387222222,38691.11923991749,229.9020746518733,394.3129418682737,38855.53010713388,302.40536224638765,39157.935469380274,19642.14364336077,16889.89985890556,906.1575633598084
2025-10-09,2025-10-08,2025-08-14,2025-10-08,4835.830435722223,2589.9189627407395,69349.99337653635,57706.72777832681,174.82784891666518,11818.0934471262,189.36798986111125,44183.186112800366,3408.146135677796,334.0217987624221,41109.061775884984,981.986750082223,42091.04852596721,18410.857054586617,16934.114539898495,659.3715701664712
2025-10-10,2025-10-09,2025-08-15,2025-10-09,2589.9189627407395,5306.995644629629,34375.204182475994,34052.367345153776,239.2110243444472,562.0478616666667,0.0,14099.992037432454,178.61488785686115,375.6450320793026,14297.022181654895,0.0,14297.022181654895,18132.857387407406,12242.245470099997,18818.1445111797
2025-10-11,2025-10-10,2025-08-16,2025-10-10,5306.995644629629,10798.901666666667,38748.08649751714,38737.55422058937,86.54463584999974,97.07691277777744,0.0,15831.267859477777,29.02160833658322,130.7337295905091,15932.979980731701,0.0,15932.979980731701,21247.119984999998,12267.451768016668,15651.572420272705
2025-10-12,2025-10-11,2025-08-17,2025-10-11,10798.901666666667,7349.000433,61933.6771110631,60217.07225839122,756.702992911115,2473.307845582988,20.92993333333345,39237.86923271617,603.4183681412474,1282.8844251215728,39917.33528969649,105.12059016666726,40022.45587986316,16717.292790960215,16645.918270977774,1651.6716884087855
2025-10-13,2025-10-12,2025-08-18,2025-10-12,7349.000433,4658.308029222224,64752.89751096021,58443.087071411115,1164.1280797444479,7473.93851929355,0.0,41320.94889313441,1934.3140429104292,1851.7232833524351,41238.35813357642,0.0,41238.35813357642,17273.134719711932,16412.862286366664,555.4193380658439
2025-10-14,2025-10-13,2025-08-19,2025-10-13,4658.308029222224,4446.705137814814,70633.58793697531,65656.63277508636,339.24313021666615,5316.198292105626,88.8002259944439,45168.29334455831,1445.9020847880674,446.5669215576021,44168.95818132784,449.0259342094529,44617.9841155373,20716.450257709195,16970.76731101111,1225.920771049373
2025-10-15,2025-10-14,2025-08-20,2025-10-14,4446.705137814814,5130.592671944442,74223.18886042798,67602.61101830343,126.28591413333083,6746.863756257884,0.0,46469.678064687796,2191.206000091437,241.24099072604855,44519.71305532241,0.0,44519.71305532241,22729.779487551437,17795.622604200005,748.4304849519872
2025-10-16,2025-10-15,2025-08-21,2025-10-15,5130.592671944442,1625.6116400740734,65533.121673209884,63761.479406834915,887.4122379460191,2659.05450432099,0.0,42780.92281314619,867.3307164025857,1354.0719948591543,43267.66409160276,0.0,43267.66409160276,18665.84754406036,18273.819439372222,402.97835214677264
2025-10-17,2025-10-16,2025-08-22,2025-10-16,1625.6116400740734,3526.344963907408,32483.740483648828,33444.99750897106,961.2570253222253,0.0,0.0,13025.105425709364,0.0,982.8276227962887,14007.933048505653,0.0,14007.933048505653,18015.312318264747,12881.742986344443,12307.228860384088
2025-10-18,2025-10-17,2025-08-23,2025-10-17,3526.344963907408,10683.618836,40408.38108516461,39524.79095716461,91.49118700000054,975.0813149999997,0.0,16332.535986218247,302.3259192150832,137.78572762200082,16167.995794625165,0.0,16167.995794625165,23461.930515905347,12562.617232999997,12548.88440759259
2025-10-19,2025-10-18,2025-08-24,2025-10-18,10683.618836,7107.424146537038,67904.88728090536,64653.96910773614,357.61424116433176,3608.5324143335383,21.072489200002067,44493.75567210646,1233.9229316374506,707.3051733780985,43967.13791384712,101.84451815861233,44068.98243200572,18355.00445060357,18086.128825505555,520.4434385048016
2025-10-20,2025-10-19,2025-08-25,2025-10-19,7107.424146537038,5067.374214962964,73787.53966270329,68145.34150208745,47.39865186111177,5689.596812476955,0.0,48327.0866406361,2258.476952643583,84.8175242676804,46153.4272122602,0.0,46153.4272122602,20092.268767146772,18110.782639805555,1723.0730080795656
2025-10-21,2025-10-20,2025-08-26,2025-10-20,5067.374214962964,6655.415875055555,76470.13039525226,73749.0333653493,86.64993119444432,2807.7469610974003,0.0,49194.07133901608,1097.8808151520416,162.692036991679,48258.88256085571,0.0,48258.88256085571,24097.889221515772,18090.052775344444,1278.615569177977
2025-10-22,2025-10-21,2025-08-27,2025-10-21,6655.415875055555,6926.511329481483,71478.60616558298,70642.41594239994,209.05246061666605,1045.2426837997232,357.07095309999886,45849.73767852034,424.9880557606933,366.2898196879065,45791.03944244755,2219.739876400075,48010.77931884763,22641.146145562416,18095.342468922223,898.7865188597407
2025-10-23,2025-10-22,2025-08-28,2025-10-22,6926.511329481483,1217.91607612963,75439.33177799726,61915.52070229767,723.6863311111108,14247.4974068107,103.56081156666477,49675.43671523219,4817.954226720514,1088.5557662373328,45946.038254749015,437.906569724614,46383.94482447363,16713.69077349108,18675.82525454444,601.7189615843635
2025-10-24,2025-10-23,2025-08-29,2025-10-23,1217.91607612963,2647.993373148148,33723.76132369685,34179.91660043574,456.1552767388905,0.0,399.9148783333318,13662.622999351875,0.0,503.9044398169344,14166.52743916881,1789.5889353598513,15956.116374528661,18529.823604279834,13722.08755215,11352.044709972562
2025-10-25,2025-10-24,2025-08-30,2025-10-24,2647.993373148148,10059.833140499999,40722.27888493141,41046.527120836756,332.4157194444442,8.167483539093823,297.3890966666666,15935.173435246465,2.4546760164606622,383.34127574583306,16316.060034975837,1272.5555297933322,17588.61556476917,24687.685923257886,13326.369807222221,10584.16736813443
2025-10-26,2025-10-25,2025-08-31,2025-10-25,10059.833140499999,7170.6318840925915,72941.94510851166,66082.06308654322,485.89899803155197,7345.781019999997,0.0,47626.624521441976,2595.9275580982217,794.781533391339,45825.47849673509,0.0,45825.47849673509,18711.196639657064,17756.350408888888,582.9048391083687
2025-10-27,2025-10-26,2025-09-01,2025-10-26,7170.6318840925915,6340.741524129629,68898.13407482853,69724.0816567775,2652.52132730453,1826.5737453555541,109.36300926666857,44320.11523788573,371.3355231025526,2637.9363986916437,46586.71611347482,603.8878768940784,47190.6039903689,21045.851256392314,17794.04084164444,3029.052584629633
2025-10-28,2025-10-27,2025-09-02,2025-10-27,6340.741524129629,7840.397534148148,71309.61354688615,72686.07902427868,1853.0246888534402,476.5592114609005,99.36817359999907,45694.65421481769,120.60528702533942,2384.6626917651583,47958.71161955751,636.8972510931934,48595.6088706507,22596.412129271604,16953.403415693334,1170.0167843004106
2025-10-29,2025-10-28,2025-09-03,2025-10-28,7840.397534148148,7116.287894629629,77077.6130682373,74087.4034305974,277.9419615233366,3268.151599163243,378.0852850000003,50511.11864890772,1181.1235275909446,463.10699997602035,49793.1021212928,2351.4028071608354,52144.504928453636,21935.64402608916,18419.570336698886,1637.1582262071297
2025-10-30,2025-10-29,2025-09-04,2025-10-29,7116.287894629629,1203.6726405,62420.2656913786,63089.49559806778,1684.1408678584412,1014.9109611692714,295.40071587222116,42299.71447840557,438.0084409840963,2164.440782714069,44026.146820135546,1213.7721753601722,45239.91899549571,15901.278715953362,18201.389488638888,897.1894366255176
2025-10-31,2025-10-30,2025-09-05,2025-10-30,1203.6726405,5727.593396537037,39576.34527598765,38720.87626149321,12.887071616668663,868.3560861111113,234.44575499999797,16251.498002760882,271.1921799701667,15.632662224599922,15995.938485015316,974.0600149062586,16969.998499921574,22155.745687839502,13874.625326716667,6769.909588703708
2025-11-01,2025-10-31,2025-09-06,2025-10-31,5727.593396537037,10160.656852814818,38674.50029447187,38659.301115566326,43.90398665000072,59.10316555555488,0.0,15334.031754907743,17.4896548046109,51.47627332392684,15368.018373427058,0.0,15368.018373427058,22026.829432235936,13851.974729461112,7940.407979458165
2025-11-02,2025-11-01,2025-09-07,2025-11-01,10160.656852814818,7259.492721259258,72316.77914798354,71713.33019920424,1801.8732642111095,2405.3222129904025,363.51536166666597,48503.18238017992,970.5594306898163,1784.2971298896748,49316.92007937978,2267.793994871662,51584.71407425143,19834.925993347042,18677.33777301111,2122.873407201645
2025-11-03,2025-11-02,2025-09-08,2025-11-02,7259.492721259258,7295.482614814811,80821.17049884773,75411.17228597264,76.98101355838628,5486.979226433472,0.0,53555.69833075965,2123.3263105888936,146.4221258513141,51578.79414602207,0.0,51578.79414602207,22698.74722801433,18353.594350491614,1561.0891251166004
2025-11-04,2025-11-03,2025-09-09,2025-11-03,7295.482614814811,7118.0704157962955,74639.1678530247,72782.12067298697,477.9063469444395,2334.953526982167,427.0505360111095,48873.729985168575,586.954053560806,707.8303540347306,48994.606285642505,2630.858690578561,51625.46497622106,21211.771792023326,17341.206130655555,1758.5335142969757
2025-11-05,2025-11-04,2025-09-10,2025-11-04,7118.0704157962955,7968.535285148146,84160.35610911524,76285.67800316187,16.65083333333166,7891.32893928669,3.227683333333289,56225.16070637747,3046.229217379476,31.125402749996873,53210.056891748,15.867291266666447,53225.924183014664,24287.786227263372,18907.688461666672,1230.7878542318276
2025-11-06,2025-11-05,2025-09-11,2025-11-05,7968.535285148146,1253.3711819999999,70387.26983146092,70081.84417795672,599.0917196096736,904.5173731138609,288.01409438333235,48892.1076886901,331.7203036377511,843.3687894066163,49403.75617445897,1151.3256497221446,50555.081824181114,15533.550802482867,18625.823842844446,2092.546762701638
2025-11-07,2025-11-06,2025-09-12,2025-11-06,1253.3711819999999,5839.605149888888,39778.99913465021,40155.04116231686,376.0420276666648,0.0,31.97236166666562,15921.025191720488,0.0,430.9679310125141,16351.993122733002,162.94714123416136,16514.940263967164,23287.19015156378,14735.01345166667,8316.375040753088
2025-11-08,2025-11-07,2025-09-13,2025-11-07,5839.605149888888,10273.462408876545,40015.97513144719,40093.75622852496,77.78109707777675,0.0,0.0,16248.502970806681,0.0,76.23795780251234,16324.740928609193,0.0,16324.740928609193,22269.5886423594,14047.895267222222,8080.855753387785
2025-11-09,2025-11-08,2025-09-14,2025-11-08,10273.462408876545,6448.490204537036,76127.30851986432,72848.24629767884,255.0044997006633,3534.0667218861495,35.93552953333608,52161.18751419276,1370.4318038247432,378.3676231263473,51169.12333349436,172.31425190344657,51341.43758539781,19094.899882173384,18909.343888466006,1351.8086501714633
2025-11-10,2025-11-09,2025-09-15,2025-11-09,6448.490204537036,8007.7891604999995,82943.64477998108,81851.00938541716,1835.9023183115266,2928.537712875448,175.30104229999534,56198.457991408184,1282.4719611301557,2252.182946861048,57168.16897713908,1000.1936622838036,58168.36263942288,24816.182112002745,18697.73845035556,2049.4236660699594
2025-11-11,2025-11-10,2025-09-16,2025-11-10,8007.7891604999995,7215.159077814813,82498.5716035048,76864.41520712517,23.06607500000098,5657.22247137963,0.0,56257.747154981495,2307.944328211266,44.01379214250188,53993.81661891274,0.0,53993.81661891274,21483.961990534983,18115.376286750005,1936.8098366735214
2025-11-12,2025-11-11,2025-09-17,2025-11-11,7215.159077814813,6619.68785525926,79368.75672766118,77184.08148607716,1029.351843161115,3214.0270847451193,7.179741666666814,53152.16380477468,1118.9886463951555,1213.1412139265774,53246.31637230611,36.943360745834084,53283.25973305194,22004.169339679152,18359.301265440114,2590.4054035047966
2025-11-13,2025-11-12,2025-09-18,2025-11-12,6619.68785525926,1457.243580333333,71738.62145379286,71454.58989324307,1962.4563202663844,2246.4878808161834,71.17480999999873,50202.187792056066,797.4145422998315,2698.1291460410707,52102.90239579731,463.4547753149917,52566.3571711123,16633.658092578873,18119.46290242223,615.6981964197532
2025-11-14,2025-11-13,2025-09-19,2025-11-13,1457.243580333333,5374.568882407413,39863.94135289438,39743.93080542175,4.130834605555663,124.14138207818516,0.0,16384.86625067389,42.789018601999416,4.2871866953759445,16346.364418767265,0.0,16346.364418767265,21884.325251275717,14200.710681666664,4461.860935812693
2025-11-15,2025-11-14,2025-09-20,2025-11-14,5374.568882407413,10259.838416580247,45217.073243305895,42288.47729168038,0.0,2928.595951625517,0.0,18650.007136954664,532.3612809147753,0.0,18117.645856039886,0.0,18117.645856039886,23592.654290370367,14713.307394444444,5197.243479087789
2025-11-16,2025-11-15,2025-09-21,2025-11-15,10259.838416580247,7993.5778057222215,77856.24259604972,78044.0711426467,1598.2331018987625,1410.4045553017854,0.0,53535.305340007006,412.19476914874616,2345.504065336563,55468.61463619482,0.0,55468.61463619482,19739.84195385459,18028.906532394445,1898.5913378532255
2025-11-17,2025-11-16,2025-09-22,2025-11-16,7993.5778057222215,7453.256801129628,76691.36435617969,79685.81922435653,3573.2332290067247,578.7783608299019,0.0,52242.03226450683,204.09726898472252,4083.054947883871,56120.98994340598,0.0,56120.98994340598,21645.64513427984,18019.2614629,3363.6812196433493
2025-11-18,2025-11-17,2025-09-23,2025-11-17,7453.256801129628,6817.010117944446,80409.21159988374,79664.24076825974,9.762672566665515,754.7335041906697,0.0,55669.12518653872,360.70798235346757,14.091934764553073,55322.5091389498,0.0,55322.5091389498,22343.204270363512,18670.617473861108,1101.1021384240064
2025-11-19,2025-11-18,2025-09-24,2025-11-18,6817.010117944446,7099.567563018519,80958.32704974622,82613.16400442249,3372.9645239888905,1718.127569312615,23.00328683333255,56179.962311349576,604.6640816769877,4159.825942956023,59735.12417262862,105.6195914952464,59840.74376412386,22843.26230707819,18248.740768166666,2673.3341523443087
2025-11-20,2025-11-19,2025-09-25,2025-11-19,7099.567563018519,1413.8017206851857,74022.08907040466,74769.95584728787,973.2063388722169,225.3395619890224,0.0,51856.27272519411,82.06280115277235,1291.192425018633,53065.40234905998,0.0,53065.40234905998,17090.17367489027,18960.229934761115,1846.936073825372
2025-11-21,2025-11-20,2025-09-26,2025-11-20,1413.8017206851857,6933.59962872222,42521.62473526063,42763.116710015296,241.4919747546667,0.0,0.0,17620.041315918406,0.0,189.52260887602523,17809.56392479443,0.0,17809.56392479443,23997.047541851847,14469.790391666667,4371.475493163449
2025-11-22,2025-11-21,2025-09-27,2025-11-21,6933.59962872222,10340.46570858025,45668.6127026406,41611.996154912835,4.967629494443884,4061.584177222214,0.0,18938.16786467233,673.1243015707767,5.713767444509355,18270.75733054606,0.0,18270.75733054606,22353.818293120712,15040.413345555553,4078.761724014338
2025-11-23,2025-11-22,2025-09-28,2025-11-22,10340.46570858025,7436.786743074078,78026.37960733862,78255.77634384745,2185.5029059944436,1956.1061694856012,0.0,54411.54117882435,619.958405318316,2978.541364894103,56770.12413840013,0.0,56770.12413840013,18671.75262605623,17737.43069606111,2089.358130519
2025-11-24,2025-11-23,2025-09-29,2025-11-23,7436.786743074078,6402.469950851852,79250.08471795102,78799.22634265444,480.0659105333373,930.9242858299095,5.01895722222207,54482.118148494825,316.0774548680205,615.3279871220501,54781.368680748856,26.515151004999197,54807.88383175386,21634.292892448546,18454.662355883327,1462.6710633114567
2025-11-25,2025-11-24,2025-09-30,2025-11-24,6402.469950851852,5942.882824296302,90657.8768251646,81943.2154469845,0.7503739666663023,8715.41175214677,0.0,63880.0520714666,3602.676717691791,1.2217964112244066,60278.597150186026,0.0,60278.597150186026,21452.107033593966,17789.83511111111,2112.283057834982
2025-11-26,2025-11-25,2025-10-01,2025-11-25,5942.882824296302,8146.439232777779,88570.90270299726,86173.58703953956,1005.4026890457483,3402.7183525034297,0.0,61308.23488962475,1387.2144337315265,1319.2855127713185,61240.30596866454,0.0,61240.30596866454,24805.014875560115,18108.861281570367,2719.766562216486
2025-11-27,2025-11-26,2025-10-02,2025-11-26,8146.439232777779,1717.0728105370383,76396.32786266804,75139.29641469732,1002.2314057677617,2259.2628537384785,0.0,55532.80178247149,758.3911797661215,1276.936459563844,56051.34706226921,0.0,56051.34706226921,14340.329314320988,17402.09652461667,2420.1708916596704
2025-11-28,2025-11-27,2025-10-03,2025-11-27,1717.0728105370383,6330.5125758518525,43024.37538059671,43289.52221560692,570.8090955657735,305.66226055555876,0.0,17595.762932074602,91.37761063933411,268.0285591119352,17772.413880547203,0.0,17772.413880547203,24096.47431125514,15366.048403333334,3637.8577576851208
2025-11-29,2025-11-28,2025-10-04,2025-11-28,6330.5125758518525,10423.41418284568,53456.72469842936,45931.50355907401,3.117597661110949,7528.33873701646,0.0,22122.68084762356,1591.2474023026002,3.4399572592698218,20534.873402580233,0.0,20534.873402580233,23125.859183353907,15048.334492222222,2924.52876794232
2025-11-30,2025-11-29,2025-10-05,2025-11-29,10423.41418284568,8817.85383616667,85383.06418609053,84961.99113845426,1333.1817785297017,1754.25482616598,0.0,60689.31782420026,616.5648492159788,1913.144606926686,61985.89758191097,0.0,61985.89758191097,20755.360149780525,18256.846033333335,2218.6489053403993
2025-12-01,2025-11-30,2025-10-06,2025-11-30,8817.85383616667,7340.562820333334,88953.4477037037,86932.2205446377,361.1427246445616,2382.369883710565,2164.8624752722253,67877.93106939373,1044.4410764653517,814.4709175347705,67647.96091046315,13456.67299260069,81104.63390306383,21375.36622364869,18643.608555405437,66.39761833333353
2025-12-02,2025-12-01,2025-10-07,2025-12-01,7340.562820333334,5709.560203333332,92002.54058414952,89626.72254478296,1214.5136958778926,3590.3317352444465,1982.4783493555592,71409.11417775863,1637.7915219154152,2245.8034656166283,72017.12612145985,13036.644643522886,85053.77076498274,21550.680856693958,18923.953849222104,344.6639366666667
2025-12-03,2025-12-02,2025-10-08,2025-12-02,5709.560203333332,6634.198922870372,85165.09985625514,91750.99930331296,6613.475633168928,27.576186111111383,1251.8365846555603,63389.335156236215,12.41893541513901,9645.111606252623,73022.0278270737,8216.060394030319,81238.08822110402,24799.733340377235,19255.60915812222,295.96313904684
2025-12-04,2025-12-03,2025-10-09,2025-12-03,6634.198922870372,1276.7216467037051,85694.76712569958,83132.62539669388,1642.8607160491676,4205.00244505487,2125.4637673500015,67662.74662383567,2095.1374317088257,3173.0359760355186,68740.64516816237,13187.311800714771,81927.95696887714,17015.890344061387,18604.600727239726,75.59079722222191
2025-12-05,2025-12-04,2025-10-10,2025-12-04,1276.7216467037051,7100.894491907409,50712.062166323725,51083.37394249748,1452.3773211737555,1081.0655450000008,1144.6898122222215,21933.233115714036,204.49035582227796,1534.1818450161236,23262.92460490788,5741.677264632219,29004.601869540096,26998.85337212126,16627.315670734886,544.8983699999992
2025-12-06,2025-12-05,2025-10-11,2025-12-05,7100.894491907409,10240.627286574074,50892.18232829904,50495.70312445129,1142.2491416666596,1538.7283455144013,850.3937477777749,22989.2685958903,413.65950211741784,1500.7411189764373,24076.35021274932,4263.2784189494305,28339.628631698746,24638.67090834019,17131.563920555564,174.35906777777802
2025-12-07,2025-12-06,2025-10-12,2025-12-06,10240.627286574074,9354.516496166665,93972.43425880658,89705.28085780144,230.204499138889,4497.35790014403,1581.0984537611084,72575.96682295697,2058.6162466558776,355.0223883388043,70872.37296463989,10614.168811906045,81486.54177654593,22359.59199144718,18908.76922443889,182.87529455425704
2025-12-08,2025-12-07,2025-10-13,2025-12-07,9354.516496166665,8274.865852722225,96238.91498556928,92879.26814904115,14.874007333330383,3374.52084386146,40.27763333333303,73677.41336888504,1402.1203025541188,22.7373447709523,72298.03041110188,287.86083478333114,72585.8912458852,22210.300331700957,18962.02884777778,1824.063181784634
2025-12-09,2025-12-08,2025-10-14,2025-12-08,8274.865852722225,7983.718554709879,96442.91646506859,92454.44093704107,43.31212422222188,4031.7876522497254,125.18022222222214,72533.35230405079,1886.483325476852,68.84384089381297,70715.71281946775,921.0194648027771,71636.73228427053,24394.115978113856,20021.26651048333,818.3174249661117
2025-12-10,2025-12-09,2025-10-15,2025-12-09,7983.718554709879,8154.188782944448,92897.63072698902,94146.29660802297,1475.0449115895037,226.37903055555557,190.57251212221956,69746.70095855516,104.5201526371389,2026.247762000621,71668.42856791863,1308.9884647533304,72977.41703267196,25086.711979053493,20166.813497622225,1029.3521720472568
2025-12-11,2025-12-10,2025-10-16,2025-12-10,8154.188782944448,1687.6689928333376,88750.93111568585,84175.3877953491,2.410543555555023,4577.953863892317,5.755966666666836,68759.99577443376,2145.019623996739,4.058151884132438,66619.03430232115,40.00109035000118,66659.03539267115,16129.708665651558,18884.93183027778,975.1122266419875
2025-12-12,2025-12-11,2025-10-17,2025-12-11,1687.6689928333376,9033.221223574075,57362.10397664609,57651.039503927765,1224.7121408825092,935.776613600824,0.0,25136.62449886381,253.4301465543335,1106.2299324063317,25989.42428471581,0.0,25989.42428471581,29057.206621213987,16925.340355516666,1804.759754897114
2025-12-13,2025-12-12,2025-10-18,2025-12-12,9033.221223574075,10560.552169901232,52092.70359213992,50881.335556943544,423.1263833565124,1634.4944185528811,0.0,23755.350811498858,523.7434290808478,415.4056277167939,23647.013010134804,0.0,23647.013010134804,23026.59407563786,17276.943349572222,1333.1514475445797
2025-12-14,2025-12-13,2025-10-19,2025-12-13,10560.552169901232,9715.768305037034,90861.96539042523,93610.21430911522,2748.3826020233173,0.1336833333331242,523.6557134111117,68772.12060904848,0.0709232233332211,3802.5687187103204,72574.61840453546,3623.351047240949,76197.96945177641,22935.637175432104,19338.171590477777,1757.6826375720138
2025-12-15,2025-12-14,2025-10-20,2025-12-14,9715.768305037034,9009.728758055553,93042.25341958848,95625.6570717572,2628.4018234444447,44.998171275721916,0.0,70306.46923504776,24.082717490885713,4066.272736292316,74348.65925384918,0.0,74348.65925384918,22072.46691624829,18514.13379444445,2597.765983286695
2025-12-16,2025-12-15,2025-10-21,2025-12-15,9009.728758055553,8976.06594057408,99360.28900985597,95901.63285030866,0.0,3458.6561595473236,0.0,75922.90643571169,1708.0225388355598,0.0,74214.88389687613,0.0,74214.88389687613,23021.046916104257,18677.344537777775,2139.8391386488356
2025-12-17,2025-12-16,2025-10-22,2025-12-16,8976.06594057408,7429.395035444447,98179.5924210288,92775.57924645403,0.0,5404.01317457476,5.046022777778035,75157.02998413608,2707.4848100805652,0.0,72449.5451740555,35.828441313335105,72485.37361536884,22701.351592379957,19780.098604444443,1667.5252146296366
2025-12-18,2025-12-17,2025-10-23,2025-12-17,7429.395035444447,2479.0983188703726,89606.51719783951,88660.16226346926,174.03755290000163,1120.3924872702348,0.0,69160.42146224322,471.49664312315707,200.24488265274726,68889.1697017728,0.0,68889.1697017728,18747.97680394376,19641.128256111107,2187.0467489699513
2025-12-19,2025-12-18,2025-10-24,2025-12-18,2479.0983188703726,8988.29396724074,56600.9745304321,55953.338426083676,1132.1152777777784,1779.7513821261996,0.0,25367.98381396864,503.82318682443804,821.7851402722504,25685.94576741645,0.0,25685.94576741645,27435.619566776397,16364.575765555554,1973.9033248628334
2025-12-20,2025-12-19,2025-10-25,2025-12-19,8988.29396724074,10669.436844141974,54165.14218703703,50254.81702907408,0.0,3910.3251579629537,0.0,24681.310325415438,1073.875217563023,0.0,23607.435107852416,0.0,23607.435107852416,22428.06456898492,16653.703711666672,1624.1039217558296
2025-12-21,2025-12-20,2025-10-26,2025-12-20,10669.436844141974,9744.347949462965,97363.81669484224,95770.05890200693,373.8680906035664,1967.6258834388873,4.298783333333404,74070.90662511747,954.1186988668658,580.4078956776366,73697.19582192824,30.22689500833383,73727.42271693658,23020.95569945815,19479.55412177222,3195.1742409876633
2025-12-22,2025-12-21,2025-10-27,2025-12-21,9744.347949462965,6686.628210814813,94352.29489115227,92815.94168896432,11.991036666666105,1548.3442388545964,0.0,73214.90714463452,830.3520920542124,24.865649668998827,72409.4207022493,0.0,72409.4207022493,20032.929243751707,18978.62045222222,2824.2058141015104
2025-12-23,2025-12-22,2025-10-28,2025-12-22,6686.628210814813,9851.870212185184,103648.52458409464,98709.16284470508,0.0,4939.361739389573,0.0,77727.55312458494,2398.187346238737,0.0,75329.3657783462,0.0,75329.3657783462,26946.12603581619,18977.64428777778,3482.5885633333337
2025-12-24,2025-12-23,2025-10-29,2025-12-23,9851.870212185184,8953.680894037037,97951.01553479425,94650.03383257888,9.138502222222769,3310.1202044375855,0.0,74417.4894027375,1565.4525273188353,19.670107337001085,72871.70698275566,0.0,72871.70698275566,21929.208511385463,18571.02928055556,3437.295285082302
2025-12-25,2025-12-24,2025-10-30,2025-12-24,8953.680894037037,2501.932411129631,87943.78677873114,88607.33057896103,769.3928165545334,105.84901632462598,0.0,68355.19229379986,56.67101036986334,969.7173576568763,69268.23864108688,0.0,69268.23864108688,16057.069312359403,18812.79977762778,3550.6125108960887
2025-12-26,2025-12-25,2025-10-31,2025-12-25,2501.932411129631,10800.0,59915.26117305898,58143.45671866255,451.543694999999,2223.3481493964314,0.0,26674.680264260314,533.4694399095229,573.1936294600821,26714.404453810872,0.0,26714.404453810872,28697.606322338823,15776.800291111114,2215.0282541015094
2025-12-27,2025-12-26,2025-11-01,2025-12-26,10800.0,10735.120918851855,52782.288392407405,50190.4174261454,334.6271516666671,2926.4981179286715,0.0,23781.52005479319,771.5368188042802,404.28170968466657,23414.26494567357,0.0,23414.26494567357,19512.238093648833,15863.304028888886,3202.6742947187918
2025-12-28,2025-12-27,2025-11-02,2025-12-27,10735.120918851855,9360.354310598766,96541.25487983538,93430.92749984225,44.07969055555657,3154.407070548698,0.0,72845.71489626744,1483.2688359885522,87.00669720308534,71449.45275748197,0.0,71449.45275748197,21255.26984816872,18454.058524444445,3820.4614261179704
2025-12-29,2025-12-28,2025-11-03,2025-12-28,9360.354310598766,7612.869509425924,95742.13435787379,95644.78565157193,1008.6896327722204,1106.0383390740712,0.0,72050.11975164589,450.2030266353222,1320.3085718510415,72920.22529686161,0.0,72920.22529686161,20754.51706728395,18383.895145555558,5750.397463176883
2025-12-30,2025-12-29,2025-11-04,2025-12-29,7612.869509425924,9187.623224925928,100467.65570611798,96724.3387487664,138.79307885555608,3882.1100362071275,0.0,74159.54973704273,1717.7915859573964,270.8643463028204,72712.62249738816,0.0,72712.62249738816,24414.962393765436,18358.841195,4443.814950000962
2025-12-31,2025-12-30,2025-11-05,2025-12-30,9187.623224925928,8801.687028537037,100351.37463631,97554.78666482895,1.4789284555564564,2798.066899936618,0.0,75904.85050216771,1223.981136053129,2.507455185223172,74683.37682129981,0.0,74683.37682129981,22877.980862009594,18878.507074977777,4908.889944463794
