date,train_end_date,residual_history_start_date,residual_history_end_date,soc_open_kwh,soc_close_kwh,original_purchase_kwh,effective_purchase_kwh,upward_adjustment_kwh,downward_adjustment_kwh,emergency_purchase_kwh,base_plan_cost_yuan,downward_credit_yuan,upward_adjustment_cost_yuan,normal_settlement_cost_yuan,emergency_cost_yuan,total_cost_yuan,charge_kwh,discharge_kwh,surplus_discard_kwh
2025-02-01,2025-01-31,2025-01-02,2025-01-31,6000.0,10800.0,53154.19805019205,47639.64848653609,0.0,5514.549563655955,0.0,22464.292196134997,1378.5800790957624,0.0,21085.712117039235,0.0,21085.712117039235,24303.720840735477,15366.013880995735,4323.765593463013
2025-02-02,2025-02-01,2025-01-02,2025-02-01,10800.0,8270.88929521886,90953.16788781207,83376.25261757587,0.0,7576.9152702362,0.0,64809.59608868819,3284.0728314195962,0.0,61525.52325726859,0.0,61525.52325726859,19497.8785812243,18069.481285094713,3591.577371446278
2025-02-03,2025-02-02,2025-01-02,2025-02-02,8270.88929521886,8467.478101966119,96237.26026816833,87807.78908813032,0.0,8429.471180038025,0.0,69287.01766307614,3750.9735682053733,0.0,65536.04409487077,0.0,65536.04409487077,23866.6956697805,19155.093566449672,2879.2704847994873
2025-02-04,2025-02-03,2025-01-02,2025-02-03,8467.478101966119,6957.860804041758,96636.60417194574,86958.49859427146,0.0,9678.105577674276,0.0,70697.46121627607,4369.781583786371,0.0,66327.67963248972,0.0,66327.67963248972,21649.458861706473,18894.71724611417,3008.8930286791583
2025-02-05,2025-02-04,2025-01-02,2025-02-04,6957.860804041758,9142.284580231193,95351.30369224715,90549.22046305615,0.0,4802.083229191013,8.556813600167288,67595.1541345794,2182.7704918544114,0.0,65412.38364272498,59.24737736755831,65471.631020092536,24748.30764672016,18080.14779527285,3141.190441875662
2025-02-06,2025-02-05,2025-01-02,2025-02-05,9142.284580231193,2714.1949516638924,91665.29742189674,80118.88425367072,0.0,11546.413168226038,51.30989523048311,68609.90749265406,5204.3782113875095,0.0,63405.52928126656,364.2982324514313,63769.827513717995,16900.894006296512,19475.004810810748,2473.247736748764
2025-02-07,2025-02-06,2025-01-02,2025-02-06,2714.1949516638924,7273.130716707382,53596.123107641906,46551.552809584246,0.0,7044.570298057657,69.82661824850712,22062.975226733768,1597.5905531026756,0.0,20465.384673631095,288.6791217855367,20754.06379541663,24293.8878486876,15575.006968897813,6096.818881376301
2025-02-08,2025-02-07,2025-01-02,2025-02-07,7273.130716707382,10785.747519849276,43339.636577377256,43162.48070787669,0.0,177.15586950056422,0.0,17670.138330430564,34.655320377156485,0.0,17635.483010053405,0.0,17635.483010053405,23816.2105253017,16129.77540266667,3898.8828685749895
2025-02-09,2025-02-08,2025-01-02,2025-02-08,10785.747519849276,8228.57993307327,89983.35704529093,85087.5065200407,0.0,4895.850525250235,0.0,64566.354082956306,2304.2235271101445,0.0,62262.13055584616,0.0,62262.13055584616,19945.325498746162,18457.1644820828,4043.929536710668
2025-02-10,2025-02-09,2025-01-02,2025-02-09,8228.57993307327,8218.455366828013,88869.2226956895,81318.04325787615,0.0,7551.179437813364,0.0,60795.806905965896,3164.4682687147006,0.0,57631.338637251196,0.0,57631.338637251196,22222.359391126505,18009.2232164332,2778.26949984951
2025-02-11,2025-02-10,2025-01-02,2025-02-10,8218.455366828013,7384.563736499999,88758.70258559164,80990.45358653658,0.0,7768.2489990550675,46.03514239406513,61763.35505254028,3359.9018402441843,0.0,58403.453212296095,232.56189922982418,58636.01511152593,22002.474515927337,18572.506825196353,2385.9239048663253
2025-02-12,2025-02-11,2025-01-02,2025-02-11,7384.563736499999,8937.968663319516,91391.48387103889,83472.0526864408,40.07372948879379,7959.50491408688,14.53925329208073,62562.40101586258,3294.66118121115,72.07861354501895,59339.81844819645,78.86090985624587,59418.679358052694,25060.98219863749,18901.3311467588,2060.204754520858
2025-02-13,2025-02-12,2025-01-02,2025-02-12,8937.968663319516,2447.6163823566408,76853.3357707122,71519.08227022603,0.0,5334.253500486157,30.500896978912806,53494.70035796404,2226.990855825483,0.0,51267.709502138554,153.73800379429457,51421.44750593285,14551.94855317615,17628.39538093927,3296.550978301405
2025-02-14,2025-02-13,2025-01-02,2025-02-13,2447.6163823566408,6385.145593071365,44347.97172921416,44194.8054849082,333.70364076835847,486.8698850743187,0.0,17825.468936364938,84.1232578585867,327.8441721741786,18069.189850680526,0.0,18069.189850680526,22676.0761347116,14823.845379473143,6540.772913003074
2025-02-15,2025-02-14,2025-01-02,2025-02-14,6385.145593071365,10446.991754088811,44675.869536805476,43983.16129129474,0.0,692.7082455107392,0.0,18683.64479273685,215.7313331213651,0.0,18467.913459615484,0.0,18467.913459615484,22340.64494467712,14440.260860272763,6802.686106890384
2025-02-16,2025-02-15,2025-01-02,2025-02-15,10446.991754088811,7463.663043115745,85629.45943351448,77474.52672555047,228.95135087596913,8383.884058839983,0.07247339841001121,60022.58274151987,3444.1033753964666,428.2464766890674,57006.72584281248,0.3872616044038949,57007.11310441689,18369.16281405535,17564.0177192606,1292.0750041541278
2025-02-17,2025-02-16,2025-01-02,2025-02-16,7463.663043115745,8060.552532610642,89616.33829513888,77349.5176838664,19.37621877218794,12286.196830044682,0.0,61024.22388801462,4629.136242179962,37.516234786710285,56432.60388062137,0.0,56432.60388062137,21088.43442139164,16544.431340781823,1621.6514365899004
2025-02-18,2025-02-17,2025-01-02,2025-02-17,8060.552532610642,6828.960458476961,77837.89870623803,75954.21079401072,227.89693728853342,2111.5848495158457,0.0,52223.89837792447,740.966705186534,437.5546295460823,51920.48630228402,0.0,51920.48630228402,18533.043437072338,16120.198050748912,1449.9776243539632
2025-02-19,2025-02-18,2025-01-02,2025-02-18,6828.960458476961,8013.707767644577,81532.701628802,80830.88321964003,182.09553664939597,883.9139458113599,0.0,54003.302409041906,346.0760240401768,263.068758055603,53920.295143057345,0.0,53920.295143057345,23442.625634653476,17922.25418581846,2431.184387471687
2025-02-20,2025-02-19,2025-01-02,2025-02-19,8013.707767644577,2509.5858428158735,76719.57866365692,71610.25359011415,111.32302017656673,5220.648093719332,28.18054521663464,53406.19535649278,2026.8739948875302,165.52952151682308,51544.85088312207,158.10694893792865,51702.95783206,14936.509635984317,17052.282537493134,2761.073303506268
2025-02-21,2025-02-20,2025-01-02,2025-02-20,2509.5858428158735,5528.7898679376995,39088.89825698784,39325.34147022221,240.30057510705862,3.8573618726923087,0.0,16157.236022519486,0.5790908966840482,274.71871150627453,16431.37564312908,0.0,16431.37564312908,20831.35989879912,14156.117895417643,7089.837433507408
2025-02-22,2025-02-21,2025-01-02,2025-02-21,5528.7898679376995,10800.0,42256.57764751092,42243.765095939954,424.7561516474706,437.56870321843667,0.0,17539.261261665975,115.16770005104343,544.3390746109865,17968.43263622592,0.0,17968.43263622592,23595.45368005334,14368.228361987138,5171.776894540421
2025-02-23,2025-02-22,2025-01-02,2025-02-22,10800.0,8190.064711166396,78499.22539831445,74364.28668734133,182.1459006951353,4317.08461166825,13.147353214504847,53112.37242447835,1673.165767734918,264.4183204828696,51703.62497722631,67.97181611899006,51771.59679334529,19004.484686999924,17742.57435642018,1583.6700266427586
2025-02-24,2025-02-23,2025-01-02,2025-02-23,8190.064711166396,7643.471539243398,77379.08004695228,73558.02193166212,126.77189084820424,3947.8300061383616,52.39974177777788,51818.42687688321,1450.6287692074923,241.1747598733701,50608.972867549084,267.1130636242227,50876.08593117331,19460.643509084388,16255.05509708906,2201.799644777907
2025-02-25,2025-02-24,2025-01-02,2025-02-24,7643.471539243398,7483.483522608363,80714.1885526061,72679.45518338699,112.72018413978799,8147.453553358907,36.54789383976674,52794.64633472013,2999.053071652692,184.56738234817826,49980.16064541561,186.07787761434653,50166.238523029955,20704.58463456048,16914.702768965522,3104.797978298458
2025-02-26,2025-02-25,2025-01-02,2025-02-25,7483.483522608363,7032.02123119682,73265.1498286025,74933.4831669296,1689.1511424864054,20.817804159313027,16.20104542763977,47798.5124142688,5.786230912910149,1929.9004867482215,49722.62667010412,83.01415677122617,49805.640826875344,21432.83786825124,17766.914735553895,2468.9130463265583
2025-02-27,2025-02-26,2025-01-02,2025-02-26,7032.02123119682,2493.7805712229515,70047.92937864276,68189.79446506759,63.87485105653445,1922.0097646317058,162.0231438410053,46067.360949908856,631.5967020190394,101.77003900607151,45537.53428689589,807.1022575164249,46344.636544412315,17867.22865858065,18556.87180742681,2084.8765577547592
2025-02-28,2025-02-27,2025-01-03,2025-02-27,2493.7805712229515,4923.7876682436145,36883.88642442306,36852.2921024575,53.58713973943253,85.18146170498969,0.0,14977.477921695669,31.0360130943095,70.51799654010624,15016.959905141464,0.0,15016.959905141464,19607.736376015662,13695.260077254094,7647.222253695931
2025-03-01,2025-02-28,2025-01-04,2025-02-28,4923.7876682436145,10742.675487056582,46584.84612797349,43426.17792733296,0.0,3158.6682006405194,190.3782421278346,18425.62463628135,724.5777116940494,0.0,17701.046924587303,867.0200732615649,18568.06699784887,23002.979349177913,13395.414235902434,10350.225122851989
2025-03-02,2025-03-01,2025-01-05,2025-03-01,10742.675487056582,7209.373846021172,80256.60249771492,74504.51215827125,0.0,5752.0903394436555,228.06448372906482,54678.52915976956,2432.3106430212865,0.0,52246.218516748275,1198.3358097088371,53444.55432645712,18104.95630960058,17844.98608770834,2114.299353441409
2025-03-03,2025-03-02,2025-01-06,2025-03-02,7209.373846021172,5669.103668105502,84356.37020273367,76327.67162535124,667.0175768408862,8695.716154223304,159.8555889669351,56702.279733687596,3571.6916738513837,1286.6259469250854,54417.2140067613,793.4638358079455,55210.67784256925,21556.873130688193,18847.310395981538,1760.8178462782032
2025-03-04,2025-03-03,2025-01-07,2025-03-03,5669.103668105502,6983.303582850496,78537.85107670719,75912.12082158045,841.4240265422043,3467.154281668947,6.192220192552008,51012.72693797708,1351.1101235220117,1464.1577214003787,51125.77453585545,31.58341909211152,51157.35795494756,22434.127092424445,16988.863021593308,1273.5910376085278
2025-03-05,2025-03-04,2025-01-08,2025-03-04,6983.303582850496,7312.4187979301105,81265.02843627722,72319.11176957472,1147.6120136956304,10093.52868039813,71.36401841272573,52130.96195702614,3814.0627271043277,2202.134722050633,50519.03395197245,459.1351528035761,50978.169104776025,21814.896781924173,17373.862699786925,1818.9696891835315
2025-03-06,2025-03-05,2025-01-09,2025-03-05,7312.4187979301105,2061.5239001290756,69978.85523285542,65781.21308238994,275.494202171862,4473.136352637364,0.0,45965.43760324948,1673.534611389482,530.0232955584453,44821.92628741845,0.0,44821.92628741845,16526.563460418292,18112.32181095975,1426.3172995980524
2025-03-07,2025-03-06,2025-01-10,2025-03-06,2061.5239001290756,4743.603974841029,38143.89256373175,36223.48847003441,5.958122713489615,1926.3622164108276,36.86975520083504,15673.222579790883,606.9748538642552,8.89249814988325,15075.140224076511,142.84587572601632,15217.986099802527,18873.328282331422,12873.523841447692,9338.268251018186
2025-03-08,2025-03-07,2025-01-11,2025-03-07,4743.603974841029,10586.056820091513,39039.86548466224,38992.08753255442,0.0,47.777952107809234,0.0,15472.976476717904,10.158247537909734,0.0,15462.818229179993,0.0,15462.818229179993,21980.384260358456,12545.903690164916,10494.46744569422
2025-03-09,2025-03-08,2025-01-12,2025-03-08,10586.056820091513,7302.303099579703,74704.3586576418,65364.6021189949,0.0,9339.7565386469,0.0,47960.200687846154,3059.0258790186,0.0,44901.174808827556,0.0,44901.174808827556,17461.680294618793,17099.339387101856,1668.7361614779634
2025-03-10,2025-03-09,2025-01-13,2025-03-09,7302.303099579703,6560.1327040496735,74297.05689321735,73173.47998782003,991.4272378485846,2115.004143245894,0.0,48404.13049189687,817.4862430883984,1150.3409989385311,48736.985247747,0.0,48736.985247747,21153.974113305143,17802.672387754195,1780.1068122690813
2025-03-11,2025-03-10,2025-01-14,2025-03-10,6560.1327040496735,6820.273934440221,66842.50519151545,70110.23543961563,3359.556776927575,91.82652882739569,0.0,42237.54573898761,49.481472545524234,3186.37273573137,45374.43700217346,0.0,45374.43700217346,21733.71662583406,17370.18335957409,1807.7833733556654
2025-03-12,2025-03-11,2025-01-15,2025-03-11,6820.273934440221,6696.244027444225,76330.83102516641,67674.75783179486,15.852749596393437,8671.92594296794,0.0,48429.42101692131,2900.134461819061,31.34606509924001,45560.63262020149,0.0,45560.63262020149,20825.484165474096,16980.269090330417,1394.0080733178552
2025-03-13,2025-03-12,2025-01-16,2025-03-12,6696.244027444225,2120.7662478001776,71080.45644131026,69086.34809722303,560.6832224923182,2554.7915665795404,0.0,47068.16913076785,986.3182024444848,635.8674991741133,46717.71842749748,0.0,46717.71842749748,16392.82473519553,17396.118037188015,2544.023382548855
2025-03-14,2025-03-13,2025-01-17,2025-03-13,2120.7662478001776,5493.754776627332,35069.639108685675,35395.43324686723,330.28761633190015,4.493478150343435,0.0,13657.051537250865,1.0519342977514858,365.7259088823706,14021.725511835484,0.0,14021.725511835484,18990.600888895246,12346.697044060715,12722.103418699364
2025-03-15,2025-03-14,2025-01-18,2025-03-14,5493.754776627332,10274.904547797758,36741.119205222036,37403.23566442045,664.9192658441727,2.802806645761848,0.0,14563.394527529126,0.5040847752402684,697.7819413095926,15260.672384063477,0.0,15260.672384063477,21959.4662504144,13484.13286878228,8003.777132788326
2025-03-16,2025-03-15,2025-01-19,2025-03-15,10274.904547797758,8730.601992430356,69902.1822791136,68612.07145948063,1388.1635688967551,2678.274388529723,1.6400000000001,44758.89251933432,1005.3215059924037,1506.1348776577224,45259.70589099964,8.081100000000493,45267.78699099964,18809.88669000141,16625.880518731807,3078.658354877699
2025-03-17,2025-03-16,2025-01-20,2025-03-16,8730.601992430356,7059.784809800553,65315.966746409205,61711.05124190044,874.7016339432881,4479.61713845206,0.0,39791.091540357345,1062.9853257301959,1244.8579705143632,39972.96418514151,0.0,39972.96418514151,18990.053490441205,16885.678791624203,1748.5451097500943
2025-03-18,2025-03-17,2025-01-21,2025-03-17,7059.784809800553,6939.442588971731,75810.78583668938,67125.18978169045,74.4788536816867,8760.074908680599,0.0,47819.54020933685,3060.1214692819503,127.09510512151802,44886.51384517642,0.0,44886.51384517642,20704.32839373562,16878.8139976718,2173.7170189599697
2025-03-19,2025-03-18,2025-01-22,2025-03-18,6939.442588971731,7908.336448171519,63481.94801344704,67274.23820149372,3803.4064609540274,11.116272907342136,0.0,39023.640996134214,2.6774350157571956,3488.6429416886685,42509.606502807124,0.0,42509.606502807124,22514.479543326735,17364.723956814847,2659.012164981839
2025-03-20,2025-03-19,2025-01-23,2025-03-19,7908.336448171519,2596.2491183551965,64937.62534869832,61280.277646083494,988.1052680197453,4645.452970634563,0.0,42223.245448302056,1650.4184657888432,1236.1602633425161,41808.98724585572,0.0,41808.98724585572,15520.27655525903,17352.302606594494,903.341880752292
2025-03-21,2025-03-20,2025-01-24,2025-03-20,2596.2491183551965,6131.020919439245,33628.70566125809,34001.42853676764,630.2504003409383,257.52752483139176,0.0,13165.192084237615,81.03108186295314,661.0201264842962,13745.181128858958,0.0,13745.181128858958,19077.395894299087,12271.396053406615,15161.964179208508
2025-03-22,2025-03-21,2025-01-25,2025-03-21,6131.020919439245,10783.358518518518,35841.64658306024,35935.16015600937,253.3738781032196,159.86030515407936,0.0,14273.038265825779,50.14850229555837,319.8308412858238,14542.720604816046,0.0,14542.720604816046,20285.779228395066,12244.377335828653,12012.55853010963
2025-03-23,2025-03-22,2025-01-26,2025-03-22,10783.358518518518,7811.0744141852065,68446.0575208985,62275.48293233424,299.5122407763416,6470.086829340593,0.0,43004.91919339904,1946.2199748284384,514.9123210260896,41573.61153959669,0.0,41573.61153959669,16254.426286434382,15841.140985911823,3092.477515145011
2025-03-24,2025-03-23,2025-01-27,2025-03-23,7811.0744141852065,7180.076094405269,66833.71228354593,64126.74978312322,1091.807468234088,3798.7699686567967,0.0,41156.213411240315,1034.130132063915,1552.5679736613001,41674.65125283769,0.0,41674.65125283769,20506.885276676992,17178.475561910305,2799.8429850232033
2025-03-25,2025-03-24,2025-01-28,2025-03-24,7180.076094405269,6885.776272657096,74446.92014010526,66128.49161322843,450.25156523073144,8768.68009210756,0.0,46308.6680449683,2863.7043668182773,761.350442657119,44206.31412080713,0.0,44206.31412080713,20471.701983716368,16846.94844638361,1553.6133592289975
2025-03-26,2025-03-25,2025-01-29,2025-03-25,6885.776272657096,7830.348434442088,65369.01441776783,62557.94283168797,1544.6832707265207,4355.754856806378,0.0,39723.65572214555,1247.044420709893,2005.7671295536697,40482.37843098932,0.0,40482.37843098932,21374.616301918697,16463.32425894766,2054.0959220502714
2025-03-27,2025-03-26,2025-01-30,2025-03-26,7830.348434442088,2817.8120912989466,62535.46692338493,58868.31898456118,631.9366132036151,4299.08455202737,0.0,39470.200992992264,1311.3915773840947,927.6132927396056,39086.422708347774,0.0,39086.422708347774,15012.907761393555,16671.73799555761,1810.1598187252284
2025-03-28,2025-03-27,2025-01-31,2025-03-27,2817.8120912989466,6092.018346127659,33157.300426663714,33559.76816560519,493.2838089154643,90.81606997399638,0.0,13023.093352438324,37.983821266623984,560.6613299728003,13545.770861144501,0.0,13545.770861144501,18178.42473647168,11777.738407196217,16337.201069663066
2025-03-29,2025-03-28,2025-02-01,2025-03-28,6092.018346127659,10800.0,33880.88318126288,34964.03720523308,1083.1540239701908,0.0,0.0,12902.21262185893,0.0,1136.3899834770696,14038.602605335996,0.0,14038.602605335996,20523.18676638253,12386.597792284741,19120.239047801955
2025-03-30,2025-03-29,2025-02-02,2025-03-29,10800.0,7923.73221662612,63560.56674503429,57328.58516093971,365.1951902721247,6597.176774366715,0.0,38173.50618979676,1621.902866683296,625.6319171177831,37177.235240231246,0.0,37177.235240231246,17477.71508863423,16745.590226830216,1250.840599135689
2025-03-31,2025-03-30,2025-02-03,2025-03-30,7923.73221662612,7291.368877420891,56856.42394132762,61488.69515163845,5126.419118035645,494.14790772481473,0.0,35237.630446970245,109.41464669430941,4189.586242353085,39317.80204262902,0.0,39317.80204262902,19367.299177184876,16256.639338804456,1426.6458299247029
2025-04-01,2025-03-31,2025-02-04,2025-03-31,7291.368877420891,6351.964001052558,70001.01841805087,65493.733274739265,1122.359860967337,5629.645004278935,0.0,43816.54890275336,1628.4003001935714,1606.0633162462104,43794.211918806,0.0,43794.211918806,17763.435102268086,15233.846821568655,2755.2934773731613
2025-04-02,2025-04-01,2025-02-05,2025-04-01,6351.964001052558,7563.2375091285885,68994.13663660828,68742.83310731222,1729.8363601081323,1981.1398894041738,0.0,41631.07377328961,488.23850819539814,2244.1432185114163,43386.978483605635,0.0,43386.978483605635,21644.24997847826,16441.696325298963,3104.944054132933
2025-04-03,2025-04-02,2025-02-06,2025-04-02,7563.2375091285885,2787.1464484332437,63399.374131722696,58141.81843038436,444.29561701307136,5701.8513183514,0.0,40299.803720359036,1626.0857549675889,628.5614119122421,39302.27937730369,0.0,39302.27937730369,14893.361234636752,16362.104554681588,3747.0314837625324
2025-04-04,2025-04-03,2025-02-07,2025-04-03,2787.1464484332437,5648.875914911,30839.41834503302,31242.055005544375,515.4893869414954,112.85272643014144,0.0,11890.16775799885,46.76052719632911,587.309918724389,12430.71714952691,0.0,12430.71714952691,17092.430750849206,11269.312388357881,18988.134393053046
2025-04-05,2025-04-04,2025-02-08,2025-04-04,5648.875914911,10800.0,33466.77489158009,34515.949122475286,1049.1742308951866,0.0,0.0,12991.472971317053,0.0,1072.9001253948873,14064.373096711937,0.0,14064.373096711937,20916.172725784607,12306.088231305432,13861.749644662774
2025-04-06,2025-04-05,2025-02-09,2025-04-05,10800.0,7637.61539444306,62058.96860596708,57867.16861761281,1351.5286231793943,5543.328611533654,0.0,37632.48777425292,1329.7416454016575,1845.240391658976,38147.98652051024,0.0,38147.98652051024,16703.020625463858,16375.592851626969,3129.664577109259
2025-04-07,2025-04-06,2025-02-10,2025-04-06,7637.61539444306,6275.238881225169,55705.44028959002,57881.13559084852,3354.88778872489,1179.1924874663935,0.0,33546.93921590231,262.41269634113013,3472.113912620798,36756.64043218199,0.0,36756.64043218199,18441.35508186143,16163.636478203865,2360.697703857614
2025-04-08,2025-04-07,2025-02-11,2025-04-07,6275.238881225169,6656.743063900225,67233.83520776079,61110.16066334406,408.38276659942983,6532.057311016152,0.0,40169.03628512984,1716.1204582798691,664.2014050730011,39117.11723192297,0.0,39117.11723192297,20920.30849485893,16602.096116428187,2438.7546682466523
2025-04-09,2025-04-08,2025-02-12,2025-04-08,6656.743063900225,7627.133473703862,66195.94893199015,67034.02828725755,2297.007004300886,1458.9276490334844,0.0,39949.438309391146,534.8659984751685,2332.823678095564,41747.395989011544,0.0,41747.395989011544,21802.166928122024,16786.403842955562,2883.954185424419
2025-04-10,2025-04-09,2025-02-13,2025-04-09,7627.133473703862,2794.8047112202203,57689.92778519872,56664.88109652317,2414.9756226885356,3440.0223113640927,0.0,36097.72648756308,1041.7316000985866,1816.9206763037514,36872.91556376824,0.0,36872.91556376824,15361.41532545804,16791.842299856296,3634.6701709214212
2025-04-11,2025-04-10,2025-02-14,2025-04-10,2794.8047112202203,4190.975074052733,27816.280669549546,28698.126287337043,881.8456177874941,0.0,0.0,10913.731610212772,0.0,900.4503332141301,11814.181943426902,0.0,11814.181943426902,14906.09209540093,10817.38127072549,19292.765295994934
2025-04-12,2025-04-11,2025-02-15,2025-04-11,4190.975074052733,10800.0,35319.61267557476,35035.56612485792,236.82841863249232,520.8749693493378,0.0,13559.32295624931,147.4548484153096,285.54753282186505,13697.415640655867,0.0,13697.415640655867,20605.7498913819,10742.534978666801,16147.190662142813
2025-04-13,2025-04-12,2025-02-16,2025-04-12,10800.0,7620.610363496841,57440.577823497944,56577.399373048815,565.1771053806053,1428.355555829738,0.0,35093.813763154525,308.32543482408573,751.6856799304985,35537.17400826095,0.0,35537.17400826095,17501.1438053389,17037.377155177353,1837.2742395539333
2025-04-14,2025-04-13,2025-02-17,2025-04-13,7620.610363496841,6204.515279644256,62602.901951011736,55373.486584603816,301.2986816818981,7530.714048089811,0.0,37813.685740054265,2338.559261263405,522.9461893494718,35998.07266814033,0.0,35998.07266814033,18714.178828461918,16432.97042652148,564.2463826633802
2025-04-15,2025-04-14,2025-02-18,2025-04-14,6204.515279644256,6774.438711020962,56720.15511147895,57332.341231443934,1622.5983609642612,1010.4122409992779,0.0,33282.74011091143,198.21493507768886,1803.1019834284903,34887.62715926222,0.0,34887.62715926222,20305.47745101957,15934.505647086817,2821.9405941778423
2025-04-16,2025-04-15,2025-02-19,2025-04-15,6774.438711020962,6927.769286133892,62697.512648234595,62166.0371336012,1540.664182224962,2072.139696858362,0.0,37273.01033056995,511.1070259005403,2037.9573429479556,38799.860647617366,0.0,38799.860647617366,19868.22994511193,15955.268737939025,2473.483976428294
2025-04-17,2025-04-16,2025-02-20,2025-04-16,6927.769286133892,2817.622810982651,51254.36992817084,54212.132954787536,4134.597475537448,1176.8344489207589,0.0,32026.653094513367,267.8909549947134,3020.783215266666,34779.54535478532,0.0,34779.54535478532,15705.310995606811,16420.43373407763,2058.9133432583512
2025-04-18,2025-04-17,2025-02-21,2025-04-17,2817.622810982651,4304.997511595529,27923.981459155075,28297.738356319715,414.7319725505498,40.97507538591111,0.0,10860.985059496012,16.150325963356863,404.3871859216731,11249.221919454329,0.0,11249.221919454329,14591.790675163309,10480.713216330689,17832.543714153762
2025-04-19,2025-04-18,2025-02-22,2025-04-18,4304.997511595529,10721.200453940837,33565.80317967163,34486.612055602236,920.8088759306056,0.0,0.0,12432.521852470838,0.0,875.625739188324,13308.147591659163,0.0,13308.147591659163,20581.251194212855,10896.230819201635,18016.91243059101
2025-04-20,2025-04-19,2025-02-23,2025-04-19,10721.200453940837,7204.8843232755435,53479.12258963363,54542.30457428904,2411.939019851206,1348.7570351958116,0.0,32738.303153841087,304.891079551274,2400.958435931557,34834.37051022137,0.0,34834.37051022137,16649.977108328672,16651.165975344993,2585.7485579720174
2025-04-21,2025-04-20,2025-02-24,2025-04-20,7204.8843232755435,6939.184631439212,61322.8016255649,54731.37849739974,295.480069135819,6886.903197300979,0.0,35705.23334116371,1579.1358526781964,502.5858314852696,34628.683319970776,0.0,34628.683319970776,19075.68683974404,15690.436062845374,2829.2173371677395
2025-04-22,2025-04-21,2025-02-25,2025-04-21,6939.184631439212,7669.674120969466,55106.28523342145,58977.43504908565,3871.149815664204,0.0,0.0,33027.01349932232,0.0,3714.5155654836253,36741.529064805945,0.0,36741.529064805945,20270.92830793912,15762.01138885346,2315.588813333323
2025-04-23,2025-04-22,2025-02-26,2025-04-22,7669.674120969466,7093.027992225924,51611.27934432062,56569.425334673535,4958.145990352911,0.0,0.0,31403.06944964075,0.0,4666.820378920034,36069.88982856078,0.0,36069.88982856078,18237.280552106993,15291.178763075854,2223.4068289757233
2025-04-24,2025-04-23,2025-02-27,2025-04-23,7093.027992225924,2676.378771802675,49332.503793198906,49598.29070963542,1395.001207547621,1129.2142911111073,0.0,30527.014469581936,226.01887638341583,1806.7681099367394,32107.76370313526,0.0,32107.76370313526,14075.151141571685,15375.856723053985,3808.8895911177224
2025-04-25,2025-04-24,2025-02-28,2025-04-24,2676.378771802675,3974.668288754841,27592.466535349566,27218.359650662842,35.0320781500929,409.13896283681635,0.0,10579.851873261669,120.80459275305527,35.31114580133506,10494.35842630995,0.0,10494.35842630995,15076.275563417354,11043.32264111111,21185.0490783566
2025-04-26,2025-04-25,2025-03-01,2025-04-25,3974.668288754841,10526.358922785059,33454.080060676206,33797.96968448607,343.88962380986857,0.0,0.0,12659.653688484257,0.0,320.2717609218265,12979.925449406084,0.0,12979.925449406084,20925.124455895493,11052.829238648159,23855.4808339054
2025-04-27,2025-04-26,2025-03-02,2025-04-26,10526.358922785059,6812.941727191333,49418.68080373062,51346.371307541776,2080.685909606926,152.9954057957739,0.0,30204.34196767563,50.333370200451824,1966.711078413039,32120.719675888216,0.0,32120.719675888216,16364.988874313214,16597.716464228055,3005.627714123278
2025-04-28,2025-04-27,2025-03-03,2025-04-27,6812.941727191333,6989.307090407361,65888.28323564475,64053.11949147211,1382.1814996058883,3217.345243778524,0.0,39416.859628752965,916.1935525558292,1529.6092318613262,40030.27530805846,0.0,40030.27530805846,20278.911709770065,16267.189658019328,3419.4301230547076
2025-04-29,2025-04-28,2025-03-04,2025-04-28,6989.307090407361,8446.27174274155,56831.33892769552,57426.83751978638,1328.1601600908566,732.6615680000003,0.0,33298.319013472414,125.80823562956685,1801.3835281118966,34973.894305954746,0.0,34973.894305954746,19367.426963584774,14376.347653402905,5002.544492937836
2025-04-30,2025-04-29,2025-03-05,2025-04-29,8446.27174274155,8310.368648421001,52415.3940218921,52855.312685036064,457.358940537868,17.440277393906968,0.0,31262.90510611157,10.50556467862516,330.42998275499923,31582.829524187942,0.0,31582.829524187942,18116.642151867625,14796.792927901275,1278.6090277363783
2025-05-01,2025-04-30,2025-03-06,2025-04-30,8310.368648421001,1943.3199,48744.72581551302,48461.6350375699,1691.2945260935949,1974.385304036719,1676.2656165040098,31104.368723968986,406.85899604904307,2197.0216534722585,32894.531381392204,8476.078848709069,41370.61023010127,11842.129932236374,15322.46911869036,2606.8610405278964
2025-05-02,2025-05-01,2025-03-07,2025-05-01,1943.3199,2917.5323754259257,29577.458661570643,29807.753973224208,316.1542802520048,85.85896859843925,840.6093981334955,12066.066955221959,27.138203969124056,442.77219781505585,12481.70094906789,4177.465302425195,16659.166251493087,14836.499043041917,11140.772996980619,12662.317241963074
2025-05-03,2025-05-02,2025-03-08,2025-05-02,2917.5323754259257,10027.235696444446,35242.29529024006,35494.084260832315,251.78897059226261,0.0,1218.5738449110645,13569.546690092833,0.0,311.0891127136201,13880.635802806453,5851.912834504558,19732.54863731101,20924.318535122544,10549.965024532594,17471.13294515343
2025-05-04,2025-05-03,2025-03-09,2025-05-03,10027.235696444446,7536.0697152777775,57722.77372856653,52567.591804135685,818.0877416468103,5973.269666077656,1116.8429865854237,35281.63804125002,1579.140554915053,1536.5122534896234,35239.00973982459,6492.037922031416,41731.047661856006,15453.959821234119,14759.756838249645,1255.5644744032988
2025-05-05,2025-05-04,2025-03-10,2025-05-04,7536.0697152777775,4656.534145481025,59176.595334135796,56190.28967674037,628.2944215370322,3614.600078932458,850.3118804888736,36721.79477523459,1203.8033413958033,1197.9951345990455,36715.98656843783,5404.0584681095115,42120.04503654735,16564.99532144804,16009.228223189992,1408.8276589711954
2025-05-06,2025-05-05,2025-03-11,2025-05-05,4656.534145481025,7549.307278407407,56586.521319678155,61905.88864320799,6085.03566501282,765.6683414829913,889.8646938863646,34527.31158867903,152.93636455314248,5855.284176913048,40229.65940103894,5070.269592243526,45299.92899328247,22583.647451128214,15689.258615780112,3031.2821350795834
2025-05-07,2025-05-06,2025-03-12,2025-05-06,7549.307278407407,7480.79338737037,56895.89296238683,59796.715938691064,2900.8229763042345,0.0,838.8912812112258,35313.302695769045,0.0,2599.4808461496614,37912.7835419187,5448.310049704844,43361.09359162355,20020.256415239495,16278.070198277332,1825.575052940124
2025-05-08,2025-05-07,2025-03-13,2025-05-07,7480.79338737037,2005.6772067686231,58472.01566406035,54370.78885943253,642.682289219619,4743.909093847449,354.44696715195454,36316.15737352078,1166.111197998892,1021.9572010427655,36172.00337656465,1747.9375621756396,37919.9409387403,13321.178509087498,15717.75915490245,1295.3040723994304
2025-05-09,2025-05-08,2025-03-14,2025-05-08,2005.6772067686231,3031.6189283073445,28565.607711425386,29007.70550393949,517.0816927261051,74.98390021199984,279.1626872740786,11535.47359290588,20.576642618771174,624.3228168082851,12139.219767095396,1281.8778721362978,13421.097639231695,14422.35117873118,10758.756905387407,17123.8880678698
2025-05-10,2025-05-09,2025-03-15,2025-05-09,3031.6189283073445,9924.85049927764,35553.10200291228,36028.9714077238,484.9591605482349,9.08975573671637,310.3125617717503,14249.88033272278,1.586741378226631,422.68932406733677,14670.982915411889,1490.3165374865707,16161.29945289846,20974.90137313357,10785.761698364924,14029.09901139357
2025-05-11,2025-05-10,2025-03-16,2025-05-10,9924.85049927764,6370.856596161947,58715.78566261332,56538.776279048994,828.461035406321,3005.470418970645,505.9801526014223,35882.18447476669,707.0620142308205,1220.077226515798,36395.199687051674,3470.523749138394,39865.72343619006,14905.65842143109,15272.177834163307,1927.1967610493016
2025-05-12,2025-05-11,2025-03-17,2025-05-11,6370.856596161947,6583.385803310365,55190.62827640443,57700.077903679456,3610.7049172750394,1101.2552899999998,78.78924802809092,34086.945933373965,297.31759307216663,3668.7489643312806,37458.377304633075,456.27401887080134,37914.65132350389,17500.23137706878,13983.911128992131,2331.351670297571
2025-05-13,2025-05-12,2025-03-18,2025-05-12,6583.385803310365,6656.016535577705,64887.20244211056,59391.01865528696,1132.8364030818052,6629.020189905405,94.26508775441023,38786.87554089579,1807.379185666124,1500.6132893432382,38480.109644572905,542.8349902985683,39022.94463487147,18579.800772423416,14984.270966622364,2760.5411705736565
2025-05-14,2025-05-13,2025-03-19,2025-05-13,6656.016535577705,8506.84183234335,64948.213223063256,61118.240261412255,1339.5454080489183,5169.518369699917,12.05099611319963,39002.55953813705,1496.7404063778367,1065.5081430070602,38571.32727476627,76.38185108785493,38647.70912585413,20560.40827556396,14988.187936117727,2543.9221347458806
2025-05-15,2025-05-14,2025-03-20,2025-05-14,8506.84183234335,3035.0122781552545,54426.53464402865,52450.338111280544,1380.7285650076708,3356.9250977557776,0.0,35847.726313129446,1219.4891185017686,886.5019607496481,35514.73915537733,0.0,35514.73915537733,12861.639688046995,15342.574746087354,2166.214885987572
2025-05-16,2025-05-15,2025-03-21,2025-05-15,3035.0122781552545,3652.807928312508,28903.00214521583,28136.43659129081,0.0,766.5655539250142,0.0,12205.304623106098,291.84856396040436,0.0,11913.456059145694,0.0,11913.456059145694,14061.2493206051,10833.595864548604,22193.276601900983
2025-05-17,2025-05-16,2025-03-22,2025-05-16,3652.807928312508,10452.306526931785,35746.02506840763,35649.084674476624,103.1576423775769,200.09803630858755,0.0,14769.26130122463,61.36820004940811,141.41115633557496,14849.304257510797,0.0,14849.304257510797,20886.414334898247,10798.446872510234,15112.31812875527
2025-05-18,2025-05-17,2025-03-23,2025-05-17,10452.306526931785,5786.890085599127,60934.98651877236,55589.51530835064,197.27286676341168,5542.74407718514,0.0,38054.88116863379,1576.389386826698,329.88287666690775,36808.374658474,0.0,36808.374658474,13466.388129693769,15106.649182251347,3553.608260908216
2025-05-19,2025-05-18,2025-03-24,2025-05-18,5786.890085599127,6762.0986375005405,60835.393582441306,58056.20703676401,316.0446499815825,3095.2311956588655,12.233166666666762,36610.39964001377,529.7061806707827,360.9540876146925,36441.64754695768,83.24669916666731,36524.89424612434,18525.75627650145,14128.174887254905,6155.64226418413
2025-05-20,2025-05-19,2025-03-25,2025-05-19,6762.0986375005405,5836.132971563395,58580.56258298294,58706.18295065367,1302.3156027111377,1176.6952350404003,0.0,35818.03581865324,317.7051322527786,1212.667764868874,36712.99845126933,0.0,36712.99845126933,17533.884721595612,15035.815723835869,1680.7191362272638
2025-05-21,2025-05-20,2025-03-26,2025-05-20,5836.132971563395,7521.448153921494,57512.953516040674,59630.37466906071,3000.2986616125645,882.8775085925248,0.0,35806.222523542754,198.19959506177472,2419.427801225406,38027.45072970638,0.0,38027.45072970638,19237.443794705705,14065.545809589334,3095.8614006110065
2025-05-22,2025-05-21,2025-03-27,2025-05-21,7521.448153921494,2630.7940303259415,52302.178577659244,50659.96064076769,0.5882072937470184,1642.8061441853074,0.0,33937.884102944925,507.6060793306979,0.41406852443321357,33430.69209213866,0.0,33430.69209213866,12189.484354576423,14275.071038442902,1928.9165079675026
2025-05-23,2025-05-22,2025-03-28,2025-05-22,2630.7940303259415,4029.238849812257,28477.934732151094,29481.31565213069,1080.1088841765882,76.72796419699478,0.0,11935.285557133328,39.30389965991057,1064.6344030685725,12960.616060541986,0.0,12960.616060541986,13758.01916858396,9885.395189015326,19187.742789228723
2025-05-24,2025-05-23,2025-03-29,2025-05-23,4029.238849812257,10800.0,36257.54024516897,35733.566769016856,0.0,523.9734761521161,0.0,15119.440798534315,199.17467741680588,0.0,14920.26612111751,0.0,14920.26612111751,21178.49419568267,11060.895263333994,21861.466453334844
2025-05-25,2025-05-24,2025-03-30,2025-05-24,10800.0,5113.027942731255,54361.615567791494,51553.923300738315,349.5156319200107,3157.2078989731845,0.0,34484.00266859665,682.8905420899684,430.41557756516823,34231.52770407185,0.0,34231.52770407185,10840.27916692265,13898.900976749213,6067.534927231548
2025-05-26,2025-05-25,2025-03-31,2025-05-25,5113.027942731255,5050.011734094987,58367.39435931094,60759.07578060121,2620.721690854316,229.04026956405625,0.0,35994.02047019683,127.72407916671918,2018.5824283592463,37884.87881938937,0.0,37884.87881938937,18814.4264950194,15296.400048738366,2661.216384320175
2025-05-27,2025-05-26,2025-04-01,2025-05-26,5050.011734094987,6404.161217700132,56778.71169407828,57873.001721323344,2406.1202841097843,1311.8302568647164,0.0,35309.01616530126,296.0969910694981,1525.7210239935494,36538.6401982253,0.0,36538.6401982253,18960.596511850556,14139.348639354328,3661.3865488271117
2025-05-28,2025-05-27,2025-04-02,2025-05-27,6404.161217700132,5993.572974311024,62992.67535584072,59023.25032617169,442.94204426868384,4412.367073937717,0.0,38674.63399925122,1149.8637134938558,601.5888995344712,38126.35918529184,0.0,38126.35918529184,17365.921415945326,14435.925765965923,3819.4305761922883
2025-05-29,2025-05-28,2025-04-03,2025-05-28,5993.572974311024,2667.8195971366113,58010.59079185606,58249.75281599992,2249.907274143857,2010.7452500000002,17.817433333333497,36657.03011346429,411.9589067902778,1811.1448008454288,38056.21600751943,119.80442173333444,38176.02042925277,14998.607241444111,15142.049905026706,4300.889412915847
2025-05-30,2025-05-29,2025-04-04,2025-05-29,2667.8195971366113,3683.334242206327,28468.07162091038,28560.84334772789,105.43658802830117,12.664861210795607,0.0,12558.190174090407,5.896666191448592,98.54376066634705,12650.837268565307,0.0,12650.837268565307,13320.206846653258,9875.404365226399,18519.80759963436
2025-05-31,2025-05-30,2025-04-05,2025-05-30,3683.334242206327,10704.021666666667,39097.450473680976,37562.81744751665,0.0,1534.6330261643209,0.0,15946.77183528586,451.33460237947565,0.0,15495.437232906384,0.0,15495.437232906384,20444.49439270168,10241.421776074054,18970.56328088903
2025-06-01,2025-05-31,2025-04-06,2025-05-31,10704.021666666667,3442.0410937222223,72762.47804046639,68531.94521921403,4952.675193151917,9183.208014404268,421.3662286221873,51241.13326206643,3283.491628889143,7004.009723393104,54961.65135657039,2467.862934994296,57429.51429156469,13475.112847737966,17450.623922317754,1703.9962224160063
2025-06-02,2025-06-01,2025-04-07,2025-06-01,3442.0410937222223,2472.592547537036,80593.86966812071,72551.98366409307,1766.194741932966,9808.080745960606,193.44929517732493,54458.46663537566,3285.2194884600626,3230.756492315443,54404.00363923104,1132.0260394455015,55536.02967867655,20233.685294659772,17261.788780241084,1132.7289948517018
2025-06-03,2025-06-02,2025-04-08,2025-06-02,2472.592547537036,3646.0052130925924,76483.39974368998,76903.55745608942,4731.676681730834,4311.518969331407,168.2525681634731,50487.36175665959,1184.742781127387,6708.88512121922,56011.50409675142,861.854461631599,56873.35855838302,20275.58979402019,15367.156334156358,3971.0097310557185
2025-06-04,2025-06-03,2025-04-09,2025-06-03,3646.0052130925924,3569.8068712532618,85622.82742663924,75654.04004717756,1122.2547721081346,11091.042151569798,91.88698681982885,58251.82801468982,3922.9192772322235,2004.6275753201535,56333.53631277775,636.5907087022546,56970.12702148001,20259.324806827877,16478.631601185978,2319.9730116888295
2025-06-05,2025-06-04,2025-04-10,2025-06-04,3569.8068712532618,1200.0,71247.50448068479,73706.98339932415,6784.685686908971,4325.206768269616,775.0069530358195,48261.801451389176,1200.5330190212117,9034.489385309173,56095.757817677135,3205.9855002707923,59301.74331794793,16895.097374624373,15817.85505757367,2255.430018642592
2025-06-06,2025-06-05,2025-04-11,2025-06-05,1200.0,1346.364177575495,34785.17034547325,36147.51677910407,2732.03219524299,1369.6857616121708,497.9226900060939,17222.820550118515,388.5777167215666,3886.5060570949863,20720.748890491937,1656.485598401489,22377.234488893424,14161.58154402479,11339.153290842136,2968.0158159275134
2025-06-07,2025-06-06,2025-04-12,2025-06-06,1346.364177575495,9966.413288990223,49124.60355953888,44639.88353995789,1865.6176881874126,6350.337707768401,250.7044168487211,22551.326129265228,1293.7685817948131,2533.6541619545987,23791.211709425013,482.5006169602804,24273.71232638529,23394.68319441078,11191.649187199473,1561.0407829286416
2025-06-08,2025-06-07,2025-04-13,2025-06-07,9966.413288990223,3790.1058462270644,68089.16250049564,62925.582363576665,1868.4678017469037,7032.047938665871,19.87007617229426,46888.81922266102,2089.710945856923,2331.177127919176,47130.285404723276,136.4857936832875,47266.77119840656,12137.055276495648,15389.691472448332,1013.1653690349804
2025-06-09,2025-06-08,2025-04-14,2025-06-08,3790.1058462270644,3100.495624454358,82970.04827773124,76320.76990402461,268.33099585821196,6917.609369564854,19.54470741488774,57675.44139952466,2438.366956512065,433.8586503113325,55670.933093323925,137.2359579348231,55808.16905125875,20460.745503814345,17193.85305768506,2140.709431976867
2025-06-10,2025-06-09,2025-04-15,2025-06-09,3100.495624454358,3696.156925687947,78899.4504177374,78622.3222758257,1813.6295020637822,2090.757643975488,0.5340489864252049,53836.10763260658,633.1815077703473,2381.8756016026878,55584.80172643892,3.732468366125757,55588.53419480505,22044.58529039705,17320.018914111384,2279.8457151931225
2025-06-11,2025-06-10,2025-04-16,2025-06-10,3696.156925687947,2549.5276236223367,82042.24348276785,80615.18226628256,1916.7238160599163,3343.785032545213,13.49837159583899,57753.73024919038,1568.4329914631328,2469.7091579425028,58655.006415669755,93.6615659733911,58748.66798164314,21661.057154275448,18577.42266682216,1460.5998337584374
2025-06-12,2025-06-11,2025-04-17,2025-06-11,2549.5276236223367,2043.3414892231913,80715.99267264185,77405.56967335314,286.54001816652783,3596.963017455233,0.0,56184.040441535624,1357.3974472044588,482.5833904201154,55309.22638475128,0.0,55309.22638475128,20149.354078567507,16776.544324598908,1580.3684860512085
2025-06-13,2025-06-12,2025-04-18,2025-06-12,2043.3414892231913,2665.2831395305475,35854.58849285215,35794.62199024817,334.9437820915246,394.91028469550815,0.0,17914.693062164602,127.75142618565249,536.0626981924426,18323.004334171394,0.0,18323.004334171394,13962.366854265074,10749.769666678092,4236.711102661182
2025-06-14,2025-06-13,2025-04-19,2025-06-13,2665.2831395305475,10800.0,45350.09519553362,43595.84067492276,566.305583446702,2320.5601040575634,0.0,22679.16009020041,583.172592707117,984.1449651674532,23080.132462660746,0.0,23080.132462660746,21877.864610373283,10399.825159979851,5924.458474529326
2025-06-15,2025-06-14,2025-04-20,2025-06-14,10800.0,4002.996669309902,69978.04346731139,70469.43394752636,983.7544650261749,492.36398481120466,0.0,50003.67507712678,262.8743183296664,858.1074308402685,50598.90818963739,0.0,50598.90818963739,15037.303900326366,18297.51915688545,3102.674870752102
2025-06-16,2025-06-15,2025-04-21,2025-06-15,4002.996669309902,4221.645126028095,80719.20268910697,79806.16581458166,1338.322259956767,2251.359134482067,0.0,56391.657183003656,1056.373804348088,1352.5441537897368,56687.82753244531,0.0,56687.82753244531,21759.31207176853,17428.259167086137,2781.0600932325997
2025-06-17,2025-06-16,2025-04-22,2025-06-16,4221.645126028095,4275.177513822615,83143.63378087989,81802.9462045014,1033.2483699671586,2373.935946345653,5.6254953046561695,58169.4514411562,1100.5268533309343,1169.7292608303744,58238.65384865564,40.81015568762818,58279.46400434327,22505.65901142552,18181.404650239598,2847.306121953466
2025-06-18,2025-06-17,2025-04-23,2025-06-17,4275.177513822615,3254.3631000899813,82279.5009176868,77696.17405567506,177.3430485284694,4760.66991054022,2.3047035841362913,57553.24519141004,2030.544996497793,164.92614720594906,55687.626342118194,16.258531434289466,55703.884873552495,18848.77459772359,16186.24039651548,4107.5536580510725
2025-06-19,2025-06-18,2025-04-24,2025-06-18,3254.3631000899813,2697.4700308624956,78124.49908082081,75922.51080842839,2893.7984457744406,5095.786718166857,30.32339166666668,53055.86579715746,1748.5905339948254,3606.669332358558,54913.9445955212,206.5477823375001,55120.492377858696,20539.98164574687,17138.588895359702,4291.937249707885
2025-06-20,2025-06-19,2025-04-25,2025-06-19,2697.4700308624956,2768.030122407368,35651.482339445975,34518.17088530786,0.0,1133.3114541381137,0.0,18803.503993759085,475.1055149039583,0.0,18328.398478855124,0.0,18328.398478855124,11717.170027516606,9427.403639898064,9827.823647689322
2025-06-21,2025-06-20,2025-04-26,2025-06-20,2768.030122407368,10800.0,44745.104399277814,44196.65486227718,0.0,548.4495370006307,0.0,22023.743707492835,200.98016647433323,0.0,21822.763541018503,0.0,21822.763541018503,20754.940638545955,9582.729027388852,13689.702851120084
2025-06-22,2025-06-21,2025-04-27,2025-06-21,10800.0,3730.0737526283497,69720.72105402606,67202.78793596035,1619.069388334225,4137.002506399926,0.0,49411.7846412817,1413.9709391122738,2065.7742059576667,50063.5879081271,0.0,50063.5879081271,12862.890693152061,16781.875084087656,3664.431226895948
2025-06-23,2025-06-22,2025-04-28,2025-06-22,3730.0737526283497,3629.1969451601726,78358.94192386851,73865.27176354622,0.0,4493.670160322288,0.0,53967.97458154011,1802.2224773447908,0.0,52165.75210419532,0.0,52165.75210419532,20510.036214971602,16703.918460848363,2997.8680094229762
2025-06-24,2025-06-23,2025-04-29,2025-06-23,3629.1969451601726,4740.517227731987,90871.16306371092,85244.50722081069,0.0,5626.655842900234,0.0,64934.931764237175,2419.236586781879,0.0,62515.695177455294,0.0,62515.695177455294,23679.355784104217,18180.089930809783,3476.4491175162484
2025-06-25,2025-06-24,2025-04-30,2025-06-24,4740.517227731987,3669.8160518686705,79600.66550729367,77171.97359551367,1788.5166583396926,4217.208570119701,0.0,54500.05539758298,1589.6182955093645,2060.6499922832963,54971.08709435692,0.0,54971.08709435692,18886.47633848572,16261.676892450425,4109.752782811702
2025-06-26,2025-06-25,2025-05-01,2025-06-25,3669.8160518686705,2891.2722035087563,76640.02349057994,74346.20428568684,225.87629116766627,2519.6954960607636,5.302596933648374,52183.16518809088,1028.297352239997,263.88476604999187,51418.75260190088,37.13673762480639,51455.88933952569,18900.073359996975,16009.74888512147,3913.7985744116486
2025-06-27,2025-06-26,2025-05-02,2025-06-26,2891.2722035087563,3210.1516537461816,37618.80059169124,34758.681767898546,0.0,2860.118823792686,0.0,19273.49283313834,1014.3924357383804,0.0,18259.10039739996,0.0,18259.10039739996,12313.911068956199,9687.276460640835,12360.401292916515
2025-06-28,2025-06-27,2025-05-03,2025-06-27,3210.1516537461816,10800.0,45177.31813107288,43928.97844778078,0.0,1248.3396832921017,0.0,22569.77369383443,520.0019289510248,0.0,22049.771764883408,0.0,22049.771764883408,20688.36245119514,9926.71007383963,11390.3999537586
2025-06-29,2025-06-28,2025-05-04,2025-06-28,10800.0,4202.501448625284,68664.12054067058,69969.84198964482,3695.506018436897,2389.784569462662,0.0,48685.43845333959,902.414308556235,4504.377316192526,52287.40146097589,0.0,52287.40146097589,13063.672778451368,16519.323646782846,4157.724324642964
2025-06-30,2025-06-29,2025-05-05,2025-06-29,4202.501448625284,2815.247470241179,81144.86469828303,76463.67127369676,0.0,4681.1934245862585,10.479597243118064,55969.38855721464,1955.4029364895864,0.0,54013.985620725056,74.21887462324155,54088.2044953483,18657.281215065894,16360.926364749075,4300.112037289721
2025-07-01,2025-06-30,2025-05-06,2025-06-30,2815.247470241179,2478.2274691624107,73752.9414807483,84768.9502642627,13075.024252403302,2059.015468888888,0.0,54499.98925641236,562.4314875991109,17982.81758411877,71920.37535293202,0.0,71920.37535293202,18844.156970204196,15567.085146836294,2625.334407561463
2025-07-02,2025-07-01,2025-05-07,2025-07-01,2478.2274691624107,2146.093317370847,70070.35936405823,79596.72538002243,11615.095048186431,2088.7290322222225,43.96146432724072,52583.32717159526,544.329877706889,13798.18006799178,65837.17736188015,377.38446949874753,66214.5618313789,17703.67983781099,14638.901405239305,3671.1420451113263
2025-07-03,2025-07-02,2025-05-08,2025-07-02,2146.093317370847,1974.5746390441006,78685.91359369631,88209.13510167407,12236.138001311097,2712.916493333333,204.5426880093772,59036.145271464135,757.4735508365555,16746.260646045153,75024.93236667273,719.4027225150519,75744.33508918778,18582.99420860221,15206.592119461862,5276.856767209773
2025-07-04,2025-07-03,2025-05-09,2025-07-03,1974.5746390441006,2220.2042110243697,35140.860153270616,41236.693076350755,6095.832923080137,0.0,1359.1038076163454,20383.358770708153,0.0,7473.47941302457,27856.838183732725,2928.5842244828555,30785.422408215585,12385.91564999516,9811.525061713839,11140.538829019108
2025-07-05,2025-07-04,2025-05-10,2025-07-04,2220.2042110243697,9354.984102495746,44824.234127855845,49574.5697798512,4750.335651995356,0.0,937.4110983555552,24251.93786805375,0.0,6191.346978504143,30443.284846557894,2180.1143745579993,32623.39922111589,21402.705519366664,10914.88956836276,11234.08496053619
2025-07-06,2025-07-05,2025-05-11,2025-07-05,9354.984102495746,1979.5455053182316,66174.60248210911,80568.57300659298,16458.326121061375,2064.355596577502,30.85002040762481,52091.781959766806,563.2525343867833,20681.141421214415,72209.67084659444,264.8333684247731,72474.50421501922,12725.2964933839,16945.384897100725,5025.5298807174295
2025-07-07,2025-07-06,2025-05-12,2025-07-06,1979.5455053182316,3543.2064735012295,77104.10711262308,84067.53435424244,9001.468714732095,2038.041473112752,20.2981708280505,56854.81194104155,523.3500532103071,11638.886314302752,67970.34820213399,171.05268556798157,68141.40088770198,20257.545179935318,15001.316724382908,5422.1213028513985
2025-07-08,2025-07-07,2025-05-13,2025-07-07,3543.2064735012295,2883.951421160726,84146.07242273526,81828.73322581715,1793.7261644618302,4111.065361379927,18.47515625360802,62758.03397781383,1152.2313993587218,2993.657160864479,64599.45973931959,155.13588706154655,64754.59562638114,19597.90755106831,16467.634663471785,3145.5484778075806
2025-07-09,2025-07-08,2025-05-14,2025-07-08,2883.951421160726,2396.082984510478,84287.67008755475,80051.51017570464,1179.0964751597858,5415.2563870098975,37.30733642181292,62283.41107331593,1666.6666171826462,2064.072689565049,62680.81714569833,320.33579856791533,63001.15294426625,18955.948262130147,15793.399685310646,2867.543918640282
2025-07-10,2025-07-09,2025-05-15,2025-07-09,2396.082984510478,2074.5797570189616,78007.62981043415,78165.60527318821,2345.1934729371806,2187.21801018314,33.191880573366575,58842.72240467301,631.6283832007796,2728.108527985655,60939.202549457885,284.91583169611465,61224.118381153996,20191.908939442277,16644.79914569061,1798.063976676578
2025-07-11,2025-07-10,2025-05-16,2025-07-10,2074.5797570189616,3112.0200173408875,43647.628627078,43541.18086451288,779.3340120569363,885.7817746220551,0.0,25741.299474048217,281.8454767749945,1101.0318483100405,26560.48584558326,0.0,26560.48584558326,14504.717193326003,10815.12469230433,7332.811213491204
2025-07-12,2025-07-11,2025-05-17,2025-07-11,3112.0200173408875,10040.981868569788,49818.53513550431,51883.30866294315,2064.773527438839,0.0,0.0,27806.938066278934,0.0,2418.3657961252475,30225.30386240418,0.0,30225.30386240418,23298.966438160067,12636.097148803645,10136.196040253393
2025-07-13,2025-07-12,2025-05-18,2025-07-12,10040.981868569788,3368.820644244539,76955.81683188115,67979.98318943026,48.87162028467196,9024.705262735572,47.00370366396544,58637.434072312986,3251.2768958537185,121.40511192723878,55507.5622883865,393.8164793582297,55901.37876774473,12701.025844646045,16292.776036056019,2351.0166845041945
2025-07-14,2025-07-13,2025-05-19,2025-07-13,3368.820644244539,2969.3969281929844,79643.17779014833,77778.18919782882,2066.966395993581,3931.9549883130853,0.0,58221.385140213744,1012.1497021969707,3101.7235282854704,60310.95896630224,0.0,60310.95896630224,18642.57076852327,15459.963666950243,2787.9028795891213
2025-07-15,2025-07-14,2025-05-20,2025-07-14,2969.3969281929844,3706.660559054107,88118.24132822864,79245.45335070166,0.0,8872.787977526981,0.0,65196.44636314187,3345.3164061438483,0.0,61851.129956998026,0.0,61851.129956998026,19984.647295205075,15524.0270413411,2035.7825135043563
2025-07-16,2025-07-15,2025-05-21,2025-07-15,3706.660559054107,2820.741787950182,82931.9291803171,78295.27472386448,0.731501539815099,4637.385957992452,29.819372348963725,63055.36085463634,1798.9658423073756,1.7507757853934578,61258.14578811435,250.59721643255313,61508.7430045469,17929.374591275915,15320.120312927025,3581.2764345312053
2025-07-17,2025-07-16,2025-05-22,2025-07-16,2820.741787950182,2637.183746681029,82071.73884518596,79907.36872731996,1309.1818075036867,3473.5519253696757,11.432396447548854,61395.54821243428,1259.8356284586284,1537.0330511300467,61672.745635105704,96.27792668303267,61769.02356178874,20476.400441812082,16751.086595010027,3473.0712102987814
2025-07-18,2025-07-17,2025-05-23,2025-07-17,2637.183746681029,2945.0885407640676,46579.43530168392,42841.120069685494,0.0,3738.3152319984238,0.0,27231.892801495174,1293.0795853850038,0.0,25938.81321611017,0.0,25938.81321611017,13142.086115642676,10367.975438995834,8792.761293038653
2025-07-19,2025-07-18,2025-05-24,2025-07-18,2945.0885407640676,9493.073784573422,54786.1133134015,51410.0268762013,0.0,3376.086437200198,0.0,31034.736198974813,1159.1071858933826,0.0,29875.62901308143,0.0,29875.62901308143,20657.305654306565,10839.230860559903,14409.133032454643
2025-07-20,2025-07-19,2025-05-25,2025-07-19,9493.073784573422,3374.383348301692,80908.44088677816,73288.49953896113,0.0,7619.941347817034,0.0,60821.06486523131,2616.560540714221,0.0,58204.5043245171,0.0,58204.5043245171,12455.352573059161,15595.656976822474,4338.825726057772
2025-07-21,2025-07-20,2025-05-26,2025-07-20,3374.383348301692,3531.325186351215,88882.999559887,82997.22767781992,0.0,5885.771882067083,1.2075756511204645,66830.1412830432,2287.8507849270086,0.0,64542.290498116185,10.455793775226542,64552.74629189141,20088.805329563045,16130.684662701495,5050.565236609494
2025-07-22,2025-07-21,2025-05-27,2025-07-21,3531.325186351215,3005.00697531229,86379.76185400784,82947.12559390342,1052.1032940745308,4484.73955417895,2.5424729184514945,64935.400275052016,1935.8040421061687,803.1680917544477,63802.764324700285,21.686022757932022,63824.450347458216,18598.145449083662,15538.184203692801,6094.562204764348
2025-07-23,2025-07-22,2025-05-28,2025-07-22,3005.00697531229,3039.658230442416,97028.72841434437,82984.51322709909,0.0,14044.21518724529,13.440469127839265,72688.90811342254,5473.427518737559,0.0,67215.48059468498,115.00337409235667,67330.48396877733,20780.495034594154,16801.01484840415,4801.92639337025
2025-07-24,2025-07-23,2025-05-29,2025-07-23,3039.658230442416,3553.006695589841,96142.48079580472,82968.6582828995,0.0,13173.822512905232,0.0,72827.09765480182,5210.436831643456,0.0,67616.66082315837,0.0,67616.66082315837,19520.616968303097,15349.686125692826,5181.255440289221
2025-07-25,2025-07-24,2025-05-30,2025-07-24,3553.006695589841,3200.807211911332,45112.01253996876,42656.08055174841,0.0,2455.9319882203536,0.0,26732.164412308117,1116.376558189139,0.0,25615.78785411898,0.0,25615.78785411898,13440.239620480086,11203.573627899526,13914.094992501186
2025-07-26,2025-07-25,2025-05-31,2025-07-25,3200.807211911332,9239.551516511794,53449.8302323868,51218.24953915177,0.0,2231.5806932350206,0.0,30401.886797072755,931.2623372985452,0.0,29470.624459774204,0.0,29470.624459774204,20700.808885766455,11332.785323330416,13381.134410049068
2025-07-27,2025-07-26,2025-06-01,2025-07-26,9239.551516511794,3318.724867230101,81270.180519129,74584.3644480962,259.67237003999844,6945.4884410727955,0.0,61841.831798758365,2598.52189533463,317.2635520778818,59560.573455501624,0.0,59560.573455501624,13515.255576561587,16276.101001368399,3660.020072903018
2025-07-28,2025-07-27,2025-06-02,2025-07-27,3318.724867230101,3766.808489208372,91781.06825376456,86695.72537566174,0.0,5085.3428781028215,0.0,68743.68450663086,2371.2276928274396,0.0,66372.45681380342,0.0,66372.45681380342,21182.20467245089,16754.31052490478,4312.953994782303
2025-07-29,2025-07-28,2025-06-03,2025-07-28,3766.808489208372,3156.7461795129752,88535.11500974791,84808.27957002731,0.0,3726.8354397205976,5.3674966458569315,66331.45585448713,1836.7077294870567,0.0,64494.74812500007,46.95754440627937,64541.70566940635,18826.599772360645,15798.601894337982,5716.403238650488
2025-07-30,2025-07-29,2025-06-04,2025-07-29,3156.7461795129752,3499.2620206371544,82218.53811589093,83257.8533831065,2552.9527362726167,1513.63746905704,0.0,62547.20134276852,898.3559447984878,2705.1358554038443,64353.98125337388,0.0,64353.98125337388,19979.18520899098,15874.87576227093,5050.289886386458
2025-07-31,2025-07-30,2025-06-05,2025-07-30,3499.2620206371544,3044.542960137877,85949.82050344157,82536.46125921837,0.0,3413.3592442231975,0.0,63873.01028456925,1711.0019063110194,0.0,62162.00837825823,0.0,62162.00837825823,20947.618902450606,17376.818465434342,4270.66455553545
2025-08-01,2025-07-31,2025-06-06,2025-07-31,3044.542960137877,3477.1575054013824,45550.99216907591,42493.17670140757,0.0,3057.8154676683444,0.0,26839.355390445442,1274.1873393926437,0.0,25565.16805105279,0.0,25565.16805105279,13468.903439747195,10520.458695458072,18293.372290451778
2025-08-02,2025-08-01,2025-06-07,2025-08-01,3477.1575054013824,9601.548903408418,54978.411241085254,50596.26467379603,0.0,4382.146567289223,0.0,30543.827328454685,1629.3792704919135,0.0,28914.448057962774,0.0,28914.448057962774,20493.307125388965,11087.626513358733,20263.559128432466
2025-08-03,2025-08-02,2025-06-08,2025-08-02,9601.548903408418,2415.555475700634,67941.05515294126,63914.06309729924,0.0,4026.992055642023,73.97146257108977,51857.74979705765,1647.3708836933824,0.0,50210.37891336428,616.8281276762817,50827.20704104056,11221.650674505243,15556.931131286257,5483.83503331801
2025-08-04,2025-08-03,2025-06-09,2025-08-03,2415.555475700634,3157.199058308628,81193.16507359053,74311.0930119998,0.0,6882.0720615907285,0.0,60165.32851464374,2670.6895158662464,0.0,57494.63899877749,0.0,57494.63899877749,18745.263358627046,14516.184096140714,4666.358666180129
2025-08-05,2025-08-04,2025-06-10,2025-08-04,3157.199058308628,2700.8045175929183,78705.1400509808,72434.56355454645,0.0,6270.576496434348,7.296438300103432,58078.83027413061,2449.954386702719,0.0,55628.875887427894,59.37841488624173,55688.25430231413,17768.12088607725,14802.933004366714,4324.362377802689
2025-08-06,2025-08-05,2025-06-11,2025-08-05,2700.8045175929183,2729.3855009947674,86951.03594133709,76201.53426731298,0.0,10749.501674024104,0.0,65849.04043209767,4494.161348224466,0.0,61354.8790838732,0.0,61354.8790838732,18502.678725293634,14961.446882426178,4545.9031577788555
2025-08-07,2025-08-06,2025-06-12,2025-08-06,2729.3855009947674,2660.9433347185245,88297.97840473833,73650.56971233341,0.0,14647.408692404908,8.901885987579135,62981.27570952473,4394.81862458157,0.0,58586.45708494316,77.54432883780184,58664.00141378096,18602.20543367263,15129.384350923454,6798.665265571818
2025-08-08,2025-08-07,2025-06-13,2025-08-07,2660.9433347185245,2878.7823318637634,44460.77179208666,42352.63635367485,0.0,2108.135438411819,0.0,25234.641493376443,1016.4117509461998,0.0,24218.229742430245,0.0,24218.229742430245,12965.647892789355,10306.119695728663,23917.93690661415
2025-08-09,2025-08-08,2025-06-14,2025-08-08,2878.7823318637634,8837.2916238618,51821.988613119596,49428.18063480653,0.0,2393.80797831306,0.0,28891.426728132283,1087.1811964824624,0.0,27804.245531649816,0.0,27804.245531649816,21255.335319196194,11854.16324575069,21105.07956136103
2025-08-10,2025-08-09,2025-06-15,2025-08-09,8837.2916238618,3320.831138004618,75534.66808188194,66038.92028527975,0.0,9495.747796602205,0.941546887855452,58104.47623565532,3610.3505902392276,0.0,54494.12564541609,7.728216855517551,54501.85386227161,11534.19633175415,14307.513465992324,3508.559916405777
2025-08-11,2025-08-10,2025-06-16,2025-08-10,3320.831138004618,3003.142966240387,79985.43922570386,74096.43744570436,0.0,5889.0017799994785,59.65607040243094,57080.04953493867,1927.2850381581393,0.0,55152.764496780524,496.9982190723478,55649.76271585288,19081.248147673636,15741.730354203457,6255.322389303288
2025-08-12,2025-08-11,2025-06-17,2025-08-11,3003.142966240387,2575.582651361397,85491.14817728358,75360.84011361189,0.0,10130.308063671702,19.996385459509952,62504.588720870786,3390.029907483816,0.0,59114.55881338697,167.00981135782712,59281.568624744796,17504.069933454914,14563.100929489578,4679.323845106058
2025-08-13,2025-08-12,2025-06-18,2025-08-12,2575.582651361397,2913.4884984452524,78306.09157227333,74554.00317933064,0.0,3752.0883929427027,34.68645123789338,56873.454788686046,1361.720001427435,0.0,55511.73478725862,290.7623541389916,55802.49714139761,18279.027651053744,14501.897134978062,4690.579664492851
2025-08-14,2025-08-13,2025-06-19,2025-08-13,2913.4884984452524,2465.013038590567,79413.26429540163,73964.60662202051,0.0,5448.6576733811235,46.96466379784397,58650.21198864037,2342.768356068671,0.0,56307.44363257169,402.0370884042103,56709.4807209759,19452.822633298143,16160.414246840712,4792.871916027597
2025-08-15,2025-08-14,2025-06-20,2025-08-14,2465.013038590567,2368.2987980734647,45412.57153238783,41658.55112538901,0.0,3754.020406998825,0.0,26265.56604369584,1573.034340384098,0.0,24692.53170331174,0.0,24692.53170331174,12851.101166711835,10496.434761501976,22144.157836845814
2025-08-16,2025-08-15,2025-06-21,2025-08-15,2368.2987980734647,9436.223053650134,55087.840362268864,49629.52919656884,0.0,5458.311165700023,0.0,30868.86175771709,1969.2999225413014,0.0,28899.561835175788,0.0,28899.561835175788,21372.372052441016,10950.489532458221,22278.366309919384
2025-08-17,2025-08-16,2025-06-22,2025-08-16,9436.223053650134,2567.385548211855,76000.16726746192,64881.30057374647,0.0,11118.86669371546,88.74677383312758,55891.25777046403,3340.8313397398806,0.0,52550.42643072414,739.6467415069569,53290.0731722311,11261.429156709419,15303.711371829077,5846.935946032589
2025-08-18,2025-08-17,2025-06-23,2025-08-17,2567.385548211855,2742.323442172677,80866.95832377009,73613.78065148683,0.0,7253.177672283258,113.0472167718898,59363.914348350314,2805.9169047061296,0.0,56557.997443644184,955.7843544407847,57513.781798084965,19644.36072388047,15754.488081778438,5442.839609490028
2025-08-19,2025-08-18,2025-06-24,2025-08-18,2742.323442172677,2497.0143911586456,79166.22754155025,72415.99317991472,0.0,6750.234361635527,114.83653066892657,58234.80685556968,2434.8192995295476,0.0,55799.98755604014,979.3311319901934,56779.31868803033,17828.12826176248,14661.562037940235,5046.60343676141
2025-08-20,2025-08-19,2025-06-25,2025-08-19,2497.0143911586456,2429.415753941086,88494.38321905033,77337.5069133343,0.0,11156.876305716043,67.75288898585632,64207.76149996405,3886.8992469420978,0.0,60320.86225302195,571.8944064195671,60892.756659441526,20849.38759486532,16948.842725336715,2854.0238661248804
2025-08-21,2025-08-20,2025-06-26,2025-08-20,2429.415753941086,2429.2616468845813,84112.7901822433,72725.57265313217,0.0,11387.217529111142,13.865767328431843,60773.29997037399,3797.2137835697677,0.0,56976.086186804234,113.72009074413378,57089.80627754836,18233.599806656475,14769.354539742599,3430.77467021339
2025-08-22,2025-08-21,2025-06-27,2025-08-21,2429.2616468845813,2241.1492520626075,44727.479025334746,41831.97702303006,0.0,2895.5020023046854,0.0,25959.025452736292,1175.4920768932604,0.0,24783.533375843035,0.0,24783.533375843035,13064.90518569311,10751.874355751195,18288.376793088144
2025-08-23,2025-08-22,2025-06-28,2025-08-22,2241.1492520626075,10000.733937860636,52472.47219014306,51350.293038397576,0.0,1122.1791517454822,0.0,28250.994999634873,538.6962097643378,0.0,27712.29878987054,0.0,27712.29878987054,20967.941630846828,10000.406503767706,17852.751761318454
2025-08-24,2025-08-23,2025-06-29,2025-08-23,10000.733937860636,2797.13571901929,70855.95841222187,64708.21023325927,0.0,6147.748178962597,0.0,54895.60601380881,2188.191808548101,0.0,52707.414205260706,0.0,52707.414205260706,11906.770723233401,16127.722682776264,5195.572709468798
2025-08-25,2025-08-24,2025-06-30,2025-08-24,2797.13571901929,2598.45235318944,100701.34680763975,79020.80715684422,0.0,21680.539650795512,15.718051063976873,73370.64944999883,8077.992891052652,0.0,65292.656558946175,131.33050588841394,65423.98706483459,19986.80887188818,16368.13021547629,4644.759534829653
2025-08-26,2025-08-25,2025-07-01,2025-08-25,2598.45235318944,2964.1064863149622,79097.14937446715,73603.80616046657,0.0,5493.343214000581,0.0,58502.434891439974,2274.032970480824,0.0,56228.40192095915,0.0,56228.40192095915,19746.66126600518,15665.706905651228,3994.03341677929
2025-08-27,2025-08-26,2025-07-02,2025-08-26,2964.1064863149622,2945.7794577268164,80116.94114579531,77642.86304664158,62.54927810108825,2536.6273772548125,25.056440778054707,58682.322402270765,1017.8793153389854,66.56806921908316,57731.01115615086,205.00807733916093,57936.01923349002,19150.389471300856,15528.309797483027,6131.69094693514
2025-08-28,2025-08-27,2025-07-03,2025-08-27,2945.7794577268164,2664.7647260684016,78130.83390596198,78193.62801714157,1211.7392234161102,1148.9451122365153,25.736144807935716,57024.12868198041,595.6661090667765,1369.3670157508186,57797.82958866445,216.9925669969753,58014.82215566142,20176.20539996428,16595.63963246364,3871.0034111155273
2025-08-29,2025-08-28,2025-07-04,2025-08-28,2664.7647260684016,2229.8943950538696,45616.861532094,42907.19123382137,0.0,2709.6702982726224,0.0,26044.779117256123,1142.1840682883014,0.0,24902.59504896782,0.0,24902.59504896782,13443.031883662687,11280.239123679858,18189.178123838545
2025-08-30,2025-08-29,2025-07-05,2025-08-29,2229.8943950538696,9863.078311557627,53785.69457710584,51026.6577448357,0.0,2759.036832270147,0.0,29696.015948114276,1021.092406168932,0.0,28674.923541945343,0.0,28674.923541945343,21883.378577603093,10855.671123005124,21486.23045690439
2025-08-31,2025-08-30,2025-07-06,2025-08-30,9863.078311557627,2697.8772007445523,68603.89336640373,64840.03529388416,0.0,3763.858072519578,20.572253587815,51967.730618738344,1658.09579160478,0.0,50309.63482713356,171.56230879558316,50481.19713592915,13827.268003473584,17648.76808254537,2035.484543210428
2025-09-01,2025-08-31,2025-07-07,2025-08-31,2697.8772007445523,4951.419032844841,85986.25598627143,67503.55771378103,0.0,18482.698272490383,0.0,54958.67893797436,5856.126860610925,0.0,49102.552077363434,0.0,49102.552077363434,19389.29083069878,13677.137923975757,8217.270273724671
2025-09-02,2025-09-01,2025-07-08,2025-09-01,4951.419032844841,4885.498718108273,73178.7007914687,64636.609655106025,0.0,8542.091136362673,0.0,47843.64320733419,2916.5480057109335,0.0,44927.09520162326,0.0,44927.09520162326,18839.12755204286,15319.021600417627,7058.747853480791
2025-09-03,2025-09-02,2025-07-09,2025-09-02,4885.498718108273,5179.837330207643,78309.83899802098,66851.38610842591,0.0,11458.452889595064,0.0,52387.8393627055,3788.2183128004317,0.0,48599.621049905065,0.0,48599.621049905065,17204.138897759287,13670.44775629559,7769.977716962225
2025-09-04,2025-09-03,2025-07-10,2025-09-03,5179.837330207643,4555.724466558528,75235.91339688862,65295.22625446222,0.0,9940.687142426406,0.0,50752.346876975455,3679.92958348294,0.0,47072.417293492515,0.0,47072.417293492515,17711.430240281235,14907.960071912008,8566.190536092996
2025-09-05,2025-09-04,2025-07-11,2025-09-04,4555.724466558528,4251.788893713123,40144.577240652885,35479.48716191059,0.0,4665.090078742289,0.0,20347.90416291023,1973.778966776844,0.0,18374.125196133384,0.0,18374.125196133384,13672.166311676778,11347.996728019056,26331.0559115862
2025-09-06,2025-09-05,2025-07-12,2025-09-05,4251.788893713123,10800.0,49153.688719639744,44757.9336998644,0.0,4395.755019775339,0.0,23468.844763281304,1743.9962349766367,0.0,21724.84852830467,0.0,21724.84852830467,20199.042269409594,10467.834242563582,27305.64197301839
2025-09-07,2025-09-06,2025-07-13,2025-09-06,10800.0,4722.532487719795,64519.220426385466,59389.985663506784,0.0,5129.234762878686,0.0,44283.15000340417,2123.9945188104366,0.0,42159.155484593735,0.0,42159.155484593735,13237.715852730675,16192.27060176403,7383.55679587347
2025-09-08,2025-09-07,2025-07-14,2025-09-07,4722.532487719795,4450.886134896129,75257.48800357163,67777.7250130112,0.0,7479.762990560435,0.0,49335.71845971704,2162.0001694766916,0.0,47173.71829024035,0.0,47173.71829024035,18335.171183112067,15095.970375862074,5142.954672427864
2025-09-09,2025-09-08,2025-07-15,2025-09-08,4450.886134896129,4269.841760285443,64102.797006706634,62180.581308216824,0.0,1922.2156984898115,0.0,43055.0025869982,745.9979129508994,0.0,42309.004674047304,0.0,42309.004674047304,18535.242042259404,15176.485991379735,5718.990990670486
2025-09-10,2025-09-09,2025-07-16,2025-09-09,4269.841760285443,4261.969684125007,77092.01587359229,70304.97163500341,259.6083802217572,7046.652618810647,98.18388236769131,50661.086654947554,2254.815213029059,269.23725963130994,48675.5087015498,517.5832550770556,49193.09195662686,20921.27929800837,16953.321099931167,5119.198669293906
2025-09-11,2025-09-10,2025-07-17,2025-09-10,4261.969684125007,3562.94598127634,75121.96756491068,62284.65011188798,0.0,12837.317453022699,0.0,48972.45016811248,3740.2664494132305,0.0,45232.183718699256,0.0,45232.183718699256,18607.754034321533,15701.402100364241,5882.212394597364
2025-09-12,2025-09-11,2025-07-18,2025-09-11,3562.94598127634,3795.6156451017264,36782.50483240685,35332.135391938995,0.0,1450.3694404678565,0.0,18177.133323365095,705.8625644939757,0.0,17471.27075887112,0.0,17471.27075887112,13307.318481519163,10569.525272587674,21042.685983007505
2025-09-13,2025-09-12,2025-07-19,2025-09-12,3795.6156451017264,10800.0,45504.29968402963,43387.51606499929,0.0,2116.783619030341,0.0,21019.01063112002,871.8313202546317,0.0,20147.179310865387,0.0,20147.179310865387,20908.337006791036,10631.807056092293,25103.884630967215
2025-09-14,2025-09-13,2025-07-20,2025-09-13,10800.0,3905.540063527967,72551.83174421125,61211.98192332673,0.0,11339.849820884518,0.0,49551.346326990446,4001.8851512241117,0.0,45549.46117576633,0.0,45549.46117576633,12660.484382834056,16460.006292920414,4912.179083413086
2025-09-15,2025-09-14,2025-07-21,2025-09-14,3905.540063527967,3269.757020225703,61955.3029229799,61874.99494620091,230.14924442178102,310.4572212007702,60.547132089140106,41661.62356177479,193.08188309605166,258.34170827030755,41726.88338694904,312.2052392539431,42039.08862620298,20379.077828759462,17079.25778026721,3568.6913964644627
2025-09-16,2025-09-15,2025-07-22,2025-09-15,3269.757020225703,2327.851858038198,75827.83730867706,67500.88112465269,21.3117587300909,8348.267942754472,0.0,49739.22967583515,2570.268183315351,31.737471100851373,47200.69896362064,0.0,47200.69896362064,18510.18125146848,15840.961459658225,5339.891349509095
2025-09-17,2025-09-16,2025-07-23,2025-09-16,2327.851858038198,3140.4617515477157,73163.69201187114,68116.64009664659,221.16190499824677,5268.213820222811,7.62916666666672,48054.29845485925,1866.9826386007549,226.78974922503093,46414.10556548352,38.19542291666694,46452.300988400195,21101.12919361784,16360.565742671883,3423.58741236729
2025-09-18,2025-09-17,2025-07-24,2025-09-17,3140.4617515477157,2215.6446148272935,63327.80270275906,66967.75440918368,4636.662047194473,996.7103407698532,0.0,41901.36063939355,365.53244940117304,3514.173925965644,45050.00211595802,0.0,45050.00211595802,19074.973919702552,16283.06429800745,5219.793670821907
2025-09-19,2025-09-18,2025-07-25,2025-09-18,2215.6446148272935,3238.069028861486,35094.73536048682,34272.1286204919,0.0,822.6067399949188,0.0,16888.75489093706,333.63543368569043,0.0,16555.11945725137,0.0,16555.11945725137,14722.65968534292,11005.172372496992,14453.288990979307
2025-09-20,2025-09-19,2025-07-26,2025-09-19,3238.069028861486,10800.0,44149.77966465322,43078.13649868898,0.0,1071.643165964234,0.0,19610.4660614512,389.0994920250854,0.0,19221.366569426114,0.0,19221.366569426114,22612.448821749887,11510.345671592753,16330.599615198516
2025-09-21,2025-09-20,2025-07-27,2025-09-20,10800.0,3206.6998649202737,63528.807834801104,59962.02505154842,0.0,3566.7827832526746,0.0,43623.80462903691,1015.882965502198,0.0,42607.92166353471,0.0,42607.92166353471,11089.196593123233,15816.219362001573,6401.560337093431
2025-09-22,2025-09-21,2025-07-28,2025-09-21,3206.6998649202737,3384.754836534456,74374.14105897062,66620.08868791722,812.8619005782432,8566.914271631631,19.555900000000065,48761.41044673012,2578.566611042673,1061.5687161783485,47244.4125518658,128.01369518333377,47372.42624704912,20546.169532333006,16482.14784673697,1961.6030189878618
2025-09-23,2025-09-22,2025-07-29,2025-09-22,3384.754836534456,2701.030012810281,71826.31139544869,67863.74818601274,195.13004141263457,4157.693250848587,16.609366666666915,47206.11234991072,1083.4554797882538,308.1439084068852,46430.80077852935,110.35257885000166,46541.15335737936,20103.104061880236,16898.866631474746,2559.504538940574
2025-09-24,2025-09-23,2025-07-30,2025-09-23,2701.030012810281,3007.6262870832797,62275.8977528034,67375.15012842455,5099.252375621149,0.0,0.0,41256.325491049734,0.0,4881.2673108157705,46137.59280186551,0.0,46137.59280186551,20831.028289668655,16597.19626778592,2078.0930065418042
2025-09-25,2025-09-24,2025-07-31,2025-09-24,3007.6262870832797,1904.9683951433867,67197.46914546302,68646.86635525734,3661.49374247576,2212.096532681434,15.37166666666667,44164.8906788529,492.6986357650165,3469.3246108463386,47141.516653934224,106.25664583333337,47247.773299767556,18078.2294776158,15635.757979614707,5884.317623922918
2025-09-26,2025-09-25,2025-08-01,2025-09-25,1904.9683951433867,3090.131740497448,35159.97907582147,33972.81650257763,0.0,1187.1625732438438,0.0,16026.293266475133,393.57922063572016,0.0,15632.714045839413,0.0,15632.714045839413,15618.342473837067,11584.210392989373,12244.440921729938
2025-09-27,2025-09-26,2025-08-02,2025-09-26,3090.131740497448,10665.353606951268,41847.79785286292,42972.5745368973,1124.7766840343847,0.0,0.0,18647.340376615146,0.0,1210.3090273249984,19857.649403940144,0.0,19857.649403940144,23169.14532734609,11949.308035341899,13951.43499489311
2025-09-28,2025-09-27,2025-08-03,2025-09-27,10665.353606951268,4268.255452496712,61941.83143504729,63995.669004666575,4337.366295191943,2283.5287255726594,5.868333333333453,42316.104227279735,576.7036726238094,4763.848586817798,46503.24914147372,40.07191416666748,46543.321055640394,12855.360835797463,16170.230616005047,3828.7779515408174
2025-09-29,2025-09-28,2025-08-04,2025-09-28,4268.255452496712,4035.6163250534505,71562.41733983904,67688.53303978615,336.12222662192323,4210.006526674797,20.545504030358757,47091.32988085514,1355.402720221824,598.1694069389733,46334.096567572284,114.60808535645472,46448.70465292874,21677.897082669126,17768.471851660932,1039.7617128083316
2025-09-30,2025-09-29,2025-08-05,2025-09-29,4035.6163250534505,3635.8665171255675,69529.17768994061,71807.32860358403,3649.2353611983676,1371.0844475549552,0.0,46452.86934860005,484.56277811166876,4161.2816620069625,50129.58823249534,0.0,50129.58823249534,20945.36833066226,17325.523174971528,2765.3086812266265
2025-10-01,2025-09-30,2025-08-06,2025-09-30,3635.8665171255675,4779.074169954938,65361.21562697296,62124.297043037644,540.4263309576427,3777.344914892964,0.0,40780.57694180087,702.2189216577227,689.3559549306958,40767.71397507384,0.0,40767.71397507384,20095.91506766753,15248.804317264268,7615.664759301049
2025-10-02,2025-10-01,2025-08-07,2025-10-01,4779.074169954938,4395.491583501859,69984.07843384294,61716.815717196005,274.6273218598585,8541.890038506795,0.0,44211.11779512095,2426.777860465618,391.87942586117185,42176.219360516494,0.0,42176.219360516494,18152.9718429505,15049.131520597677,6882.19227817651
2025-10-03,2025-10-02,2025-08-08,2025-10-02,4395.491583501859,4723.70459433039,29473.374530505484,29999.354098284155,525.9795677786742,0.0,0.0,12681.16138476185,0.0,534.9295152757738,13216.090900037623,0.0,13216.090900037623,13690.79033456585,10794.14846125266,19285.558524970966
2025-10-04,2025-10-03,2025-08-09,2025-10-03,4723.70459433039,10800.0,40431.157425963494,40330.29365469358,128.62207155489705,229.48584282480087,0.0,17091.784663132807,70.20812012355083,194.8244275526505,17216.40097056191,0.0,17216.40097056191,20719.827953754182,11314.39477743824,17828.87804504431
2025-10-05,2025-10-04,2025-08-10,2025-10-04,10800.0,6704.442317302417,65585.63626977366,57952.666393750995,756.1406250341176,8389.110501056784,0.0,42040.42317421045,2037.6041742452371,1096.623330948322,41099.44233091354,0.0,41099.44233091354,14812.333473506063,15683.992027967735,4088.363881546004
2025-10-06,2025-10-05,2025-08-11,2025-10-05,6704.442317302417,5057.977042354463,57743.825638360824,61169.34469545803,3685.073011303143,259.5539542059297,0.0,38889.92187623367,99.01317345202841,3508.2170241671874,42299.12572694883,0.0,42299.12572694883,17454.544497001705,15619.999790024542,1601.6907384808753
2025-10-07,2025-10-06,2025-08-12,2025-10-06,5057.977042354463,6010.816334771625,65210.585728172686,66169.84963598955,2888.489116245527,1929.22520842866,0.0,41369.103606299206,369.9265811850968,3478.957756429477,44478.13478154359,0.0,44478.13478154359,20092.066042992752,15417.018131648685,3723.238724645486
2025-10-08,2025-10-07,2025-08-13,2025-10-07,6010.816334771625,5044.876726596046,60606.779642098736,60622.60748475478,1793.9604542002266,1778.1326115441864,0.0,38652.17097945763,413.50843439360045,2255.871773597034,40494.53431866107,0.0,40494.53431866107,18785.31854420918,16085.45366816746,1444.2469420463897
2025-10-09,2025-10-08,2025-08-14,2025-10-08,5044.876726596046,2943.948734384825,69117.71972000987,58461.301882286425,488.61686753324244,11145.034705256698,0.0,44091.7864289572,3018.970964675854,759.750364355742,41832.56582863709,0.0,41832.56582863709,17727.560765806957,16250.15941329373,1223.9188464398658
2025-10-10,2025-10-09,2025-08-15,2025-10-09,2943.948734384825,5695.340643749463,33981.83776953812,34194.550906750446,584.4199548446196,371.70681763229925,0.0,13988.898510468822,113.49774176510992,849.172387449762,14724.573156153474,0.0,14724.573156153474,17812.23331121451,11951.656263655586,18990.36294252485
2025-10-11,2025-10-10,2025-08-16,2025-10-10,5695.340643749463,10798.901666666667,38328.083595069926,38521.779345934076,255.5880877975809,61.89233693343122,0.0,15684.29863125573,17.088458810283388,349.1235124500057,16016.33368489545,0.0,16016.33368489545,20805.045243125696,12258.881726306334,15869.30224578138
2025-10-12,2025-10-11,2025-08-17,2025-10-11,10798.901666666667,7564.32250563144,61933.6771110631,61112.29667384866,1310.5131665306953,2131.89360374514,20.92993333333345,39237.86923271617,472.3977977991129,1766.9553931708747,40532.426828087926,105.12059016666726,40637.54741825459,16851.00290210087,16560.433595633414,2327.701317381198
2025-10-13,2025-10-12,2025-08-18,2025-10-12,7564.32250563144,4784.260055426103,64513.65076359194,59329.09010030516,1433.3723499245311,6617.93301321131,0.0,41217.1875788008,1693.8740247521064,1904.088081081688,41427.40163513037,0.0,41427.40163513037,16904.650729892368,16194.823296397622,1591.8673668104198
2025-10-14,2025-10-13,2025-08-19,2025-10-13,4784.260055426103,4735.43285209815,70493.64124119323,66554.34032548408,1650.553497610169,5589.8544133193045,0.0,45112.60855430662,1559.1647731741143,2165.9094162923,45719.3531974248,0.0,45719.3531974248,20519.462826095896,16664.709372132827,1925.7575881876814
2025-10-15,2025-10-14,2025-08-20,2025-10-14,4735.43285209815,5444.935362453184,73902.38028900206,67960.94435895362,793.2081661447867,6734.644096193204,0.0,46314.855848117644,2045.974497413919,1242.1495609541018,45511.03091165783,0.0,45511.03091165783,22015.419494561564,17193.937531275333,1219.4387456673987
2025-10-16,2025-10-15,2025-08-21,2025-10-15,5444.935362453184,2134.952649800793,65183.85201708906,64633.08609640563,2515.286733861313,3066.052654544742,0.0,42633.98506881616,870.8089523251036,3303.468433337738,45066.644549828794,0.0,45066.644549828794,17737.94662549903,17346.721208041363,1275.3877289479633
2025-10-17,2025-10-16,2025-08-22,2025-10-16,2134.952649800793,3781.7982797272375,31917.80602839692,33600.14225271134,1682.3362243144186,0.0,0.0,12838.293177122856,0.0,1723.0664661707015,14561.35964329356,0.0,14561.35964329356,17179.026329808574,12432.850260211148,12849.766866447248
2025-10-18,2025-10-17,2025-08-23,2025-10-17,3781.7982797272375,10800.0,40124.54406758702,39780.78834968969,533.9895823512643,877.7453002485942,0.0,16240.212776965513,268.299287241349,562.8802421211311,16534.793731845293,0.0,16534.793731845293,22832.05880320596,12177.586082351338,13049.722362168402
2025-10-19,2025-10-18,2025-08-24,2025-10-18,10800.0,7436.069178556372,67775.57487646092,65377.375078804616,974.9990618820027,3373.1988595382986,0.0,44436.52200189936,995.930668008408,1321.657531056843,44762.24886494779,0.0,44762.24886494779,18416.01859454067,17944.512800877208,1020.1467518078146
2025-10-20,2025-10-19,2025-08-25,2025-10-19,7436.069178556372,5301.54776663239,73422.37851601515,68191.92021032755,306.9027331742058,5537.361038861807,0.0,48175.070055269825,1878.1198153404368,530.1279222112877,46827.07816214068,0.0,46827.07816214068,18699.526145205207,17067.685448347802,2119.2971468034702
2025-10-21,2025-10-20,2025-08-26,2025-10-20,5301.54776663239,6952.308874078667,76209.937560064,74323.24939254805,1818.2877716021724,3704.9759391181346,0.0,49088.719260048354,1323.666451301946,2432.5353153777332,50197.588124124144,0.0,50197.588124124144,22970.494102150595,17120.415226040328,2010.5891664377853
2025-10-22,2025-10-21,2025-08-27,2025-10-21,6952.308874078667,6950.878827964981,71148.72505555731,70867.70771543708,1067.5678652301604,1348.585205350402,95.58156183458095,45709.01039698338,379.01729914232624,1710.1890886750673,47040.182186516126,579.1528731065875,47619.33505962271,21589.660021333162,17488.91165878218,1307.644214720668
2025-10-23,2025-10-22,2025-08-28,2025-10-22,6950.878827964981,1451.219743464468,75412.25677968227,62274.828806577774,1115.9041037728316,14253.332076877323,0.0,49663.458735977634,4730.749498255011,1671.0680554079402,46603.777293130566,0.0,46603.777293130566,16171.92851774292,18048.955275422228,772.3585309237426
2025-10-24,2025-10-23,2025-08-29,2025-10-23,1451.219743464468,2702.388943432714,33464.53502665814,34435.00379199804,970.4687653398992,0.0,157.24870902222193,13576.74132714295,0.0,1070.7704177034038,14647.511744846355,676.3395044964294,15323.851249342784,18122.466705863582,13553.14575177808,11602.880830268088
2025-10-25,2025-10-24,2025-08-30,2025-10-24,2702.388943432714,10070.454889255045,40661.839362393,41327.68256398731,665.843201594314,0.0,47.24252431397999,15913.258064374038,0.0,808.3946816245032,16721.65274599854,186.45735614343863,16908.11010214198,24608.09835640133,13301.300317444977,10669.694316011613
2025-10-26,2025-10-25,2025-08-31,2025-10-25,10070.454889255045,7433.979226273317,72930.1431654505,66515.34205284892,830.3159700076204,7245.1170826092,0.0,47622.14804443887,2417.86065179872,1383.7592955698706,46588.04668821002,0.0,46588.04668821002,17829.096773910936,16814.396483551416,956.3297458227279
2025-10-27,2025-10-26,2025-09-01,2025-10-26,7433.979226273317,6503.414747800999,68605.52591684995,70443.03872804332,3628.6244162365097,1791.111605043134,0.8159817998168819,44197.01498582414,356.20435215086735,3894.6294773656937,47735.440111038966,4.28390444903863,47739.724015488006,20544.979672318077,17478.941565202727,3825.23493606112
2025-10-28,2025-10-27,2025-09-02,2025-10-27,6503.414747800999,7959.7184358176155,71128.86552058463,73199.61105951805,3335.005303393338,1264.2597644599057,0.0,45616.209571402826,303.2496718838003,3651.1543811840575,48964.114280703085,0.0,48964.114280703085,22441.347289475103,16866.817985259877,1652.660055302827
2025-10-29,2025-10-28,2025-09-03,2025-10-28,7959.7184358176155,7142.9699623998895,76945.03428860457,74458.27592505443,1211.2918801651945,3698.050243715337,158.88846208541838,50456.496191699036,1278.6997016598918,1931.8040153571217,51109.600505396265,965.9421304180004,52075.54263581427,21443.51614093899,18104.321700236538,1965.7131464373895
2025-10-30,2025-10-29,2025-09-04,2025-10-29,7142.9699623998895,1203.6726405,62390.61894941164,63109.13502190963,1813.3947294474356,1094.8786569494455,154.86631023060232,42287.20651796971,303.6232292799284,2387.7543204700046,44371.33760915979,506.6906064261994,44878.02821558599,15282.229281045411,17723.973307356682,917.9277084515069
2025-10-31,2025-10-30,2025-09-05,2025-10-30,1203.6726405,5732.9842844313725,39576.34527598765,38941.227197446286,149.93125667872607,785.0493352200983,69.26511042608975,16251.498002760882,242.10515024725538,180.19034505854626,16189.583197572172,282.72856284789293,16472.311760420067,22170.471740891742,13881.701630584083,6817.430130898045
2025-11-01,2025-10-31,2025-09-06,2025-10-31,5732.9842844313725,10427.276630246086,38668.51041903373,39006.312164487645,353.8881214802837,16.086376026364405,0.0,15331.904750139656,4.385343949827506,413.7098721069797,15741.229278296807,0.0,15741.229278296807,22012.987231389576,13605.656546192318,8054.943045957059
2025-11-02,2025-11-01,2025-09-07,2025-11-01,10427.276630246086,7295.168554621572,72020.5349508377,72103.90410720711,2972.7105699107406,2889.341413541316,205.91837024068548,48379.648549970094,1044.486567352604,3432.595343153815,50767.75732577131,1287.690930048154,52055.44825581946,18882.09901874311,18113.397473243982,2744.7369986153353
2025-11-03,2025-11-02,2025-09-08,2025-11-02,7295.168554621572,7510.435218960384,80781.53068400073,76018.11034207928,349.2244429052969,5112.644784826729,0.0,53536.73067935536,1869.5515088427524,615.1891590201448,52282.36832953274,0.0,52282.36832953274,22284.37327689006,17856.60235637602,2085.4091382319143
2025-11-04,2025-11-03,2025-09-09,2025-11-03,7510.435218960384,7122.359575350222,74400.33162619628,72648.9367393346,632.1377914995909,2383.5326783612695,357.71659619963214,48787.62952539693,594.4718478667107,908.428115400257,49101.58579293048,2218.632191925539,51320.21798485602,20987.224351152556,17348.919803682715,1788.2767547310632
2025-11-05,2025-11-04,2025-09-10,2025-11-04,7122.359575350222,8173.025092662703,84155.59037627754,76863.62281803749,243.50532685323208,7535.472885093281,0.0,56223.00421226842,2829.0642566122506,416.5944616671312,53810.534417323295,0.0,53810.534417323295,23800.53531057087,18332.83463598118,1717.9020767811191
2025-11-06,2025-11-05,2025-09-11,2025-11-05,8173.025092662703,1259.709215378588,70160.05893422251,70515.34956555763,1624.3718393545957,1269.0812080194821,85.03124318933617,48800.67802364137,444.30582334769497,2274.572388951471,50630.94458924515,214.5561697701031,50845.50075901525,14994.000564629101,18367.124746905276,2603.920441023138
2025-11-07,2025-11-06,2025-09-12,2025-11-06,1259.709215378588,5982.341485589319,39771.956875340664,40388.69664775148,616.7397724108187,0.0,0.0,15918.239978163565,0.0,714.65127129346,16632.891249457025,0.0,16632.891249457025,23296.069537786203,14619.447282417173,8393.612609049118
2025-11-08,2025-11-07,2025-09-13,2025-11-07,5982.341485589319,10348.486978867533,39857.379202891156,40075.139165551445,217.75996266030285,0.0,0.0,16195.563649854677,0.0,232.87127438771648,16428.434924242392,0.0,16428.434924242392,22128.293828509297,13994.38705714214,8150.025294184294
2025-11-09,2025-11-08,2025-09-14,2025-11-08,10348.486978867533,6519.155878577158,76059.78640687244,73013.80994111061,394.1783489683742,3440.154814730203,0.0,52130.62025364133,1311.8149873998373,607.5093976230593,51426.31466386455,0.0,51426.31466386455,19016.956277896403,18850.132575357427,1500.1690552383002
2025-11-10,2025-11-09,2025-09-15,2025-11-09,6519.155878577158,8013.010665819492,82865.12736438093,82433.2655843262,2550.9766920820857,2982.8384721368157,36.098813872464646,56162.44990461396,1243.5370822702112,3172.4577386064598,58091.37056095021,182.2214563540473,58273.592017304254,24434.320012951917,18447.329901972953,2623.9311872197095
2025-11-11,2025-11-10,2025-09-16,2025-11-10,8013.010665819492,7329.986651850216,82492.76993092758,77203.19223897961,142.19710989889722,5431.774801846876,0.0,56255.731073760915,2223.588588101592,251.65448502574452,54283.79697068507,0.0,54283.79697068507,21457.322504004653,17995.152840816114,2182.002909124404
2025-11-12,2025-11-11,2025-09-17,2025-11-11,7329.986651850216,6639.545798505327,79241.17053428851,77120.87877978341,941.1778942914259,3061.4696487965284,11.773333333333426,53101.448292909045,1071.8429333714691,1096.381664954776,53125.98702449235,60.579686666667136,53186.56671115902,21944.12750319903,18396.14004560161,2628.6769055193167
2025-11-13,2025-11-12,2025-09-18,2025-11-12,6639.545798505327,1550.7778832798629,71716.55707240835,71733.91065403391,2196.272604039299,2178.9190224137287,0.0,50193.39513607434,733.7025182526743,2941.545862219786,52401.238480041444,0.0,52401.238480041444,16792.927712285753,18182.162570654385,727.274195735881
2025-11-14,2025-11-13,2025-09-19,2025-11-13,1550.7778832798629,5392.64654317677,39760.014349620455,39625.40452618207,0.46002632205824057,135.0698497604424,0.0,16348.273552821141,46.13828866060497,0.42320121497747837,16302.558465375514,0.0,16302.558465375514,21792.261695703855,14194.05017961291,4428.737710091125
2025-11-15,2025-11-14,2025-09-20,2025-11-14,5392.64654317677,10324.475763242333,45196.98695356217,42415.955819955976,67.84640876599855,2848.8775423721895,0.0,18643.334471501796,504.6164721888992,82.74406784491468,18221.46206715781,0.0,18221.46206715781,23550.48342019178,14637.245272296339,5290.830755393865
2025-11-16,2025-11-15,2025-09-21,2025-11-15,10324.475763242333,8099.213572011167,77784.42332198074,78217.37309903066,1716.9022996808853,1283.9525226309624,0.0,53507.647737563035,375.99154289001626,2513.32614558792,55644.98234026093,0.0,55644.98234026093,19823.88218493092,18060.080541902098,2019.0270726685067
2025-11-17,2025-11-16,2025-09-22,2025-11-16,8099.213572011167,7367.58233017737,76573.99128252531,79233.01457684622,3129.8484468367806,470.82515251587546,0.0,52187.06645411448,185.37116471764168,3469.168335897535,55470.863625294376,0.0,55470.863625294376,21738.170939335105,18266.386578511854,3065.475882689631
2025-11-18,2025-11-17,2025-09-23,2025-11-17,7367.58233017737,6871.385362892432,80504.40545649736,79953.36830415028,55.94979051555299,606.9869428626323,0.0,55707.735814781205,285.6712323038934,89.02209221052523,55511.08667468783,0.0,55511.08667468783,22411.193325121392,18599.64386390477,1251.2670096003294
2025-11-19,2025-11-18,2025-09-24,2025-11-18,6871.385362892432,7148.162083739641,80897.91011091512,82954.07374655397,4095.954061004231,2039.7904253653946,0.0,56152.47260418143,662.6243193417199,5190.979665389892,60680.8279502296,0.0,60680.8279502296,22404.37679619929,17898.446156158934,3079.831506513611
2025-11-20,2025-11-19,2025-09-25,2025-11-19,7148.162083739641,1485.876866185735,73968.0951584923,74980.40849289134,1260.1969506643231,247.88361626529365,0.0,51833.076940636565,90.16325258841009,1668.2507212101364,53411.164409258294,0.0,53411.164409258294,17057.67728619823,18912.775297619086,2042.4304709788546
2025-11-21,2025-11-20,2025-09-26,2025-11-20,1485.876866185735,6985.448249079423,42441.54124026002,43572.56784627627,1142.6322587298937,11.60565271363231,0.0,17591.972050920693,4.830653779818252,799.9143148150097,18387.055711955883,0.0,18387.055711955883,23840.148511090432,14360.906049378935,5228.941317898115
2025-11-22,2025-11-21,2025-09-27,2025-11-21,6985.448249079423,10434.036099929956,45611.00312446593,42210.908265241844,102.57456841930087,3502.6694276433873,0.0,18917.843205492303,565.6688545779734,130.87749393734663,18483.051844851678,0.0,18483.051844851678,22262.04928579474,14928.530855728264,4657.560351842032
2025-11-23,2025-11-22,2025-09-28,2025-11-22,10434.036099929956,7378.457280452902,77922.41250583893,78292.11719564121,2398.4597003051485,2028.7550105028768,0.0,54368.76911326738,657.5877860820058,3267.2242676448886,56978.40559483026,0.0,56978.40559483026,18502.36757837582,17736.938676013768,2294.5920099458262
2025-11-24,2025-11-23,2025-09-29,2025-11-23,7378.457280452902,6379.1158660583,79314.89523197454,78872.19784916878,651.2439659138386,1093.9413487196184,15.349403617112829,54509.195981253855,373.95329894344223,859.2644625237842,54994.5071448342,74.2522396619151,55068.759384496116,21566.145416354495,18367.985060202285,1527.4431966336729
2025-11-25,2025-11-24,2025-09-30,2025-11-24,6379.1158660583,5913.353989510047,90683.82580826855,81935.85173341757,6.282885977008505,8754.256960827977,0.0,63890.252616724756,3596.556840327452,9.616585276409216,60303.312361673714,0.0,60303.312361673714,21349.28924383383,17712.10997639883,2130.0119993159233
2025-11-26,2025-11-25,2025-10-01,2025-11-25,5913.353989510047,8136.906616469632,88603.71251942642,85957.09229106375,496.422280164077,3143.0425085267584,15.604814999999917,61321.40803092106,1310.3930115558142,662.4535166129501,60673.4685359782,84.06313840499955,60757.53167438319,25022.60980760264,18267.116579894515,2459.536995022284
2025-11-27,2025-11-26,2025-10-02,2025-11-26,8136.906616469632,1653.8702185016725,76406.91965856598,75010.59054036217,859.1111974912625,2255.440315695075,0.0,55537.679304482495,780.7844147716914,1083.598088380158,55840.49297809096,0.0,55840.49297809096,14426.48550676301,17520.186018649205,2323.3983189150285
2025-11-28,2025-11-27,2025-10-03,2025-11-27,1653.8702185016725,6387.408937245112,43094.60048285823,43459.74608367347,615.3287653680945,250.18316455285174,0.0,17619.83609712985,69.58961431325311,303.74141265244486,17853.987895469043,0.0,17853.987895469043,24179.73164489223,15325.397785493617,3684.1736742748585
2025-11-29,2025-11-28,2025-10-04,2025-11-28,6387.408937245112,10411.22346350932,53393.50651910352,45583.60149873197,0.0,7809.9050203715415,0.0,22103.266544752594,1657.8782429273338,0.0,20445.38830182526,0.0,20445.38830182526,23049.095760320997,15048.334492222222,2653.3901306331954
2025-11-30,2025-11-29,2025-10-05,2025-11-29,10411.22346350932,8787.324711308727,85396.6094297976,84898.06207091064,1229.837904568024,1728.3852634549776,0.0,60694.87272864452,615.6515104970746,1773.5170269944085,61852.73824514187,0.0,61852.73824514187,20756.386390096202,18274.181852958456,2171.0294171062415
2025-12-01,2025-11-30,2025-10-06,2025-11-30,8787.324711308727,8651.913404067414,88987.36895354587,94605.18124825717,5806.583287343125,188.7709926318057,0.0,67894.43375744195,74.508328823729,10027.674667206458,77847.60009582467,0.0,77847.60009582467,21747.50329998433,17737.347849504484,4296.098064443995
2025-12-02,2025-12-01,2025-10-07,2025-12-01,8651.913404067414,6826.691806438371,90545.48438000053,95224.9123725538,6705.320866369842,2025.8928738165846,0.0,70674.82180791903,791.1242765600746,11975.756636732835,81859.45416809179,0.0,81859.45416809179,20264.04985882251,18056.579823512366,4379.6323872436515
2025-12-03,2025-12-02,2025-10-08,2025-12-02,6826.691806438371,7795.569381142065,83923.84251947177,96650.06367471778,12726.221155246008,0.0,0.0,62867.535621477175,0.0,20491.017945100335,83358.5535665775,0.0,83358.5535665775,23233.3761326104,17947.0448501811,4200.9838256218045
2025-12-04,2025-12-03,2025-10-09,2025-12-03,7795.569381142065,3026.7137945887916,84404.3555053977,89585.08246549527,7543.025544199598,2362.2985841020127,9.670778014230564,67038.00730675054,1270.3737245479615,12683.846828220403,78451.48041042298,68.43042522869547,78519.91083565168,16801.828975382698,17901.45149795794,3923.1670160847566
2025-12-05,2025-12-04,2025-10-10,2025-12-04,3026.7137945887916,8280.270952465957,48767.62644645141,54168.999148052375,5741.5813578256175,340.20865622465413,0.0,21231.88681963346,71.2247402504238,6650.711803882619,27811.373883265656,0.0,27811.373883265656,25258.648626752125,15731.303945579775,3330.026783546692
2025-12-06,2025-12-05,2025-10-11,2025-12-05,8280.270952465957,10800.0,49581.764038789544,53926.528787866475,5733.758486106688,1388.9937370297564,0.0,22520.69618945673,314.5652649286109,6949.474390396319,29155.605314924436,0.0,29155.605314924436,21680.27547774579,15293.26699419345,3874.889487647471
2025-12-07,2025-12-06,2025-10-12,2025-12-06,10800.0,10361.24345520207,93350.90902166667,94684.6095917306,4618.650258319714,3284.949688255787,0.0,72331.95601485582,1458.7313694672075,8043.5397703736035,78916.76441576223,0.0,78916.76441576223,21619.19238873617,17906.426725194433,3319.162678188858
2025-12-08,2025-12-07,2025-10-13,2025-12-07,10361.24345520207,8739.701609915031,95120.32947552993,94256.9716896606,2078.0905979721156,2941.44838384147,0.0,73166.64254500867,1078.352815134632,3311.5274584715035,75399.81718834554,0.0,75399.81718834554,20589.774280976206,18137.104828349067,3957.091120366775
2025-12-09,2025-12-08,2025-10-14,2025-12-08,8739.701609915031,8489.513176425906,95926.43229040991,94331.82129436085,1435.7185273814462,3030.3295234304974,25.123641636077764,72294.41568054423,1165.7126190793942,2461.251544913346,73589.95460637817,185.78220977425065,73775.73681615244,23132.229874801676,18962.275788729574,2798.5365832581665
2025-12-10,2025-12-09,2025-10-15,2025-12-09,8489.513176425906,8662.077119525318,92335.6367028601,96237.42896292977,3963.1839253466824,61.39166527701286,0.0,69503.80714132663,28.655572521512372,6041.126754478655,75516.27832328378,0.0,75516.27832328378,24200.644382061026,19447.21440067996,3096.3805148820416
2025-12-11,2025-12-10,2025-10-16,2025-12-10,8662.077119525318,2217.9237372533134,88186.61074170712,85344.24903593922,884.1633375318423,3726.5250432997236,0.0,68523.10843270342,1621.708789480323,1370.8525292316199,68272.25217245473,0.0,68272.25217245473,15157.085940849203,18076.977656132673,2302.8860512227056
2025-12-12,2025-12-11,2025-10-17,2025-12-11,2217.9237372533134,9582.882440660414,56772.932038401676,58804.57319646364,2973.949654295423,942.3084962334483,0.0,24925.17378468142,245.04006297119568,3172.025568276925,27852.159289987154,0.0,27852.159289987154,27991.33594893064,16044.519285567425,3143.343049767101
2025-12-13,2025-12-12,2025-10-18,2025-12-12,9582.882440660414,10800.0,51481.96890648843,51810.86936338809,1641.1874501291786,1312.2869932295137,0.0,23523.435059167296,297.4149780414662,1886.2855583935761,25112.305639519403,0.0,25112.305639519403,21248.91965601239,16116.219117964407,2879.635442006779
2025-12-14,2025-12-13,2025-10-19,2025-12-13,10800.0,10197.419715682705,90595.91224587105,95944.82950606965,5348.917260198592,0.0,14.311576193931216,68654.1260394387,0.0,8072.027125490895,76726.1531649296,99.54416821688858,76825.69733314648,22858.996810637243,19058.109672501734,3379.5321441280703
2025-12-15,2025-12-14,2025-10-20,2025-12-14,10197.419715682705,9134.774433577848,92507.08518553773,95424.11913041187,2937.6246633846495,20.59071851050919,0.0,70064.49448611654,9.817041803730826,4479.828148844647,74534.50559315746,0.0,74534.50559315746,21660.808694965825,18501.635796816692,2795.388265596077
2025-12-16,2025-12-15,2025-10-21,2025-12-15,9134.774433577848,9117.714045200857,99221.34937038676,96436.7608799193,305.4284831438714,3090.016973611334,0.0,75861.03661425604,1531.0178521647022,548.9055301652809,74878.92429225662,0.0,74878.92429225662,22901.437214392463,18565.51849319719,2682.750825390681
2025-12-17,2025-12-16,2025-10-22,2025-12-16,9117.714045200857,7603.133345371849,98022.20563811017,93278.83747746403,326.8927409606558,5070.26090160679,1.4924313227757011,75090.34520421344,2503.4937641910055,580.4646111781915,73167.31605120064,10.96041563446475,73178.2764668351,22340.94540701903,19459.288409531524,2206.8258446326317
2025-12-18,2025-12-17,2025-10-23,2025-12-17,7603.133345371849,2696.3560643045594,89413.4746312535,89268.54111539008,977.7113857841191,1122.6449016475285,0.0,69058.10890195263,438.874683381033,1515.2749702437613,70134.50918881535,0.0,70134.50918881535,18345.824785561046,19276.217629265004,2832.666992427385
2025-12-19,2025-12-18,2025-10-24,2025-12-18,2696.3560643045594,9088.351630971945,56359.57703550522,55897.12380313134,1251.0390198648302,1713.4922522387096,0.0,25277.762597558656,479.71424769014783,999.0528965428067,25797.101246411316,0.0,25797.101246411316,27156.58055942499,16244.034243133603,2076.1861868399524
2025-12-20,2025-12-19,2025-10-25,2025-12-19,9088.351630971945,10786.490031796295,54053.967005113474,50331.8475251169,139.3586265995877,3861.4781065961615,0.0,24641.476257732225,1106.9684607684735,170.38729612956368,23704.895093093317,0.0,23704.895093093317,22578.800324295684,16760.50370193759,1657.198652758798
2025-12-21,2025-12-20,2025-10-26,2025-12-20,10786.490031796295,9857.42170468775,97233.75759744857,96151.71200135464,943.0660939084183,2025.1116900023453,0.0,74015.4494259888,983.8141309936765,1494.9791387907794,74526.6144337859,0.0,74526.6144337859,22931.130277447526,19410.377019130185,3593.176876370631
2025-12-22,2025-12-21,2025-10-27,2025-12-21,9857.42170468775,6605.045866230594,94226.65738534695,92176.38262365054,0.0,2050.274761696391,0.0,73161.42325841318,1115.7242352508063,0.0,72045.6990231624,0.0,72045.6990231624,20025.444170838477,19147.748032990607,2361.259402469352
2025-12-23,2025-12-22,2025-10-28,2025-12-22,6605.045866230594,9748.285621494455,103739.17163363266,97568.50903848279,0.0,6170.662595149868,0.0,77768.28084394237,3064.4814892233026,0.0,74703.79935471907,0.0,74703.79935471907,27696.530122268014,19605.273619299616,2219.160002181074
2025-12-24,2025-12-23,2025-10-29,2025-12-23,9748.285621494455,8879.533036711371,98066.10952445061,93624.65439323454,0.0,4441.45513121607,68.10528908010417,74472.08999143049,2239.8332505168228,0.0,72232.25674091365,526.2819672400062,72758.53870815366,22642.682460293843,19122.45011914279,2317.9680244969204
2025-12-25,2025-12-24,2025-10-30,2025-12-24,8879.533036711371,2383.8458712206757,88026.17328687078,87831.28332108688,1015.4989862384048,1210.3889520222829,0.0,68393.65855445026,691.2925190792823,1376.406065432131,69078.7721008031,0.0,69078.7721008031,16916.510845025383,19548.492233412187,2650.8161761403608
2025-12-26,2025-12-25,2025-10-31,2025-12-25,2383.8458712206757,10800.0,60046.468439624485,57838.829286051274,0.0,2207.639153573211,0.0,26730.98130234357,548.5339206074703,0.0,26182.4473817361,0.0,26182.4473817361,29417.484086817345,16253.62339442066,1667.3461603212543
2025-12-27,2025-12-26,2025-11-01,2025-12-26,10800.0,10676.659729988382,52782.288392407405,49449.264486615,0.0,3333.0239057924064,0.0,23781.52005479319,971.2983639465365,0.0,22810.22169084665,0.0,22810.22169084665,20574.032316384633,16775.972419282014,2312.3955228457153
2025-12-28,2025-12-27,2025-11-02,2025-12-27,10676.659729988382,9157.495612413533,96606.21175635036,92588.8929309228,0.0,4017.318825427565,0.0,72874.92600363622,1957.7260996333885,0.0,70917.19990400283,0.0,70917.19990400283,21607.141676300416,18869.032463620704,3041.5289682430785
2025-12-29,2025-12-28,2025-11-03,2025-12-28,9157.495612413533,7289.26277787957,95967.53291141294,93376.09427444768,0.0,2591.4386369652516,1.2851435277070777,72138.6402801703,1232.0600634394073,0.0,70906.58021673089,8.931747517564188,70915.51196424845,21278.774726677708,18917.217079689515,3492.055504320529
2025-12-30,2025-12-29,2025-11-04,2025-12-29,7289.26277787957,8933.03246378099,100827.21874116948,95553.64665174784,0.0,5273.572089421634,0.0,74315.31244382705,2444.2457000290706,0.0,71871.06674379799,0.0,71871.06674379799,25463.852838468698,19146.328081848373,3011.7192951275115
2025-12-31,2025-12-30,2025-11-05,2025-12-30,8933.03246378099,8643.71829878645,100634.25325980438,96148.06563828247,0.0,4486.187621521913,126.57112646071971,76019.84066261818,2188.640144665034,0.0,73831.20051795316,724.8503653361304,74556.05088328928,24105.55426979095,19785.881707025757,3308.541268644664
