date,train_end_date,residual_history_start_date,residual_history_end_date,soc_open_kwh,soc_close_kwh,original_purchase_kwh,effective_purchase_kwh,upward_adjustment_kwh,downward_adjustment_kwh,emergency_purchase_kwh,base_plan_cost_yuan,downward_credit_yuan,upward_adjustment_cost_yuan,normal_settlement_cost_yuan,emergency_cost_yuan,total_cost_yuan,charge_kwh,discharge_kwh,surplus_discard_kwh
2025-02-01,2025-01-31,2025-01-02,2025-01-31,6000.0,9434.1388709485,51247.516323716874,46435.360585269875,0.0,4812.155738446996,0.0,26892.026562188967,1457.8437290550796,0.0,25434.18283313389,0.0,25434.18283313389,22479.96562875771,15118.047175440091,4695.266198618928
2025-02-02,2025-02-01,2025-01-02,2025-02-01,9434.1388709485,9256.564879302354,93384.65641302019,87000.39912197122,0.0,6384.257291048958,0.0,59311.86063757275,2236.4478489927005,0.0,57075.41278858005,0.0,57075.41278858005,22030.69110437546,18004.676387025655,4618.106454621418
2025-02-03,2025-02-02,2025-01-02,2025-02-02,9256.564879302354,9252.757213971769,95987.15997033071,88259.47430860906,0.0,7727.685661721647,0.0,60988.99364068569,2801.1849730110353,0.0,58187.808667674646,0.0,58187.808667674646,22886.651258126018,18541.614417879606,3697.520968362651
2025-02-04,2025-02-03,2025-01-02,2025-02-03,9252.757213971769,9222.48929983972,98110.61364180915,89711.67843677427,0.0,8398.935205034873,0.0,62872.532995510366,3227.5215704345483,0.0,59645.01142507582,0.0,59645.01142507582,23507.7801361675,19068.543033014517,4077.57738362129
2025-02-05,2025-02-04,2025-01-02,2025-02-04,9222.48929983972,9277.69586022225,92829.20839800936,89010.23956107319,4.623662644360593,3823.5924995805353,0.0,59007.791658014474,1502.129296962983,8.056963340930551,57513.71932439241,0.0,57513.71932439241,22930.094310317527,18523.690487012922,3855.408754435254
2025-02-06,2025-02-05,2025-01-02,2025-02-05,9277.69586022225,9297.721161347998,98519.87792753083,88178.30355443136,0.0,10341.57437309946,25.672684483286503,63090.541659613875,3859.6842361602176,0.0,59230.857423453665,149.81453242116964,59380.67195587483,23000.843472440625,18612.660441663735,3544.7359914710983
2025-02-07,2025-02-06,2025-01-02,2025-02-06,9297.721161347998,8946.832710302522,47937.68730457219,41860.53480948582,7.031382551365425,6084.183877637732,0.0,25116.426924546497,1755.900364379214,12.894852460949052,23373.42141262823,0.0,23373.42141262823,18629.156012045874,15405.415975698086,6831.115106471365
2025-02-08,2025-02-07,2025-01-02,2025-02-07,8946.832710302522,9240.846670992432,39384.54888874617,39387.767870335316,110.98110445837952,107.76212286922657,0.0,20478.18877188266,33.89823240903635,133.09818493451615,20577.38872440814,0.0,20577.38872440814,18956.025146010823,15089.767803647836,3944.347811305666
2025-02-09,2025-02-08,2025-01-02,2025-02-08,9240.846670992432,9050.585586318255,92490.8426348973,88139.12709199276,0.0,4351.7155429045415,0.0,58701.59414011551,1559.9232215263391,0.0,57141.67091858916,0.0,57141.67091858916,21849.692379984725,17869.48580399439,4603.504549335759
2025-02-10,2025-02-09,2025-01-02,2025-02-09,9050.585586318255,8975.213542044365,88728.7496627575,81818.79428516125,0.0,6909.955377596247,0.0,55885.26787015957,2507.8293521575188,0.0,53377.43851800205,0.0,53377.43851800205,22785.368548173028,18523.983363866653,3230.7715175215453
2025-02-11,2025-02-10,2025-01-02,2025-02-10,8975.213542044365,8844.871095823955,89365.55861357896,82240.8507852654,0.0,7124.707828313566,0.0,56552.51778957147,2776.682039039145,0.0,53775.83575053234,0.0,53775.83575053234,22924.181782589567,18685.895445495917,2781.9673148384113
2025-02-12,2025-02-11,2025-01-02,2025-02-11,8844.871095823955,8957.334446919229,89531.62334964005,82032.33230572203,0.0,7499.291043918023,18.907033597665645,56439.31166712454,2756.167948357203,0.0,53683.14371876733,82.8033536409767,53765.94707240831,23516.530856492067,18947.17297777283,2215.145327267116
2025-02-13,2025-02-12,2025-01-02,2025-02-12,8957.334446919229,8449.377505660132,83628.4817507962,78766.76256460167,3.8293840423262964,4865.548570236839,6.543326085251579,52217.81913250425,1764.7255123032842,4.3275869062329475,50457.421207107196,28.65649659035929,50486.077703697556,21771.802740787687,18092.321467171216,3764.3456004037894
2025-02-14,2025-02-13,2025-01-02,2025-02-13,8449.377505660132,8444.037120552068,39962.67238836939,40038.50607018465,523.8733989098871,448.039717094636,0.0,20497.509885087977,99.57388041935293,691.8095997264752,21089.7456043951,0.0,21089.7456043951,18195.909514532104,14743.49305336826,6784.28779235414
2025-02-15,2025-02-14,2025-01-02,2025-02-14,8444.037120552068,8851.403313577835,40554.87895071581,39431.36704575857,64.02142922303528,1187.5333341802757,0.0,21082.969412673214,382.06859873570943,116.48754891417158,20817.388362851678,0.0,20817.388362851678,18277.243859538095,14437.937952502667,6311.970038723141
2025-02-16,2025-02-15,2025-01-02,2025-02-15,8851.403313577835,8989.787301257955,89103.51045146908,81221.26943502417,166.70295790703022,8048.94397435194,12.125724569102204,55946.01712807181,2907.0965029131658,320.7578375816653,53359.67846274031,53.1046107503831,53412.783073490704,23007.996999381714,18511.931980587084,1359.9510407986322
2025-02-17,2025-02-16,2025-01-02,2025-02-16,8989.787301257955,8791.212907291072,88927.93942754602,76858.19221260048,0.0,12069.747214945557,0.0,55358.25011128117,3939.9404521101023,0.0,51418.30965917108,0.0,51418.30965917108,21138.809558701614,17301.152697118494,1836.6721843506868
2025-02-18,2025-02-17,2025-01-02,2025-02-17,8791.212907291072,9060.428186919187,79800.9996712349,78034.4320303094,184.40561553934975,1950.973256464843,11.5873776576816,49497.40925425772,636.9139429956042,347.9658298600369,49208.46114112215,51.086319785149875,49259.5474609073,21742.143078296285,17368.842141754685,1581.3306880921402
2025-02-19,2025-02-18,2025-01-02,2025-02-18,9060.428186919187,8640.756532575093,79795.69076475245,79154.27483719098,196.34317624268658,837.7591038041498,67.99942285871475,49669.15911775382,315.4298677778715,253.2685461265437,49606.9977961025,297.8034724097413,49904.80126851224,22509.284872402743,18610.225235555903,2443.8872398695275
2025-02-20,2025-02-19,2025-01-02,2025-02-19,8640.756532575093,8142.871977137736,82493.65678918954,77529.10202551927,168.8361862052185,5133.390949875489,23.211559130374212,51162.625723573365,1720.1686195178695,247.58133357072546,49690.03843762622,108.72294296667282,49798.7613805929,21034.04109315781,17485.669385351448,3010.808143509945
2025-02-21,2025-02-20,2025-01-02,2025-02-20,8142.871977137736,7909.417755481941,35515.948970704296,35734.7098124393,237.3089964814956,18.54815474649149,0.0,18332.243545778227,4.464350548624292,366.1129716267594,18693.892166856363,0.0,18693.892166856363,17204.915317024377,14146.090206279961,7115.622668361553
2025-02-22,2025-02-21,2025-01-02,2025-02-21,7909.417755481941,9082.533961189865,37056.13174629396,36947.10365881725,336.94259330425575,445.97068078097095,0.0,19285.079541115367,156.12493624268296,553.6343542029438,19682.588959075627,0.0,19682.588959075627,18864.286259167555,14224.267284788591,4462.32180110495
2025-02-23,2025-02-22,2025-01-02,2025-02-22,9082.533961189865,8781.704241495832,81392.96397789224,77131.07701344218,101.81139764895147,4363.698362099016,15.205583913850887,50325.38307375065,1507.070726686407,165.53536889101966,48983.84771595527,71.22295505247756,49055.07067100775,22353.280903079954,18376.90427921939,1638.052290162121
2025-02-24,2025-02-23,2025-01-02,2025-02-23,8781.704241495832,9000.78163426479,78380.03612436402,74590.24254408017,137.7219103607261,3927.5154906445796,52.39974177777788,48691.12323140683,1274.6056623958568,264.56309732219546,47681.080666333175,237.51779958100047,47918.59846591417,21031.044138914083,16837.97609902835,2246.540629305544
2025-02-25,2025-02-24,2025-01-02,2025-02-24,9000.78163426479,8814.29103624942,80765.5395640668,72609.79934595719,73.22899407725004,8228.969212186872,58.91244548808697,49952.51132801738,2761.814026020144,119.09159355572396,47309.78889555297,261.6279050756662,47571.416800628635,21270.55702904525,17396.99273174048,2973.824260807164
2025-02-26,2025-02-25,2025-01-02,2025-02-25,8814.29103624942,9062.88558660186,74149.42752534154,75694.25256999015,1565.9770117637079,21.151967115084403,24.94054050388752,45280.1286749889,4.783572539054259,1549.6135531272785,46824.958655577124,109.2270971367754,46934.18575271389,22395.768507443747,17916.837395712242,2425.4139654291967
2025-02-27,2025-02-26,2025-01-02,2025-02-26,9062.88558660186,7392.933863906739,73431.71079170439,71861.61573178956,97.97390800531366,1668.068967920135,34.2129983216945,45470.131232917665,485.12242567307896,161.41393028240654,45146.422737527,154.5590278860774,45300.981765413075,21040.253483201355,18545.56187181871,2444.5529187286074
2025-02-28,2025-02-27,2025-01-03,2025-02-27,7392.933863906739,7182.684547665327,34192.0027900148,34057.619671796165,12.30791473447158,146.6910329531047,0.0,17819.213569775595,68.17012538677486,19.83174301165406,17770.875187400474,0.0,17770.875187400474,17000.193518275948,13959.381134420793,7724.21373794101
2025-03-01,2025-02-28,2025-01-04,2025-02-28,7182.684547665327,8658.2435925909,41574.9607063938,39943.84405986915,60.644640959839535,1691.7612874844926,0.0,21156.512424058295,604.9458829309413,111.21620705624971,20662.782748183607,0.0,20662.782748183607,18159.05915284356,13380.834773370267,11506.853747062527
2025-03-02,2025-03-01,2025-01-05,2025-03-01,8658.2435925909,8560.472845562814,84389.30460267677,79400.446814233,329.28723763992775,5318.145026083697,35.60698781735243,52309.45584836937,1782.0457928141168,433.3780621912464,50960.7881177465,173.02563199434957,51133.81374974085,22593.748241952908,18388.92974830713,2872.9282417379127
2025-03-03,2025-03-02,2025-01-06,2025-03-02,8560.472845562814,8584.350356794492,86380.33888770799,78464.7268210822,568.0552827743555,8483.667349400144,26.15064154424433,53544.63892209224,2877.0712836200864,885.1633953413542,51552.73103381351,125.31327206044351,51678.044305873955,23209.482772040188,18778.191285244047,2042.4393424969683
2025-03-04,2025-03-03,2025-01-07,2025-03-03,8584.350356794492,8585.656077292648,77136.61957775921,74772.44599527458,579.5177146698383,2943.691297154453,0.0,47479.76227289472,922.9766071226986,894.8889076121189,47451.67457338414,0.0,47451.67457338414,21499.807170376556,17413.668659556664,1486.8495511213587
2025-03-05,2025-03-04,2025-01-08,2025-03-04,8585.656077292648,8687.728025186976,80961.6774654773,72354.64234559562,608.1023753962249,9215.137495277897,0.0,49859.94785366612,3071.2154347090222,1180.7162900354053,47969.44870899251,0.0,47969.44870899251,21449.333717968744,17282.09555844977,2056.9321694099967
2025-03-06,2025-03-05,2025-01-09,2025-03-05,8687.728025186976,7031.69726504918,73841.42371769348,69992.337194797,155.21621063446366,4004.3027335309343,0.0,45535.15027246494,1229.594117487216,299.901001377379,44605.4571563551,0.0,44605.4571563551,19680.980925630465,17432.022233884694,1802.7243697179078
2025-03-07,2025-03-06,2025-01-10,2025-03-06,7031.69726504918,6361.640253041018,34288.14438048719,32556.92939617682,33.67634296309012,1764.891327273467,0.0,18157.70820865484,723.7644346079206,61.75904536001097,17495.70281940693,0.0,17495.70281940693,15075.118447110406,12813.897252966772,9373.422668699848
2025-03-08,2025-03-07,2025-01-11,2025-03-07,6361.640253041018,8954.707937160378,35408.71406444002,35331.18016306618,25.177630593871015,102.71153196771573,0.0,18155.13512816414,46.289310980155335,45.88718280981289,18154.732999993797,0.0,18154.732999993797,18428.111176972663,12593.00913764043,10432.938607067283
2025-03-09,2025-03-08,2025-01-12,2025-03-08,8954.707937160378,8767.913478182356,78334.23043157763,69074.86958097195,0.0,9259.360850605679,0.0,47894.20288246052,2773.619242550729,0.0,45120.58363990979,0.0,45120.58363990979,20923.355059146306,17116.032610988725,1934.0220828143733
2025-03-10,2025-03-09,2025-01-13,2025-03-09,8767.913478182356,8839.160770038898,75159.43996495513,74042.13783998461,730.7088832983917,1848.0110082689162,0.0,45572.903511869765,585.4191332404224,795.1362323799756,45782.62061100932,0.0,45782.62061100932,21996.263414313635,17752.850802923153,1756.6537785941246
2025-03-11,2025-03-10,2025-01-14,2025-03-10,8839.160770038898,8944.511302671863,66643.58511819408,70119.43151697199,3528.1213531470366,52.27495436912113,0.0,40711.558224937595,25.9664341509908,2934.5457053768573,43620.137496163465,0.0,43620.137496163465,21327.31604395692,17180.310516235437,2033.5071892505232
2025-03-12,2025-03-11,2025-01-15,2025-03-11,8944.511302671863,8801.79931071315,76284.55229092014,67740.26240600283,30.141509510098217,8574.431394427407,0.0,46737.84641662515,2669.041567755258,56.149197830693545,44124.954046700586,0.0,44124.954046700586,20767.381678612757,16950.01995243918,1487.3659964959288
2025-03-13,2025-03-12,2025-01-16,2025-03-12,8801.79931071315,5780.710926060617,72845.52677402929,70839.08227595477,537.6991654743545,2544.143663548865,67.43587615361457,44940.476037873086,819.228400763977,578.9214403428876,44700.169077451996,461.7188196476101,45161.8878970996,18097.659692351455,17378.08389699195,2641.3243400822184
2025-03-14,2025-03-13,2025-01-17,2025-03-13,5780.710926060617,5683.409440604286,31252.311071112345,31562.40831462718,314.54123915878904,4.443995643957123,0.0,16071.769201751787,0.935277775713056,445.8719041799866,16516.70582815606,0.0,16516.70582815606,15176.416600283766,12380.468783140554,12737.034514150628
2025-03-15,2025-03-14,2025-01-18,2025-03-14,5683.409440604286,8570.618512388879,34480.93174730525,35001.94278450074,521.0110371954846,0.0,0.0,17354.6703672655,0.0,717.3586673925038,18072.029034658,0.0,18072.029034658,18877.873013114575,12692.588976016674,7892.533597402835
2025-03-16,2025-03-15,2025-01-19,2025-03-15,8570.618512388879,9139.633515363124,72456.20904923869,70784.57628123864,940.2981261910072,2611.9308941910494,1.6400000000001,44322.349524028745,912.4863564640084,868.4438182051272,44278.30698576986,7.461180000000455,44285.76816576986,21412.759616726675,16832.22178687179,2854.6315180504344
2025-03-17,2025-03-16,2025-01-20,2025-03-16,9139.633515363124,9083.516456100479,67362.89660187485,63469.65350386596,775.6916330365871,4668.934731045476,0.0,40235.15550836104,1135.313491373227,1003.5963644239278,40103.43838141175,0.0,40103.43838141175,21031.152022868468,17085.738491859847,1666.108539524011
2025-03-18,2025-03-17,2025-01-21,2025-03-17,9083.516456100479,8937.694263860965,75973.27714766613,67143.09496048934,44.5449631830528,8874.727150359846,0.0,46570.586876289235,2883.23846177794,76.39532264511179,43763.74373715641,0.0,43763.74373715641,20885.61950430662,17048.591771503925,2180.1088610199804
2025-03-19,2025-03-18,2025-01-22,2025-03-18,8937.694263860965,9059.001802943461,62723.68726065516,66310.43286774159,3588.1279732761377,1.3823661897022248,0.0,38388.39511704385,0.290158663218497,3099.962406735749,41488.06736511638,0.0,41488.06736511638,20935.59553479642,16848.655598010853,2758.022480956035
2025-03-20,2025-03-19,2025-01-23,2025-03-19,9059.001802943461,5288.247682761543,67057.88403796405,63013.10041050017,638.6900516237155,4683.473679087592,0.0,41774.69380774454,1522.072818019696,807.2039868796808,41059.82497660453,0.0,41059.82497660453,17673.7566743028,17709.42161434899,839.8035338796992
2025-03-21,2025-03-20,2025-01-24,2025-03-20,5288.247682761543,4908.951673553543,29398.471997874007,29445.7616597381,332.17110687979175,284.8814450156976,0.0,15217.455611925154,124.37866614313265,454.80975769540953,15547.88670347743,0.0,15547.88670347743,14774.13199061456,12308.413320684995,14946.578473141868
2025-03-22,2025-03-21,2025-01-25,2025-03-21,4908.951673553543,9291.336983491887,35194.09367655916,35039.70542515315,110.23603358158945,264.62428498759687,0.0,17976.075469055082,114.26641599912244,177.62332091001508,18039.432373965974,0.0,18039.432373965974,19135.579708266985,11555.672784751745,11578.59876830458
2025-03-23,2025-03-22,2025-01-26,2025-03-22,9291.336983491887,8834.758659414525,71603.85922648363,65003.08431304505,143.45216188104257,6744.227075319633,0.0,43698.60694224913,2139.162524019578,251.92909724646464,41811.373515476014,0.0,41811.373515476014,19902.425588952396,16531.88521872106,2862.8238261470456
2025-03-24,2025-03-23,2025-01-27,2025-03-23,8834.758659414525,9071.47163982657,68029.61867773558,64789.90105934257,802.8286094846546,4042.5462278776563,0.0,40992.88049658524,1095.5755088249027,1069.9493806750884,40967.25436843543,0.0,40967.25436843543,21694.96113923321,17359.876840408062,2456.319677184092
2025-03-25,2025-03-24,2025-01-28,2025-03-24,9071.47163982657,8752.702509475781,74843.97261936279,65641.30319545532,224.52929371287007,9427.198717620338,0.0,45574.85811563269,2962.6096334098934,380.30297495516896,42992.551457177964,0.0,42992.551457177964,20950.068118216637,17256.44739307118,997.5577536431961
2025-03-26,2025-03-25,2025-01-29,2025-03-25,8752.702509475781,8876.320227651879,64794.65193241374,61424.63152589217,1151.799087305728,4521.8194938272945,0.0,39270.5322176644,1332.6324884832734,1425.823879461986,39363.72360864311,0.0,39363.72360864311,20852.980302610114,16779.658098755714,1758.754455371104
2025-03-27,2025-03-26,2025-01-30,2025-03-26,8876.320227651879,4794.464487815899,64001.154668102856,59659.11972176381,237.6251440608346,4579.660090399879,0.0,39778.75271882891,1499.5294221115664,392.982307519639,38672.20560423699,0.0,38672.20560423699,16762.598446317992,17251.374907369966,1430.9067828157772
2025-03-28,2025-03-27,2025-01-31,2025-03-27,4794.464487815899,4782.423540661273,29559.569319422662,29758.540980234306,198.97166081164178,0.0,0.0,15132.10928724047,0.0,308.3535765205889,15440.46286376106,0.0,15440.46286376106,14634.521397186723,11864.799184160409,16166.93800054133
2025-03-29,2025-03-28,2025-02-01,2025-03-28,4782.423540661273,9101.356082879189,33240.9001745396,33998.14425160756,757.2440770679593,0.0,0.0,16475.463068120775,0.0,1070.775862839199,17546.238930959975,0.0,17546.238930959975,18910.659599197694,11430.594987354012,18810.87045643054
2025-03-30,2025-03-29,2025-02-02,2025-03-29,9101.356082879189,9084.423624441435,66947.94887516851,59764.06923700237,210.6714095607593,7394.55104772692,0.0,40124.12495296226,2029.3534733094486,374.0889996287354,38468.86047928155,0.0,38468.86047928155,21150.984350779836,17147.536536725645,415.00172294817355
2025-03-31,2025-03-30,2025-02-03,2025-03-30,9084.423624441435,9116.957936420999,58046.620622630224,61992.713916828805,4352.990948143405,406.8976539448298,0.0,35348.93386786319,90.34008463203014,3514.0318628262626,38772.62564605742,0.0,38772.62564605742,20904.711296209232,16903.535269147877,1040.148406434113
2025-04-01,2025-03-31,2025-02-04,2025-03-31,9116.957936420999,8899.332180867064,71211.3939856845,65834.78328225561,580.4266511863801,5957.037354615256,0.0,42357.023171695335,1537.3764870678426,827.842212289926,41647.48889691742,0.0,41647.48889691742,19074.17160409003,15645.94217931147,2197.702340810384
2025-04-02,2025-04-01,2025-02-05,2025-04-01,8899.332180867064,8874.43339991158,67830.39421459215,66635.88052405206,703.6335359203233,1898.1472264604126,0.0,40607.113662781965,427.7125112921081,911.6388243365436,41091.03997582641,0.0,41091.03997582641,20231.915853420265,16410.260744130348,2378.8900147621457
2025-04-03,2025-04-02,2025-02-06,2025-04-02,8874.43339991158,4335.007377012175,63860.34971740963,57458.027678753744,136.7264931991748,6539.04853185506,0.0,39956.30527884075,2022.0675914385151,237.0485147344428,38171.286202136675,0.0,38171.286202136675,15556.1280674628,16685.947155254336,2724.3164998786156
2025-04-04,2025-04-03,2025-02-07,2025-04-03,4335.007377012175,4450.498105830439,27848.777024526942,28113.223582217153,264.446557690212,0.0,0.0,14111.45044200471,0.0,396.1240285311475,14507.574470535857,0.0,14507.574470535857,14175.514003532426,11378.22468692483,18885.132015609557
2025-04-05,2025-04-04,2025-02-08,2025-04-04,4450.498105830439,9025.891045788427,32711.98158641927,33370.02660903364,658.0450226143682,0.0,0.0,16124.539535198292,0.0,899.2780641118743,17023.81759931017,0.0,17023.81759931017,19160.106024334338,11401.832233748622,13567.637835114589
2025-04-06,2025-04-05,2025-02-09,2025-04-05,9025.891045788427,8809.571425950828,65530.200777313265,60737.61673546862,917.836356537892,5710.420398382551,0.0,38724.09276297058,1414.8499946994277,1286.0476732169693,38595.29044148812,0.0,38595.29044148812,20444.146596157698,16754.44640074157,2637.8402733858134
2025-04-07,2025-04-06,2025-02-10,2025-04-06,8809.571425950828,8985.416484477879,57590.99687009908,59034.68639847267,2781.2367370961765,1337.5472087225892,0.0,34294.092961255024,299.67350818987813,2800.1586968512506,36794.57814991639,0.0,36794.57814991639,20303.527708264388,16287.59689101981,1776.0362978947596
2025-04-08,2025-04-07,2025-02-11,2025-04-07,8985.416484477879,8753.186319705039,66722.52675970222,59992.302787415836,227.40179856375312,6957.625770850142,0.0,40185.433729253324,1989.6493909224541,357.81168214708134,38553.59602047795,0.0,38553.59602047795,20405.677951491154,16737.60628900339,1971.0375082614
2025-04-09,2025-04-08,2025-02-12,2025-04-08,8753.186319705039,8872.500905259714,65366.56753665146,65738.57785071793,1873.4029749171752,1501.3926608507002,0.0,39044.28100769771,540.1550719364695,1633.4385956602653,40137.56453142151,0.0,40137.56453142151,21131.671948780306,17009.271151512832,2481.8660367838024
2025-04-10,2025-04-09,2025-02-13,2025-04-09,8872.500905259714,4226.48747235796,58141.19378580197,56400.20714799113,1938.307945928494,3679.294583739319,0.0,36297.806407037875,1178.2913615258822,1517.6563619570945,36637.17140746908,0.0,36637.17140746908,15648.631539358825,16856.80363649223,3147.7413451245384
2025-04-11,2025-04-10,2025-02-14,2025-04-10,4226.48747235796,4057.3374769302295,26350.581460536272,26940.703267764125,590.1218072278511,0.0,9.902222429716922,13146.495792292171,0.0,782.2856219184703,13928.781414210642,41.26256086463041,13970.043975075272,14140.716765812009,11606.215576192684,19099.45413390785
2025-04-12,2025-04-11,2025-02-15,2025-04-11,4057.3374769302295,9163.24218866219,33606.55317965169,33138.377870462406,118.28151695059785,586.4568261398731,0.0,16799.706692076994,257.5294464389694,184.68507162880834,16726.86231726683,0.0,16726.86231726683,18957.242182718182,10760.051927442966,15916.027065187187
2025-04-13,2025-04-12,2025-02-16,2025-04-12,9163.24218866219,9012.855261802115,60780.247425930895,59624.3384962508,352.9895248795732,1508.8984545596695,0.0,36148.78269634978,360.05904392488975,451.9905045676247,36240.714156992515,0.0,36240.714156992515,20152.718958131438,16459.05059026053,1654.3116450465675
2025-04-14,2025-04-13,2025-02-17,2025-04-13,9012.855261802115,8795.270186343998,64222.629841783666,56446.14863638148,226.81532183818115,8003.2965272403635,0.0,38624.190953680445,2583.2830165168707,407.30058221451253,36448.20851937808,0.0,36448.20851937808,20072.12348327149,16454.246589362217,300.23994247219684
2025-04-15,2025-04-14,2025-02-18,2025-04-14,8795.270186343998,8935.728819831746,56341.538548479235,56451.64039582722,1489.7105978133668,1379.6087504653779,0.0,33482.4591434032,299.15100434792475,1662.7724616819326,34846.08060073721,0.0,34846.08060073721,19894.646218385806,15988.25066675353,2405.8160108616075
2025-04-16,2025-04-15,2025-02-19,2025-04-15,8935.728819831746,8909.680555824994,62796.079194000384,61678.63446132728,1200.1130611589615,2317.557793832072,0.0,36807.00097763415,525.5694723563265,1608.1681172866467,37889.59962256446,0.0,37889.59962256446,19821.24713607422,16078.653617826194,2156.4489930792524
2025-04-17,2025-04-16,2025-02-20,2025-04-16,8909.680555824994,3964.1745985300367,50569.15217721091,52899.223541766725,3159.595440034888,829.5240754790674,0.0,31894.241557147107,265.85933704098625,2308.3958923813134,33936.77811248743,0.0,33936.77811248743,14847.017327443617,16477.039396794786,1660.9032611178964
2025-04-18,2025-04-17,2025-02-21,2025-04-17,3964.1745985300367,3938.2964772962973,26365.799819711166,26534.344999962483,170.79357010323804,2.2483898519249905,0.0,13180.888552071465,0.9882797594136296,221.23665620851366,13401.136928520566,0.0,13401.136928520566,13272.007170573137,10773.616117274607,17681.83676333062
2025-04-19,2025-04-18,2025-02-22,2025-04-18,3938.2964772962973,8983.578328238367,32058.756935211106,32775.05469441533,716.2977592042173,0.0,0.0,15317.264281259679,0.0,998.4755321778707,16315.739813437549,0.0,16315.739813437549,18839.357736439284,10719.126100667954,17870.143808643996
2025-04-20,2025-04-19,2025-02-23,2025-04-19,8983.578328238367,9222.887692750612,57769.98198682705,58176.329349933294,1633.541097656156,1227.1937345499034,0.0,34576.9457291809,274.53032150775897,1684.110206231422,35986.52561390457,0.0,35986.52561390457,20122.38837799741,16083.756158116885,2179.9522467194474
2025-04-21,2025-04-20,2025-02-24,2025-04-20,9222.887692750612,8846.511313979026,61273.17551937861,54961.89358841328,150.07901461786366,6461.360945583182,0.0,36386.80928211514,1762.507558450405,259.055550087658,34883.35727375238,0.0,34883.35727375238,18342.13429994966,15195.867523853656,3298.7164289839498
2025-04-22,2025-04-21,2025-02-25,2025-04-21,8846.511313979026,8996.35067273466,54653.70003059944,57700.03229470127,3046.332264101835,0.0,0.0,32696.85014552776,0.0,2951.391851189684,35648.24199671744,0.0,35648.24199671744,19649.985897453236,15781.633154057055,1678.7502346384204
2025-04-23,2025-04-22,2025-02-26,2025-04-22,8996.35067273466,9118.839212556939,52637.194286803744,57031.86807837806,4394.673791574315,0.0,0.0,31654.89115901534,0.0,3754.3967681778986,35409.28792719323,0.0,35409.28792719323,19319.439392588014,15538.506222156244,1851.0181912796177
2025-04-24,2025-04-23,2025-02-27,2025-04-23,9118.839212556939,3353.690780509729,48058.03576169256,48690.928179515686,1089.8390672380197,456.94664941489657,0.0,29912.259075525315,96.69555142450633,1468.524627400971,31284.08815150178,0.0,31284.08815150178,12638.84884064901,15426.10114976819,4388.073788634867
2025-04-25,2025-04-24,2025-02-28,2025-04-24,3353.690780509729,3114.754426283884,25863.212561004897,25351.51358918521,0.0,511.6989718196811,0.0,12977.830199658443,240.30829753157997,0.0,12737.521902126864,0.0,12737.521902126864,12776.980298209877,10564.39676035326,21138.572401328594
2025-04-26,2025-04-25,2025-03-01,2025-04-25,3114.754426283884,8906.631001197535,32394.66920356673,32610.531157375815,216.60457378842995,0.742619979345136,0.0,15658.619423210494,0.1564905989494196,299.2293632359663,15957.692295847512,0.0,15957.692295847512,19172.02236415638,10316.649197544382,23684.964357430483
2025-04-27,2025-04-26,2025-03-02,2025-04-26,8906.631001197535,8874.227985671068,53639.30869793553,55335.49243374981,2322.6556230269825,626.4718872126887,0.0,32108.895058289876,155.75517992134533,2249.4831243864805,34202.62300275501,0.0,34202.62300275501,20065.452257878685,16282.179042855558,2978.7480353933543
2025-04-28,2025-04-27,2025-03-03,2025-04-27,8874.227985671068,8992.567308350268,65787.89263039292,63729.487313222664,1759.389987323863,3817.7953044941214,0.0,38580.293238074446,1011.4795873453893,1544.592846336975,39113.406497066026,0.0,39113.406497066026,19687.356656742977,15840.25350155054,3260.416841363552
2025-04-29,2025-04-28,2025-03-04,2025-04-28,8992.567308350268,9112.294842893205,55438.827574425624,55809.162366281074,1132.1605152433426,761.8257233878926,0.0,33147.24878454401,169.56387756244598,1544.708345529514,34522.39325251108,0.0,34522.39325251108,17924.13741546389,14410.796525437107,4862.607759587623
2025-04-30,2025-04-29,2025-03-05,2025-04-29,9112.294842893205,8774.060387525904,52437.38000555722,52622.12692307465,246.86009877616272,62.11318125873265,0.0,31907.69972888718,38.50273909141424,188.63629550020215,32057.833285295972,0.0,32057.833285295972,18464.593879750588,15260.732052428546,1161.4106624192793
2025-05-01,2025-04-30,2025-03-06,2025-04-30,8774.060387525904,1890.333938728394,48829.13797233748,48555.85187909535,330.3765784234681,603.6626716655953,1279.280319843941,30690.613588360626,145.04477745958346,620.235259827416,31165.804070728456,8006.763106068074,39172.567176796525,12943.627242281189,16679.691870165523,2559.818026823621
2025-05-02,2025-05-01,2025-03-07,2025-05-01,1890.333938728394,2166.4537123518508,28802.998618539095,28882.97087101378,238.77247861482942,158.80022614014652,980.5415234715413,14535.248855417874,73.213093510718,414.62597300246114,14876.66173490962,5643.951191837987,20520.612926747603,14055.504760904263,11136.45106007134,12654.138610319063
2025-05-03,2025-05-02,2025-03-08,2025-05-02,2166.4537123518508,8379.859683592591,34243.49380476681,34366.92010411342,141.4889668841384,18.062667537525442,1323.862433741404,16388.770214686345,8.360209020961518,204.93990006505484,16585.349905730436,7522.160293098948,24107.510198829383,19940.16288642661,10559.466563888895,17442.914565317107
2025-05-04,2025-05-03,2025-03-09,2025-05-03,8379.859683592591,8209.303464407407,60255.65351048697,55641.3750914823,785.4147167058101,5399.693135710478,1177.938644525924,35585.72645944389,1501.7256286474278,1511.1782033582429,35595.1790341547,7352.797653696973,42947.976687851675,17256.460973196154,14131.233985555558,1959.4194150343005
2025-05-05,2025-05-04,2025-03-10,2025-05-04,8209.303464407407,8254.245800735496,62428.55783510287,59350.861841925165,615.5762488232218,3693.2722420009313,924.2723723179363,37457.24162776753,1283.661086582692,1180.3325756666627,37353.9131168515,5986.363047061943,43340.27616391345,19580.992751053087,15820.156025657721,1438.2906888477373
2025-05-06,2025-05-05,2025-03-11,2025-05-05,8254.245800735496,8056.609096407406,53255.730591617634,57603.126452707715,4609.520523142723,262.124662052641,914.5143046050481,32033.391909206784,75.27135213079154,4654.1596978544585,36612.28025493045,5755.833607187167,42368.11386211762,19290.642146233255,15803.293172344213,2160.2094167570526
2025-05-07,2025-05-06,2025-03-12,2025-05-06,8056.609096407406,8229.161317611113,57165.5576090535,59932.15428226187,2766.596673208369,0.0,961.1442513117677,34520.12779490206,0.0,2388.0715664378486,36908.1993613399,6253.937074296293,43162.1364356362,20472.841791529485,16427.704852055555,1780.3156440997072
2025-05-08,2025-05-07,2025-03-13,2025-05-07,8229.161317611113,2690.00484949127,58495.096686700956,54232.98608454494,502.44533740855616,4764.555939564574,379.9188022432464,35400.95289633961,1135.6687081784357,822.2070079198131,35087.491196080984,2105.7159433780876,37193.207139459075,13259.66697001691,15725.57106702156,1252.2965837928327
2025-05-09,2025-05-08,2025-03-14,2025-05-08,2690.00484949127,3051.6215546511808,27779.355842211346,28162.069002166463,466.0726027606823,83.35944280556684,320.19483437940926,14014.744207919914,35.99887472201952,745.803574227542,14724.548907425436,1765.8032213478582,16490.352128773295,13584.330065349743,10677.852318289373,17076.4002394855
2025-05-10,2025-05-09,2025-03-15,2025-05-09,3051.6215546511808,8424.419254550263,33788.17437566948,34243.963493404866,460.01238178383085,4.2232640484310195,310.70776981032134,16556.284513532082,0.8905199040721691,640.3742986035395,17195.768292231547,1658.117816880147,18853.886109111696,18920.463238690194,10490.05729342988,14003.220034621543
2025-05-11,2025-05-10,2025-03-16,2025-05-10,8424.419254550263,8453.45655599925,62716.264823421516,60028.26412716532,745.7367955690038,3433.7374918252044,537.893222852364,36934.93177147306,825.6628448345899,1116.0839208980217,37225.352847536495,3742.4274826097585,40967.78033014625,18853.95791287252,15245.572338122656,1473.6926919344792
2025-05-12,2025-05-11,2025-03-17,2025-05-11,8453.45655599925,8680.357431594959,55209.96165436298,57551.80282320683,2895.88252272804,554.0413538841872,115.68947931327364,33247.58671152592,113.94119997111434,3012.070590397178,36145.716101951984,707.2310859387519,36852.947187890735,17480.319973673744,13954.848390639589,2210.825486152617
2025-05-13,2025-05-12,2025-03-18,2025-05-12,8680.357431594959,8716.290828001065,64890.567299572125,59318.26468448995,1073.807151663286,6646.109766745466,154.01071297893105,38118.33168417245,1721.8887689377302,1442.8962043170332,37839.33911955176,929.1582937517401,38768.4974133035,18595.59388778875,15030.090992343394,2777.559735356852
2025-05-14,2025-05-13,2025-03-19,2025-05-13,8716.290828001065,8499.156825676793,62659.01956481507,59023.96773633323,1528.0870270866221,5163.138855568464,8.021314680573505,37989.67707487805,1573.510381383829,1107.8487855157136,37524.015479009926,49.034296642345836,37573.04977565227,18268.190735311626,14992.655097694262,2742.3046300631067
2025-05-15,2025-05-14,2025-03-20,2025-05-14,8499.156825676793,3147.200129151565,54743.40288668971,52930.240960760886,1501.829827686157,3314.991753614987,0.0,35485.87487561915,1191.5947313093307,1042.0331376764948,35336.31328198632,0.0,35336.31328198632,12872.943826902514,15243.845526663743,2536.0843771887744
2025-05-16,2025-05-15,2025-03-21,2025-05-15,3147.200129151565,2557.2479699426335,27412.738750786913,26650.626008284256,0.0,762.112742502658,0.0,14750.305241117054,395.5380430029294,0.0,14354.767198114125,0.0,14354.767198114125,12133.967188934093,10359.470366324655,22160.622652341484
2025-05-17,2025-05-16,2025-03-22,2025-05-16,2557.2479699426335,8816.785656750282,34911.021663218744,34777.55740153268,82.26957391554782,215.7338356016181,0.0,17774.45871245912,95.8431115702518,143.82285062718984,17822.438451516056,0.0,17822.438451516056,19251.872215174208,9960.432576164227,15037.318679189362
2025-05-18,2025-05-17,2025-03-23,2025-05-17,8816.785656750282,9112.528360070108,66717.87857367938,60675.726005299905,116.79764157206739,6158.950209951552,5.2366666666667925,39824.62937619208,1572.2982154319025,197.86721782235662,38450.198378582536,35.31869833333418,38485.51707691587,18670.86151201815,14857.229391746861,3191.162451695275
2025-05-19,2025-05-18,2025-03-24,2025-05-18,9112.528360070108,8772.964835372932,59640.239944140216,57024.2223681876,430.0421674113812,3046.059743363993,67.00333333333344,35856.13310586466,681.2400034261847,528.7167153375788,35703.60981777606,451.90398166666745,36155.513799442735,17063.592796543664,14127.11733742783,6639.533692405092
2025-05-20,2025-05-19,2025-03-25,2025-05-19,8772.964835372932,8706.077416226317,59645.761418035356,59923.32193638159,1562.5866990239433,1285.026180677714,0.0,35999.83144345874,309.69677698849455,1336.7662074207537,37026.90087389099,0.0,37026.90087389099,18312.213672080823,14893.09175161742,1976.805199251512
2025-05-21,2025-05-20,2025-03-26,2025-05-20,8706.077416226317,8845.17367628671,55824.12635530409,58215.96099100153,2451.6877444742317,59.8531087767999,0.0,34534.18174638618,29.20749045492583,2147.099631230733,36652.073887162,0.0,36652.073887162,17495.297697703198,14046.004501085237,3404.0525110502294
2025-05-22,2025-05-21,2025-03-27,2025-05-21,8845.17367628671,3331.597992124446,51714.01776680078,50414.20856000214,0.0,1299.8092067986395,2.57000000000005,33455.15978096044,443.0635312373953,0.0,33012.09624972305,17.333365000000338,33029.42961472305,11558.151517467453,14324.320844894675,2366.3170707626923
2025-05-23,2025-05-22,2025-03-28,2025-05-22,3331.597992124446,3404.3974055736276,27027.612335256723,27943.767056608493,978.1549675516502,62.00024619988153,0.0,14375.657529506741,37.900750501987574,1403.729043382757,15741.485822387513,0.0,15741.485822387513,12270.379306303155,9873.487766001295,19125.9266329733
2025-05-24,2025-05-23,2025-03-29,2025-05-23,3404.3974055736276,9581.213063627061,34828.230878317074,34315.758913093785,0.0,512.4719652232872,0.0,18138.73201475042,265.6662572914406,0.0,17873.06575745898,0.0,17873.06575745898,19080.63561212282,9896.180753571394,21376.802671209025
2025-05-25,2025-05-24,2025-03-30,2025-05-24,9581.213063627061,9301.528911812133,60557.4899415392,57703.29186887167,343.72376201880377,3197.9218346863445,0.0,36689.541304763574,723.8468113015454,447.2591198795842,36412.95361334162,0.0,36412.95361334162,16031.77759136051,13237.455585635445,6363.959679813265
2025-05-26,2025-05-25,2025-03-31,2025-05-25,9301.528911812133,9296.629170632139,58546.83772699887,61251.438991027746,2839.85249939557,135.25123536668866,0.0,36067.97463813398,71.5926679615633,1948.9028164887377,37945.284786661156,0.0,37945.284786661156,18730.080021067595,15175.774584126748,3117.3006040868977
2025-05-27,2025-05-26,2025-04-01,2025-05-26,9296.629170632139,9150.144801634553,55245.24723151996,56321.0762602069,1158.2621061172958,82.43307743035473,0.0,34527.75465629727,41.138212069737506,795.7492129953889,35282.365657222916,0.0,35282.365657222916,17321.196074731975,14162.004752630724,3771.5176381056576
2025-05-28,2025-05-27,2025-04-02,2025-05-27,9150.144801634553,9433.889688341244,63994.45132379426,60012.20328612764,442.6408503439277,4424.8888880105405,0.0,38439.642644336316,1031.8521299887168,599.3863378139802,38007.176852161574,0.0,38007.176852161574,18200.467706938212,14487.008444583931,4024.919923773359
2025-05-29,2025-05-28,2025-04-03,2025-05-28,9433.889688341244,3299.9471629908935,55156.15651289244,55015.39342239873,1946.9336057844218,2087.696696278139,17.817433333333497,34759.551737197224,483.4679123481869,1456.569676511198,35732.65350136023,119.77769558333443,35852.431196943566,11972.14309615408,15217.984180700118,4168.928440278102
2025-05-30,2025-05-29,2025-04-04,2025-05-29,3299.9471629908935,3852.0293614208667,27912.891257457715,28029.77794548572,118.638652971159,1.751964943151961,0.0,15288.622812371708,0.3380416357811709,165.01625580494596,15453.30102654087,0.0,15453.30102654087,12678.250142297482,9772.508636673987,18527.803173195563
2025-05-31,2025-05-30,2025-04-05,2025-05-30,3852.0293614208667,9745.425310007131,36953.95819972122,35402.0246803405,0.0,1551.9335193807206,0.0,19744.542537324916,711.4533941151611,0.0,19033.089143209756,0.0,19033.089143209756,18584.033619903974,9749.010878394582,18177.82038883111
2025-06-01,2025-05-31,2025-04-06,2025-05-31,9745.425310007131,7780.912138777779,78292.70716072596,73635.82617983778,4150.2326454953845,8807.113626383556,757.3553331281079,48080.01828571244,2916.212125140314,6268.4470437465625,51432.25320431869,4603.453101970362,56035.70630628905,18697.059710953967,16912.680219979127,1383.9757219910516
2025-06-02,2025-06-01,2025-04-07,2025-06-01,7780.912138777779,7713.998595796296,81491.41994486284,72721.92265233936,1463.089376415573,10232.58666893904,531.9786894050696,50226.23315425409,3184.810520639115,2848.047148007317,49889.4697816223,3255.6305245758494,53145.10030619815,21789.60440037428,17709.8017529865,533.2912443566445
2025-06-03,2025-06-02,2025-04-08,2025-06-02,7713.998595796296,7933.69700088889,75481.94229783189,74412.47448246958,3418.221804908695,4487.689620271009,482.44775813352015,46037.24830492417,1156.5436015912624,5129.207069722828,50009.911773055734,2813.430674121494,52823.34244717723,19767.016848024126,15813.555082316205,2749.0936415618444
2025-06-04,2025-06-03,2025-04-09,2025-06-03,7933.69700088889,7915.150248697718,85859.36537982167,74337.46497852984,594.5930517683062,12116.493453060142,392.2692141866039,53181.44546304816,3904.039063186106,1064.8664380166501,50342.2728378787,2413.1027371444043,52755.37557502311,20828.856582992303,16888.065909195822,1143.6827022532898
2025-06-05,2025-06-04,2025-04-10,2025-06-04,7915.150248697718,1560.7542911296289,67929.12391717311,68498.19383469337,4928.996115084224,4359.926197563946,571.2181380158385,42227.07246306895,1070.1851349552396,6825.866384005758,47982.75371211947,3461.9036760672425,51444.65738818671,14471.558668062708,17440.91888294208,889.4541709219322
2025-06-06,2025-06-05,2025-04-11,2025-06-05,1560.7542911296289,1950.449848969135,35102.93342185872,36144.7037344925,2438.819118966257,1397.048806332474,481.68688887880666,19693.443318676065,509.5554055033763,3902.2782128552503,23086.166126027943,3054.6966665976133,26140.862792625558,14677.310884398416,11537.895814307161,2631.9801532800493
2025-06-07,2025-06-06,2025-04-12,2025-06-06,1950.449848969135,8185.587951285517,46620.06392465706,46928.99889373679,1216.2465958942662,907.3116268145362,282.8377706886739,23969.97412804183,235.23352846985978,2006.7197059077607,25741.460305479734,1973.0762883241891,27714.536593803925,20828.415961348528,11259.392636607563,6516.3001730178285
2025-06-08,2025-06-07,2025-04-13,2025-06-07,8185.587951285517,8836.968369118107,75715.82037786196,70471.06925669417,1751.7438405079783,6996.494961675786,87.58273896806361,46397.49192417074,1875.468028398547,2036.510397140475,46558.53429291267,591.0007753986978,47149.535068311365,19980.297780594257,15597.798826232023,991.2297746333337
2025-06-09,2025-06-08,2025-04-14,2025-06-08,8836.968369118107,8617.154502124231,83736.21039215957,76497.24502602665,88.4723810910449,7327.437747223965,63.5684573990344,52717.87937505139,2471.680637484252,160.67969581293752,50406.87843338008,428.4338586188732,50835.312291998955,21673.564665319835,17753.419859203557,1707.9559439760765
2025-06-10,2025-06-09,2025-04-15,2025-06-09,8617.154502124231,8696.067600199229,78397.5385888381,77859.98728956845,765.0220312111996,1302.5733304808475,7.373496666666824,48577.60043101365,334.4748538785948,998.8772700009636,49242.002847136,49.85589771166773,49291.858744847676,22091.651362795274,17823.215815596675,1980.4810057031832
2025-06-11,2025-06-10,2025-04-16,2025-06-10,8696.067600199229,8940.406065984429,83909.13251538418,82204.43833463914,1472.8359910099502,3177.530171755006,29.64852891587475,53158.64825299018,1240.6255238384485,1708.0186496881513,53626.04137883987,199.9879537406123,53826.02933258048,23855.34291331281,19102.92314057669,1397.2207741522234
2025-06-12,2025-06-11,2025-04-17,2025-06-11,8940.406065984429,3634.4836588654584,75699.27047298025,72241.32844215128,211.7465507463337,3669.6885815753094,0.0,48887.741160948324,1273.0066669981775,405.3976440435445,48020.13213799369,0.0,48020.13213799369,15795.001255979801,17569.28118375071,1563.2169365888592
2025-06-13,2025-06-12,2025-04-18,2025-06-12,3634.4836588654584,3591.7542759213084,35211.49580436074,35066.903892743816,248.17633755356843,392.76824917049333,0.0,20333.64001041781,158.9816610865704,448.5037523115258,20623.162101642767,0.0,20623.162101642767,13302.358608186389,10813.36691728071,4232.598501838136
2025-06-14,2025-06-13,2025-04-19,2025-06-13,3591.7542759213084,9112.785444350302,42447.210200368645,41845.08028636916,447.56766676838583,1049.69758076787,0.0,23629.606346439235,431.19384362049686,837.0460592991491,24035.458562117885,0.0,24035.458562117885,18886.13521538301,10328.841472874143,7094.4437938602905
2025-06-15,2025-06-14,2025-04-20,2025-06-14,9112.785444350302,9809.879147054964,78506.92303315672,79305.75088428585,1247.1374269302457,448.309575801125,0.0,49217.601138698934,206.49840775524956,1006.8675699138065,50017.97030085749,0.0,50017.97030085749,22567.42241465802,17652.227823438803,3763.581959733301
2025-06-16,2025-06-15,2025-04-21,2025-06-15,9809.879147054964,9639.358116837073,81118.4630404285,79244.23941809055,933.8059664808382,2808.029588818781,0.0,51101.44629774271,1008.9954100324152,1123.7202983174996,51216.171186027794,0.0,51216.171186027794,21756.318843621404,17776.08719052944,2569.954948331927
2025-06-17,2025-06-16,2025-04-22,2025-06-16,9639.358116837073,9394.571912519834,82994.91967906305,81694.312672063,923.6117261069767,2224.218733107046,25.16868238882455,52335.63090673567,800.7359684150749,1086.8924897577276,52621.78742807833,169.6746723242607,52791.46210040258,21954.111414736588,18003.13782982215,3131.496552870706
2025-06-18,2025-06-17,2025-04-23,2025-06-17,9394.571912519834,9648.04130465403,84103.99046446355,79713.63029383392,499.1136334681849,4889.473804097807,0.0,52750.36940413744,1646.3050804174914,506.9536597165795,51611.017983436526,0.0,51611.017983436526,20151.76545779205,16094.807567890792,4728.281503932672
2025-06-19,2025-06-18,2025-04-24,2025-06-18,9648.04130465403,4079.2290866566336,72855.74510503461,70663.39965540655,2556.021200603919,4748.36665023199,30.32339166666668,46937.89698204839,1622.6523012238088,2867.012054424161,48182.256735248746,204.42514492083342,48386.68188016958,15036.960641464622,17191.869115784,4589.127321392593
2025-06-20,2025-06-19,2025-04-25,2025-06-19,4079.2290866566336,4461.212810364872,36125.31531817501,35155.87001140363,0.0,969.4453067713748,0.0,21768.515408420815,481.71495641265795,0.0,21286.800452008156,0.0,21286.800452008156,12697.834148777034,9941.460309171984,9998.915321798586
2025-06-21,2025-06-20,2025-04-26,2025-06-20,4461.212810364872,10453.673947620553,42062.90664678273,41593.025440553305,0.0,469.88120622941994,0.0,23870.977319549547,214.18907610475975,0.0,23656.788243444786,0.0,23656.788243444786,19381.789456424784,10306.034436173963,13182.530020302489
2025-06-22,2025-06-21,2025-04-27,2025-06-21,10453.673947620553,9979.821081264066,77483.87033680706,75225.91615415219,1786.1800124366757,4044.134195091544,0.0,48319.88186032125,1081.8666589664954,2118.7380959959028,49356.753297350646,0.0,49356.753297350646,19577.823765641664,16284.504829890586,4475.256118401114
2025-06-23,2025-06-22,2025-04-28,2025-06-22,9979.821081264066,9877.95447858684,78982.22333962546,74850.3065682305,0.0,4131.916771394959,0.0,50316.78865346887,1439.9982713347326,0.0,48876.79038213414,0.0,48876.79038213414,20660.931391339403,16827.034369394423,3955.123546285516
2025-06-24,2025-06-23,2025-04-29,2025-06-23,9877.95447858684,10010.056241737242,90428.09913768129,84930.0281074763,0.0,5498.071030204972,0.0,57950.45942804287,1925.7600132985224,0.0,56024.69941474435,0.0,56024.69941474435,22167.92055439237,17837.124062222458,4330.4393653064035
2025-06-25,2025-06-24,2025-04-30,2025-06-24,10010.056241737242,9944.450301290659,81253.83360857726,79403.16091934303,1758.6089416056748,3609.281630839924,0.0,50833.15513728124,1227.2343632341176,2059.2646015728737,51665.18537562,0.0,51665.18537562,20229.079082625045,16444.59940332822,5181.25987337953
2025-06-26,2025-06-25,2025-05-01,2025-06-25,9944.450301290659,4023.4065914053845,71072.6044492861,69362.77802236119,532.1094746416204,2241.935901566527,0.0,46703.3836915104,686.8683455554718,543.352363891714,46559.86770984664,0.0,46559.86770984664,12790.783044015407,15689.473604549228,4714.084749561679
2025-06-27,2025-06-26,2025-05-02,2025-06-26,4023.4065914053845,4865.679934597171,37921.95347139456,35527.95603179252,0.0,2393.997439602046,0.0,22832.69536141884,1071.3803781474517,0.0,21761.314983271383,0.0,21761.314983271383,12668.294873345965,9503.272838537625,12591.288130317515
2025-06-28,2025-06-27,2025-05-03,2025-06-27,4865.679934597171,10387.060619386473,42529.00934497365,41711.25846223615,0.0,817.7508827375113,0.0,24445.269840475812,410.2253874503688,0.0,24035.044453025443,0.0,24035.044453025443,19260.677358582667,10631.906044141593,11305.561031128404
2025-06-29,2025-06-28,2025-05-04,2025-06-28,10387.060619386473,10229.813342045303,76235.37082642244,77932.32943614396,3719.253883901623,2022.2952741801014,0.0,47831.192267101505,742.0744286506097,4061.175394398762,51150.29323284967,0.0,51150.29323284967,19772.06301211467,16156.893589419939,5049.391480115895
2025-06-30,2025-06-29,2025-05-05,2025-06-29,10229.813342045303,9808.106726263399,82771.46186339959,78634.98311725308,0.0,4136.478746146514,0.0,52561.8697881444,1542.395533183475,0.0,51019.47425496092,0.0,51019.47425496092,20142.471440402478,16694.93782092972,5309.765514446992
2025-07-01,2025-06-30,2025-05-06,2025-06-30,9808.106726263399,8322.87848045669,73512.21524651804,81148.16421830078,8098.628061804563,462.6790900218168,78.7311669707824,46064.87828789955,113.94887978188115,10607.634319387842,56558.56372750551,530.6451492228663,57089.208876728386,19389.491788583888,17042.19376997899,13.05333333333374
2025-07-02,2025-07-01,2025-05-07,2025-07-01,8322.87848045669,8127.179141889661,70949.03703373812,76861.16792477405,6254.295788149152,342.164897113206,206.31422261081627,44766.42976462637,77.85962233811003,6252.69041870548,50941.260560993745,1394.2322733277806,52335.492834321514,21028.32000523562,17209.068608951184,343.4643844337697
2025-07-03,2025-07-02,2025-05-08,2025-07-02,8127.179141889661,2019.3870279691355,73639.72382305127,77767.50347394447,6515.472139517708,2387.692488624518,138.1344157773288,47336.66201879937,575.6847238581613,8382.735163115549,55143.71245805675,837.7142066242948,55981.42666468105,15152.937940850927,17770.89263461772,763.1736501552465
2025-07-04,2025-07-03,2025-05-09,2025-07-03,2019.3870279691355,1955.7578965679018,36643.215673120714,39754.664498451675,3111.448825330959,0.0,1506.17144018062,21109.85277096723,0.0,4503.6000121760335,25613.452783143264,4200.450171734604,29813.902954877867,13528.74276756045,11015.547859985072,9866.773564390247
2025-07-05,2025-07-04,2025-05-10,2025-07-04,1955.7578965679018,8136.138392838553,44714.11064288066,48128.28172277484,3414.1710798941767,0.0,614.114486333988,24673.46294077412,0.0,5104.345613571793,29777.808554345913,1617.84797119186,31395.65652553777,20199.0604314585,10798.896502837799,10552.152313821454
2025-07-06,2025-07-05,2025-05-11,2025-07-05,8136.138392838553,8160.750531038788,74884.03565567356,85935.30070400645,11656.419114236167,605.1540659032711,269.07555428418635,47349.482104252194,137.6460488273121,12422.325730813356,59634.16178623824,1766.6229183248142,61400.78470456306,22793.649323574053,18440.70502771477,2057.4504124313557
2025-07-07,2025-07-06,2025-05-12,2025-07-06,8160.750531038788,8172.904784254704,76087.35159363317,80118.2015242695,4345.745514694774,314.89558405844025,175.81006791689055,47740.17054761431,72.5344219192863,4752.86849040653,52420.50461610155,1070.4792644326756,53490.98388053422,21657.96573956959,17532.013421157033,2758.576507107172
2025-07-08,2025-07-07,2025-05-13,2025-07-07,8172.904784254704,9078.792146119056,86440.43324346699,83030.16734663305,1198.5333249964588,4608.799221830395,47.12398284946528,54602.921892199054,1332.3870232295048,1690.7902455181443,54961.325114487685,319.9178944979468,55281.243008985635,22579.48091782214,17474.08091775802,2400.5043127517356
2025-07-09,2025-07-08,2025-05-14,2025-07-08,9078.792146119056,9190.601866693893,85701.87515560516,80329.4882877488,657.8917114785377,6030.278579334902,59.2118275991395,53858.42261607611,1840.1498234986625,1041.1669559700897,53059.439748547535,399.26373432288426,53458.70348287042,21183.142491712348,17057.716669769656,2204.549276738574
2025-07-10,2025-07-09,2025-05-15,2025-07-09,9190.601866693893,3403.314874315501,72208.28351901638,71639.75021098997,791.0198372506617,1359.5531452770788,40.530516052749476,47482.69978618024,379.84429161533694,850.9235546828868,47953.77904924779,273.0856820831622,48226.86473133095,15279.396212051688,17584.869224902417,1132.1303565601156
2025-07-11,2025-07-10,2025-05-16,2025-07-10,3403.314874315501,3537.132724632839,42945.317581247524,42038.149454955244,235.79954335921985,1142.9676696515035,41.611299656480625,26000.292642351527,504.8547036865169,339.9772772589056,25835.415215923913,160.03217236402705,25995.44738828794,13892.945385402154,11132.84969689014,6800.887916099705
2025-07-12,2025-07-11,2025-05-17,2025-07-11,3537.132724632839,9049.651040644028,47983.803598418934,49304.57587059658,1328.5941008614802,7.821828683833701,0.0,27519.090521937447,1.6489688579752528,1785.0952274802726,29302.536780559745,0.0,29302.536780559745,19475.105370713194,10813.568865867615,9558.796032417664
2025-07-13,2025-07-12,2025-05-18,2025-07-12,9049.651040644028,9052.809590922485,84806.16727865342,74798.7132289588,18.707243201108213,10026.161292895717,76.83990298826996,54523.73057480801,3411.2553869702206,38.05877333634393,51150.53396117413,517.1725548454865,51667.70651601963,20503.00302284159,16604.58975325107,1709.4194623565536
2025-07-14,2025-07-13,2025-05-19,2025-07-13,9052.809590922485,9093.859223348854,80782.00696340574,77770.90448290571,1378.7240179424234,4389.826498442462,14.192243955095478,50380.79024165598,1088.3539828111857,1822.2012833109518,51114.637542155746,95.58066702861959,51210.21820918437,19578.562274511496,15821.69077317058,2220.546008853217
2025-07-15,2025-07-14,2025-05-20,2025-07-14,9093.859223348854,9903.911666684426,88870.16814825435,80171.58600422437,0.0,8698.582144029995,0.0,56087.72357512138,2687.72831242963,0.0,53399.99526269175,0.0,53399.99526269175,20096.97657289815,15549.503825045489,2875.06267303837
2025-07-16,2025-07-15,2025-05-21,2025-07-15,9903.911666684426,9786.655777666569,84245.17079227793,79832.26680895645,0.0,4412.90398332148,0.0,54224.95383547581,1464.7389715143083,0.0,52760.21486396149,0.0,52760.21486396149,18980.584322694962,15479.803601498992,4196.9227044271465
2025-07-17,2025-07-16,2025-05-22,2025-07-16,9786.655777666569,4581.030341077333,76519.89016395072,74850.00512394772,1591.7408968633035,3261.6259368663214,0.0,50126.80262925237,1003.4229261132284,1757.7683837285872,50881.14808686773,0.0,50881.14808686773,14835.236577227337,16701.604520484463,3995.9570005381656
2025-07-18,2025-07-17,2025-05-23,2025-07-17,4581.030341077333,4734.2046530193375,46434.45147989597,42939.202624949525,0.0,3495.2488549464424,0.0,28752.082507624968,1420.5317966277255,0.0,27331.550710997246,0.0,27331.550710997246,13225.9357387745,10575.15106765954,9014.16985383457
2025-07-19,2025-07-18,2025-05-24,2025-07-18,4734.2046530193375,9476.528823107112,52669.351111041164,49589.130917335715,0.0,3080.220193705452,0.0,31637.49274362106,1262.028126902932,0.0,30375.46461671813,0.0,30375.46461671813,18838.63585535666,10991.203289759898,14558.879301738954
2025-07-20,2025-07-19,2025-05-25,2025-07-19,9476.528823107112,9767.797328116338,88584.9393993596,81214.30206630913,31.52097347082986,7402.158306521296,0.0,55920.502451050954,2213.9923650454257,42.18416218792903,53748.69424819347,0.0,53748.69424819347,19505.770984231207,15537.532842718974,5156.085708130224
2025-07-21,2025-07-20,2025-05-26,2025-07-20,9767.797328116338,9844.995467682364,89270.8729156485,83759.45408303305,0.0,5511.41883261546,0.0,56923.22549683278,1802.2597309021826,0.0,55120.965765930596,0.0,55120.965765930596,20185.92462581494,16281.120621300677,5864.900728518788
2025-07-22,2025-07-21,2025-05-27,2025-07-21,9844.995467682364,10109.509116112846,87671.33669889545,85127.44189447726,1412.5244715531885,3956.419275971376,0.0,56217.177925259646,1375.4040966094349,1092.7385104309794,55934.51233908119,0.0,55934.51233908119,19678.659700523567,15701.652073836656,7355.28965112369
2025-07-23,2025-07-22,2025-05-28,2025-07-22,10109.509116112846,9934.835567397324,97507.90249478545,84151.12677299598,0.0,13356.775721789476,0.0,63155.80504585145,4658.9243038759005,0.0,58496.88074197555,0.0,58496.88074197555,20845.803136147828,17042.30673412372,6131.083254305198
2025-07-24,2025-07-23,2025-05-29,2025-07-23,9934.835567397324,5802.500176560991,90864.2952170208,78750.41049727565,0.0,12113.88471974516,0.0,60262.72045917371,4147.885464560596,0.0,56114.834994613106,0.0,56114.834994613106,14281.570332954885,15287.173821446158,6139.54198576692
2025-07-25,2025-07-24,2025-05-30,2025-07-24,5802.500176560991,5542.890692433868,45041.71965872885,43298.94477270712,0.0,1742.7748860217373,0.0,27935.819831213168,842.3732747660372,0.0,27093.446556447132,0.0,27093.446556447132,13950.810440675245,11533.804992661358,14376.619758026563
2025-07-26,2025-07-25,2025-05-31,2025-07-25,5542.890692433868,10039.440139237653,51506.38050042406,50096.61925048195,0.0,1409.7612499421098,0.0,30466.46230256119,619.4163796049729,0.0,29847.04592295622,0.0,29847.04592295622,18907.28719534061,11268.008126102486,13988.248614577158
2025-07-27,2025-07-26,2025-06-01,2025-07-26,10039.440139237653,10217.98541399504,88685.32137195815,83198.49626623292,420.66572050469966,5907.490826229949,0.0,56712.302345307486,1952.2626813281177,477.5950179886215,55237.63468196799,0.0,55237.63468196799,20532.149780726744,16470.35057510701,5451.507260613178
2025-07-28,2025-07-27,2025-06-02,2025-07-27,10217.98541399504,10135.046289947792,91606.88986847019,87366.42883739217,0.0,4240.461031078016,0.0,58733.0164320997,1573.2888342726808,0.0,57159.72759782701,0.0,57159.72759782701,20454.645807716588,16642.90831589296,5599.814112235212
2025-07-29,2025-07-28,2025-06-03,2025-07-28,10135.046289947792,10142.160090797066,89755.15484751205,87141.95649898564,527.4203984796249,3140.618747006025,0.0,57473.95414441796,1136.4548282885191,640.2735548826354,56977.77287101209,0.0,56977.77287101209,19337.127600654745,15656.670935765997,7392.2538840969055
2025-07-30,2025-07-29,2025-06-04,2025-07-29,10142.160090797066,10353.195710340895,82623.63377001972,85323.45412187479,4013.1659608251994,1313.3456089701308,0.0,53013.29805522337,512.1278946618067,3889.9821562934967,56391.15231685506,0.0,56391.15231685506,19360.6880753764,15492.225283465435,7351.7372799638215
2025-07-31,2025-07-30,2025-06-05,2025-07-30,10353.195710340895,5799.777010026774,81250.23971770416,78869.70412962792,2.7063332958888395,2383.24192137212,0.0,53028.37093035493,897.4483825649833,2.966682558953346,52133.889230348905,0.0,52133.889230348905,15754.777689809176,16859.446759028142,5279.376932180224
2025-08-01,2025-07-31,2025-06-06,2025-07-31,5799.777010026774,5841.35931571248,45332.21098713887,42839.84691161569,0.0,2492.3640755231736,0.0,28085.36444840599,1159.664070627184,0.0,26925.700377778805,0.0,26925.700377778805,14147.963948165041,11422.426722896545,18862.95001968053
2025-08-02,2025-08-01,2025-06-07,2025-08-01,5841.35931571248,10172.398326591878,52497.15119648305,49219.407700712094,0.0,3277.7434957709534,0.0,31459.463685695613,1390.8910865580183,0.0,30068.572599137595,0.0,30068.572599137595,18768.820933833365,11304.80984661357,20828.37168015897
2025-08-03,2025-08-02,2025-06-08,2025-08-02,10172.398326591878,9575.957640248067,75411.1059651285,71386.74158030542,0.0,4024.3643848230877,12.516060229715094,48571.707234501126,1275.9557641133667,0.0,47295.75147038776,84.31443973747572,47380.06591012523,17933.756480324053,15063.139366771915,5689.1605436496575
2025-08-04,2025-08-03,2025-06-09,2025-08-03,9575.957640248067,10225.983318806084,81403.82933520449,75008.47797305204,0.0,6395.351362152443,0.0,52513.264165485016,2267.1684977731616,0.0,50246.09566771185,0.0,50246.09566771185,18326.141903803167,14259.151831378354,5525.8328172938955
2025-08-05,2025-08-04,2025-06-10,2025-08-04,10225.983318806084,9988.1863497167,79071.79411554468,74758.96569142152,0.0,4312.828424123161,0.0,50915.22190635632,1522.0934744688575,0.0,49393.12843188746,0.0,49393.12843188746,17617.41955391303,14484.127110849997,6473.363515025147
2025-08-06,2025-08-05,2025-06-11,2025-08-05,9988.1863497167,9915.658009514764,87059.94145185113,77754.82490575034,0.0,9305.116546100786,0.0,56773.44369737174,3314.0988408635994,0.0,53459.344856508134,0.0,53459.344856508134,17914.763609410817,14576.234029804498,6301.896059477358
2025-08-07,2025-08-06,2025-06-12,2025-08-06,9915.658009514764,4976.9416160416995,82512.38842572433,68086.84125614299,95.65623817523584,14521.20340775658,0.0,53531.67876342555,4176.14704374097,118.81557109364991,49474.347290778234,0.0,49474.347290778234,12844.341874209898,14848.761672235776,6703.275804168869
2025-08-08,2025-08-07,2025-06-13,2025-08-07,4976.9416160416995,5051.953151288741,44118.95695000691,42767.766492664174,0.0,1351.1904573427378,0.0,26750.82075269595,687.7451098764334,0.0,26063.075642819516,0.0,26063.075642819516,13117.893524275534,10557.983372940846,24432.68509132949
2025-08-09,2025-08-08,2025-06-14,2025-08-08,5051.953151288741,9915.786563595744,50029.949375506796,48532.7604787118,0.0,1497.1888967949953,0.0,29451.71467255972,732.2121182670062,0.0,28719.50255429271,0.0,28719.50255429271,18705.21219619284,10773.771807839898,21679.391090358862
2025-08-10,2025-08-09,2025-06-15,2025-08-09,9915.786563595744,9868.722631892395,81878.45223769196,73447.25343849797,0.0,8431.198799194008,0.0,52965.189170788944,2792.7912977124365,0.0,50172.39787307651,0.0,50172.39787307651,17231.867301587663,14000.170052819016,4910.937139729322
2025-08-11,2025-08-10,2025-06-16,2025-08-10,9868.722631892395,9656.935605815876,80268.96903836374,74736.7098429747,40.73855295152879,5572.997748340561,26.394896005454598,50785.13277317485,1520.9007009624627,40.90558101863006,49305.13765323102,177.94119142077218,49483.07884465179,18834.120181793718,15446.245670721775,6813.976894574878
2025-08-12,2025-08-11,2025-06-17,2025-08-11,9656.935605815876,9737.289612182842,86416.8291316655,77296.1583335869,0.0,9120.670798078581,11.215558914212693,54772.47427932623,2620.99582951376,0.0,52151.478449812465,75.39659480079483,52226.87504461326,17836.402242903532,14375.167211021593,6085.59521061918
2025-08-13,2025-08-12,2025-06-18,2025-08-12,9737.289612182842,9910.535605815327,78571.58831843882,75723.51058252194,0.0,2848.0777359168683,4.960698827925853,49703.30579896209,812.375629722228,0.0,48890.93016923986,33.40223617388712,48924.332405413734,17933.33830250135,14370.082630756859,6044.236159605383
2025-08-14,2025-08-13,2025-06-19,2025-08-13,9910.535605815327,4603.42568918066,73805.6328035591,69656.96334939191,124.22165018237447,4272.89110434956,13.52000558676616,48797.03331309791,1593.0299412708177,128.55077469123023,47332.55414651833,94.31555897328073,47426.869705491605,13694.355893896063,15868.827199027004,5918.663676776296
2025-08-15,2025-08-14,2025-06-20,2025-08-14,4603.42568918066,4577.518628688063,45249.44177648638,42228.96645598364,0.0,3020.475320502748,0.0,27852.188966578775,1416.8193526161208,0.0,26435.369613962655,0.0,26435.369613962655,13211.85590012767,10724.919633546753,22582.303306069378
2025-08-16,2025-08-15,2025-06-21,2025-08-15,4577.518628688063,9772.228193456149,52682.396761492135,47968.34132984814,0.0,4714.055431643992,0.0,31796.588328125854,2068.4919319703777,0.0,29728.096396155473,0.0,29728.096396155473,19481.178717816067,11104.516153139739,22662.39839850514
2025-08-17,2025-08-16,2025-06-22,2025-08-16,9772.228193456149,9672.963568010538,83819.67090873705,74147.29068281001,0.0,9672.380225927056,20.771928505597202,52859.31747958388,2701.0891109610766,0.0,50158.2283686228,139.6392893788772,50297.86765800168,18395.20782396329,14989.456500311313,7596.917670996958
2025-08-18,2025-08-17,2025-06-23,2025-08-17,9672.963568010538,9630.950684291294,81138.53830177155,75064.53791363521,0.0,6074.000388136339,40.116948973328476,52159.28194122802,2123.418319815754,0.0,50035.863621412274,270.49550059428987,50306.35912200656,19085.69001190918,15497.220504993753,7122.069739026452
2025-08-19,2025-08-18,2025-06-24,2025-08-18,9630.950684291294,9507.065260935788,79720.48723932655,73660.9366756529,0.0,6059.550563673643,48.61920428780968,51001.836689851145,1818.572501023298,0.0,49183.26418882785,327.80643701163854,49511.07062583949,17660.609393937437,14416.59049010928,6147.876926112555
2025-08-20,2025-08-19,2025-06-25,2025-08-19,9507.065260935788,9487.172921331325,88872.1044748535,78871.27054036988,0.0,10000.833934483619,5.768325076341171,56164.47928844421,3067.5503588308784,0.0,53096.928929613336,38.973688378299116,53135.902617991625,20304.197192732267,16464.30283175716,4386.45343780446
2025-08-21,2025-08-20,2025-06-26,2025-08-20,9487.172921331325,5037.51563844275,79033.57852584586,68643.5330608963,0.0,10390.045464949575,0.0,51162.840649671314,2996.190166919152,0.0,48166.65048275217,0.0,48166.65048275217,12933.544262393913,14480.86240713879,4346.432722307827
2025-08-22,2025-08-21,2025-06-27,2025-08-21,5037.51563844275,4938.977001650602,44738.11278547012,42348.04965406203,0.0,2390.063131408084,0.0,27431.78690897355,1084.904384592347,0.0,26346.882524381206,0.0,26346.882524381206,14003.405127414366,11431.44292631857,18545.518052966232
2025-08-23,2025-08-22,2025-06-28,2025-08-22,4938.977001650602,9643.918361291206,48840.16816129224,48357.53944462139,72.97907164524788,555.607788316093,0.0,28301.83091155818,274.2566732405958,91.40062174367065,28118.97486006126,0.0,28118.97486006126,18242.837306817226,10542.25099484541,18126.946982649577
2025-08-24,2025-08-23,2025-06-29,2025-08-23,9643.918361291206,9914.774869691779,79286.37020126767,74503.61458687957,0.0,4782.755614388098,0.0,51475.36104567164,1539.7828513818713,0.0,49935.57819428976,0.0,49935.57819428976,19238.05463513364,15339.053396897734,6871.023865310326
2025-08-25,2025-08-24,2025-06-30,2025-08-24,9914.774869691779,9760.947320755718,100872.46109687195,80406.13548226611,0.0,20466.32561460585,0.0,65026.18840899668,6975.220559239753,0.0,58050.967849756926,0.0,58050.967849756926,19685.49466210427,16083.695470346915,6031.249273842093
2025-08-26,2025-08-25,2025-07-01,2025-08-25,9760.947320755718,9944.034935071013,79360.6889917049,75092.46536365835,0.0,4268.223628046539,0.0,51551.00922717572,1532.4818354965842,0.0,50018.527391679134,0.0,50018.527391679134,19209.96786173459,15395.295115121255,5748.974233711691
2025-08-27,2025-08-26,2025-07-02,2025-08-26,9944.034935071013,9524.597722813784,79861.46509162191,78838.03618819709,1159.7050492302142,2183.1339526550328,0.0,51649.406479177815,694.1479519403772,1136.6744070170041,52091.93293425444,0.0,52091.93293425444,18306.95335538884,15206.12570889647,7823.05967503806
2025-08-28,2025-08-27,2025-07-03,2025-08-27,9524.597722813784,5169.167570503887,73646.19045161294,74938.67690581812,1803.4357741715276,510.94931996633346,18.243056173966693,47784.33462250173,228.8984080665226,2069.712588675191,49625.14880311041,122.91539037972514,49748.064193490136,14902.20728280499,15990.675036150953,5277.5927320047285
2025-08-29,2025-08-28,2025-07-04,2025-08-28,5169.167570503887,5199.118326639246,45785.6358122941,43655.25475859287,0.0,2130.3810537012287,0.0,28086.80418815527,977.9751980791643,0.0,27108.828990076105,0.0,27108.828990076105,13918.28125477391,11246.852135845045,18428.605289664007
2025-08-30,2025-08-29,2025-07-05,2025-08-29,5199.118326639246,9518.27699911552,49717.46373989299,47486.72233800262,0.0,2230.7414018903783,0.0,29365.921936173145,913.2776467595309,0.0,28452.64428941362,0.0,28452.64428941362,18264.147464475336,10906.716640996377,21616.571681190326
2025-08-31,2025-08-30,2025-07-06,2025-08-30,9518.27699911552,9743.6612247574,76906.73901422822,74572.37959034336,0.0,2334.3594238848764,0.44540697851800815,49657.699660959464,944.7993493524651,0.0,48712.900311606994,3.009392250356922,48715.90970385735,20557.291043619683,16448.559942254247,3817.4708126231053
2025-09-01,2025-08-31,2025-07-07,2025-08-31,9743.6612247574,10800.0,86239.59218126402,69736.55399482424,0.0,16503.038186439764,0.0,54612.376484887165,4993.939225927356,0.0,49618.4372589598,0.0,49618.4372589598,17398.34185024001,13141.95200097607,11906.029612226965
2025-09-02,2025-09-01,2025-07-08,2025-09-01,10800.0,10800.0,74846.9441612963,69918.77749386062,0.0,4928.1666674356875,0.0,47888.325259596895,1672.2180706070587,0.0,46216.10718898984,0.0,46216.10718898984,18327.883376050515,14845.58553460092,12378.723802411014
2025-09-03,2025-09-02,2025-07-09,2025-09-02,10800.0,10800.0,79270.91973016462,69382.4793373856,0.0,9888.440392779024,0.0,50721.6440129291,2877.842185094186,0.0,47843.80182783492,0.0,47843.80182783492,16303.653310700518,13205.959181667418,10737.067958352483
2025-09-04,2025-09-03,2025-07-10,2025-09-03,10800.0,7487.778500779037,71849.67699218106,63861.11011088413,0.0,7988.566881296938,0.0,48030.61690458902,2678.7917938894398,0.0,45351.825110699574,0.0,45351.825110699574,14106.969953724096,14407.64501181539,10236.219618975427
2025-09-05,2025-09-04,2025-07-11,2025-09-04,7487.778500779037,7486.77306223227,39915.865101623975,36782.05731726582,0.0,3133.8077843581514,0.0,24719.09772958591,1562.5924849951975,0.0,23156.505244590713,0.0,23156.505244590713,14658.534102010362,11874.317517320489,27173.57906590928
2025-09-06,2025-09-05,2025-07-12,2025-09-05,7486.77306223227,10800.0,45223.20910899095,42638.85674057858,0.0,2584.352368412374,0.0,26754.133325845578,1230.8261498250727,0.0,25523.307176020506,0.0,25523.307176020506,18181.834202551698,11745.381460075918,28481.320298102808
2025-09-07,2025-09-06,2025-07-13,2025-09-06,10800.0,10800.0,72359.70947193415,69329.64834471926,145.5681776429989,3175.6293048578964,0.0,46828.53255702919,1180.823751419649,100.59570300407387,45748.30450861362,0.0,45748.30450861362,18082.013751787068,14646.431138947526,10933.082115213057
2025-09-08,2025-09-07,2025-07-14,2025-09-07,10800.0,10531.076294260301,75838.07965659362,69746.77651718071,543.5305175953616,6634.83365700827,0.0,47854.19693597936,1902.6023602936953,578.0213754966859,46529.61595118235,0.0,46529.61595118235,18054.41012647417,14866.103537609806,7162.900394983016
2025-09-09,2025-09-08,2025-07-15,2025-09-08,10531.076294260301,10425.041059892865,64841.57011753657,64236.471743424714,800.6567680900412,1405.7551422018973,0.0,41758.493659415835,501.0025043047127,857.7479057917751,42115.239060902895,0.0,42115.239060902895,18899.34368593844,15403.90009654083,7638.193887360437
2025-09-10,2025-09-09,2025-07-16,2025-09-09,10425.041059892865,10335.510067032192,77555.4789173357,72113.95910702471,0.0,5441.519810310994,296.376016666666,48864.33718942584,1758.2364577206004,0.0,47106.10073170524,1462.1306876416631,48568.23141934691,20584.11442683568,16753.710579311508,7263.932626167198
2025-09-11,2025-09-10,2025-07-17,2025-09-10,10335.510067032192,6455.263321806349,71362.273095897,59385.88102395206,0.0,11976.392071944952,0.0,46473.544935512335,3555.493233340713,0.0,42918.05170217163,0.0,42918.05170217163,14770.047196146737,15455.960299582119,6575.708344054106
2025-09-12,2025-09-11,2025-07-18,2025-09-11,6455.263321806349,6592.805298957789,36717.631237589645,35940.03072986469,0.0,777.6005077249599,0.0,21858.921073240388,414.5311660973721,0.0,21444.38990714302,0.0,21444.38990714302,14326.967176031205,11481.055633148982,21542.462986982464
2025-09-13,2025-09-12,2025-07-19,2025-09-12,6592.805298957789,10800.0,41765.97107093799,40668.40478975695,0.0,1097.5662811810444,0.0,23898.308186004135,535.5264371850103,0.0,23362.78174881912,0.0,23362.78174881912,18987.33189880933,11593.263607097568,25267.23501471185
2025-09-14,2025-09-13,2025-07-20,2025-09-13,10800.0,10236.026749254384,79726.83174421125,69339.34855485504,0.0,10387.483189356202,0.0,51154.72953251923,3561.1448573482703,0.0,47593.58467517096,0.0,47593.58467517096,18323.44618106939,15349.567332337265,6266.144956122918
2025-09-15,2025-09-14,2025-07-21,2025-09-14,10236.026749254384,9664.071947508775,62421.42882772833,62445.72522179449,261.5405244104984,237.24413034433155,114.9690111111104,39936.49155986836,122.63576050865527,286.65177534183,40100.50757470152,592.1936467222187,40692.70122142375,20347.40805589757,16996.15984684808,4142.415390522783
2025-09-16,2025-09-15,2025-07-22,2025-09-15,9664.071947508775,9422.81049245496,76918.48466692907,68135.1755931409,26.654979950287043,8809.964053738455,0.0,47935.19458738202,2629.202222963793,37.14401916802643,45343.13638358625,0.0,45343.13638358625,19592.397942310257,16086.977642819755,5137.985310317065
2025-09-17,2025-09-16,2025-07-23,2025-09-16,9422.81049245496,9562.746617091901,72601.20943852741,67720.80223200974,40.81340226553965,4921.220608783226,7.62916666666672,46015.854701506214,1728.065047222218,48.43532601239638,44336.2249802964,34.70889375000024,44370.9338740464,20151.700936113517,16196.935246078705,3813.547308641584
2025-09-18,2025-09-17,2025-07-24,2025-09-17,9562.746617091901,5095.8716857547,59521.58398658513,63368.855640449925,4604.2743045491225,757.0026506843292,0.0,38942.001144828566,249.24675752453726,3662.89426631467,42355.6486536187,0.0,42355.6486536187,15178.472745135387,16314.750361763145,5549.08214041102
2025-09-19,2025-09-18,2025-07-25,2025-09-18,5095.8716857547,6144.992424143171,35212.98819282763,34449.34234152149,0.0,763.6458513061431,0.0,20436.404968146697,365.2227944728112,0.0,20071.182173673886,0.0,20071.182173673886,14993.304488130983,11200.367970836473,14555.053507560311
2025-09-20,2025-09-19,2025-07-26,2025-09-19,6144.992424143171,10178.235401071035,39507.07677049337,38521.126622399766,0.0,985.9501480936007,0.0,22217.160902783802,450.0254150570065,0.0,21767.135487726795,0.0,21767.135487726795,19731.746698396233,12352.796146465877,15496.742337136078
2025-09-21,2025-09-20,2025-07-27,2025-09-20,10178.235401071035,9440.929054626009,71394.65738916662,67696.20706530492,0.0,3698.4503238616976,0.0,44843.42780360708,1048.1364842196385,0.0,43795.29131938745,0.0,43795.29131938745,17906.168553867083,15167.572240432866,6670.123268537364
2025-09-22,2025-09-21,2025-07-28,2025-09-21,9440.929054626009,8993.602031428385,73956.92858499716,65849.56791414879,163.12204149577423,8270.482712344154,19.555900000000065,46273.86192354156,2555.5130493854876,296.5679467152942,44014.91682087137,131.78740035000044,44146.704221221364,20450.698035231748,16967.659729415576,1772.0656249992815
2025-09-23,2025-09-22,2025-07-29,2025-09-22,8993.602031428385,8920.088198483114,72927.59229001099,68699.34012821675,58.2504852483508,4286.502647042582,6.375000000000114,45537.996515072395,1251.795831277237,102.33879559234572,44388.5394793875,42.99618750000077,44431.5356668875,21329.913829972644,17343.39265192858,2602.5783668393574
2025-09-24,2025-09-23,2025-07-30,2025-09-23,8920.088198483114,9217.214038538625,62688.93607890765,67195.61751411736,4507.674345194539,0.9929099848325222,0.0,39697.06403218958,0.6179375290605201,3777.513069355153,43473.95916401567,0.0,43473.95916401567,20996.72919153355,16739.937389092225,1875.600611676029
2025-09-25,2025-09-24,2025-07-31,2025-09-24,9217.214038538625,4962.616620345356,63949.91836195298,64418.872413707235,2694.1592879799828,2225.2052362257136,15.37166666666667,41071.596168505814,488.5400485362571,2498.1529898535923,43081.209109823154,103.4974316666667,43184.70654148982,14919.552959517037,15913.975573582748,5093.217794439615
2025-09-26,2025-09-25,2025-08-01,2025-09-25,4962.616620345356,5507.037557333207,34535.55322820338,33369.178538405984,0.0,1166.374689797392,0.0,19582.71782225783,497.8719996636645,0.0,19084.845822594165,0.0,19084.845822594165,14855.763658769098,11543.189720313909,12362.361099950796
2025-09-27,2025-09-26,2025-08-02,2025-09-26,5507.037557333207,9046.655972941602,37570.07632673345,38213.70383301983,643.6275062863829,0.0,0.0,20478.255660770534,0.0,892.2773393413987,21370.53300011193,0.0,21370.53300011193,19446.327065163296,12565.868348734715,13531.942866591251
2025-09-28,2025-09-27,2025-08-03,2025-09-27,9046.655972941602,9110.105611386216,69248.71769505803,70901.80063408912,3389.642232229712,1736.559293198629,5.868333333333453,43215.06040702287,414.2610672744297,3429.4703893332744,46230.269729081716,39.561369166667475,46269.83109824838,19888.148240513154,16052.295400215507,3584.186960458126
2025-09-29,2025-09-28,2025-08-04,2025-09-28,9110.105611386216,8691.113371778038,71690.91716329515,67437.80285607482,190.3195585132197,4443.433865733539,26.015016666666952,44915.805650673676,1345.2214320526068,348.003238571828,43918.587457192894,134.7362566666684,44053.323713859565,21615.15718127866,17885.37033248308,974.1394239459116
2025-09-30,2025-09-29,2025-08-05,2025-09-29,8691.113371778038,8946.749666297565,70882.12746233854,72261.338265882,1596.8268516151313,217.61604807165736,31.411150000000134,44733.63834997889,91.34965411625019,1966.4398134829842,46608.72850934562,212.2294349750009,46820.95794432062,22078.51936628874,17653.528021626305,2445.5833045529034
2025-10-01,2025-09-30,2025-08-06,2025-09-30,8946.749666297565,10292.510893403698,66793.56768344852,62568.05043554216,95.71264015294639,4321.229888059316,0.0,41243.31580192212,1079.699285666938,148.73736324509656,40312.35387950028,0.0,40312.35387950028,21153.021702670623,15922.762474767682,7676.269674305886
2025-10-02,2025-10-01,2025-08-07,2025-10-01,10292.510893403698,7130.948643038006,67695.517757583,57976.61150551197,97.75284617037403,9816.659098241395,0.0,43579.589208969344,3120.746460823575,172.1901063727555,40631.032854518526,0.0,40631.032854518526,15896.044539209423,15721.202102088751,6070.985951724642
2025-10-03,2025-10-02,2025-08-08,2025-10-02,7130.948643038006,7208.957386723469,30015.80294222602,30372.701641962078,406.37201716271744,49.47331742665688,0.0,16513.62908691653,30.243038942915348,586.096162265389,17069.482210239006,0.0,17069.482210239006,15479.964381966225,12468.563280075725,19544.14684007158
2025-10-04,2025-10-03,2025-08-09,2025-10-03,7208.957386723469,10542.441150566974,36118.86949139332,35833.73813990064,54.20428359890889,339.33563509159285,0.0,19690.126065157092,147.86810910206148,90.49396491963464,19632.751920974664,0.0,19632.751920974664,19185.904588052083,12540.44732886303,16092.298447378253
2025-10-05,2025-10-04,2025-08-10,2025-10-04,10542.441150566974,10269.666271217702,70604.64729853327,61000.38028073905,514.6145719754638,10118.881589769679,0.0,44112.41960326229,2790.1078240282395,706.8413362750597,42029.153115509114,0.0,42029.153115509114,19288.22113513369,15868.956510872635,2845.1545898113327
2025-10-06,2025-10-05,2025-08-11,2025-10-05,10269.666271217702,10050.797911083213,60282.46568956606,62939.071497539364,2657.611193659131,1.0053856858255585,0.0,38418.33798033382,0.21314176539501842,2326.7976790682055,40744.92251763663,0.0,40744.92251763663,19629.894328177616,16097.195929944915,1673.263849306662
2025-10-07,2025-10-06,2025-08-12,2025-10-06,10050.797911083213,10232.691276875052,65329.6736518074,65289.30383447931,1924.2586578426074,1964.6284751707021,0.0,40765.98093698286,439.20966863472637,2325.884379684946,42652.65564803308,0.0,42652.65564803308,19715.39665915721,15805.76726470469,3608.111440026795
2025-10-08,2025-10-07,2025-08-13,2025-10-07,10232.691276875052,9699.397700790107,61582.4741508727,61273.666516369674,676.7490680999979,985.5567026030308,0.0,38109.36710483713,239.2545688487502,968.4480697554288,38838.56060574381,0.0,38838.56060574381,19906.204900556782,16603.990187927444,1492.9561370736756
2025-10-09,2025-10-08,2025-08-14,2025-10-08,9699.397700790107,6221.857058251129,67963.12663071332,57029.62384542172,289.15355474079547,11222.656340032401,0.0,42914.433732791236,3315.579047876203,535.0608513538068,40133.91553626884,0.0,40133.91553626884,16846.621907198092,16775.550323115534,1198.5705780058302
2025-10-10,2025-10-09,2025-08-15,2025-10-09,6221.857058251129,6447.798287446962,31530.662181037635,31441.261855411427,364.7981428908248,454.19846851703153,0.0,16904.464856617196,190.99570454243008,650.0606869136407,17363.529838988405,0.0,17363.529838988405,15566.225026343223,12405.295165061765,18936.721077463302
2025-10-11,2025-10-10,2025-08-16,2025-10-10,6447.798287446962,9581.641238738197,35659.205049075514,35697.54947474949,125.0932672127023,86.74884153873042,0.0,18698.794231106785,33.49487975280631,218.409788505918,18883.709139859897,0.0,18883.709139859897,18672.780984729743,12304.49394146898,15222.948848155393
2025-10-12,2025-10-11,2025-08-17,2025-10-11,9581.641238738197,9479.75022558864,65470.48694097677,64160.09914847651,834.8213933645554,2145.2091858648146,20.92993333333345,40194.13417148983,473.6715645981409,1390.8547391853103,41111.317346077,98.0358077333339,41209.35315381033,19696.097447117507,16045.540843999788,2015.5164953587844
2025-10-13,2025-10-12,2025-08-18,2025-10-12,9479.75022558864,9470.523825403157,68052.06440808394,61940.46090852388,1014.6938998886906,7126.297399448758,0.0,41902.36845817824,1924.0031260282426,1382.0089948415828,41360.37432699159,0.0,41360.37432699159,20670.210257095656,16751.174068414417,994.0294198426403
2025-10-14,2025-10-13,2025-08-19,2025-10-13,9470.523825403157,9311.941102472054,70972.36044307056,66426.07393700286,802.0875464827475,5348.374052550463,0.0,43956.81289789305,1442.8496535584527,1052.188390562811,43566.151634897404,0.0,43566.151634897404,20628.600178661927,16851.890595354154,1875.5350703617414
2025-10-15,2025-10-14,2025-08-20,2025-10-14,9311.941102472054,8901.580069233221,72871.4784358294,66553.79069069872,235.84346318456846,6553.531208315249,0.0,44826.63536469522,2085.037701754989,434.63503231840673,43176.23269525864,0.0,43176.23269525864,20885.543010870162,17286.614768719788,1034.8387985483432
2025-10-16,2025-10-15,2025-08-21,2025-10-15,8901.580069233221,5986.4950988359315,65988.23995175734,64434.97828598491,1333.9770046671845,2887.2386704395994,0.0,41336.19612575065,795.3539760700468,1896.5845454776168,42437.42669515822,0.0,42437.42669515822,18096.939595284442,17282.097545537963,653.6632862384317
2025-10-17,2025-10-16,2025-08-22,2025-10-16,5986.4950988359315,5816.895974563535,30169.850381225988,31371.098672225104,1201.2482909991215,0.0,0.0,15424.399157903947,0.0,1597.4916420096513,17021.8907999136,0.0,17021.8907999136,15797.558689263022,12948.661750148209,12518.00241644363
2025-10-18,2025-10-17,2025-08-23,2025-10-17,5816.895974563535,9170.263668321992,36029.99107332447,35328.62140235964,241.82813805258576,943.1978090174186,0.0,18864.428786575987,390.18964189951146,359.01131414732083,18833.250458823797,0.0,18833.250458823797,19111.867504705995,12462.581754429244,12602.742385416215
2025-10-19,2025-10-18,2025-08-24,2025-10-18,9170.263668321992,8702.23578046936,71166.28798711824,68107.85283165757,351.78805729837615,3410.2232127590382,0.0,44020.76401723223,940.3999822712449,640.6180255917329,43720.98206055271,0.0,43720.98206055271,21144.43483202155,17548.21731300482,625.9127793075031
2025-10-20,2025-10-19,2025-08-25,2025-10-19,8702.23578046936,8701.120544112486,76099.5284455014,70526.83274946433,159.08319485593256,5731.778890892998,0.0,47514.938058719395,1985.161436404364,285.923334146824,45815.699956461845,0.0,45815.699956461845,21717.089267399257,17591.846019314587,1960.8071347129974
2025-10-21,2025-10-20,2025-08-26,2025-10-20,8701.120544112486,8896.63898681921,74902.51103648682,72386.74853836314,628.137664624586,3143.9001627482485,0.0,46153.973620382894,1082.8505365352119,819.9949613211688,45891.11804516884,0.0,45891.11804516884,22206.2333236997,17811.0823937607,1529.0162584241525
2025-10-22,2025-10-21,2025-08-27,2025-10-21,8896.63898681921,8440.710564407409,70655.02493029003,70063.19621453848,358.131640069278,949.9603558208271,235.94589297620402,43539.89767386851,306.5114212001164,580.0921935278484,43813.47844619624,1537.727652961029,45351.20609915727,21459.817669480944,17792.787892450193,1077.2156304839382
2025-10-23,2025-10-22,2025-08-28,2025-10-22,8440.710564407409,5982.6283077319695,79219.2432786214,65478.29814525935,834.9365384698187,14575.881671831865,0.0,49432.297080166616,4605.869017530643,1221.829831132308,46048.257893768285,0.0,46048.257893768285,19273.419753401766,17823.744031263333,649.1253897875828
2025-10-24,2025-10-23,2025-08-29,2025-10-23,5982.6283077319695,6114.730340907909,32322.03172959822,32897.781783344355,575.7500537461301,0.0,301.36754493695975,16537.454336047882,0.0,784.3219777675463,17321.77631381543,1639.0696448876188,18960.84595870305,17028.823002376987,13674.454802067019,11424.730411304672
2025-10-25,2025-10-24,2025-08-30,2025-10-24,6114.730340907909,8441.47743724074,35037.01558742057,35493.45568565211,459.17477134844387,2.7346731168972838,201.78159270493643,17745.40289374759,1.0386105653561883,667.4427490510088,18411.807032233242,1067.473131607703,19479.280163840944,19070.147518838006,13352.747103559243,10579.404129744948
2025-10-26,2025-10-25,2025-08-31,2025-10-25,8441.47743724074,8734.790878125677,76406.78477879973,69743.71435635563,587.8699971175823,7250.9404195616735,0.0,47096.03333053591,2378.2191539676323,939.2549803530727,45657.069156921345,0.0,45657.069156921345,21748.77541831655,17352.525992039962,803.1529134123815
2025-10-27,2025-10-26,2025-09-01,2025-10-26,8734.790878125677,8454.205420129423,69471.52644948312,70622.30143552902,2917.283030490337,1766.508044444444,36.50396783571157,42934.8552809292,387.3074761754443,2809.446042076828,45356.993846830585,184.39384760052872,45541.38769443111,21415.965605874866,17599.45905295527,3289.7171837784645
2025-10-28,2025-10-27,2025-09-02,2025-10-27,8454.205420129423,8507.9258465193,69794.65366244192,71491.32838852165,2360.874152679331,664.1994265996146,45.16441640678363,43118.56641453586,154.71179111296897,2558.2057284289676,45522.06035185186,301.59904768212107,45823.65939953398,21041.32512087146,16995.124964155,1517.8709482119607
2025-10-29,2025-10-28,2025-09-03,2025-10-28,8507.9258465193,8461.493888904926,77862.33030945092,75021.80301634505,337.2505031511379,3177.77779625699,295.28146846070206,47923.44176877928,956.3184955830942,557.4431114680954,47524.566384664286,1878.7621027208093,49403.32848738509,22213.615797791834,18034.81755806432,1826.0294450782517
2025-10-30,2025-10-29,2025-09-04,2025-10-29,8461.493888904926,6315.913201811839,66760.1127093992,67376.10693282401,1699.872891855186,1083.8786684303543,144.23817276197548,41566.76415615974,350.36369279607726,1983.6836446136303,43200.08410797729,775.3016596885668,43975.38576766585,19740.35189503459,17920.70765336179,912.8832139131958
2025-10-31,2025-10-30,2025-09-05,2025-10-30,6315.913201811839,6518.302493677864,34814.14830457121,34037.21189180135,45.558096546326624,822.4945093161829,177.2235021883292,18369.8579562739,321.010256120137,65.59270774988674,18114.44040790365,865.1440269911933,18979.584434894845,17364.761227132127,13883.306231297605,6828.688331488493
2025-11-01,2025-10-31,2025-09-06,2025-10-31,6518.302493677864,8644.790648931843,35962.60129764874,36108.97981338387,179.21960055887376,32.84108482374486,0.0,18516.8699338977,12.364630810520335,253.76016614817223,18758.26546923535,0.0,18758.26546923535,19328.259089378727,13742.050522668189,7978.732813339999
2025-11-02,2025-11-01,2025-09-07,2025-11-01,8644.790648931843,8590.910556836501,75614.44283477224,75030.58038932674,2215.4944754974767,2799.3569209429734,302.70793248741353,46940.69703005421,930.8956591089609,2257.750935766483,48267.55230671173,2056.4124094556387,50323.964716167364,21895.246735797715,17783.641938881963,2425.2995915650667
2025-11-03,2025-11-02,2025-09-08,2025-11-02,8590.910556836501,8697.853988758096,80765.93272003763,75647.00712276739,180.29961913588113,5299.225216406131,0.0,49979.42982677605,1753.4170236313525,313.1167940651645,48539.12959720987,0.0,48539.12959720987,22129.076915268088,17828.303212637722,1841.3031368036757
2025-11-04,2025-11-03,2025-09-09,2025-11-03,8697.853988758096,8583.382991363696,74747.64410419883,72841.18486415502,503.5479572230649,2410.007197266866,400.93851301662374,46183.542925963455,581.976482277387,690.2461440607907,46291.812587746856,2575.869661864018,48867.68224961087,20970.235775217552,17088.914875581177,1780.730444201943
2025-11-05,2025-11-04,2025-09-10,2025-11-04,8583.382991363696,8723.979471324023,83191.6361439786,75580.82438865052,114.67374239792514,7725.485497726014,0.0,51838.093519959,2611.57359421188,200.3476194031047,49426.867545150235,0.0,49426.867545150235,23102.133129411264,18586.191002858825,1386.8621954314149
2025-11-06,2025-11-05,2025-09-11,2025-11-05,8723.979471324023,6756.346767236977,75814.6583112312,75636.42874569657,1359.2363270920364,1537.4658926266577,92.27059125031296,47340.90690804118,468.5532519025971,1772.8788838690984,48645.23254000768,435.46270010637204,49080.69524011406,19722.57944714192,17746.158785863296,2382.694125668261
2025-11-07,2025-11-06,2025-09-12,2025-11-06,6756.346767236977,7005.504404352072,34937.73975873532,35427.177810888956,489.4380521536368,0.0,0.0,18068.51380616623,0.0,697.4248584769902,18765.938664643218,0.0,18765.938664643218,18441.027623831065,14712.99050189958,8380.678905624138
2025-11-08,2025-11-07,2025-09-13,2025-11-07,7005.504404352072,8676.390319098766,36887.19818204365,36998.491614718725,111.54092800492324,0.24749532984787947,0.0,19046.469417227527,0.05248138469424284,140.2741936491439,19186.691129491977,0.0,19186.691129491977,19209.539776094673,14055.92989536466,8053.67463398871
2025-11-09,2025-11-08,2025-09-14,2025-11-08,8676.390319098766,8585.80501656445,80347.92461917008,77052.77942789838,317.9852584620342,3613.1304497337387,17.40131442102445,50132.767997157134,1129.1487810841998,425.69772690178297,49429.31694297472,79.41746850780805,49508.734411482525,22246.263299814542,18101.000045130666,1578.1003043022013
2025-11-10,2025-11-09,2025-09-15,2025-11-09,8585.80501656445,8618.458659,81388.57302633607,80570.43030106198,1969.030796132864,2787.173521406963,99.25277726179638,50880.46709403343,918.9048098339974,1887.7541864606383,51849.316470660066,576.1877447750996,52425.50421543517,22467.821961025536,18169.547510238688,2512.965527536923
2025-11-11,2025-11-10,2025-09-16,2025-11-10,8618.458659,8606.145104232668,83445.70666759946,77807.93957319121,80.84868009012916,5718.615774498382,0.0,52518.332180758975,2009.638372198047,142.32041947186497,50651.014228032785,0.0,50651.014228032785,22168.919718645135,17967.907171393163,2047.90735927256
2025-11-12,2025-11-11,2025-09-17,2025-11-11,8606.145104232668,8647.585602119136,80059.94413469771,77835.5597659623,1020.9713522629669,3245.355720998384,65.17544166666539,49950.65889104687,900.7826069600602,1085.208037833132,50135.08432191994,454.6638810666578,50589.74820298659,21761.257318229695,17589.32197966823,2772.812119067501
2025-11-13,2025-11-12,2025-09-18,2025-11-12,8647.585602119136,7554.725881313954,76253.65597250138,75988.55092194385,2059.4710777981695,2324.5761283556853,56.58064510411339,47937.28065911627,650.2510613515545,2403.3635151388353,49690.39311290355,394.706580246295,50085.09969314985,20163.548895125638,17316.04835377643,801.7597090320982
2025-11-14,2025-11-13,2025-09-19,2025-11-13,7554.725881313954,7678.906412758903,35760.99405634527,35648.99761614419,0.0,111.99644020107361,0.0,19024.5859267084,45.25362070283327,0.0,18979.332306005566,0.0,18979.332306005566,17697.893276896997,14223.53107598612,4576.180115233315
2025-11-15,2025-11-14,2025-09-20,2025-11-14,7678.906412758903,8699.140007694152,40823.364876248685,39846.698625831465,24.178883502515134,1000.8451339197309,0.0,21201.863390105646,312.9432871470804,38.959434987602634,20927.879537946166,0.0,20927.879537946166,19253.51296797894,14677.135268621209,7058.434009807075
2025-11-16,2025-11-15,2025-09-21,2025-11-15,8699.140007694152,8756.565336054466,80423.68527258982,80793.57330986043,1448.2914108586992,1078.4033735881076,0.0,50356.97677676698,283.111518634846,1804.2781564531779,51878.143414585305,0.0,51878.143414585305,22624.048906451608,18273.79681870152,2008.7768387770097
2025-11-17,2025-11-16,2025-09-22,2025-11-16,8756.565336054466,8816.023701110078,77510.26710025498,80225.5947235956,3760.0697304985624,1044.7421071579552,0.0,48627.955096780875,287.32483902944904,3767.054585456036,52107.684843207455,0.0,52107.684843207455,21816.657442566342,17617.979999928688,3331.1629476246017
2025-11-18,2025-11-17,2025-09-23,2025-11-17,8816.023701110078,8754.169660913145,81427.80826216198,80764.22039000085,46.51896655784776,710.1068387189905,0.0,51009.998886679714,260.2651545183614,77.45591759209199,50827.18964975345,0.0,50827.18964975345,23705.644484864315,19257.240668917333,1425.2647407205254
2025-11-19,2025-11-18,2025-09-24,2025-11-18,8754.169660913145,8542.625593308614,80698.00536895137,82478.75279634549,3259.8456488676106,1479.098221473495,19.327265379361346,50549.40808680763,384.27518328103207,3652.53333225738,53817.66623578398,87.65128873002436,53905.317524514,22113.516698353902,18102.33818651074,3118.5899498816866
2025-11-20,2025-11-19,2025-09-25,2025-11-19,8542.625593308614,8062.1393345269835,79861.6331818665,80693.3955093567,1523.5106252913547,691.7482978011425,0.0,50069.95978309297,198.81100851115048,1714.028282991671,51585.1770575735,0.0,51585.1770575735,22625.005892827343,18758.69240609361,2034.0059892896415
2025-11-21,2025-11-20,2025-09-26,2025-11-20,8062.1393345269835,8357.49946031043,36692.73146405095,37486.59932035611,794.3270305558254,0.45917425066659234,0.0,19505.541426697855,0.09727606500371759,635.5852866178539,20141.029437250705,0.0,20141.029437250705,18247.175146154535,14514.38775518008,4889.427862714986
2025-11-22,2025-11-21,2025-09-27,2025-11-21,8357.49946031043,8772.860276721227,42253.16844532036,39593.49589992508,52.80204708562047,2712.4745924809035,0.0,21868.65327846375,633.7147334071287,83.74526970935482,21318.683814765976,0.0,21318.683814765976,18947.752547860757,14973.854828997491,5399.768697728483
2025-11-23,2025-11-22,2025-09-28,2025-11-22,8772.860276721227,8723.070985992306,81268.16342051531,81633.7199676348,1652.2603906004551,1286.7038434809613,0.0,51118.911286561524,355.2119178201197,1923.4219461041175,52687.12131484551,0.0,52687.12131484551,22322.93066136779,18126.384197363943,2205.077220297617
2025-11-24,2025-11-23,2025-09-29,2025-11-23,8723.070985992306,8504.801146437894,80154.21333693076,79793.85643987407,689.0611069610193,1049.4180040177134,59.67017974436453,50325.82304447419,284.21538349955944,706.415305825847,50748.022966800476,352.35617084626904,51100.37913764675,22558.928163585646,18469.17466810335,1601.8294241361418
2025-11-25,2025-11-24,2025-09-30,2025-11-24,8504.801146437894,8707.993640791456,91910.04209646818,83072.3431692071,0.0,8837.698927261088,0.0,58582.81206572082,2997.987292989695,0.0,55584.824772731125,0.0,55584.824772731125,22421.95213746081,17978.907986425053,2460.6385515046786
2025-11-26,2025-11-25,2025-10-01,2025-11-25,8707.993640791456,8850.720268766085,86729.46180856504,84077.84686676919,696.4501563909017,3348.0650981867707,0.0,54619.310043133766,1076.2430789672862,858.6664295188954,54401.73339368538,0.0,54401.73339368538,23237.006499147228,18693.521299132095,2776.694783420713
2025-11-27,2025-11-26,2025-10-02,2025-11-26,8850.720268766085,8293.494229424403,83366.06252495814,82002.35027368352,598.2045030860195,1961.916754360633,0.0,52755.45704478248,542.7504410774308,621.6254131707396,52834.332016875785,0.0,52834.332016875785,21950.919075047652,18281.74788619612,2552.2863514986475
2025-11-28,2025-11-27,2025-10-03,2025-11-27,8293.494229424403,8170.641412811946,37792.09518677124,37987.203625903334,439.207910855419,244.09947172332542,0.0,20040.53516978611,81.4274932568079,298.45060000221076,20257.55827653152,0.0,20257.55827653152,18822.542967545145,15356.827338662786,3600.249447020977
2025-11-29,2025-11-28,2025-10-04,2025-11-28,8170.641412811946,8763.85774128529,49468.242899440775,41739.46232489294,0.0,7728.780574547834,0.0,25610.851444983236,1849.1266191122154,0.0,23761.72482587102,0.0,23761.72482587102,18780.424386469185,14678.249057414032,2707.8368958377873
2025-11-30,2025-11-29,2025-10-05,2025-11-29,8763.85774128529,8688.886003542633,87550.07099572555,87105.92027692814,636.3398696923441,1080.4905884897275,0.0,55220.318426034275,291.40674918375055,732.2241216127404,55661.13579846327,0.0,55661.13579846327,24222.176622747575,19687.437628393927,2326.3531659078435
2025-12-01,2025-11-30,2025-10-06,2025-11-30,8688.886003542633,9167.568876011277,91065.21885154385,92706.97601491067,2969.875531761615,1328.1183683947932,962.3556674588164,58317.03382453282,447.801024957194,4181.1062660440575,62050.33906561967,4642.005885140686,66692.34495076037,25521.217453816178,20241.371552369324,2090.5580475892966
2025-12-02,2025-12-01,2025-10-07,2025-12-01,9167.568876011277,9013.705314131172,93541.82946572821,95115.49597681314,3764.9656137086176,2191.2991026236778,462.8438129529935,59785.872873757864,673.783648829223,5289.7107308438435,64401.79995577248,2310.088916144554,66711.88887191704,25061.978953577724,20438.68015809005,2317.23104427847
2025-12-03,2025-12-02,2025-10-08,2025-12-02,9013.705314131172,9163.48313436906,83973.62647981997,94433.32828001305,10459.70180019311,0.0,6.377333524921596,53216.77211822269,0.0,12082.581285406603,65299.3534036293,37.04274177950709,65336.396145408806,25143.92883806681,20231.782320620012,2364.8105294245215
2025-12-04,2025-12-03,2025-10-09,2025-12-03,9163.48313436906,9105.866025885163,91526.11800181215,92783.59748534666,4163.975028343619,2906.4955448091187,608.2503645046544,58901.27792270964,1100.7857350971299,5859.124463825279,63659.616651437784,3012.2396801933446,66671.85633163113,25069.44929743047,20358.109328554194,1909.2991309750269
2025-12-05,2025-12-04,2025-10-10,2025-12-04,9105.866025885163,9216.654464648904,43566.38715315914,46453.41994133996,4155.786389143133,1268.7536009623213,480.7344279285127,22906.0241735264,283.71026231217945,4065.7966187597217,26688.110529973943,2431.8437269638603,29119.954256937803,20908.981038977287,16836.565046684238,1550.1106936420902
2025-12-06,2025-12-05,2025-10-11,2025-12-05,9216.654464648904,9221.431205439641,46597.374243709724,48965.46629143389,2716.340335918465,348.24828819429985,0.0,24478.54887572567,109.50322534634219,3256.9723491075038,27626.01799948683,0.0,27626.01799948683,20631.88947789786,16707.531410385607,1376.4774072549676
2025-12-07,2025-12-06,2025-10-12,2025-12-06,9221.431205439641,9050.640797732201,94746.54101562261,93785.0439714958,2263.211826326648,3224.708870453469,186.69684550727715,60910.39721068066,961.5720304031183,3326.4171728991414,63275.242353176676,894.9100035861859,64170.15235676286,24822.03005984653,20259.555715412385,1756.585222568931
2025-12-08,2025-12-07,2025-10-13,2025-12-07,9050.640797732201,9061.94062427764,97447.00084432363,95313.8906358896,761.8422889223687,2894.9524973563807,0.0,62631.77687681891,841.5810438224296,1035.158951958772,62825.354784955256,0.0,62825.354784955256,24094.1726179852,19506.10997667712,2878.6168779148566
2025-12-09,2025-12-08,2025-10-14,2025-12-08,9061.94062427764,8988.900939162811,96614.63416855296,93596.4008045569,575.278532028327,3593.511896024388,67.89246184183776,62106.8186851769,1140.0309293964192,892.4293899578416,61859.21714573833,395.6240024555155,62254.841148193846,24757.763750493526,20119.524354503104,1637.5996037416555
2025-12-10,2025-12-09,2025-10-15,2025-12-09,8988.900939162811,8991.699788791428,92731.72768721965,95106.63241161813,2540.5723788178875,165.66765441938674,10.014505865066212,59262.30953335689,57.68502993900975,2966.1841185440626,62170.80862196194,58.16925731723709,62228.97787927918,24947.603865551806,20205.040166431212,1986.4647516959499
2025-12-11,2025-12-10,2025-10-16,2025-12-10,8991.699788791428,9018.15174566043,96351.86051353764,92328.62980362112,276.51121171256386,4299.741921629078,0.0,61811.34997809661,1511.4949926200788,466.502880413944,60766.35786589047,0.0,60766.35786589047,24342.314248354844,19693.467779985338,1718.5286352516164
2025-12-12,2025-12-11,2025-10-17,2025-12-11,9018.15174566043,9017.449702041085,49043.056466227776,49982.85594686832,2199.3270651647967,1259.5275845242463,0.0,25528.700119200515,282.900307520712,2183.9442293180937,27429.744040997895,0.0,27429.744040997895,20496.410265706407,16602.724154479605,2374.7563523081963
2025-12-13,2025-12-12,2025-10-18,2025-12-12,9017.449702041085,9144.278862846997,50276.89417162102,49599.69787578618,892.7298172738524,1569.926113108695,0.0,26304.962781430273,433.15342247933637,1095.159176322306,26966.96853527324,0.0,26966.96853527324,20765.373589876388,16705.806363074546,1741.5972656510016
2025-12-14,2025-12-13,2025-10-19,2025-12-13,9144.278862846997,9024.446292821554,91927.21188829758,95664.0471002215,3737.0806507160337,0.2454387920984118,225.2234498572036,58739.54191124736,0.0520330239248633,4139.169132398959,62878.659010622396,1107.9867615725132,63986.64577219491,24936.22536943079,20306.191862261832,2480.5152429097575
2025-12-15,2025-12-14,2025-10-20,2025-12-14,9024.446292821554,9049.917127796276,94079.04361945753,96645.7210722721,2590.2187344158633,23.541281601281185,0.0,60108.27845315082,8.530419718356798,2790.436320674523,62890.18435410698,0.0,62890.18435410698,24397.93580623721,19739.404251574895,2517.6315509431297
2025-12-16,2025-12-15,2025-10-21,2025-12-15,9049.917127796276,8952.222126310262,99408.86147300414,96280.74124379572,92.07119587132439,3220.19142507974,0.0,64435.95219647316,1301.4106175190245,156.56988610024774,63291.11146505438,0.0,63291.11146505438,24320.62239747698,19787.629643293767,2329.65715627918
2025-12-17,2025-12-16,2025-10-22,2025-12-16,8952.222126310262,9003.982128565916,99966.23866605444,94666.58299893227,98.65557201734202,5398.311239139517,9.096534792847024,64268.00107581175,1992.5317209234556,167.51326401248176,62442.98261890077,52.248856475749136,62495.231475376524,24608.149856010677,19886.017381338563,1761.699992386334
2025-12-18,2025-12-17,2025-10-23,2025-12-17,9003.982128565916,9036.456172039321,95229.12792416543,94492.29156448907,316.0548753823664,1052.891235058737,0.0,61466.734698256645,360.77873436087845,368.6507192008702,61474.60668309663,0.0,61474.60668309663,24555.542786769976,19860.76301815761,2431.2448292100394
2025-12-19,2025-12-18,2025-10-24,2025-12-18,9036.456172039321,8874.066128613178,49148.35469357771,48179.926896481156,1311.2292451607464,2279.6570422572977,0.0,26083.132493812453,623.4817033906777,969.6946778801275,26429.345468301904,0.0,26429.345468301904,20097.293287275104,16424.958601776365,1599.200910982416
2025-12-20,2025-12-19,2025-10-25,2025-12-19,8874.066128613178,9074.934088856033,52458.72867440099,48465.09710373076,13.520828463709961,4007.1523991339395,0.0,27865.856586613343,1212.0156478449953,21.51623413472994,26675.357172903074,0.0,26675.357172903074,20955.702524076347,16793.337880283274,1446.3802099376844
2025-12-21,2025-12-20,2025-10-26,2025-12-20,9074.934088856033,9032.304743888219,98412.29265983074,96923.94625935957,631.9621059142374,2120.3085063854123,1.6724675383427439,63316.49426950319,738.0884718252842,786.5039907799774,63364.9097884579,9.714527696463827,63374.62431615436,24510.74432164989,19892.06931100745,3269.161849588807
2025-12-22,2025-12-21,2025-10-27,2025-12-21,9032.304743888219,8682.8539140913,97752.37119903366,95724.09029022485,0.0,2028.2809088088168,0.0,63058.59202673665,803.8154550657673,0.0,62254.77657167088,0.0,62254.77657167088,24158.753489069826,19883.09607296378,2511.005790785473
2025-12-23,2025-12-22,2025-10-28,2025-12-22,8682.8539140913,9016.950659146982,100723.17991125658,94917.47841844606,0.0,5805.701492810526,0.0,64910.84020876631,2208.643096402694,0.0,62702.19711236362,0.0,62702.19711236362,25063.33690960481,20000.615826229783,2596.664801737689
2025-12-24,2025-12-23,2025-10-29,2025-12-23,9016.950659146982,8779.21571820304,98870.37059372557,94866.31150241818,0.0,4004.0590913074075,28.68604140810305,63917.69249971607,1547.7036313655967,0.0,62369.988868350476,194.22723446699487,62564.21610281746,24214.208134045854,19827.470035426686,2653.700128540442
2025-12-25,2025-12-24,2025-10-30,2025-12-24,8779.21571820304,8789.877715633098,95629.30364076892,95672.96786918474,910.8960311171461,867.2318027013198,0.0,61213.13263984499,391.24215265127236,887.929332283699,61709.819819477416,0.0,61709.819819477416,24625.938410567334,19937.414314872487,3171.995240156558
2025-12-26,2025-12-25,2025-10-31,2025-12-25,8789.877715633098,9343.773247638914,51261.98861249957,49114.76894232824,142.9757363246676,2290.1954064959914,0.0,27081.163205073775,620.3048776147784,163.93323730384077,26624.79156476284,0.0,26624.79156476284,20466.804632996267,16079.60577392174,1719.9476499203854
2025-12-27,2025-12-26,2025-11-01,2025-12-26,9343.773247638914,9106.723446080305,52552.33872986973,49443.650867142,79.35703265733338,3188.0448953850514,0.0,27687.14643307638,917.7332129425337,145.53286219028368,26914.94608232413,0.0,26914.94608232413,19983.078944259803,16399.63876625319,2521.4016224687252
2025-12-28,2025-12-27,2025-11-02,2025-12-27,9106.723446080305,9138.700899517618,98183.91873847044,94558.51550691866,0.0,3625.4032315517875,0.0,63314.467896531234,1407.453181059036,0.0,61907.01471547219,0.0,61907.01471547219,23440.698585471793,18958.18614613857,3266.748317585436
2025-12-29,2025-12-28,2025-11-03,2025-12-28,9138.700899517618,8745.960275359997,97646.74925907506,96069.15181144676,254.59263566648178,1832.190083294782,0.0,62437.099312341255,687.7837759456264,177.75613459490452,61927.07167099053,0.0,61927.07167099053,23448.7832358449,19346.98098277623,4443.583291711429
2025-12-30,2025-12-29,2025-11-04,2025-12-29,8745.960275359997,8936.078913668325,99109.58603606091,94526.23147811237,0.0,4583.354557948542,0.0,63679.26427672712,1672.76937595105,0.0,62006.494900776066,0.0,62006.494900776066,24075.856339764963,19330.336860732117,3556.3093990795223
2025-12-31,2025-12-30,2025-11-05,2025-12-30,8936.078913668325,8531.119211052304,100622.53498215179,96781.81008873301,0.0,3840.7248934187783,7.540558793341663,64585.71952818128,1410.832275183915,0.0,63174.88725299736,35.33128822620237,63210.21854122357,24219.402949647745,19982.180121569094,3905.704886114366
