date,train_end_date,residual_history_start_date,residual_history_end_date,soc_open_kwh,soc_close_kwh,original_purchase_kwh,effective_purchase_kwh,upward_adjustment_kwh,downward_adjustment_kwh,emergency_purchase_kwh,base_plan_cost_yuan,downward_credit_yuan,upward_adjustment_cost_yuan,normal_settlement_cost_yuan,emergency_cost_yuan,total_cost_yuan,charge_kwh,discharge_kwh,surplus_discard_kwh
2025-02-01,2025-01-31,2025-01-02,2025-01-31,6000.0,9436.43453946702,51247.516323716874,49350.01780014358,0.0,1897.498523573297,0.0,26892.026562188967,590.0761461553888,0.0,26301.95041603358,0.0,26301.95041603358,22479.627995826108,15115.707591098826,7607.921462082964
2025-02-02,2025-02-01,2025-01-02,2025-02-01,9436.43453946702,9256.564879302354,93382.10567022182,91323.52314572694,0.0,2058.5825244948846,0.0,59310.777847254845,856.640568974299,0.0,58454.13727828055,0.0,58454.13727828055,21885.905685275986,17889.46629922175,8970.805809672704
2025-02-03,2025-02-02,2025-01-02,2025-02-02,9256.564879302354,9232.434430227357,95987.15997033071,94440.48619760966,0.0,1546.6737727210461,0.0,60988.99364068569,656.12023555019,0.0,60332.8734051355,0.0,60332.8734051355,22137.99684532339,17953.494848879447,10039.06770116572
2025-02-04,2025-02-03,2025-01-02,2025-02-03,9232.434430227357,9213.060314441986,98133.19451263627,95767.8371353112,0.0,2365.357377325069,0.0,62882.12534943773,1007.2778059440118,0.0,61874.84754349372,0.0,61874.84754349372,22636.252765897036,18352.801444583438,10289.5218639976
2025-02-05,2025-02-04,2025-01-02,2025-02-04,9213.060314441986,9275.062508054782,92839.6850484513,91295.22794934029,0.0,1544.457099110994,13.202927516906584,59012.24213912221,649.3252886226675,0.0,58362.91685049954,76.68920448195189,58439.60605498149,23186.65998042601,18725.392609893555,6098.736522991418
2025-02-06,2025-02-05,2025-01-02,2025-02-05,9275.062508054782,9231.467962408946,98522.80387438356,96727.93235991256,0.0,1794.871514471014,7.675885208599084,63091.78460183692,763.1989181054474,0.0,62328.585683731464,44.838683446031546,62373.4243671775,21985.534945804626,17847.518397182997,12326.534479832862
2025-02-07,2025-02-06,2025-01-02,2025-02-06,9231.467962408946,8974.60765371775,48011.30197006002,46250.94815074908,29.5749760695154,1789.9287953804594,0.0,25147.69843444573,559.3003271195709,54.23754861388429,24642.63565594004,0.0,24642.63565594004,18695.444539093853,15374.484354488095,11124.308299476656
2025-02-08,2025-02-07,2025-01-02,2025-02-07,8974.60765371775,8993.232215349293,39353.687840507024,38986.791266213186,35.79989063346187,402.69646492729703,31.325857124133222,20466.730064671465,179.9577775525343,65.65341943270572,20352.425706551636,191.49496459982637,20543.920671151463,18910.827264826108,15301.007979040749,3831.135120885294
2025-02-09,2025-02-08,2025-01-02,2025-02-08,8993.232215349293,9050.585586318255,92765.96980783413,91745.57870476015,0.0,1020.3911030739692,0.0,58818.468163179066,435.96097002071906,0.0,58382.50719315835,0.0,58382.50719315835,21580.34117330287,17428.458316503264,8038.279881293878
2025-02-10,2025-02-09,2025-01-02,2025-02-09,9050.585586318255,8975.213542044365,88728.7496627575,87552.16957877288,0.0,1176.5800839846124,0.0,55885.26787015957,489.68275943637417,0.0,55395.5851107232,0.0,55395.5851107232,20598.43484352906,16752.567063105045,9379.664215015535
2025-02-11,2025-02-10,2025-01-02,2025-02-10,8975.213542044365,8844.871095823955,89365.55861357896,87982.13851096122,0.0,1383.4201026177484,0.0,56552.51778957147,558.8755039858811,0.0,55993.64228558559,0.0,55993.64228558559,22648.02242728234,18462.206367697065,8575.725318042605
2025-02-12,2025-02-11,2025-01-02,2025-02-11,8844.871095823955,8949.574114515455,89531.62334964005,88119.23713951517,0.0,1412.3862101248637,0.0,56439.31166712454,571.2458929732494,0.0,55868.065774151284,0.0,55868.065774151284,21517.380700597867,17334.84565066192,8669.965956245896
2025-02-13,2025-02-12,2025-01-02,2025-02-12,8949.574114515455,8449.377505660132,83637.10434235595,82715.83351354979,0.0,921.270828806154,0.0,52221.48200939883,379.50653776718895,0.0,51841.97547163164,0.0,51841.97547163164,19476.62079698048,16226.239793523982,8135.973493426621
2025-02-14,2025-02-13,2025-01-02,2025-02-13,8449.377505660132,8152.713856115169,39962.67238836939,39372.69220744402,7.254517462714659,597.2346983880833,11.069552911934522,20497.509885087977,183.7791451208742,13.304059574872413,20327.034799541976,67.66817695065573,20394.702976492634,18238.652711609015,15040.305980993773,6383.6132130740525
2025-02-15,2025-02-14,2025-01-02,2025-02-14,8152.713856115169,8826.477477377768,40878.57146675681,40575.86822462618,31.61207871443139,334.3153208450568,0.0,21220.429693389546,99.67223368769532,57.05204101644291,21177.809500718296,0.0,21177.809500718296,18600.93637557909,14460.37120508273,7155.211954129821
2025-02-16,2025-02-15,2025-01-02,2025-02-15,8826.477477377768,8873.249444838435,89131.20582502469,88721.24937186165,0.0,409.95645316305263,0.0,55957.782122758246,164.40780873237696,0.0,55793.374314025874,0.0,55793.374314025874,21647.184096162484,17492.124347177014,9188.81052287618
2025-02-17,2025-02-16,2025-01-02,2025-02-16,8873.249444838435,8791.212907291072,89057.42593467882,88422.3335721308,0.0,635.0923625480357,0.0,55413.25597951119,247.02400008177642,0.0,55166.231979429416,0.0,55166.231979429416,19199.69906811793,15625.589128968151,13664.360466314347
2025-02-18,2025-02-17,2025-01-02,2025-02-17,8791.212907291072,9025.160328745465,79800.9996712349,79417.55868504435,2.248132390064029,385.68911858060943,12.7897999999999,49497.40925425772,141.40133729771912,3.1469357196116277,49359.15485267961,56.35232843333287,49415.507181112946,21791.34548862816,17440.437166479856,2988.0523795627014
2025-02-19,2025-02-18,2025-01-02,2025-02-18,9025.160328745465,8634.039851212518,79834.87727383437,79655.89500976313,17.20927202865232,196.19153609989434,0.0,49685.80554681182,71.91142781778962,27.6196989271885,49641.51381792122,0.0,49641.51381792122,22117.878951194532,18267.490380247218,2926.1790554824765
2025-02-20,2025-02-19,2025-01-02,2025-02-19,8634.039851212518,8013.371055730875,82501.1197684813,82036.39468265056,0.0,464.7250858307317,23.186532269122836,51165.79599717651,180.69581486715228,0.0,50985.100182309354,108.60571714857137,51093.70589945792,19845.29618219464,16633.291823511136,7854.443122902841
2025-02-21,2025-02-20,2025-01-02,2025-02-20,8013.371055730875,7766.814706014746,35659.83888337859,35671.76483024353,32.800773983051215,20.874827118112762,0.0,18385.66987035419,5.367564763287669,46.67767326143701,18426.97997885234,0.0,18426.97997885234,17341.454265220687,14268.478669573273,7038.527201262779
2025-02-22,2025-02-21,2025-01-02,2025-02-21,7766.814706014746,8887.266184871389,37184.47449081444,37413.48207237628,233.8337328834319,4.826151321586622,0.0,19342.050885408004,1.021444242007071,259.89121992730145,19600.920661093296,0.0,19600.920661093296,18824.507793079614,14239.44498142351,4983.656377386844
2025-02-23,2025-02-22,2025-01-02,2025-02-22,8887.266184871389,8758.098658261222,81609.92817380166,81712.67460427686,131.88178579670796,29.135355321504107,15.672429444444333,50417.549464172975,7.543928899641885,170.35072384887104,50580.35625912221,73.40965951777726,50653.76591863998,22419.505950763523,18276.0505940676,6053.037993692045
2025-02-24,2025-02-23,2025-01-02,2025-02-23,8758.098658261222,8929.93880638921,78406.26455018026,77945.40170793215,0.0,460.86284224810277,61.71919112337423,48702.265066693566,169.78371273043894,0.0,48532.48135396313,281.1035974718849,48813.58495143501,21265.744608427158,17070.596999510806,5608.9396734725115
2025-02-25,2025-02-24,2025-01-02,2025-02-24,8929.93880638921,8798.906741413595,80844.2538172619,80912.01887182951,99.02012506394425,31.255070496320855,52.41323333333344,49985.94914277466,7.801357540195472,129.60201986006342,50107.74980509453,233.16785505000047,50340.917660144536,18619.18835300858,15199.471424415002,11723.391943235938
2025-02-26,2025-02-25,2025-01-02,2025-02-25,8798.906741413595,8784.856464693501,74166.52118627023,74203.90866540378,79.74451007321767,42.357030939649235,25.395957473764156,45287.390062151404,12.057229890698562,111.17970561088492,45386.5125378716,111.22159575635013,45497.73413362795,22435.658008295977,18185.52823576783,1164.3268170160677
2025-02-27,2025-02-26,2025-01-02,2025-02-26,8784.856464693501,7315.04322361769,73740.63203826922,73250.66014072191,0.0,489.9718975473099,22.889724951257676,45601.36097845841,181.78493835432184,0.0,45419.57604010409,103.95730911637901,45523.533349220466,21298.362639159015,18574.50565468704,3593.108681201193
2025-02-28,2025-02-27,2025-01-03,2025-02-27,7315.04322361769,7194.094677568241,34262.10436627494,34336.255222997046,78.41064394899931,4.259787226895412,0.0,17850.331659477473,1.117439724537759,94.70448415775627,17943.91870391069,0.0,17943.91870391069,16966.301014309785,13851.557513035434,7928.918171722695
2025-03-01,2025-02-28,2025-01-04,2025-02-28,7194.094677568241,8694.787214436466,41562.28278427946,40508.5508738387,46.46049873451284,1100.192409175276,0.0,21151.097683523258,362.4316013433437,85.2039086292231,20873.869990809137,0.0,20873.869990809137,18129.447061747436,13334.228836834018,12054.56671559194
2025-03-02,2025-03-01,2025-01-05,2025-03-01,8694.787214436466,8560.472845562814,84348.70057840392,82638.16950837246,0.0,1710.5310700314606,200.94766448480902,52292.20725885826,695.4446704394385,0.0,51596.762588418824,1124.3730971938762,52721.135685612695,23203.987724191687,18916.112988581554,6192.935370580468
2025-03-03,2025-03-02,2025-01-06,2025-03-02,8560.472845562814,8584.350356794492,86380.33888770799,84768.11731990437,0.0,1612.2215678036087,776.6297992757762,53544.63892209224,637.0759277463842,0.0,52907.562994345855,5119.222516655384,58026.78551100124,21523.354394618218,17412.42729953226,9416.673390760858
2025-03-04,2025-03-03,2025-01-07,2025-03-03,8584.350356794492,8525.99991541455,77136.61957775921,75965.88898751004,0.0,1170.730590249154,0.0,47479.76227289472,461.3712403844825,0.0,47018.39103251023,0.0,47018.39103251023,22155.08609754854,17998.135136256264,2609.4800928844325
2025-03-05,2025-03-04,2025-01-08,2025-03-04,8525.99991541455,8648.637834229003,81027.9620897863,79535.73585526276,0.0,1492.2262345235508,45.470030198070276,49888.161562269954,601.4073855929075,0.0,49286.754176677045,308.76459687047355,49595.51877354752,20629.180829725832,16599.262345144914,9420.815384213234
2025-03-06,2025-03-05,2025-01-09,2025-03-05,8648.637834229003,6855.812633732704,73884.85726320234,72377.43696792962,0.0,1507.4202952727087,33.03505257571207,45553.6008425971,581.4427560234483,0.0,44972.15808657366,172.97537208028572,45145.133458653945,19782.68416214343,17637.51685178285,4324.650576811432
2025-03-07,2025-03-06,2025-01-10,2025-03-06,6855.812633732704,6363.433553490322,34483.57174861661,33893.113539410086,0.0,590.4582092065209,0.0,18230.270390441296,254.92850238702306,0.0,17975.341888054274,0.0,17975.341888054274,15155.215301503134,12718.865566435683,10534.478271009302
2025-03-08,2025-03-07,2025-01-11,2025-03-07,6363.433553490322,8951.413554954264,35406.72150838524,35318.76985069862,22.013726906836496,109.96538459346331,0.0,18154.395292101,49.2277619284645,40.08489983816029,18145.252430010692,0.0,18145.252430010692,18416.189084875725,12587.931157431793,10427.372406588014
2025-03-09,2025-03-08,2025-01-12,2025-03-08,8951.413554954264,8767.913478182356,78337.89085625109,77717.60658362682,0.0,620.2842726242741,0.0,47895.7578308618,246.10147043224475,0.0,47649.65636042956,0.0,47649.65636042956,20646.59851377949,16888.8948652561,10626.377885103433
2025-03-10,2025-03-09,2025-01-13,2025-03-09,8767.913478182356,8764.314993918857,75159.43996495513,74916.8471262578,0.0,242.59283869733204,0.0,45572.903511869765,92.89831810945658,0.0,45480.005193760306,0.0,45480.005193760306,21971.552290903266,17800.19599146879,2703.4193768233226
2025-03-11,2025-03-10,2025-01-14,2025-03-10,8764.314993918857,8675.175301316058,66726.7470916608,66044.71314262555,0.0,682.033949035243,2584.939293486414,40746.88543126626,232.55281734038624,0.0,40514.33261392587,17278.42075221133,57792.7533661372,19042.449173852943,15504.609554163406,1152.894016422434
2025-03-12,2025-03-11,2025-01-15,2025-03-11,8675.175301316058,8764.16701801379,76583.81451464882,76232.3649054371,0.0,351.44960921169906,0.0,46864.97300926509,124.64012096727632,0.0,46740.33288829782,0.0,46740.33288829782,20060.68816341702,16169.064867339828,9905.206926026596
2025-03-13,2025-03-12,2025-01-16,2025-03-12,8764.16701801379,5780.710926060617,72887.34043258414,72626.023946153,33.41681790956602,294.7333043406851,69.9378761536152,44958.23848002718,102.21342082519378,58.01345429243011,44914.03851349442,479.17277164761447,45393.21128514204,17245.046049833847,16653.597783123263,4558.895538929375
2025-03-14,2025-03-13,2025-01-17,2025-03-13,5780.710926060617,5554.762240331073,31252.311071112345,31220.213908886562,50.95070237195148,83.04786459773584,0.0,16071.769201751787,38.23932811274256,90.23665400504893,16123.766527644093,0.0,16123.766527644093,15190.368617494378,12507.55239732704,12507.97170538589
2025-03-15,2025-03-14,2025-01-18,2025-03-14,5554.762240331073,8517.261307302542,34623.873080942154,34764.22241049225,144.45134978051408,4.102020230420891,0.0,17407.74448444488,1.750374633379568,201.9275217962986,17607.9216316078,0.0,17607.9216316078,19066.482702317884,12777.601828603163,7551.216386777531
2025-03-16,2025-03-15,2025-01-19,2025-03-15,8517.261307302542,9130.837636625844,72515.49483266796,72824.14481594067,314.02580274828927,5.3758194755713475,1.6400000000001,44347.61051511246,1.4956965227263668,430.32862217116326,44776.44344076089,7.461180000000455,44783.90462076089,21374.88540371047,16761.438480614517,4861.290959511386
2025-03-17,2025-03-16,2025-01-20,2025-03-16,9130.837636625844,8904.517253172697,67372.66980047183,67628.70847893349,260.57125962621575,4.532581164557541,0.0,40239.307163125035,1.1002619926441897,353.6203268449492,40591.827227977345,0.0,40591.827227977345,21112.71626713392,17304.98852148631,5962.849299952543
2025-03-18,2025-03-17,2025-01-21,2025-03-17,8904.517253172697,8937.694263860965,76172.16515091923,76087.97231765419,59.60109648423088,143.79392974926358,0.0,46655.074500071154,55.99291169422383,95.03152871636324,46694.11311709329,0.0,46694.11311709329,18917.814277270692,15293.570254969814,11337.76992868665
2025-03-19,2025-03-18,2025-01-22,2025-03-18,8937.694263860965,8709.147162777583,62723.68726065516,62706.95570548328,66.57411768140679,83.30567285328692,1138.301645436975,38388.39511704385,21.22011997640617,101.36868659870609,38468.543683666154,7842.345642949678,46310.88932661583,19739.336231284848,16194.554738315772,835.005407951186
2025-03-20,2025-03-19,2025-01-23,2025-03-19,8709.147162777583,5288.247682761543,67446.61141592613,67925.2134611153,478.6410663142141,0.03902112505556943,212.1183180311164,41939.825197902835,0.008190534149164022,555.9262765458525,42495.74328391454,1028.6889795190352,43524.43226343358,18078.1539503853,17722.114231826527,5572.330243920975
2025-03-21,2025-03-20,2025-01-24,2025-03-20,5288.247682761543,4978.795245420686,29398.471997874007,29725.40959619454,326.9375983205322,0.0,0.0,15217.455611925154,0.0,444.4086368762513,15661.864248801408,0.0,15661.864248801408,14801.689107752361,12267.875370886182,15158.131342661694
2025-03-22,2025-03-21,2025-01-25,2025-03-21,4978.795245420686,9296.938410030167,35116.48970781789,35401.26252078555,284.7728129676609,0.0,0.0,17947.26111546145,0.0,389.37549452771293,18336.636609989164,0.0,18336.636609989164,19001.78342842102,11505.115728872492,12023.395087903691
2025-03-23,2025-03-22,2025-01-26,2025-03-22,9296.938410030167,8834.811745834279,71597.63541921887,72495.9508921587,898.3154729398194,0.0,0.0,43695.96306892306,0.0,1033.8792245040693,44729.84229342713,0.0,44729.84229342713,19186.882008061202,15957.288424305872,10496.6371917367
2025-03-24,2025-03-23,2025-01-27,2025-03-23,8834.811745834279,9068.60152472723,68029.55969282474,68636.63814054838,607.0784477236527,0.0,0.0,40992.855439795116,0.0,746.1020661840043,41738.957505979124,0.0,41738.957505979124,20765.384900930112,16609.550968749732,6482.307125034677
2025-03-25,2025-03-24,2025-01-28,2025-03-24,9068.60152472723,8752.60040762393,74847.16163613985,75790.29864867008,943.1370125302454,0.0,0.0,45576.21280995958,0.0,1187.7709651431014,46763.983775102686,0.0,46763.983775102686,19292.503559438264,15911.328888537955,11458.999261103107
2025-03-26,2025-03-25,2025-01-29,2025-03-25,8752.60040762393,8868.562391854584,64794.76537891579,65554.63450216904,759.8691232532335,0.0,189.77672798252615,39270.58040973847,0.0,848.9504200431006,40119.53082978157,959.0732599494855,41078.60408973106,21485.21603607557,17298.659203413627,5965.2995308229465
2025-03-27,2025-03-26,2025-01-30,2025-03-26,8868.562391854584,4794.518194606021,64009.774485655405,65041.30456348814,1031.5300778327417,0.0,0.0,39782.414417325235,0.0,1237.2361307433473,41019.65054806858,0.0,41019.65054806858,15067.359901658969,15871.201297867476,7128.156559696649
2025-03-28,2025-03-27,2025-01-31,2025-03-27,4794.518194606021,4762.585130407999,29559.509645211416,29903.42453027377,369.44532963621293,25.530444573862212,0.0,15132.083955537795,12.600550919429695,507.1413368082133,15626.62474142658,0.0,15626.62474142658,14500.674921905518,11774.286444521687,16355.155286223273
2025-03-29,2025-03-28,2025-02-01,2025-03-28,4762.585130407999,8788.074647597308,33262.9428525988,33615.05559494665,352.11274234785736,0.0,0.0,16483.647514484153,0.0,500.26215273913033,16983.90966722328,0.0,16983.90966722328,18905.342295841307,11690.386694161087,18692.890809933095
2025-03-30,2025-03-29,2025-02-02,2025-03-29,8788.074647597308,9081.722598669829,67296.03935881506,68564.48543838032,1268.4460795652615,0.0,0.0,40271.99379041531,0.0,1511.5135412195978,41783.507331634915,0.0,41783.507331634915,20206.95075533238,16103.346955853955,9115.261938901898
2025-03-31,2025-03-30,2025-02-03,2025-03-30,9081.722598669829,8801.41516278172,58049.62176237645,59027.11577562956,977.4940132531065,0.0,1588.4201954937848,35350.20875202739,0.0,926.7824772607488,36276.99122928814,10865.402655241693,47142.39388452983,19005.922499928623,15647.073917241494,305.29790510288365
2025-04-01,2025-03-31,2025-02-04,2025-03-31,8801.41516278172,8864.92917913159,71561.9970675059,73012.60346228172,1450.606394775822,0.0,0.0,42505.95936085308,0.0,1747.9863860717205,44253.9457469248,0.0,44253.9457469248,18710.24029165857,15098.132021528561,9191.643675485055
2025-04-02,2025-04-01,2025-02-05,2025-04-01,8864.92917913159,8864.838195991444,67868.619772076,69262.24715328893,1393.6273812129216,0.0,0.0,40623.35187960111,0.0,1660.9188467017566,42284.27072630287,0.0,42284.27072630287,19750.466017244602,15997.959358794255,5074.405094838589
2025-04-03,2025-04-02,2025-02-06,2025-04-02,8864.838195991444,4337.2816644058485,63871.01105509867,64964.312614084774,1093.301558986107,0.0,0.0,39960.834215091054,0.0,1282.3604942435131,41243.19470933456,0.0,41243.19470933456,13951.075799084225,15375.17227568526,10524.878824019146
2025-04-04,2025-04-03,2025-02-07,2025-04-03,4337.2816644058485,4457.946426881587,27846.250038533966,28127.457782292484,282.9843644658133,1.7766207072963311,0.0,14110.51217210552,0.8768511500861043,397.9331202871049,14507.56844124254,0.0,14507.56844124254,14109.793671992866,11320.334588086056,18907.19644838568
2025-04-05,2025-04-04,2025-02-08,2025-04-04,4457.946426881587,9016.494212650332,32705.278097473238,33055.66005695475,350.3819594815171,0.0,0.0,16121.563856455148,0.0,500.6648804018,16622.22873685695,0.0,16622.22873685695,19310.67590781666,11538.954478139618,13239.82364394438
2025-04-06,2025-04-05,2025-02-09,2025-04-05,9016.494212650332,8808.26902471626,65540.64170302227,66215.11942567876,675.1013087187528,0.6235860622587097,0.0,38728.52806821176,0.13210670728950766,743.7687060078297,39472.1646675123,0.0,39472.1646675123,20167.155313106217,16522.7984727567,8160.686318662569
2025-04-07,2025-04-06,2025-02-10,2025-04-06,8808.26902471626,8677.802050046175,57592.443982581935,58508.192500624355,948.644749007571,32.89623096516186,370.0926472532808,34294.707694637735,7.485537356122582,879.7628999114693,35166.98505719309,2581.766307238887,37748.75136443197,20257.698024875725,16526.155677352413,1904.0235170209776
2025-04-08,2025-04-07,2025-02-11,2025-04-07,8677.802050046175,8746.497983916222,67064.32057573745,67610.98130914874,547.792754298433,1.1320208871343311,0.0,40330.627742305085,0.2524927354034383,628.113600393684,40958.48884996337,0.0,40958.48884996337,19804.715148511248,15979.992929811066,9433.065473781897
2025-04-09,2025-04-08,2025-02-12,2025-04-08,8746.497983916222,8870.793569384554,65373.99902086126,65959.67817272799,585.8596058696261,0.18045400289543068,0.0,39047.43790219004,0.04041605260535872,643.9145208056775,39691.31200694311,0.0,39691.31200694311,21142.38471500355,17013.465592231376,2696.4480332891458
2025-04-10,2025-04-09,2025-02-13,2025-04-09,8870.793569384554,4257.723972201773,58143.090825663254,58906.27095944981,763.9280494093412,0.7479156227848307,0.0,36298.61226957095,0.46972840689001294,840.0011207260998,37138.14366189016,0.0,37138.14366189016,15250.361064666335,16504.555099844234,5699.827094627708
2025-04-11,2025-04-10,2025-02-14,2025-04-10,4257.723972201773,3959.277461976354,26322.46861067684,26597.78158122851,275.31297055167096,0.0,126.55283731516874,13134.06429008433,0.0,378.84106844644157,13512.90535853077,521.0902735995392,14033.99563213031,14115.354619718717,11702.039101175036,18994.368733333333
2025-04-12,2025-04-11,2025-02-15,2025-04-11,3959.277461976354,9146.686272356184,33694.80719311017,33911.334298097834,216.52710498766584,0.0,0.0,16838.882648651215,0.0,304.66506756950366,17143.547716220717,0.0,17143.547716220717,18834.608688150278,10587.365108059876,16638.930168007435
2025-04-13,2025-04-12,2025-02-16,2025-04-12,9146.686272356184,9021.374724687792,60798.64288849312,61144.714322503525,347.1014493281558,1.0300153177508946,0.0,36156.59708884622,0.23578241015675805,405.3746212555747,36561.73592769164,0.0,36561.73592769164,20175.864912436904,16455.23097197545,3147.7218987087444
2025-04-14,2025-04-13,2025-02-17,2025-04-13,9021.374724687792,8803.341139274358,64213.16377191069,65333.306236733864,1120.1424648231891,0.0,0.0,38620.16976719841,0.0,1300.3877069357382,39920.55747413414,0.0,39920.55747413414,18597.823455330865,15260.467225690092,9467.918207093096
2025-04-15,2025-04-14,2025-02-18,2025-04-14,8803.341139274358,8774.80686177145,56332.57082300106,56418.42259157691,102.36879619551146,16.51702761965312,726.4045826860064,33478.64965362007,3.776507063559252,155.7873997084115,33630.66054626492,5067.39836881758,38698.058915082496,19738.242725017866,16013.657457017092,3280.813072928805
2025-04-16,2025-04-15,2025-02-19,2025-04-15,8774.80686177145,8780.891929153215,62974.88136962293,63676.45753698724,708.9126432190019,7.336475854700666,0.0,36882.9561418386,1.6694150807371366,759.7888402835171,37641.075567041386,0.0,37641.075567041386,19899.224298164336,16112.895120869523,4110.5364096924295
2025-04-17,2025-04-16,2025-02-20,2025-04-16,8780.891929153215,3818.8047399856987,50712.25065129067,51202.65483449701,490.40418320634654,0.0,75.1203301630369,31955.00534698807,0.0,509.2823882465945,32464.287735234662,524.0394232173454,32988.32715845201,14700.152727600722,16373.002179607345,82.28226666666671
2025-04-18,2025-04-17,2025-02-21,2025-04-17,3818.8047399856987,4048.915933512874,26496.632692401072,26722.341873088782,225.70918068770564,0.0,0.0,13238.965264258513,0.0,303.0403296549877,13542.0055939135,0.0,13542.0055939135,13315.760878681547,10578.6662375576,17631.130048631498
2025-04-19,2025-04-18,2025-02-22,2025-04-18,4048.915933512874,8995.30203711654,31959.19942461619,32178.906364295453,219.7069396792655,0.0,0.0,15273.070702306593,0.0,301.50712508849364,15574.577827395085,0.0,15574.577827395085,18900.274657555245,10857.474979376448,17351.42743611666
2025-04-20,2025-04-19,2025-02-23,2025-04-19,8995.30203711654,9208.00878069976,57756.95564362908,58497.679499769205,740.7238561401213,0.0,0.0,34571.4121385904,0.0,698.8576077183525,35270.26974630875,0.0,35270.26974630875,20142.265615018146,16123.799078939803,2521.468080357528
2025-04-21,2025-04-20,2025-02-24,2025-04-20,9208.00878069976,8900.38727579272,61289.70764387955,62421.6404198448,1131.9327759652447,0.0,0.0,36393.83212860314,0.0,1135.239545449628,37529.07167405276,0.0,37529.07167405276,18356.96576144672,15146.001621188181,10693.765896252922
2025-04-22,2025-04-21,2025-02-25,2025-04-21,8900.38727579272,8596.080873658562,54593.83785080645,55360.15442534664,766.3165745401906,0.0,376.0587944608651,32671.420691551695,0.0,797.2514806829246,33468.67217223462,2623.386150158995,36092.05832239361,18745.717369394923,15457.906831130631,295.4733648765407
2025-04-23,2025-04-22,2025-02-26,2025-04-22,8596.080873658562,8739.296950885315,53081.93850799941,54056.79152324013,974.8530152407299,0.0,1202.0652142358579,31828.696948398596,0.0,933.4440989956773,32762.141047394278,8271.617376822078,41033.75842421636,18209.567059501314,14620.85484869199,270.2278100000002
2025-04-24,2025-04-23,2025-02-27,2025-04-23,8739.296950885315,3353.4953079273546,48479.74938577215,48946.066665135455,466.3172793633078,0.0,0.0,30091.40302303432,0.0,472.93513995398416,30564.338162988308,0.0,30564.338162988308,13060.562464728595,15426.277075092326,4221.674575499187
2025-04-25,2025-04-24,2025-02-28,2025-04-24,3353.4953079273546,3253.382576855862,25863.388486329033,25989.28854219948,125.9000558704466,0.0,0.0,12977.908292909828,0.0,178.41652463445,13156.324817544279,0.0,13156.324817544279,12800.309498048835,10458.352151383899,21646.973545534544
2025-04-26,2025-04-25,2025-03-01,2025-04-25,3253.382576855862,8999.268896593429,32269.90386805195,32457.213448188046,188.05220011543912,0.742619979345136,0.0,15603.236090775481,0.1564905989494196,261.31354227401647,15864.393142450548,0.0,15864.393142450548,19161.296474736835,10349.35245677303,23575.075796890902
2025-04-27,2025-04-26,2025-03-02,2025-04-26,8999.268896593429,8691.232834017836,53536.3777030512,53761.177226757456,226.3428596185127,1.5433359122478123,296.19302822804724,32065.200850961475,0.32552377359393153,246.33331529179966,32311.208642479687,2066.2425649188576,34377.45120739854,19808.022815122815,16321.73093656751,1997.6071930968712
2025-04-28,2025-04-27,2025-03-03,2025-04-27,8691.232834017836,8967.795078651,65991.2205766743,66268.88485143175,281.4475113265979,3.7832365691286896,0.0,38666.66694965477,0.9410472531789851,310.08954348607904,38975.81544588767,0.0,38975.81544588767,20038.846235899204,15982.559430908514,5590.630729774399
2025-04-29,2025-04-28,2025-03-04,2025-04-28,8967.795078651,8948.002930967548,55466.35227409148,55864.80580137443,400.97221898641504,2.5186917034610588,230.89207532905863,33158.94127696207,1.516805600206241,412.3475161228812,33569.77198748474,1610.703117495513,35180.47510498025,18066.796387881965,14651.918007099495,5247.605779254355
2025-04-30,2025-04-29,2025-03-05,2025-04-29,8948.002930967548,8777.836189658527,52585.24272629031,52831.652306991775,247.7737946593183,1.3642139578564638,0.0,31973.3359906206,0.49827018542684454,235.09361657257276,32207.93133700775,0.0,32207.93133700775,18459.83756243322,15105.618492749027,1220.5788039742515
2025-05-01,2025-04-30,2025-03-06,2025-04-30,8777.836189658527,1890.333938728394,48824.94263663456,49123.82421307894,298.88157644438144,0.0,1505.3305830710678,30688.831409754028,0.0,299.7082982921406,30988.539708046166,9531.35910640343,40519.898814449596,12941.476817210689,16681.348247777772,3357.647426717096
2025-05-02,2025-05-01,2025-03-07,2025-05-01,1890.333938728394,2166.4537123518508,28802.998618539095,29073.68191390459,270.6832953654989,0.0,909.2846265756166,14535.248855417874,0.0,362.3349628655862,14897.583818283461,5001.80838757352,19899.39220585698,14108.126287610896,11179.074496703714,12763.594666239696
2025-05-03,2025-05-02,2025-03-08,2025-05-02,2166.4537123518508,8379.859683592591,34243.49380476681,34422.79047285356,179.29666808674938,0.0,1333.6833527747265,16388.770214686345,0.0,237.83323342905774,16626.6034481154,7528.734690386851,24155.33813850225,19940.006916116756,10559.340227937906,17508.63548744943
2025-05-04,2025-05-03,2025-03-09,2025-05-03,8379.859683592591,8209.303464407407,60255.65351048697,60961.678568072486,706.0250575855127,0.0,1176.457426131125,35585.72645944389,0.0,694.9746529633035,36280.70111240719,7342.464674174855,43623.165786582045,17256.460973196154,14131.233985555553,7278.241673229677
2025-05-05,2025-05-04,2025-03-10,2025-05-04,8209.303464407407,8254.245800735496,62428.55783510287,62696.73815171361,269.84058420534006,1.6602675946086265,839.1028117195744,37457.24162776753,0.38684004150714785,339.8035659095108,37796.65835363553,5392.220192327771,43188.87854596331,19520.778514237478,15771.382493837084,4710.438143032786
2025-05-06,2025-05-05,2025-03-11,2025-05-05,8254.245800735496,8056.609096407406,53255.730591617634,54352.249424648435,1096.5188330308006,0.0,2557.7981541850913,32033.391909206784,0.0,972.2591669638263,33005.651076170616,15243.343387148308,48248.99446331892,19483.970844733914,15959.889418129751,515.8837855626981
2025-05-07,2025-05-06,2025-03-12,2025-05-06,8056.609096407406,8229.161317611113,57165.5576090535,57765.52726023445,599.9696511809411,0.0,1440.8759429066627,34520.12779490206,0.0,604.1507485039391,35124.27854340599,9506.793883335495,44631.07242674149,20150.39744121815,16166.524928303366,154.6847402263263
2025-05-08,2025-05-07,2025-03-13,2025-05-07,8229.161317611113,2690.00484949127,58495.096686700956,58814.397308085165,319.95102136960315,0.6503999853980531,629.8765166452591,35400.95289633961,0.1361287169438125,333.4638545790492,35734.28062220171,3836.6040066465284,39570.884628848245,13293.50631796282,15752.980938857752,6077.23604562535
2025-05-09,2025-05-08,2025-03-14,2025-05-08,2690.00484949127,3051.6215546511808,27779.355842211346,27873.291573260234,97.4231493829545,3.4874183340685363,676.4713309368673,14014.744207919914,1.4752192298762725,143.23612626634232,14156.50511495638,3943.721444803599,18100.22655975998,13498.017441368273,10607.939092864382,17160.29870569321
2025-05-10,2025-05-09,2025-03-15,2025-05-09,3051.6215546511808,8424.419254550263,33788.17437566948,33811.80817850857,27.857066887526003,4.2232640484310195,672.429694474506,16556.284513532082,0.8905199040721691,34.846615330324354,16590.240608958335,3959.0712715850286,20549.311880543362,18867.155439963317,10446.87797646111,13942.91512614753
2025-05-11,2025-05-10,2025-03-16,2025-05-10,8424.419254550263,8453.45655599925,62716.264823421516,63236.81483404487,557.7047904690504,37.15477984569884,917.0566072364558,36934.93177147306,8.435978782579685,498.85086397769294,37425.346656668175,6369.013855714609,43794.36051238278,18852.118614499745,15244.082506440702,5061.7562498889465
2025-05-12,2025-05-11,2025-03-17,2025-05-11,8453.45655599925,8680.357431594959,55209.96165436298,55461.60028109346,252.0473739479973,0.40874721752061305,1116.8289344006507,33247.58671152592,0.08665441011436996,230.45752622553505,33477.95758334134,7621.329760849995,41099.28734419133,17429.179756692007,13913.424814884384,1131.479040353152
2025-05-13,2025-05-12,2025-03-18,2025-05-12,8680.357431594959,8716.290828001065,64890.567299572125,64895.76638486078,59.23340116098685,54.03431587232245,582.2056177297707,38118.33168417245,18.818903280291305,85.22922103619571,38184.74200192836,3916.2459492935977,42100.98795122196,17840.359834257935,14418.351408983432,8926.750810649388
2025-05-14,2025-05-13,2025-03-19,2025-05-13,8716.290828001065,8508.238315821785,62659.01956481507,62562.128639247494,5.72041791290485,102.61134348048117,0.0,37989.67707487805,34.67724100440353,11.316500717340755,37966.31633459098,0.0,37966.31633459098,18132.409949057783,14874.499319698154,6290.069226554534
2025-05-15,2025-05-14,2025-03-20,2025-05-14,8508.238315821785,3151.2542975888778,54733.31234208416,54580.10427838085,0.0,153.20806370331175,0.0,35481.56722212704,55.09229539204036,0.0,35426.474926735,0.0,35426.474926735,12657.293802784112,15073.693596664747,4231.445788928152
2025-05-16,2025-05-15,2025-03-21,2025-05-15,3151.2542975888778,2832.0265315510164,27409.089999193333,27400.266111800036,19.529496592861445,28.353383986155222,0.0,14748.691763162373,16.812360554940263,32.20801165548005,14764.087414262915,0.0,14764.087414262915,12157.025779196121,10134.495870582936,22662.229669853517
2025-05-17,2025-05-16,2025-03-22,2025-05-16,2832.0265315510164,8798.419919946296,34651.394992159636,34710.28517951764,59.83747037230806,0.9472830143065494,0.0,17663.920249509665,0.1988347047029447,86.04601205667005,17749.767426861632,0.0,17749.767426861632,19125.796026850745,10122.140732193357,15257.83080152692
2025-05-18,2025-05-17,2025-03-23,2025-05-17,8798.419919946296,9112.528360070108,66738.28494790604,67391.47110945125,653.7840207380466,0.5978591928301284,5.2366666666667925,39833.29800396356,0.12549064457504397,604.9635612308409,40438.136074549824,35.31869833333418,40473.45477288316,18674.737643738375,14843.839895316656,9889.641927696199
2025-05-19,2025-05-18,2025-03-24,2025-05-18,9112.528360070108,8740.660630103841,59640.239944140216,59304.89138319105,0.0,335.3485609491662,67.00333333333344,35856.13310586466,109.77645771974815,0.0,35746.356648144916,451.90398166666745,36198.260629811586,17173.109780438826,14244.899879125092,8928.468265210638
2025-05-20,2025-05-19,2025-03-25,2025-05-19,8740.660630103841,8675.00325953671,59681.654979445455,59437.05107744326,0.0,244.6039020021986,0.0,36015.079028345746,75.83807199514227,0.0,35939.24095635061,0.0,35939.24095635061,18627.194927519573,15147.119524801274,1429.5808580582882
2025-05-21,2025-05-20,2025-03-26,2025-05-20,8675.00325953671,8593.852885299788,55858.65319607032,55737.10872319976,0.0,121.54447287055922,128.25223402525216,34547.00156236268,60.24797226991089,0.0,34486.753590092776,812.964222725295,35299.71781281807,17698.02970134956,14408.43939490637,1213.1553674484894
2025-05-22,2025-05-21,2025-03-27,2025-05-21,8593.852885299788,3331.2714691990277,51993.26309011958,51917.9516462249,41.35735967760774,116.66880357229053,2.57000000000005,33573.78319430628,34.84587844789634,50.9681962427402,33589.90551210112,17.333365000000338,33607.23887710112,11829.669868928371,14318.355868322662,3592.576828952522
2025-05-23,2025-05-22,2025-03-28,2025-05-22,3331.2714691990277,3375.1018624472467,27027.906205889598,27126.53810659663,104.26408081848504,5.632180111458979,0.0,14375.7874791006,3.4429517021348737,141.47776504977227,14513.822292448236,0.0,14513.822292448236,12311.964682241081,9933.244038691879,18326.868579714093
2025-05-24,2025-05-23,2025-03-29,2025-05-23,3375.1018624472467,9689.83437594809,34854.596867130815,34835.37520957112,22.55503598609352,41.7766935457899,0.0,18150.391055003856,20.247480761253897,31.45286743417693,18161.59644167678,0.0,18161.59644167678,19104.751215399134,9791.589222322542,21767.711833161193
2025-05-25,2025-05-24,2025-03-30,2025-05-24,9689.83437594809,9283.52841204038,60436.79959451583,60239.5198051505,66.79663590511666,264.0764252704585,0.0,36638.30825245215,73.08860403991076,58.86162054718526,36624.08126895943,0.0,36624.08126895943,16014.425864987432,13337.360318156754,9017.444074986484
2025-05-26,2025-05-25,2025-03-31,2025-05-25,9283.52841204038,8817.925826917679,58566.838282300814,58105.206892735296,0.0,461.6313895655246,550.470133622012,36076.47036438898,153.27326596862727,0.0,35923.19709842035,3840.0796521471557,39763.27675056751,17536.660174734112,14623.737068145063,1162.9209697682486
2025-05-27,2025-05-26,2025-04-01,2025-05-26,8817.925826917679,9151.772459368874,55758.80714649751,55699.00516127977,3.767843379823738,63.56982859755465,0.0,34724.11351650808,33.248554282567184,4.29945057563479,34695.16441280115,0.0,34695.16441280115,17785.591756181468,14105.867353300911,2628.9134583992172
2025-05-28,2025-05-27,2025-04-02,2025-05-27,9151.772459368874,9439.819212232413,63992.64281520057,63943.385307035904,10.142733359986337,59.40024152464537,0.0,38438.874389885714,29.099888167771688,8.418577564813907,38418.19307928275,0.0,38418.19307928275,18293.10807328843,14558.175461786443,7934.628595533916
2025-05-29,2025-05-28,2025-04-03,2025-05-28,9439.819212232413,3299.9471629908935,55149.568153013366,55500.57054112834,408.696126669112,57.69373855413755,17.817433333333497,34756.75497842855,13.105420482200884,345.16535868872984,35088.814916635085,119.77769558333443,35208.59261221842,11947.303918662123,15203.201018433683,4664.161574233238
2025-05-30,2025-05-29,2025-04-04,2025-05-29,3299.9471629908935,3862.862385448898,27912.891257457715,27960.754476904094,49.61518438953135,1.751964943151961,0.0,15288.622812371708,0.3380416357811709,42.620627588400055,15330.905398324327,0.0,15330.905398324327,12712.766621583356,9790.717263270315,18442.471851924383
2025-05-31,2025-05-30,2025-04-05,2025-05-30,3862.862385448898,9821.3072169627,36944.20847809599,36977.562604932755,45.76830889042297,12.414182053656155,0.0,19740.214635895478,5.836783297052774,59.41353029729146,19793.791382895717,0.0,19793.791382895717,18584.033619903974,9690.466883759798,19694.814318788583
2025-06-01,2025-05-31,2025-04-06,2025-05-31,9821.3072169627,7780.912138777779,78208.39393077532,80439.61922380382,2231.225293028503,0.0,811.8545759715438,48044.227319598394,0.0,2803.8951252929105,50848.12244489131,4955.846546862642,55803.96899175394,19240.84370117986,17421.438968322116,8207.242766917623
2025-06-02,2025-06-01,2025-04-07,2025-06-01,7780.912138777779,7713.998595796296,81491.41994486284,84066.6756170385,2575.255672175681,0.0,872.9718990387677,50226.23315425409,0.0,3068.1306682861377,53294.36382254024,5625.643279868491,58920.00710240872,20537.126105862735,16695.29433443215,12457.008294646686
2025-06-03,2025-06-02,2025-04-08,2025-06-02,7713.998595796296,7933.69700088889,75481.94229783189,77710.76369802424,2253.357321123886,24.53592093153634,1442.7853957962104,46037.24830492417,8.212172735785213,2953.961516752456,48982.997648940844,9469.729830793432,58452.72747973427,20166.93073788451,16137.485333103123,6931.736855705731
2025-06-04,2025-06-03,2025-04-09,2025-06-03,7933.69700088889,7915.150248697718,85859.36537982167,88818.97303446221,2959.6076546405416,0.0,473.5095693840127,53181.44546304816,0.0,3713.1390016716728,56894.58446471984,2979.835455001528,59874.41991972136,18198.05748126648,14757.11863679791,16206.282942710985
2025-06-05,2025-06-04,2025-04-10,2025-06-04,7915.150248697718,1560.7542911296289,67929.12391717311,70679.79242032103,2880.0280486427782,129.35954549485996,2081.929993410051,42227.07246306895,43.29663987712963,3463.4601844152658,45647.23600760708,13823.713688689191,59470.94969629627,15257.41874822139,18077.465547870604,4432.4511967136295
2025-06-06,2025-06-05,2025-04-11,2025-06-05,1560.7542911296289,1950.449848969135,35102.93342185872,36868.74359299286,1765.810171134142,0.0,998.9463634916217,19693.443318676065,0.0,1736.5273984242035,21429.97071710027,5443.7372900860555,26873.708007186327,15033.353585226081,11826.290401977574,3805.631373235968
2025-06-07,2025-06-06,2025-04-12,2025-06-06,1950.449848969135,8185.587951285517,46620.06392465706,48604.14330783341,1984.07938317636,0.0,828.8474780774595,23969.97412804183,0.0,1880.9979881118816,25850.972116153716,5738.605573160094,31589.57768931381,20764.025964162993,11207.236738887283,8749.688393968496
2025-06-08,2025-06-07,2025-04-13,2025-06-07,8185.587951285517,8441.350437276893,75715.82037786196,76355.17827447822,639.8586855462122,0.5007889299570252,688.8629677237454,46397.49192417074,0.10616725315088933,752.1195439833864,47149.50530090097,4785.531651198334,51935.03695209931,18151.911302277622,14472.86191745264,8180.068590710323
2025-06-09,2025-06-08,2025-04-14,2025-06-08,8441.350437276893,8617.154502124231,84175.78587198314,85646.10090950431,1470.315037521166,0.0,63.5684573990344,52904.864554526794,0.0,1621.4684343497506,54526.332988876544,428.4338586188732,54954.76684749541,20243.108272942107,16238.694042720503,10772.54240334841
2025-06-10,2025-06-09,2025-04-15,2025-06-09,8617.154502124231,8696.067600199229,78397.5385888381,79422.46847910772,1034.4733973477464,9.543507078126026,7.373496666666824,48577.60043101365,2.286237875551481,1177.4798714713502,49752.794064609436,49.85589771166773,49802.649962321106,21758.3840319632,17553.269277622698,3606.2829881005464
2025-06-11,2025-06-10,2025-04-16,2025-06-10,8696.067600199229,8932.599343350412,83909.13251538418,84754.55269784908,849.1816575016421,3.761475036753609,29.64852891587475,53158.64825299018,0.893239409727938,1009.0817860737792,54166.83679965422,199.9879537406123,54366.82475339484,23488.40916148469,18812.73285196653,4024.0786005801274
2025-06-12,2025-06-11,2025-04-17,2025-06-11,8932.599343350412,3498.3630611202793,75707.94460924028,76414.23241347389,707.3352624935347,1.0474582599365476,0.0,48891.42593403158,0.24763658825968154,802.1268715380086,49693.30516898133,0.0,49693.30516898133,14615.319754569162,16729.221655208134,6075.742880779513
2025-06-13,2025-06-12,2025-04-18,2025-06-12,3498.3630611202793,3445.76807247931,35362.74091296649,35526.104534376514,163.70083704739815,0.3372156373741291,0.0,20389.797319243124,0.07057923290240523,214.08150306999417,20603.808243080217,0.0,20603.808243080217,13328.394290744764,10843.334865280132,4695.731408911886
2025-06-14,2025-06-13,2025-04-19,2025-06-13,3445.76807247931,9185.169865693262,42609.417093081975,43075.150756436116,469.54988674735574,3.816223393215637,0.0,23696.322041412226,0.9654646119811969,372.5130094301939,24067.869586230438,0.0,24067.869586230438,18989.708274709006,10216.20208862174,8108.3018203488455
2025-06-15,2025-06-14,2025-04-20,2025-06-14,9185.169865693262,9816.046145875338,78426.49589833121,77898.2699016562,0.056202233197382157,528.2821989082177,0.0,49183.435691825056,199.50195687333326,0.11371678853992317,48984.04745174026,0.0,48984.04745174026,22867.184619845215,17954.630889910753,2358.7418383884064
2025-06-16,2025-06-15,2025-04-21,2025-06-15,9816.046145875338,9623.364700459475,81111.61081951697,81428.13685129538,371.85162558239824,55.325593803990046,53.933940341902144,51098.53752996576,26.648134123155693,412.4543179342951,51484.3437137769,262.62017086733033,51746.963884644225,22540.114767164167,18430.906262277254,4678.8094700837055
2025-06-17,2025-06-16,2025-04-22,2025-06-16,9623.364700459475,9423.998023446075,83012.69014170484,82915.57555326709,21.86877185799665,118.98336029574386,18.42167500000005,52343.17446812711,51.3549874149195,17.430532144447636,52309.25001285663,124.18972201250034,52433.43973486913,22334.05385531146,18270.013632114336,4232.9457884033
2025-06-18,2025-06-17,2025-04-23,2025-06-17,9423.998023446075,9649.478869461062,84071.29478565662,83382.0007466473,0.0,689.2940390093182,0.0,52736.4900884839,285.64561483706063,0.0,52450.84447364684,0.0,52450.84447364684,20578.475388542753,16465.63230330615,8340.766761410698
2025-06-19,2025-06-18,2025-04-24,2025-06-18,9649.478869461062,3925.288210461965,72854.14781080458,72834.65495670537,61.9406691597499,81.4335232589583,31.713854750331052,46937.21893064774,41.25489417977722,77.60484585582778,46973.56888232379,213.7989517993568,47187.36783412314,13136.05268612139,15791.974268857513,7262.786194191828
2025-06-20,2025-06-19,2025-04-25,2025-06-19,3925.288210461965,4626.171001889272,36263.86210675021,36190.72573810716,18.14283257496254,91.27920121801446,0.0,21829.78079832877,50.12378225332445,11.193220557123139,21790.85023663257,0.0,21790.85023663257,12750.770692888967,9697.329748955488,10736.703944173682
2025-06-21,2025-06-20,2025-04-26,2025-06-20,4626.171001889272,10503.246842042056,41914.444274410766,41810.93188906892,0.8959717625931845,104.40835710444205,0.0,23805.525900581906,49.10319147845858,1.0273212229893451,23757.450030326432,0.0,23757.450030326432,19391.860081304563,10418.038409719193,13502.369817483548
2025-06-22,2025-06-21,2025-04-27,2025-06-21,10503.246842042056,9954.075799507913,77428.7893430054,76909.35468445101,0.0,519.4346585543645,0.0,48299.43028732269,228.11754568803048,0.0,48071.312741634654,0.0,48071.312741634654,19716.52331592926,16464.63782418343,6200.128092705196
2025-06-23,2025-06-22,2025-04-28,2025-06-22,9954.075799507913,9878.626429204125,79010.8292082434,77805.96315065172,0.0,1204.8660575916938,0.0,50328.931844697196,496.94712221810096,0.0,49831.984722479094,0.0,49831.984722479094,20159.275770212487,16396.917807145524,6982.319187584748
2025-06-24,2025-06-23,2025-04-29,2025-06-23,9878.626429204125,10016.558900048158,90427.3525258843,89932.0685819691,0.0,495.2839439152024,0.0,57950.14249133505,215.38568118562313,0.0,57734.756810149425,0.0,57734.756810149425,21956.238911686767,17660.414294706658,9367.451714988989
2025-06-25,2025-06-24,2025-04-30,2025-06-24,10016.558900048158,9842.928295368174,81246.60843267625,80124.75570207692,0.0,1121.8527305993407,0.0,50830.088050111255,470.7434566079154,0.0,50359.34459350334,0.0,50359.34459350334,19878.7534986291,16258.05787810156,6066.638714882711
2025-06-26,2025-06-25,2025-05-01,2025-06-25,9842.928295368174,4032.8966495449577,71185.40667808885,70118.64114544648,0.0,1066.7655326423724,0.0,46751.26823763717,434.2351223701804,0.0,46317.03311526699,0.0,46317.03311526699,13218.745289403589,15936.212165657806,5288.7241883673705
2025-06-27,2025-06-26,2025-05-02,2025-06-26,4032.8966495449577,4885.167219059471,37911.40896235059,37373.39867712807,0.0,538.0102852225275,0.0,22828.78018521081,279.67150209445333,0.0,22549.10868311636,0.0,22549.10868311636,12644.483806147642,9474.988370416531,14432.257374730289
2025-06-28,2025-06-27,2025-05-03,2025-06-27,4885.167219059471,10555.673311197601,42511.47078895758,42235.04818324252,0.0,276.4226057150597,0.0,24437.56164510675,133.69233349644662,0.0,24303.869311610302,0.0,24303.869311610302,19322.332541129465,10547.633875390553,11683.42340083695
2025-06-29,2025-06-28,2025-05-04,2025-06-28,10555.673311197601,9342.88108721957,76048.02339107674,75519.53099132507,0.0,528.4923997516735,0.0,47761.63016435765,243.51757514375058,0.0,47518.112589213895,0.0,47518.112589213895,18564.86629383874,16129.054699589606,3815.9508637426034
2025-06-30,2025-06-29,2025-05-05,2025-06-29,9342.88108721957,9806.056036677177,83756.9421465393,82480.78502509673,0.0,1276.1571214425658,0.0,52969.5772018963,532.3854376549787,0.0,52437.191764241325,0.0,52437.191764241325,20068.113141136084,15838.314189808381,8373.302090435698
2025-07-01,2025-06-30,2025-05-06,2025-06-30,9806.056036677177,8061.7476792222205,73514.49379050273,79051.85242412298,5537.358633620248,0.0,2111.047670850143,46065.84552982105,0.0,6697.378645114019,52763.224174935065,13826.758017097543,66589.98219203262,19800.33870134363,17608.151869797803,104.1692300939585
2025-07-02,2025-07-01,2025-05-07,2025-07-01,8061.7476792222205,8110.003584416735,71239.18236844309,77074.06646344303,5879.572437698054,44.68834269809486,875.3269310656159,44890.292808011916,10.168832380951486,5944.285227570035,50824.409203201,4776.880956086511,55601.29015928751,21711.606263574147,17542.970758819996,875.9915230878314
2025-07-03,2025-07-02,2025-05-08,2025-07-02,8110.003584416735,2019.3870279691355,73658.80777579897,79282.19454382939,5623.386768030421,0.0,168.31016600249671,47344.80895822735,0.0,6776.628713624904,54121.43767185226,983.4827940056225,55104.920465857875,17396.61198280022,19572.81060687101,1866.284400569341
2025-07-04,2025-07-03,2025-05-09,2025-07-03,2019.3870279691355,1955.7578965679018,36643.215673120714,38658.27162826915,2015.0559551484357,0.0,2628.5817183923537,21109.85277096723,0.0,3056.3304661662296,24166.18323713346,9509.969435360568,33676.152672494034,13530.28127875433,11016.794054052121,9892.498655292626
2025-07-05,2025-07-04,2025-05-10,2025-07-04,1955.7578965679018,8135.356376907408,44714.11064288066,46549.952627782324,1835.8419849016686,0.0,2108.4689347967205,24673.46294077412,0.0,2801.5403199420343,27475.003260716156,9061.491886352245,36536.4951470684,20186.76524694378,10789.641217718912,10471.21756668751
2025-07-06,2025-07-05,2025-05-11,2025-07-05,8135.356376907408,8160.750531038788,74884.90456226372,80115.41027040062,5230.505708136901,0.0,4135.821019296727,47349.85304047553,0.0,5391.0764106455335,52740.929451121076,25060.185005765215,77801.11445688628,21941.310008682583,17749.60636831465,265.54609932940934
2025-07-07,2025-07-06,2025-05-12,2025-07-06,8160.750531038788,8182.033573676166,76087.35159363317,81786.84967398728,5699.498080354114,0.0,596.1064042194569,47740.17054761431,0.0,5754.964304717547,53495.134852331845,3242.8877022764846,56738.02255460834,21647.123794378684,17515.015535073086,4841.365052234472
2025-07-08,2025-07-07,2025-05-13,2025-07-07,8182.033573676166,9078.792146119056,86430.29014410981,88194.02612407695,1785.2729477053085,21.536967738184558,47.12398284946528,54598.59180308347,4.522021791958431,2123.189863909111,56717.25964520062,319.9178944979468,57037.17753969857,21023.663691807607,16222.08487516556,7868.184273617691
2025-07-09,2025-07-08,2025-05-14,2025-07-08,9078.792146119056,8994.053114085747,85701.87515560516,87304.50086554869,1626.7885778854738,24.162867941937975,59.2118275991395,53858.42261607611,5.077687405980487,1900.2724635990112,55753.61739226914,399.26373432288426,56152.88112659202,19994.513592925094,16271.821139099306,9582.295222655384
2025-07-10,2025-07-09,2025-05-15,2025-07-09,8994.053114085747,3387.3134991589836,72426.67102191431,73694.10700761355,1289.3355570559052,21.899571356670435,40.530516052749476,47575.47079741128,8.78869692961353,1139.2042405745774,48705.88634105625,273.0856820831622,48978.9720231394,15508.31134772288,17607.797845089626,2980.50063769972
2025-07-11,2025-07-10,2025-05-16,2025-07-10,3387.3134991589836,3541.650852749978,42963.096886976986,43441.01814901279,477.92126203580074,0.0,77.34730400157802,26006.894098568875,0.0,664.2476396671229,26671.141738235994,308.30635375029004,26979.448091986287,13863.212329251772,11090.298368462041,8226.674342224633
2025-07-12,2025-07-11,2025-05-17,2025-07-11,3541.650852749978,9048.89250518092,47978.78345606655,48385.82679870895,414.86517132623294,7.821828683833701,0.0,27517.22654308201,1.6489688579752528,529.889069843446,28045.466644067485,0.0,28045.466644067485,19615.74671609031,10932.237352845303,8618.07410213061
2025-07-13,2025-07-12,2025-05-18,2025-07-12,9048.89250518092,9126.825093901025,84807.01009583464,85447.69170811711,690.9946418142688,50.313029531797156,76.83990298826996,54524.0886035466,15.948786488321808,705.9915180481637,55214.131335106445,517.1725548454865,55731.30388995193,19519.409953058414,15740.582732129216,12477.983990176188
2025-07-14,2025-07-13,2025-05-19,2025-07-13,9126.825093901025,8866.486100593813,80699.76751565181,82037.68429388669,1361.9461462551308,24.02936802024965,168.60286150391073,50345.85492425011,5.036347752652457,1432.1462894543022,51772.964865951755,1172.7491350491546,52945.71400100092,18818.661051703803,15477.42054585657,7057.367432876702
2025-07-15,2025-07-14,2025-05-20,2025-07-14,8866.486100593813,9902.556898989702,89122.80495131551,87853.53701843963,0.0,1269.2679328758868,0.0,56195.04368906176,532.4726409262995,0.0,55662.57104813546,0.0,55662.57104813546,20059.156788518783,15315.453280143916,10360.782926731434
2025-07-16,2025-07-15,2025-05-21,2025-07-15,9902.556898989702,9786.675577049285,84246.67608971652,83401.603371554,0.0,845.0727181625159,0.0,54225.59283423849,373.16181011461936,0.0,53852.43102412386,0.0,53852.43102412386,18554.50952702333,15133.445906635274,7845.976367832607
2025-07-17,2025-07-16,2025-05-22,2025-07-16,9786.675577049285,4043.520919467736,76519.8681646366,75431.3382689478,0.0,1088.5298956887964,0.0,50126.793290543515,493.875662032752,0.0,49632.91762851077,0.0,49632.91762851077,14320.335720461262,16768.31112539702,5158.897607216889
2025-07-18,2025-07-17,2025-05-23,2025-07-17,4043.520919467736,4732.450558914253,46918.20995934461,46485.26340565819,0.0,432.9465536864229,0.0,28966.544134682594,245.72631456873472,0.0,28720.817820113858,0.0,28720.817820113858,13145.37121620102,10027.71400962096,12093.358099078127
2025-07-19,2025-07-18,2025-05-24,2025-07-18,4732.450558914253,9474.230698137831,52670.92979573574,52111.62223960002,0.0,559.3075561357181,0.0,31638.187522755143,287.3202568513591,0.0,31350.867265903784,0.0,31350.867265903784,18838.63585535666,10991.692917537675,17081.860251781043
2025-07-20,2025-07-19,2025-05-25,2025-07-19,9474.230698137831,9734.497757820185,88587.49287154767,86946.98082417427,0.0,1640.5120473733928,0.0,55921.586399994805,699.7793917253279,0.0,55221.807008269476,0.0,55221.807008269476,19466.447438781513,15533.582071698906,10924.13724042501
2025-07-21,2025-07-20,2025-05-26,2025-07-20,9734.497757820185,9844.960498546561,89307.87243819979,87806.69261649362,0.0,1501.1798217061717,0.0,56938.9317941558,662.8392510816368,0.0,56276.09254307417,0.0,56276.09254307417,19651.56225981547,15818.348963796792,9983.729970474944
2025-07-22,2025-07-21,2025-05-27,2025-07-21,9844.960498546561,10109.474146977043,87671.37555349078,85328.56099988497,0.0,2342.814553605812,0.0,56217.19441903536,932.6122856750295,0.0,55284.58213336033,0.0,55284.58213336033,20101.630232574433,16044.258204797856,7476.044355441735
2025-07-23,2025-07-22,2025-05-28,2025-07-22,10109.474146977043,9934.800598261521,97507.9413493808,94794.40743454613,0.0,2713.5339148346575,0.0,63155.819472562696,1098.7831115978615,0.0,62057.03636096484,0.0,62057.03636096484,17968.336073203965,14711.558413139188,17321.082657814688
2025-07-24,2025-07-23,2025-05-29,2025-07-23,9934.800598261521,5779.173246254518,90864.33407161615,88893.65280751536,0.0,1970.681264100776,0.0,60262.736952949424,881.4946878897035,0.0,59381.24226505973,0.0,59381.24226505973,13371.410071881883,14570.906775030635,16476.677510664118
2025-07-25,2025-07-24,2025-05-30,2025-07-24,5779.173246254518,5542.314694007797,45062.71389600468,44056.95851168595,0.0,1005.7553843187266,0.0,27945.046798495896,548.1324865033316,0.0,27396.914311992565,0.0,27396.914311992565,13951.742637792884,11514.084233634287,15113.980540860688
2025-07-26,2025-07-25,2025-05-31,2025-07-25,5542.314694007797,10033.197822910346,51506.89889900752,50275.54134493382,0.0,1231.357554073701,0.0,30466.690449777772,607.4376144389953,0.0,29859.252835338775,0.0,29859.252835338775,18907.28719534061,11273.107812213599,14172.270395140142
2025-07-27,2025-07-26,2025-06-01,2025-07-26,10033.197822910346,10217.950444859238,88692.2572789885,86492.442789131,0.0,2199.8144898575,0.0,56715.24663784187,919.198893875627,0.0,55796.04774396624,0.0,55796.04774396624,19711.286391937014,15799.864617714973,8895.831214908958
2025-07-28,2025-07-27,2025-06-02,2025-07-27,10217.950444859238,10131.837520137165,91606.92872306553,88953.00798251122,0.0,2653.9207405543107,0.0,58733.03085881095,1117.9212320753472,0.0,57615.1096267356,0.0,57615.1096267356,20910.961240154043,17015.380236774632,7102.549745798475
2025-07-29,2025-07-28,2025-06-03,2025-07-28,10131.837520137165,10142.160090797066,89758.72014730163,86633.9619038592,0.0,3124.758243442432,0.0,57475.27794022983,1301.3634790897718,0.0,56173.91446114006,0.0,56173.91446114006,20850.310086506113,16879.460856476042,6593.866723829137
2025-07-30,2025-07-29,2025-06-04,2025-07-29,10142.160090797066,9292.09839567286,82623.63377001972,79863.0043690212,0.0,2760.629400998505,433.45593791926905,53013.29805522337,1086.5110345289486,0.0,51926.78702069442,3023.788622924821,54950.57564361924,19425.54731884769,16499.748853878405,3267.4077919711995
2025-07-31,2025-07-30,2025-06-05,2025-07-30,9292.09839567286,5721.795449779173,82429.23673400197,79424.01474758823,0.0,3005.2219864137414,0.0,53510.93556231909,1275.7473883461548,0.0,52235.188173972936,0.0,52235.188173972936,17635.299232829828,17497.86502989648,4591.584277988216
2025-08-01,2025-07-31,2025-06-06,2025-07-31,5721.795449779173,5839.306778699009,45402.39439136171,44458.08768672357,0.0,944.30670463814,0.0,28116.21005456193,487.7742516154077,0.0,27628.435802946522,0.0,27628.435802946522,14126.839260423663,11336.979604915312,20416.86836454855
2025-08-02,2025-08-01,2025-06-07,2025-08-01,5839.306778699009,10179.645484744564,52498.99847979518,51070.30524227934,0.0,1428.693237515834,0.0,31460.275566711294,680.9150347501211,0.0,30779.36053196117,0.0,30779.36053196117,18760.241603590886,11289.490863467621,22672.529568822738
2025-08-03,2025-08-02,2025-06-08,2025-08-02,10179.645484744564,9574.736501346046,75403.05356718108,72904.23481686403,0.0,2498.8187503170457,12.541463007492666,48568.71737914324,864.8147896340794,0.0,47703.90258950917,84.48556554997434,47788.38815505915,17901.446592186512,15044.589824729743,7220.439529081415
2025-08-04,2025-08-03,2025-06-09,2025-08-03,9574.736501346046,10231.680695065876,81405.18615620674,78631.0762445392,0.0,2774.10991166753,0.0,52513.840136000465,917.5360104357533,0.0,51596.30412556472,0.0,51596.30412556472,18088.150294477426,14060.151964178871,9187.422830907311
2025-08-05,2025-08-04,2025-06-10,2025-08-04,10231.680695065876,9988.159334284603,79065.46369747823,75892.79204526871,0.0,3172.671652209531,0.0,50912.87142212825,1117.9246644419477,0.0,49794.946757686295,0.0,49794.946757686295,17609.910600683812,14483.196811257032,7613.768522508598
2025-08-06,2025-08-05,2025-06-11,2025-08-05,9988.159334284603,9915.753099020938,87059.9714689979,83908.76417598917,0.0,3151.207293008726,0.0,56773.456439650545,1143.5698937701136,0.0,55629.88654588043,0.0,55629.88654588043,17906.663322380802,14569.56290286575,12457.264489807458
2025-08-07,2025-08-06,2025-06-12,2025-08-06,9915.753099020938,4942.32063746052,82512.28277071749,80159.94458938212,0.0,2352.3381813353553,0.0,53531.63391287514,1038.4808806435708,0.0,52493.15303223158,0.0,52493.15303223158,11817.596197548837,14048.34213541893,19002.705277252215
2025-08-08,2025-08-07,2025-06-13,2025-08-07,4942.32063746052,5055.300076465397,44150.11583072998,43069.01653918221,0.0,1081.0992915477686,0.0,26764.599209751686,571.0080481722539,0.0,26193.591161579436,0.0,26193.591161579436,13156.361278254622,10554.971140281854,24692.45515120944
2025-08-09,2025-08-08,2025-06-14,2025-08-08,5055.300076465397,9920.522513463764,50026.937142847804,48886.79142350747,0.0,1140.1457193403357,0.0,29450.382663277913,568.9555510138149,0.0,28881.4271122641,0.0,28881.4271122641,18705.21219619284,10772.521685617672,22032.171912932306
2025-08-10,2025-08-09,2025-06-15,2025-08-09,9920.522513463764,9868.626354114618,81873.19007117195,79123.32472186895,0.0,2749.865349302994,0.0,52962.955381101194,989.9677783649062,0.0,51972.98760273629,0.0,51972.98760273629,17218.82834480136,13993.957502703333,10593.834829770933
2025-08-11,2025-08-10,2025-06-16,2025-08-10,9868.626354114618,9656.9238280381,80269.07601367237,77621.14073384268,0.0,2647.9352798296977,26.470946005454607,50785.17818419337,990.4443556121845,0.0,49794.733828581186,178.45388249577223,49973.18771107696,18940.90122156748,15532.662262938531,9678.119387885843
2025-08-12,2025-08-11,2025-06-17,2025-08-11,9656.9238280381,9735.562262768119,86416.84221808525,84041.30163018042,0.0,2375.540587904825,11.215558914212693,54772.47983451141,903.6831341669141,0.0,53868.79670034451,75.39659480079483,53944.1932951453,17879.38612166085,14411.528167288272,12824.11558472205
2025-08-13,2025-08-12,2025-06-18,2025-08-12,9735.562262768119,9907.717940456956,78573.50759556629,76376.6381451399,0.0,2196.8694504263713,5.036748827925976,49704.120532102694,789.6209292882534,0.0,48914.49960281444,33.91492724888794,48948.41453006334,18003.037433724785,14427.520211397125,6685.1782216401825
2025-08-14,2025-08-13,2025-06-19,2025-08-13,9907.717940456956,4579.2068765442045,73808.7635428462,71307.05692717555,0.0,2501.7066156706264,13.52000558676616,48798.36231192528,898.7923041997773,0.0,47899.5700077255,94.31555897328073,47993.88556669878,13823.949989738154,15993.059449209379,7563.395408900215
2025-08-15,2025-08-14,2025-06-20,2025-08-14,4579.2068765442045,4577.518628688063,45271.23870785919,44145.0662229498,0.0,1126.1724849093935,0.0,27861.864624415164,576.3710963902089,0.0,27285.49352802496,0.0,27285.49352802496,13185.555112122533,10681.819063889781,24481.60329138371
2025-08-16,2025-08-15,2025-06-21,2025-08-15,4577.518628688063,9788.638337375993,52682.396761492135,51613.59105750002,0.0,1068.805703992105,0.0,31796.588328125854,522.9671660902184,0.0,31273.621162035633,0.0,31273.621162035633,19481.178717816067,11089.747023611879,26292.87899662917
2025-08-17,2025-08-16,2025-06-22,2025-08-16,9788.638337375993,9646.18191063129,83801.4374154928,81080.53447263237,0.0,2720.9029428604244,20.771928505597202,52851.57736170168,1060.685512869804,0.0,51790.89184883189,139.6392893788772,51930.53113821076,18225.7322722314,14891.053924577662,14601.23443681756
2025-08-18,2025-08-17,2025-06-23,2025-08-17,9646.18191063129,9630.950684291294,81168.29569885961,78940.58646237849,0.0,2227.7092364811215,40.116948973328476,52171.9139562919,897.3005732686768,0.0,51274.61338302323,270.49550059428987,51545.10888361752,18757.08951242148,15206.950608767394,11036.448891031065
2025-08-19,2025-08-18,2025-06-24,2025-08-18,9630.950684291294,9507.095446120975,79720.48723932655,77390.092091508,0.0,2330.395147818539,48.61920428780968,51001.836689851145,857.8612496828005,0.0,50143.97544016835,327.80643701163854,50471.78187717999,17654.39604437288,14411.53051029532,9878.18571171826
2025-08-20,2025-08-19,2025-06-25,2025-08-19,9507.095446120975,9458.94115641478,88872.07093575885,86007.92815560232,0.0,2864.142780156536,5.768325076341171,56164.46505109852,1204.3880600922898,0.0,54960.07699100624,38.973688378299116,54999.05067938454,21136.417346975606,17163.836911785824,11390.424978822217
2025-08-21,2025-08-20,2025-06-26,2025-08-20,9458.94115641478,5042.316269516323,79064.94715353091,76640.64194639985,0.0,2424.3052071310626,0.0,51176.156632123624,971.0145891124741,0.0,50205.14204301115,0.0,50205.14204301115,12843.968882494433,14378.577193029107,12330.831773601185
2025-08-22,2025-08-21,2025-06-27,2025-08-21,5042.316269516323,4966.091487164614,44733.7922175039,43977.46605577505,0.0,756.3261617288566,0.0,27429.87635381889,399.1986343383012,0.0,27030.67771948059,0.0,27030.67771948059,13990.646504805994,11401.02597300939,20157.276123978438
2025-08-23,2025-08-22,2025-06-28,2025-08-22,4966.091487164614,9627.711043255646,48815.76512432963,47859.38719454938,0.0,956.3779297802439,0.0,28290.998403450478,471.12237069807503,0.0,27819.876032752403,0.0,27819.876032752403,18333.07879798005,10654.336225881916,17650.638472451246
2025-08-24,2025-08-23,2025-06-29,2025-08-23,9627.711043255646,9921.90042189419,79304.37833241829,76898.19957209012,0.0,2406.1787603281628,0.0,51483.005497345075,861.9538570257953,0.0,50621.05164031929,0.0,50621.05164031929,19229.09579367432,15310.79715210151,9246.311447183984
2025-08-25,2025-08-24,2025-06-30,2025-08-24,9921.90042189419,9760.947320755718,100864.54381664706,98227.2274537455,0.0,2637.3163629015767,0.0,65022.82752354121,1098.4194987806113,0.0,63924.408024760596,0.0,63924.408024760596,17156.88047468527,14041.930975519695,24339.19093791324
2025-08-26,2025-08-25,2025-07-01,2025-08-25,9760.947320755718,9944.034935071013,79360.6889917049,76484.00789336218,0.0,2876.681098342719,0.0,51551.00922717572,980.4229545482642,0.0,50570.58627262745,0.0,50570.58627262745,19209.96786173459,15395.295115121255,7140.516763415511
2025-08-27,2025-08-26,2025-07-02,2025-08-26,9944.034935071013,9524.597722813784,79861.46509162191,77304.33999783224,0.0,2557.125093789663,0.0,51649.406479177815,996.7231444140823,0.0,50652.68333476373,0.0,50652.68333476373,19091.973377602066,15841.991926889186,6140.209680452703
2025-08-28,2025-08-27,2025-07-03,2025-08-27,9524.597722813784,4516.861519396638,73646.19045161294,71765.85201879212,0.0,1880.3384328208185,241.62060763265367,47784.33462250173,729.06864196802,0.0,47055.2659805337,1681.1971893555256,48736.46316988923,15128.043214170513,16760.67758655355,2872.312015474477
2025-08-29,2025-08-28,2025-07-04,2025-08-28,4516.861519396638,5235.268012317061,46499.84488143858,45829.04267602117,0.0,670.8022054174088,0.0,28355.26316741934,354.58242028800396,0.0,28000.68074713133,0.0,28000.68074713133,14652.471843455709,11221.93634957074,19843.286832136204
2025-08-30,2025-08-29,2025-07-05,2025-08-29,5235.268012317061,9544.041120551023,49684.92902278296,48942.37799619882,0.0,742.5510265841401,0.0,29351.53508426709,334.21843915350183,0.0,29017.316645113588,0.0,29017.316645113588,18248.49599701831,10903.385960174268,23084.548126021444
2025-08-31,2025-08-30,2025-07-06,2025-08-30,9544.041120551023,9743.6612247574,76878.11221263323,75017.51846995886,0.0,1860.5937426743799,0.44540697851800815,49645.54758368239,601.020499017675,0.0,49044.52708466471,3.009392250356922,49047.53647691507,20334.939012489565,16291.642506330812,4328.044287445278
2025-09-01,2025-08-31,2025-07-07,2025-08-31,9743.6612247574,10800.0,86239.59218126402,80223.79522616777,0.0,6015.796955096229,0.0,54612.376484887165,2401.493734228633,0.0,52210.88275065853,0.0,52210.88275065853,17316.791027194737,13075.895834309404,22408.765499949106
2025-09-02,2025-09-01,2025-07-08,2025-09-01,10800.0,10800.0,74846.9441612963,69057.73725468683,0.0,5789.206906609474,0.0,47888.325259596895,2002.233587566082,0.0,45886.09167203081,0.0,45886.09167203081,18327.883376050515,14845.58553460092,11517.683563237228
2025-09-03,2025-09-02,2025-07-09,2025-09-02,10800.0,10800.0,79270.91973016462,73645.96665589047,0.0,5624.953074274148,0.0,50721.6440129291,1909.2831963638898,0.0,48812.360816565204,0.0,48812.360816565204,16303.653310700516,13205.959181667418,15000.555276857362
2025-09-04,2025-09-03,2025-07-10,2025-09-03,10800.0,7457.03175599026,71849.67699218106,66167.19147619474,0.0,5682.485515986327,0.0,48030.61690458902,1931.139852937149,0.0,46099.47705165186,0.0,46099.47705165186,14072.806903958788,14407.64501181539,12576.464034051343
2025-09-05,2025-09-04,2025-07-11,2025-09-04,7457.03175599026,7545.044379979549,39943.53717193387,38025.338111897785,0.0,1918.199060036085,0.0,24731.243001244922,992.6179490262565,0.0,23738.625052218664,0.0,23738.625052218664,14683.192619999361,11814.174660609126,28332.058485840884
2025-09-06,2025-09-05,2025-07-12,2025-09-05,7545.044379979549,10800.0,45170.7649230184,43299.909377383934,0.0,1870.8555456344739,0.0,26731.115572622224,904.1666682569294,0.0,25826.948904365294,0.0,25826.948904365294,18100.68622296401,11732.095782582448,29210.23523700237
2025-09-07,2025-09-06,2025-07-13,2025-09-06,10800.0,10800.0,72359.70947193415,67669.37486335862,0.0,4690.334608575525,0.0,46828.53255702919,1538.0785576116773,0.0,45290.453999417514,0.0,45290.453999417514,18082.013751787064,14646.431138947526,9272.808633852434
2025-09-08,2025-09-07,2025-07-14,2025-09-07,10800.0,10531.076294260301,75838.07965659362,73249.11369927967,0.0,2588.9659573139484,0.0,47854.19693597936,1005.5187408941214,0.0,46848.67819508523,0.0,46848.67819508523,17920.501942298433,14757.637908427463,10690.68013207537
2025-09-09,2025-09-08,2025-07-15,2025-09-08,10531.076294260301,10425.041059892865,64841.57011753657,63199.8660232766,0.0,1641.7040942599642,0.0,41758.493659415835,641.4035109416272,0.0,41117.090148474206,0.0,41117.090148474206,19341.94427021823,15762.406569807463,6517.494056199165
2025-09-10,2025-09-09,2025-07-16,2025-09-09,10425.041059892865,10335.510067032192,77555.4789173357,75420.57629198504,0.0,2134.9026253506595,0.0,48864.33718942584,852.0180787352386,0.0,48012.3191106906,0.0,48012.3191106906,19279.566978348837,15697.027146037166,10522.037809673366
2025-09-11,2025-09-10,2025-07-17,2025-09-10,10335.510067032192,6446.077420253299,71362.273095897,69095.00260247134,0.0,2267.270493425661,0.0,46473.544935512335,808.193201938725,0.0,45665.35173357361,0.0,45665.35173357361,14759.840638865573,15455.960299582119,16295.036479854563
2025-09-12,2025-09-11,2025-07-18,2025-09-11,6446.077420253299,6594.718505599912,36725.89854898739,35973.987846650234,0.0,751.91070233716,0.0,21862.559516986537,395.48632201487624,0.0,21467.07319497166,0.0,21467.07319497166,14316.89927045149,11462.911432253757,21568.3438084525
2025-09-13,2025-09-12,2025-07-19,2025-09-12,6594.718505599912,10800.0,41764.24918496008,40818.51729307459,0.0,945.7318918854899,0.0,23897.551417116847,458.72523259535853,0.0,23438.826184521487,0.0,23438.826184521487,18955.482059682603,11569.187123382828,25425.120873441483
2025-09-14,2025-09-13,2025-07-20,2025-09-13,10800.0,10236.026749254384,79726.83174421125,77859.7005550706,0.0,1867.131189140644,0.0,51154.72953251923,781.643466959441,0.0,50373.08606555979,0.0,50373.08606555979,16210.104051061424,13637.760207030813,15188.031961039993
2025-09-15,2025-09-14,2025-07-21,2025-09-14,10236.026749254384,9681.065276059337,62421.42882772833,62314.80709564237,102.69813800848738,209.31987009444117,114.9690111111104,39936.49155986836,104.4938560573102,63.35961624433629,39895.35732005538,592.1936467222187,40487.5509667776,20370.275778805662,16999.38870670813,3991.8584013226177
2025-09-16,2025-09-15,2025-07-22,2025-09-15,9681.065276059337,9451.381629436008,76899.60319076179,77073.64097953585,289.67718984229396,115.63940106821815,0.0,47927.17940074901,53.6531239493309,305.18135242877236,48178.70762922845,0.0,48178.70762922845,18845.861637055925,15471.863207976303,14207.872567122902
2025-09-17,2025-09-16,2025-07-23,2025-09-16,9451.381629436008,9605.225313179586,72569.46373077069,72313.47859443346,0.0,255.9851363372427,7.62916666666672,46002.37864856349,107.497951838403,0.0,45894.880696725086,34.70889375000024,45929.589590475094,20212.95531637152,16234.034490891714,8382.068535620312
2025-09-18,2025-09-17,2025-07-24,2025-09-17,9605.225313179586,4800.37411203337,59474.38543537659,59227.96717316573,0.0,246.41826221085756,49.88092634032616,38921.96535984054,124.83716311714758,0.0,38797.1281967234,241.92249275058188,39039.05068947398,15681.053343701926,17026.019289430158,1666.762928567628
2025-09-19,2025-09-18,2025-07-25,2025-09-18,4800.37411203337,6210.247799602821,35478.93600917683,35429.05256967025,63.27909498569238,113.16253449226764,0.0,20554.459203824106,60.98564668585614,69.17095904773083,20562.644516185977,0.0,20562.644516185977,14861.234626381549,10768.71372855655,15235.179355178587
2025-09-20,2025-09-19,2025-07-26,2025-09-19,6210.247799602821,10234.867778935068,39448.34693257968,39405.30864126443,54.1312890777872,97.16958039303495,0.0,22191.31390111799,42.57389455391623,59.878550902079766,22208.61855746615,0.0,22208.61855746615,19659.743483201906,12302.234239994523,16402.365664723722
2025-09-21,2025-09-20,2025-07-27,2025-09-20,10234.867778935068,9465.577861857291,71331.73252487324,71286.85529139491,112.92683579438432,157.8040692727243,0.0,44820.06380149496,69.39278740831995,135.3172423617481,44885.988256448385,0.0,44885.988256448385,17639.78353797643,14980.58559113091,10340.16986121605
2025-09-22,2025-09-21,2025-07-28,2025-09-21,9465.577861857291,8917.779016290313,73929.54102140685,74945.05965445287,1021.898686257164,6.380053211154973,19.555900000000065,46262.235902797474,1.4631128455430245,1129.650193913121,47390.42298386505,131.78740035000044,47522.21038421505,19796.03872080742,16527.810324864287,11082.367275176395
2025-09-23,2025-09-22,2025-07-29,2025-09-22,8917.779016290313,8920.088198483114,73011.84008460885,73568.55691620734,578.6647296438985,21.947898045402212,6.375000000000114,45573.78497821756,5.128554360267784,664.9712808020681,46233.62770465936,42.99618750000077,46276.62389215936,20639.315376700488,16715.76719115387,7534.76814732739
2025-09-24,2025-09-23,2025-07-30,2025-09-23,8920.088198483114,8877.030372296455,62688.93607890765,63408.45461354432,719.518534636667,0.0,1828.1853227270567,39697.06403218958,0.0,955.9276321979856,40652.99166438757,12503.697681004613,53156.68934539218,18483.243397031973,15010.179195163895,700.3506344032957
2025-09-25,2025-09-24,2025-07-31,2025-09-24,8877.030372296455,4916.342484361954,64327.90021333317,65257.02329313608,1020.7379637952886,91.61488399236339,15.37166666666667,41232.16285897212,20.846966852462288,1053.2914604649714,42264.60735258463,103.4974316666667,42368.10478425129,15431.940221339752,16064.490678426257,5569.496516889254
2025-09-26,2025-09-25,2025-08-01,2025-09-25,4916.342484361954,5512.844626942501,34586.968934851604,34732.15973732203,159.7539981366944,14.563195666265528,0.0,19601.808474136316,6.966699068680759,181.13884021194707,19775.980615279583,0.0,19775.980615279583,14770.249770778159,11427.050386007819,13694.716852551692
2025-09-27,2025-09-26,2025-08-02,2025-09-26,5512.844626942501,8907.261212169104,37564.84996408508,37960.49792915381,395.6479650687336,0.0,0.0,20475.935678390924,0.0,541.9617698251639,21017.897448216085,0.0,21017.897448216085,19432.83078923695,12685.618012577994,13411.982902494858
2025-09-28,2025-09-27,2025-08-03,2025-09-27,8907.261212169104,8877.899276665592,69403.60076258302,70272.38362924755,868.7828666645144,0.0,5.868333333333453,43280.85473410749,0.0,981.802652770614,44262.657386878105,39.561369166667475,44302.21875604477,20873.68828429529,16934.11325223235,2851.047763851267
2025-09-29,2025-09-28,2025-08-04,2025-09-28,8877.899276665592,8669.841887647739,71948.92420187361,73317.38757412604,1368.4633722524259,0.0,26.015016666666952,45025.40704066181,0.0,1581.934662634667,46607.34170329648,134.7362566666684,46742.07795996315,20194.880631072458,16545.10496128476,6933.735321005012
2025-09-30,2025-09-29,2025-08-05,2025-09-29,8669.841887647739,8909.385220810625,70905.76244470553,72427.95851983487,1522.1960751293354,0.0,270.0454132825249,44743.67849048839,0.0,1702.6728737093636,46446.35136419775,1371.6054553326899,47817.95681953044,22606.840212508665,18095.95157228542,2764.940526227477
2025-10-01,2025-09-30,2025-08-06,2025-09-30,8909.385220810625,10292.510893403698,66835.08373398957,67555.45571500876,775.5817568832937,55.20977586410578,0.0,41260.951820191956,12.52174525980783,746.3276770117961,41994.75775194395,0.0,41994.75775194395,20832.231312204007,15629.294257551479,12690.997127022894
2025-10-02,2025-10-01,2025-08-07,2025-10-01,10292.510893403698,7121.94731145558,67695.517757583,69064.10773979078,1368.5899822077938,0.0,0.0,43579.589208969344,0.0,1504.3857465487824,45083.974955518126,0.0,45083.974955518126,13740.786804332967,13983.544535263007,17576.08235405416
2025-10-03,2025-10-02,2025-08-08,2025-10-02,7121.94731145558,7236.710191544988,30023.9041406502,30281.631463584232,261.44394556749603,3.716622633464226,0.0,16517.18956362396,2.2719714158366813,360.35570654022865,16875.273298748354,0.0,16875.273298748354,15446.775041418183,12408.601191468255,19426.303913634307
2025-10-04,2025-10-03,2025-08-09,2025-10-03,7236.710191544988,10541.147165712267,36093.891967053954,36498.72499818269,406.4341528640625,1.601121735327979,0.0,19679.133456695337,0.3388501049789043,504.3175760890992,20183.112182679455,0.0,20183.112182679455,18989.483161449425,12407.488084023482,16820.747487423414
2025-10-05,2025-10-04,2025-08-10,2025-10-04,10541.147165712267,10269.666271217702,70606.08505948294,72173.39034707661,1567.3052875936723,0.0,0.0,44112.95344390291,0.0,1690.7630055149225,45803.716449417836,0.0,45803.716449417836,17075.098991088846,14075.162987827074,14437.493277148173
2025-10-06,2025-10-05,2025-08-11,2025-10-05,10269.666271217702,9176.500240545094,60282.46568956606,60841.743710170034,560.2834062897989,1.0053856858255585,286.9777467957231,38418.33798033382,0.21314176539501842,709.6432080625888,39127.76804663101,2001.9567616469642,41129.724808277984,18576.380136829852,16030.717338437531,849.9494085734389
2025-10-07,2025-10-06,2025-08-12,2025-10-06,9176.500240545094,10232.691276875052,66301.11550796087,67250.88005351339,1003.6838884112183,53.91934285868592,0.0,41178.352006095796,12.198062805746872,1040.0813625591938,42206.235305849244,0.0,42206.235305849244,21379.816609885085,16367.079521309968,4466.579964938287
2025-10-08,2025-10-07,2025-08-13,2025-10-07,10232.691276875052,9573.502871378545,61582.4741508727,62630.163369709735,1092.3615878557084,44.67236901868233,0.0,38109.36710483713,10.164416795604902,1130.8108086629652,39230.013496704494,0.0,39230.013496704494,19783.784594509754,16618.13508649976,2986.018195033076
2025-10-09,2025-10-08,2025-08-14,2025-10-08,9573.502871378545,6070.001549729786,68103.00977450394,69261.51762799267,1158.5078534887314,0.0,0.0,42973.814127330355,0.0,1342.422953580609,44316.23708091096,0.0,44316.23708091096,14727.770520544385,15082.645311124832,13856.410735239797
2025-10-10,2025-10-09,2025-08-15,2025-10-09,6070.001549729786,6290.23114603863,31667.332138706843,32184.3176578489,516.9855191420544,0.0,0.0,16965.132650826556,0.0,700.1196730293716,17665.25232385593,0.0,17665.25232385593,15330.60431249508,12219.58285644306,19729.68528513021
2025-10-11,2025-10-10,2025-08-16,2025-10-10,6290.23114603863,9513.960462669744,35822.26927372937,36096.30405202563,286.37668043087723,12.341902134605562,0.0,18763.057252587212,2.5945059724487294,340.43186679317796,19100.894613407945,0.0,19100.894613407945,18664.49389687077,12216.88367149732,15542.380243318861
2025-10-12,2025-10-11,2025-08-17,2025-10-11,9513.960462669744,8854.688112391079,65545.68780327504,66342.48414893054,798.7980005859519,2.001654930456766,66.94559096922785,40226.05693753545,0.42949960109667495,837.7667796095661,41063.394217543915,419.04103540133326,41482.43525294525,19526.208957180832,16409.57437056728,4777.83916995288
2025-10-13,2025-10-12,2025-08-18,2025-10-12,8854.688112391079,9344.107039553606,68746.57786719235,69730.0173725098,983.4842574624146,0.04475214496119406,0.0,42197.337858865634,0.008634926370262395,1044.242950368436,43241.5721743077,0.0,43241.5721743077,21551.600236285587,17016.31915694505,8167.340993169269
2025-10-14,2025-10-13,2025-08-19,2025-10-13,9344.107039553606,9311.941102472054,71112.82353845895,72350.59545198079,1237.771913521837,0.0,17.680948757059646,44016.43948188542,0.0,1391.1234029942484,45407.56288487967,83.294949594508,45490.857834474176,21004.616781396682,17042.68893630471,7632.519272312544
2025-10-15,2025-10-14,2025-08-20,2025-10-14,9311.941102472054,8778.538131579719,72871.4784358294,74055.77276259862,1184.2943267692144,0.0,0.0,44826.63536469522,0.0,1407.4659567357717,46234.101321430986,0.0,46234.101321430986,20117.852396775917,16775.523115191598,8793.419831014297
2025-10-16,2025-10-15,2025-08-21,2025-10-15,8778.538131579719,5902.1050440622685,66124.95321581679,67593.11254685566,1468.1593310388866,0.0,0.0,41394.2719203231,0.0,1658.6220134155533,43052.893933738655,0.0,43052.893933738655,18678.043219832234,17718.004786829817,3666.601163853248
2025-10-17,2025-10-16,2025-08-22,2025-10-16,5902.1050440622685,5605.07679745679,30245.801430522282,30538.115031931364,292.3136014090806,0.0,499.8172008918187,15458.113828686573,0.0,383.1001777965887,15841.214006483162,3059.2116515641596,18900.425658047323,15703.439371562672,12987.111312910696,12317.404857504544
2025-10-18,2025-10-17,2025-08-23,2025-10-17,5605.07679745679,9161.232241469033,36265.34571455418,36598.76525316012,333.41953860593037,0.0,0.0,18951.81596486458,0.0,407.5382325286283,19359.354197393208,0.0,19359.354197393208,19217.66304688344,12365.76716836457,13670.276107974576
2025-10-19,2025-10-18,2025-08-24,2025-10-18,9161.232241469033,8695.642179078633,71176.32290584373,72446.1584901565,1269.8355843127588,0.0,0.0,44025.026850706825,0.0,1426.6224031351285,45451.64925384195,0.0,45451.64925384195,20932.807661191022,17374.60526171609,5002.233557348229
2025-10-20,2025-10-19,2025-08-25,2025-10-19,8695.642179078633,8661.705554517966,76106.85466926888,77047.2030802723,940.3484110034335,0.0,0.0,47518.050238575815,0.0,1153.2748040280326,48671.32504260384,0.0,48671.32504260384,19952.07148276059,16191.720863140683,8846.070093985729
2025-10-21,2025-10-20,2025-08-26,2025-10-20,8661.705554517966,8815.850072747688,74946.30546936962,76151.24491244016,1204.9394430705524,0.0,0.0,46172.5774954715,0.0,1339.1176205929098,47511.69511606441,0.0,47511.69511606441,22122.279472030074,17780.316305937602,5346.700396347694
2025-10-22,2025-10-21,2025-08-27,2025-10-21,8815.850072747688,8440.710564407409,70744.7903903695,71857.77539016625,1112.9849997967485,0.0,374.0817021459661,43578.03004131027,0.0,1257.154688236364,44835.184729546636,2501.3630577292893,47336.54778727593,20984.5581282683,17335.117641403573,3027.519905447495
2025-10-23,2025-10-22,2025-08-28,2025-10-22,8440.710564407409,5981.156712554489,79219.2432786214,80074.39950510272,855.6839456370183,0.5277191556938305,622.6031804296296,49432.297080166616,0.12008249387813114,1060.2847887635503,50492.46178643629,4343.279786677096,54835.74157311338,14856.09662631484,14247.036733982652,16708.445759866823
2025-10-24,2025-10-23,2025-08-29,2025-10-23,5981.156712554489,6114.730340907909,32323.666835350974,32729.936160075482,406.2693247245054,0.0,662.236235691109,16538.148438439926,0.0,488.98802696821394,17027.13646540814,3709.6160212598343,20736.752486667974,16737.435278201327,13437.106309824998,11671.792710723596
2025-10-25,2025-10-24,2025-08-30,2025-10-24,6114.730340907909,8441.47743724074,35037.01558742057,35372.10108487696,335.4128978865058,0.3274004301131299,477.54005753572983,17745.40289374759,0.0690814907538704,402.4307863326032,18147.764598589438,2609.426192981702,20757.19079157114,18888.91041151418,13205.945046626943,10768.243044192113
2025-10-26,2025-10-25,2025-08-31,2025-10-25,8441.47743724074,8583.681205036,76406.78477879973,77486.06324203583,1080.2449032053464,0.966439969231601,208.47572295302467,47096.03333053591,0.2131483352140296,1266.2788296234767,48362.09901182416,1439.0951856315517,49801.19419745572,18412.854998490537,14786.429157761602,9523.801107593263
2025-10-27,2025-10-26,2025-09-01,2025-10-26,8583.681205036,8454.205420129423,69639.42608624944,70667.66994999621,1078.0167566191421,49.77289287236141,731.364392417239,43006.17904662753,11.322360502185866,1150.9203243187794,44145.77701044412,5034.016366118888,49179.79337656301,21032.431315371752,17152.797571867035,3966.818932242068
2025-10-28,2025-10-27,2025-09-02,2025-10-27,8454.205420129423,8507.9258465193,69794.65366244192,70577.68257145816,874.8920845734914,91.86317555725628,1502.2439794391776,43118.56641453586,20.87781519121174,943.8874257688342,44041.57602511348,10291.712243496338,54333.28826860982,20093.6964167342,16227.545713803815,2241.3541479669534
2025-10-29,2025-10-28,2025-09-03,2025-10-28,8507.9258465193,8461.493888904926,77862.33030945092,78619.77692302095,757.4466135700326,0.0,478.10271495609646,47923.44176877928,0.0,914.7181672326711,48838.15993601196,3154.1231182726806,51992.283054284635,21842.47635845626,17734.194612202507,5677.34109172329
2025-10-30,2025-10-29,2025-09-04,2025-10-29,8461.493888904926,6315.913201811839,66760.1127093992,67235.12520820613,518.5330513354285,43.52055252849033,1573.1184630683651,41566.76415615974,12.31624269181074,536.7359049092174,42091.18381837715,10561.960788622338,52653.144606999485,18642.672818876083,17031.58760167341,2409.340804071815
2025-10-31,2025-10-30,2025-09-05,2025-10-30,6315.913201811839,6518.302493677864,34814.14830457121,35127.207917159234,313.27285913210994,0.2132465440820397,157.22325201584712,18369.8579562739,0.04463250167637091,359.34752105905704,18729.160844831284,768.3048964702298,19497.465741301512,17063.109866327824,13638.968629046114,7955.997865226711
2025-11-01,2025-10-31,2025-09-06,2025-10-31,6518.302493677864,8635.634708542015,35962.60129764874,36330.49265966411,367.8913620153693,0.0,0.0,18516.8699338977,0.0,446.1932571812523,18963.063191078953,0.0,18963.063191078953,19128.535714848607,13588.51493564964,8246.433447131809
2025-11-02,2025-11-01,2025-09-07,2025-11-01,8635.634708542015,8590.910556836501,75624.61610187204,76524.05926938506,900.1228314123485,0.6796638993298529,303.118958902204,46945.01863391821,0.1440887466579288,1062.3667109811154,48007.241256152665,2059.279729725217,50066.520985877876,22572.08804331827,18323.64305162277,3782.3493032584283
2025-11-03,2025-11-02,2025-09-08,2025-11-02,8590.910556836501,8631.087892776128,80765.93272003763,81539.85960276252,774.8146377937196,0.8877550688351903,0.0,49979.42982677605,0.2285751855551624,933.785019553932,50912.98627114443,0.0,50912.98627114443,20075.750083231855,16225.197965072139,8184.377201269463
2025-11-04,2025-11-03,2025-09-09,2025-11-03,8631.087892776128,8583.382991363696,74821.8286552899,75032.48187145893,232.8727564412642,22.219540272229835,632.8722953110458,46215.05652326695,6.1500381564710604,271.5482530400464,46480.45473815052,4190.287426383239,50670.74216453376,20953.72983287494,17015.455575899894,4147.007876461599
2025-11-05,2025-11-04,2025-09-10,2025-11-04,8583.382991363696,8707.415685798534,83191.6361439786,83847.22054707547,655.6949566851746,0.1105535883000357,0.0,51838.093519959,0.02343736071960757,797.3559860346688,52635.42606863295,0.0,52635.42606863295,21075.142835289946,16959.236271593498,10053.293916712371
2025-11-06,2025-11-05,2025-09-11,2025-11-05,8707.415685798534,6756.346767236977,75833.06251737062,76455.39283052756,622.3303131569412,0.0,93.60185958892612,47348.72501480921,0.0,763.7353266210765,48112.460341430284,441.6743981743409,48554.134739604626,20446.317258584484,18317.479006158832,3050.5718876908422
2025-11-07,2025-11-06,2025-09-12,2025-11-06,6756.346767236977,6981.595706434485,34937.73975873532,35146.81421913387,209.07446039855333,0.0,211.28972188057952,18068.51380616623,0.0,269.40665828565636,18337.920464451887,1291.6140698559825,19629.53453430787,18330.754655388853,14645.187225587219,8354.074727879486
2025-11-08,2025-11-07,2025-09-13,2025-11-07,6981.595706434485,8733.002506152705,36913.76340195208,37030.34569435026,116.82978772802835,0.24749532984787947,0.0,19057.746353078655,0.05248138469424284,148.49835214949454,19206.192223843456,0.0,19206.192223843456,19219.180437614494,13991.270034721343,8011.22819145711
2025-11-09,2025-11-08,2025-09-14,2025-11-08,8733.002506152705,8585.80501656445,80285.02218911015,80468.74719156412,191.07073603443965,7.345733580484762,148.30502883107545,50106.04704486768,1.6969717518066756,219.3923269672806,50323.74240008315,889.1586093346733,51212.90100941782,21546.74911528557,17585.34452401074,5308.83044578703
2025-11-10,2025-11-09,2025-09-15,2025-11-09,8585.80501656445,8618.458659,81388.57302633607,81801.36526235031,414.1304620316838,1.3382260174334988,99.25277726179638,50880.46709403343,0.3211207204162519,495.0253412218623,51375.17131453488,576.1877447750996,51951.35905930998,22959.637830601685,18567.918364595374,3650.455473605807
2025-11-11,2025-11-10,2025-09-16,2025-11-10,8618.458659,8584.786126038898,83445.70666759946,83642.98049658885,206.67830805474998,9.404479065355645,0.0,52518.332180758975,2.1910566167117054,250.30175533607513,52766.44287947834,0.0,52766.44287947834,20129.085857444967,16334.864824195418,8289.739796672631
2025-11-12,2025-11-11,2025-09-17,2025-11-11,8584.786126038898,8647.585602119136,80083.6763326908,80086.00259983228,29.2968537575029,26.970586616016135,65.17544166666539,49960.74032875433,8.438021357663725,35.06643684757628,49987.36874424424,454.6638810666578,50442.032625310894,22398.156536642527,18085.987266208234,4883.021021064654
2025-11-13,2025-11-12,2025-09-18,2025-11-12,8647.585602119136,7554.725881313954,76253.65597250138,76559.18927535007,309.19481384723815,3.661510998545509,1618.7615611770875,47937.28065911627,0.8301381513730979,371.08717141651664,48307.53769238141,11076.419412019819,59383.957104401234,18762.163563418268,16180.926235093464,3200.842191535685
2025-11-14,2025-11-13,2025-09-19,2025-11-13,7554.725881313954,7687.405306276605,35760.99405634527,35786.998574424375,49.27601173740578,23.27149365829905,0.0,19024.5859267084,11.058595714084207,63.92062746312138,19077.447958457436,0.0,19077.447958457436,17624.185852261195,14156.179057865185,4720.536480028362
2025-11-15,2025-11-14,2025-09-20,2025-11-14,7687.405306276605,8729.439274142002,40813.92166122902,41173.88890143341,359.9672402043991,0.0,0.0,21197.830192970745,0.0,310.845961398046,21508.67615436879,0.0,21508.67615436879,19191.080478658245,14606.944616634319,8377.866122742824
2025-11-16,2025-11-15,2025-09-21,2025-11-15,8729.439274142002,8582.519492844807,80390.01942098112,80483.66329037843,133.77121355946696,40.127344162129845,116.7786048515286,50342.67552300359,13.304212058674665,180.89266912249022,50510.2639800674,804.8942465422626,51315.15822660967,22991.112102985728,18755.028606585918,1929.814015496835
2025-11-17,2025-11-16,2025-09-22,2025-11-16,8582.519492844807,8693.98264424072,77703.65137048793,77488.55611298946,0.0,215.09525749847757,365.810999770553,48710.10473477584,85.02846620392377,0.0,48625.07626857191,2545.937450979942,51171.01371955185,22736.519936260593,18316.264312114752,738.3571552808352
2025-11-18,2025-11-17,2025-09-23,2025-11-17,8693.98264424072,8754.169660913145,81563.40943646127,81675.7296717175,129.34392899605342,17.023693739817872,0.0,51067.60226552205,4.407312464461329,168.0123408984351,51231.207293956024,0.0,51231.207293956024,23758.149306903906,19189.932623586974,2216.9611550672394
2025-11-19,2025-11-18,2025-09-24,2025-11-18,8754.169660913145,8542.625593308614,80698.00536895137,81156.36234332307,458.7661050849373,0.409130713249624,19.327265379361346,50549.40808680763,0.09599756164308196,571.8716264804709,51121.18371572645,87.65128873002436,51208.83500445647,23806.968363890894,19474.0340355957,1474.4436804072309
2025-11-20,2025-11-19,2025-09-25,2025-11-19,8542.625593308614,7990.521867036213,79861.6331818665,80032.12095623482,177.72639988297516,7.238625514638102,421.92581154100037,50069.95978309297,1.8063469107805479,216.99115329312912,50285.14458947532,2829.0860286736965,53114.23061814901,22508.187070629443,18728.524880855006,1881.3085446680584
2025-11-21,2025-11-20,2025-09-26,2025-11-20,7990.521867036213,8354.953431334317,36772.30642792959,36941.546658081876,169.78368444423865,0.5434542919430783,0.0,19535.087610785995,0.13676547834381508,205.42927587782248,19740.38012118547,0.0,19740.38012118547,18232.135574917047,14440.041407814519,4285.068424312685
2025-11-22,2025-11-21,2025-09-27,2025-11-21,8354.953431334317,8771.517186696406,42255.99736640494,42578.41978167996,322.9032241166564,0.48080884164073723,0.0,21869.860944874752,0.10153561639904225,292.34070585153967,22162.100115109894,0.0,22162.100115109894,18867.172498762127,14907.502344171438,8398.920143755931
2025-11-23,2025-11-22,2025-09-28,2025-11-22,8771.517186696406,8727.464183952685,81269.65574276511,81318.23048089087,113.52746018580964,64.95272206005043,0.0,51119.54522505324,27.04606111442642,138.76528818637667,51231.264452125186,0.0,51231.264452125186,23360.324062144326,18961.510192806258,1687.3203282194652
2025-11-24,2025-11-23,2025-09-29,2025-11-23,8727.464183952685,8504.801146437894,80149.33200586369,80159.28962633136,74.39039710522559,64.43277663755131,58.89515211230594,50323.7494550369,22.66136757064152,96.05381959634039,50397.14190706259,344.317101485028,50741.45900854762,22647.386824061563,18544.780061253183,1953.6343156352832
2025-11-25,2025-11-24,2025-09-30,2025-11-24,8504.801146437894,8713.081417816122,91910.04209646818,91935.43277608155,57.45418946056557,32.063509847197594,0.0,58582.81206572082,11.674460977479779,77.43719662196787,58648.57480136531,0.0,58648.57480136531,21466.245206836516,17200.20637329718,11500.73347587555
2025-11-26,2025-11-25,2025-10-01,2025-11-25,8713.081417816122,8856.389697440936,86723.8087229821,86512.45024986382,11.910198596747477,223.26867171500825,18.130563371320477,54616.908612378116,83.68750476735894,19.68943559933275,54552.910543210106,84.92355883126511,54637.83410204137,23791.98220589367,19142.52813511155,5123.459859119691
2025-11-27,2025-11-26,2025-10-02,2025-11-26,8856.389697440936,8294.911266004869,83359.76315976385,83223.66230657797,0.0,136.10085318587244,0.0,52752.78107444795,54.115086756544564,0.0,52698.665987691405,0.0,52698.665987691405,22273.168915740553,18546.597410042312,3716.198067546401
2025-11-28,2025-11-27,2025-10-03,2025-11-27,8294.911266004869,8197.33637037699,37790.52070168183,37833.42758518702,47.32513006711764,4.418246561941999,0.0,20039.86680086566,1.6449851898869023,72.03664425386084,20110.258459929635,0.0,20110.258459929635,18777.72327385002,15297.773257883613,3432.2390192206058
2025-11-29,2025-11-28,2025-10-04,2025-11-28,8197.33637037699,8787.692215661189,49438.581835479614,49191.281838145165,0.0,247.29999733445328,0.0,25598.189136778215,63.60136844818878,0.0,25534.587768330028,0.0,25534.587768330028,18750.763322508028,14656.798030475724,10167.866446112857
2025-11-30,2025-11-29,2025-10-05,2025-11-29,8787.692215661189,8696.781807704574,87523.58824641898,87440.74172819368,2.9023828976751247,85.74890112298351,0.0,55209.068554128855,28.17118014857104,4.078428447813085,55184.975802428096,0.0,55184.975802428096,24394.498604266493,19841.363236616824,2642.778243877336
2025-12-01,2025-11-30,2025-10-06,2025-11-30,8696.781807704574,9167.568876011277,91056.44573580836,95610.84607840037,4554.400342592016,0.0,1103.752398522276,58313.307004968374,0.0,6003.102852391874,64316.409857360246,5424.4230557524415,69740.83291311268,24587.7607723017,19492.377864088347,5320.287835375962
2025-12-02,2025-12-01,2025-10-07,2025-12-01,9167.568876011277,9013.705314131172,93541.82946572821,97887.08023952821,4345.2507737999895,0.0,1531.2331022217754,59785.872873757864,0.0,5696.9491845435205,65482.82205830139,7588.696875471585,73071.51893377298,24135.35800084335,19688.117186375206,6333.262577281832
2025-12-03,2025-12-02,2025-10-08,2025-12-02,9013.705314131172,8573.210911300417,83973.62647981997,88039.98979917355,4066.3633193535866,0.0,3177.717268073354,53216.77211822269,0.0,5205.073291846905,58421.84541006959,18506.399149933102,76928.2445600027,23142.47524453285,19141.849910619287,54.33316666666656
2025-12-04,2025-12-03,2025-10-09,2025-12-03,8573.210911300417,9105.866025885163,92181.97602744398,96526.11254686763,4344.136519423645,0.0,2320.8518579180463,59179.88641199804,0.0,5713.616998137806,64893.50341013585,11357.677150022375,76251.18056015822,24326.916362427284,19225.41265043983,6974.251942798216
2025-12-05,2025-12-04,2025-10-10,2025-12-04,9105.866025885163,9241.531937504275,43566.38715315914,46751.84968686264,3185.462533703488,0.0,942.6732048833305,22906.0241735264,0.0,3189.6354315256112,26095.659605052013,4885.019073864626,30980.67867891664,20908.981038977283,16814.175321114402,2288.089490549752
2025-12-06,2025-12-05,2025-10-11,2025-12-05,9241.531937504275,9201.06136356104,46569.732607203754,50035.05698343055,3465.3243762267957,0.0,884.425502071295,24466.806708537937,0.0,3587.5201540740804,28054.32686261202,4480.6964367132205,32535.02329932524,20622.378220647905,16740.549875273715,3373.0233234609923
2025-12-07,2025-12-06,2025-10-12,2025-12-06,9201.06136356104,9050.640797732201,94769.17417326552,98592.67127390587,3823.4971006403684,0.0,105.64366666304127,60920.01177604736,0.0,5037.181484718918,65957.19326076627,568.5138089773085,66525.70706974357,24504.89357923418,19984.342308425636,6525.082419760379
2025-12-08,2025-12-07,2025-10-13,2025-12-07,9050.640797732201,9061.94062427764,97447.00084432363,99381.69880613261,1934.6979618089913,0.0,0.0,62631.77687681891,0.0,2508.3077712892646,65140.084648108175,0.0,65140.084648108175,23514.284248608456,19036.40039748196,7056.603838339448
2025-12-09,2025-12-08,2025-10-14,2025-12-08,9061.94062427764,8988.900939162811,96614.63416855296,98499.69239312736,1885.058224574394,0.0,21.975788440060114,62106.8186851769,0.0,2455.9561053332227,64562.77479051012,127.97449478630466,64690.74928529643,24269.5592976621,19724.078747709646,6587.733364948299
2025-12-10,2025-12-09,2025-10-15,2025-12-09,8988.900939162811,8991.699788791428,92731.72768721965,94641.20567684586,1909.4779896262223,0.0,618.9318102486502,59262.30953335689,0.0,2426.3950614974706,61688.70459485437,2919.2444873857635,64607.949082240135,24898.037646155823,20164.891528720465,2139.3729029924925
2025-12-11,2025-12-10,2025-10-16,2025-12-10,8991.699788791428,9018.15174566043,96351.86051353764,97652.2103534411,1301.671433735699,1.3215938322368856,0.0,61811.34997809661,0.28017789243421976,1693.3025640747283,63504.3723642789,0.0,63504.3723642789,23505.116865575503,19015.33789993407,7201.176687799672
2025-12-12,2025-12-11,2025-10-17,2025-12-11,9018.15174566043,9074.779471465105,49043.056466227776,50373.023002039845,1329.9665358120656,0.0,0.0,25528.700119200515,0.0,1428.0108389671307,26956.710958167645,0.0,26956.710958167645,20830.97148199548,16822.121947192136,2649.7599839031673
2025-12-13,2025-12-12,2025-10-18,2025-12-12,9074.779471465105,9190.49070843806,50213.194427816554,51578.040844852025,1371.239525741754,6.393108706282419,0.0,26277.903130262137,1.6062685624534576,1546.4329544981526,27822.729816197836,0.0,27822.729816197836,19811.202040706725,15942.933539696787,3911.238960508753
2025-12-14,2025-12-13,2025-10-19,2025-12-13,9190.49070843806,9024.446292821554,91875.8653931964,93269.24784919218,1400.3442130814656,6.961757085668864,697.3529925097955,58717.729920128375,1.7395079951844392,1796.2794091097546,60512.26982124295,3289.107782343406,63801.37760358636,25151.739564920696,20522.349021640614,558.4884984219088
2025-12-15,2025-12-14,2025-10-20,2025-12-14,9024.446292821554,8819.302741198631,94079.04361945753,94257.8927138873,225.4660555996604,46.61696116988594,759.6087600985361,60108.27845315082,15.49431608513877,292.6364618975605,60385.42059896323,4116.787670224994,64502.20826918824,24417.603314769316,19962.887881423783,1093.228073973639
2025-12-16,2025-12-15,2025-10-21,2025-12-15,8819.302741198631,8952.222126310262,99665.09968033485,100072.62313470562,448.2301901328818,40.70673576210834,0.0,64544.80218694725,14.016932155957724,575.2478765393222,65106.033131330616,0.0,65106.033131330616,23440.336367448144,18867.04501103253,6081.240444956678
2025-12-17,2025-12-16,2025-10-22,2025-12-16,8952.222126310262,9003.982128565916,99966.23866605444,100478.38454438129,533.192491608791,21.04661328195766,0.0,64268.00107581175,5.640429927050862,687.1276065781758,64949.48825246288,0.0,64949.48825246288,23083.7903088128,18651.28614810828,7854.033317010095
2025-12-18,2025-12-17,2025-10-23,2025-12-17,9003.982128565916,9036.456172039321,95229.12792416543,95806.7714747067,589.2421893907008,11.598638849433996,0.0,61466.734698256645,3.3788135508868304,747.9539489391402,62211.3098336449,0.0,62211.3098336449,24124.282329048012,19511.442047402823,3827.664226394853
2025-12-19,2025-12-18,2025-10-24,2025-12-18,9036.456172039321,8879.733405481817,49148.35469357771,49159.91198761674,72.43376292458947,60.87646888555611,0.0,26083.132493812453,21.38067645154484,99.37570476959971,26161.127522130504,0.0,26161.127522130504,19986.50838311415,16330.122280224216,2595.134584726807
2025-12-20,2025-12-19,2025-10-25,2025-12-19,8879.733405481817,9085.842134310138,52452.431700102505,52399.486209476236,43.36324238616203,96.3087330124284,0.0,27863.181631931344,31.87506850282145,66.20171236295491,27897.50827579148,0.0,27897.50827579148,20128.082054781218,16118.248608427299,5533.300513122313
2025-12-21,2025-12-20,2025-10-26,2025-12-20,9085.842134310138,9032.304743888219,98400.17260932618,98731.87415954244,398.9204907395506,67.2189405233064,1.6522333333332426,63311.34567204886,23.788260296384973,514.5883013503664,63802.145713102844,9.596997316666139,63811.74271041951,23807.798397530834,19332.500353379706,5220.446482057971
2025-12-22,2025-12-21,2025-10-27,2025-12-21,9032.304743888219,8685.595250779023,97752.37119903366,97473.21163998028,43.37080862933226,322.53036768271545,0.0,63058.59202673665,124.7512245269709,50.219705675548234,62984.06050788523,0.0,62984.06050788523,23704.85950038475,19512.974739109923,4343.899795372119
2025-12-23,2025-12-22,2025-10-28,2025-12-22,8685.595250779023,9016.950659146982,100720.13398160355,99727.45800406137,0.0,992.6759775421813,0.0,64909.54629784971,418.5021402662909,0.0,64491.04415758342,0.0,64491.04415758342,23452.349981097388,18698.183617157723,7715.199106788367
2025-12-24,2025-12-23,2025-10-29,2025-12-23,9016.950659146982,8779.21571820304,98870.37059372557,98007.26988548989,0.0,863.1007082356714,32.973120381008926,63917.69249971607,366.8400168544847,0.0,63550.852482861585,228.31175823300134,63779.164241094586,23530.683090020604,19273.814749766236,5928.81534894988
2025-12-25,2025-12-24,2025-10-30,2025-12-24,8779.21571820304,8786.912715633098,95629.30364076892,94855.71004879248,0.0,773.5935919764488,0.0,61213.13263984499,321.12431087137827,0.0,60892.008328973614,0.0,60892.008328973614,24366.57371433581,19729.997410924952,2406.68521204827
2025-12-26,2025-12-25,2025-10-31,2025-12-25,8786.912715633098,9349.209590318356,51265.28305694401,50684.20510747723,2.1612980022541137,583.2392474690434,0.0,27082.562685073775,203.45594526719537,3.9636044063338187,26883.070344212916,0.0,26883.070344212916,20873.864140015343,16401.762766195698,3204.481300324248
2025-12-27,2025-12-26,2025-11-01,2025-12-26,9349.209590318356,9076.459538748888,52546.29834911479,51535.908071199556,50.58528396060615,1060.9755618758384,0.0,27684.58229144591,369.56503344633165,92.76835225535561,27407.785610254934,0.0,27407.785610254934,19983.705252853986,16432.276301224247,4645.6700529031505
2025-12-28,2025-12-27,2025-11-02,2025-12-27,9076.459538748888,9083.816690437656,98217.54530217202,97593.39356768911,0.0,624.1517344829103,0.0,63328.752460791664,258.20114761945206,0.0,63070.55131317221,0.0,63070.55131317221,22977.114594408602,18604.84138495108,6411.865608231583
2025-12-29,2025-12-28,2025-11-03,2025-12-28,9083.816690437656,8745.960275359997,97707.73171360837,96346.55786314837,0.0,1361.1738504599882,0.0,62463.004659027,571.8842139619114,0.0,61891.12044506509,0.0,61891.12044506509,23758.200788164766,19548.21341198335,4612.804220300289
2025-12-30,2025-12-29,2025-11-04,2025-12-29,8745.960275359997,8936.078913668325,99109.58603606091,97915.91046048829,0.0,1193.6755755726122,0.0,63679.26427672712,500.21519340873095,0.0,63179.04908331839,0.0,63179.04908331839,23906.449884778376,19193.11763219299,6978.175607902906
2025-12-31,2025-12-30,2025-11-05,2025-12-30,8936.078913668325,8531.119211052304,100622.53498215179,99397.8650822296,0.0,1224.6698999222024,7.540558793341663,64585.71952818128,513.7029292656082,0.0,64072.016598915674,35.33128822620237,64107.34788714188,23542.09449791008,19433.560275661577,6650.448485441095
