date,train_end_date,residual_history_start_date,residual_history_end_date,soc_open_kwh,soc_close_kwh,original_purchase_kwh,effective_purchase_kwh,upward_adjustment_kwh,downward_adjustment_kwh,emergency_purchase_kwh,base_plan_cost_yuan,downward_credit_yuan,upward_adjustment_cost_yuan,normal_settlement_cost_yuan,emergency_cost_yuan,total_cost_yuan,charge_kwh,discharge_kwh,surplus_discard_kwh
2025-02-01,2025-01-31,2025-01-02,2025-01-31,6000.0,9009.58739804647,51247.516323716874,47384.86789977554,0.0,3862.648423941329,0.0,26892.026562188967,1189.1779160988299,0.0,25702.84864609014,0.0,25702.84864609014,22405.933416473876,15440.177409102012,6040.935959070352
2025-02-02,2025-02-01,2025-01-02,2025-02-01,9009.58739804647,8918.559970030454,93856.38027180021,89696.32189921415,0.0,4160.058372586065,0.0,59512.20421982552,1717.255119323156,0.0,57794.949100502374,0.0,57794.949100502374,22541.10886624798,18340.22286687528,7139.157949841447
2025-02-03,2025-02-02,2025-01-02,2025-02-02,8918.559970030454,8892.149657967522,96362.72098063282,93183.27304926146,0.0,3179.4479313713623,0.0,61148.531957862026,1314.2036547650775,0.0,59834.32830309694,0.0,59834.32830309694,22600.81023455237,18330.42557084406,8695.971885553154
2025-02-04,2025-02-03,2025-01-02,2025-02-03,8892.149657967522,8860.12996154034,98511.28870403608,93754.56350491829,0.0,4756.725199117787,9.3566625054101,63042.73976194437,2019.4425811918286,0.0,61023.29718075255,43.82660717534091,61067.123787927885,23873.048977904837,19365.987398887388,8061.994638406257
2025-02-05,2025-02-04,2025-01-02,2025-02-04,8860.12996154034,8951.194792450366,93231.82988500869,90174.94512040929,0.0,3056.884764599396,26.479583333333267,59178.82526569178,1283.339720188635,0.0,57895.48554550315,153.80665979166628,58049.29220529481,23851.224897187796,19237.533818903095,4839.306642124578
2025-02-06,2025-02-05,2025-01-02,2025-02-05,8951.194792450366,8999.76322185273,98882.65689172181,95358.93616439476,0.0,3523.7207273270596,34.739756788310615,63244.6501636022,1499.4417281379438,0.0,61745.20843546426,202.4806219049022,61947.689057369156,22688.3106000916,18333.819999612064,10768.128104036865
2025-02-07,2025-02-06,2025-01-02,2025-02-06,8999.76322185273,8747.437412415486,48268.751681789145,44944.762065593866,0.0,3323.9896161952784,15.467318872939597,25257.06307198826,1007.2669577430521,0.0,24249.79611424521,70.91414953463097,24320.710263779838,18896.07813354709,15532.916516666664,9791.388100919718
2025-02-08,2025-02-07,2025-01-02,2025-02-07,8747.437412415486,8950.678599725092,39606.09921973176,38880.508291121136,45.10481474543576,770.6957433560656,266.32463482343474,20560.45040977761,342.3266815430104,82.71771976165464,20300.84144799626,1628.0424926756564,21928.883940671913,19121.240084889097,15305.287400181522,3753.7175245703224
2025-02-09,2025-02-08,2025-01-02,2025-02-08,8950.678599725092,8914.15109217327,92813.25160297213,90856.65059554948,0.0,1956.6010074226458,0.0,58838.55346975369,831.1175793954526,0.0,58007.43589035823,0.0,58007.43589035823,21946.458085601487,17809.505806133846,7164.282349415169
2025-02-10,2025-02-09,2025-01-02,2025-02-09,8914.15109217327,8810.589976516174,88880.34354514081,86607.89077805972,0.0,2272.4527670811,0.0,55949.66495139601,922.8318400325583,0.0,55026.83311136345,0.0,55026.83311136345,20726.819239091412,16881.928587755432,8436.3625433904
2025-02-11,2025-02-10,2025-01-02,2025-02-10,8810.589976516174,8722.6000005,89548.47368638805,86979.49972802956,0.0,2568.9739583584915,29.49912335627532,56630.220112500785,1045.7341900671368,0.0,55584.48592243365,139.54878000640923,55724.034702440054,23254.47853014036,18915.318587828253,7449.241775740406
2025-02-12,2025-02-11,2025-01-02,2025-02-11,8722.6000005,8771.572117812215,89667.48012222222,87023.0215576638,0.0,2644.458564558425,12.013554763453271,56497.02362411744,1065.062616441297,0.0,55431.961007676146,56.27149051201513,55488.23249818816,21836.746489056062,17643.68975055442,7575.242240592265
2025-02-13,2025-02-12,2025-01-02,2025-02-12,8771.572117812215,8305.318002038799,83834.88433869288,82190.7102674943,0.0,1644.1740711985585,0.0,52305.49895184276,689.3387106517154,0.0,51616.16024119104,0.0,51616.16024119104,19903.47558612773,16541.443928959532,7499.19959365945
2025-02-14,2025-02-13,2025-01-02,2025-02-13,8305.318002038799,8114.705620662635,40122.73850350421,39353.13202462087,0.0,769.6064788833398,104.61715967149172,20565.525487170937,256.6558314958116,0.0,20308.869655675127,639.5246970718289,20948.394352746956,18342.689599936573,15029.129719187174,6342.387486876296
2025-02-15,2025-02-14,2025-01-02,2025-02-14,8114.705620662635,8844.853178417188,40920.80283948185,40469.70421305254,35.5113436404867,486.609970069802,0.0,21238.36958052314,139.28965389636446,64.70344693041521,21163.783373557195,0.0,21163.783373557195,18643.95286424707,14444.469018061034,6990.12926686649
2025-02-16,2025-02-15,2025-01-02,2025-02-15,8844.853178417188,8837.502722206005,89110.78837942534,88382.89772387221,0.0,727.8906555531416,0.0,55949.108791867635,296.1867199535277,0.0,55652.922071914116,0.0,55652.922071914116,21625.116648475487,17522.959895855216,8903.361871251933
2025-02-17,2025-02-16,2025-01-02,2025-02-16,8837.502722206005,8714.6629957732,89097.14451538151,87896.97108943856,0.0,1200.1734259429654,0.0,55430.1284325937,476.1145402429462,0.0,54954.01389235075,0.0,54954.01389235075,19252.54272797071,15705.115363445799,13165.680558246984
2025-02-18,2025-02-17,2025-01-02,2025-02-17,8714.6629957732,9002.346102566353,79886.05512847696,79154.45107760625,0.0,731.6040508707165,12.7897999999999,49533.54081249415,269.4122584780108,0.0,49264.12855401614,56.35232843333287,49320.48088244947,21923.714269513814,17499.29376219235,2651.4325869514505
2025-02-19,2025-02-18,2025-01-02,2025-02-18,9002.346102566353,8632.964809772226,79860.22641403339,79554.18123732269,20.15980223715792,326.20497894785376,0.0,49696.573861568366,116.65080014418734,28.73440380833685,49608.65746523251,0.0,49608.65746523251,22166.019975205912,18286.9193434315,2795.7532222149357
2025-02-20,2025-02-19,2025-01-02,2025-02-19,8632.964809772226,7946.633065649648,82502.31425897051,81650.27579595201,0.0,852.0384630184891,27.596047516080603,51166.30341673632,344.89064304390655,0.0,50821.41277369241,129.25988656532155,50950.67266025774,20046.761248835544,16855.57518126711,7493.552042566324
2025-02-21,2025-02-20,2025-01-02,2025-02-20,7946.633065649648,7770.063024060826,35733.992205691065,35730.905636664225,41.09172472730876,44.17829375415046,0.0,18413.202998928813,15.841964680237488,58.6573010020084,18456.018335250585,0.0,18456.018335250585,17429.86345981339,14277.102439878785,7017.882583396284
2025-02-22,2025-02-21,2025-01-02,2025-02-21,7770.063024060826,8981.138019571443,37181.55100457297,37769.70435677354,589.9249571704934,1.771604969920645,0.0,19340.753149865413,0.37558025362317676,612.6379164560539,19953.015486067845,0.0,19953.015486067845,18731.437969240666,14082.497259125383,5276.000763324923
2025-02-23,2025-02-22,2025-01-02,2025-02-22,8981.138019571443,8770.430309779915,81505.62613524604,81755.90657000066,289.65978752162874,39.379352766995964,13.84317872921315,50373.24195819456,11.124920829870204,374.22896905723155,50736.34600642192,64.8414491676344,50801.18745558955,22224.150338271,18191.198712811885,6204.944439937435
2025-02-24,2025-02-23,2025-01-02,2025-02-23,8770.430309779915,8939.653914594546,78392.56271515948,77518.31969208192,6.31958397759081,880.5626070551515,67.08386543194422,48696.44452717675,317.3553857177235,8.735561862394079,48387.824703321414,306.2317319332267,48694.05643525464,21423.281838239935,17200.557044641173,5159.645147248442
2025-02-25,2025-02-24,2025-01-02,2025-02-24,8939.653914594546,8811.595870608364,80833.4592525893,81067.43484310966,263.9534509019031,29.977860381542655,52.41323333333344,49981.363611701745,7.922385930953149,330.09498770259506,50303.53621347339,233.16785505000047,50536.70406852338,18580.698490858067,15165.6180171826,11883.44436943419
2025-02-26,2025-02-25,2025-01-02,2025-02-25,8811.595870608364,8858.24101472308,74152.42215383159,74329.13592493617,196.48636762051592,19.772596515928853,18.816032211164497,45281.40079317147,4.673688124898565,268.813492654557,45545.54059770114,82.40481306879492,45627.94541076993,22463.834161437408,18153.725041061058,1222.9948034376553
2025-02-27,2025-02-26,2025-01-02,2025-02-26,8858.24101472308,7314.731527120871,73659.09364934746,72778.96752640148,0.0,880.1261229459781,32.37818219820031,45566.723470844445,321.8181042323773,0.0,45244.905366612074,146.5970663684792,45391.50243298055,21366.050236361145,18695.65923029452,3184.3705025330637
2025-02-28,2025-02-27,2025-01-03,2025-02-27,7314.731527120871,7226.256999525124,34262.38489312208,34413.83223509557,169.08653859507393,17.639196621577014,0.0,17850.45618534492,7.160166408085734,235.46568328729245,18078.761702224125,0.0,18078.761702224125,16926.375406149004,13789.99115381687,7984.854432763443
2025-03-01,2025-02-28,2025-01-04,2025-02-28,7226.256999525124,8596.010879738169,41526.54687099403,40094.910743600834,0.0,1431.6361273931939,86.70966817725662,21135.83487495905,489.8099462401963,0.0,20646.024928718856,410.9250220194755,21056.94995073833,18029.037261205012,13370.741689384318,11864.558906624065
2025-03-02,2025-03-01,2025-01-05,2025-03-01,8596.010879738169,8544.375380928148,84458.45206140203,81063.73281857203,0.0,3394.7192428299977,476.90106888667736,52338.82968883585,1377.65325940265,0.0,50961.1764294332,2953.1564624872685,53914.33289192047,23692.33986103218,19237.267236365078,4727.2541961249435
2025-03-03,2025-03-02,2025-01-06,2025-03-02,8544.375380928148,8572.638424210732,86398.22495952428,83358.56544457407,0.0,3039.659514950213,1207.3063808616434,53552.25004951097,1197.540385959142,0.0,52354.709663551825,7998.744456223661,60353.45411977549,21566.379252366525,17443.330455462565,8425.676395198412
2025-03-04,2025-03-03,2025-01-07,2025-03-03,8572.638424210732,8441.160905372608,77149.6328361856,74984.39370145067,0.0,2165.239134734929,183.47429445879288,47485.290305074246,857.3376624191783,0.0,46627.952642655066,1161.420923073203,47789.37356572827,22231.638337677257,18125.95682047289,1862.7285453717614
2025-03-05,2025-03-04,2025-01-08,2025-03-04,8441.160905372608,8612.645358724883,81122.22765649957,78276.23526632655,0.0,2845.992390173021,271.4520712320896,49928.40353269984,1147.930736372679,0.0,48780.472796327165,1872.33286115824,50652.805657485405,21009.76932118459,16863.57714214247,8271.023141849846
2025-03-06,2025-03-05,2025-01-09,2025-03-05,8612.645358724883,6815.158585612435,73924.84890265137,71104.72991587201,0.0,2820.1189867793487,364.54390472290015,45570.589291035045,1106.6005763080416,0.0,44463.988714727006,2463.940776663746,46927.92949139075,20072.27556391937,17876.281302575895,3332.6254259181014
2025-03-07,2025-03-06,2025-01-10,2025-03-06,6815.158585612435,6199.639070239654,34528.742913194685,33407.87088211979,0.0,1120.872031074903,88.58973235933485,18247.042443849135,479.48108267709733,0.0,17767.56136117204,401.01655895954195,18168.57792013158,15166.291778529554,12838.663904444444,10246.547207060672
2025-03-08,2025-03-07,2025-01-11,2025-03-07,6199.639070239654,8937.418735284744,35588.71537866376,35459.436540199196,19.035331411162986,148.31416987572658,0.0,18221.96961613541,66.32244503612934,33.71283617242687,18189.36000727171,0.0,18189.36000727171,18615.555115464613,12614.597944985751,10395.33985305367
2025-03-09,2025-03-08,2025-01-12,2025-03-08,8937.418735284744,8735.698886075701,78353.4406558839,77284.3816023996,0.0,1069.0590534842881,0.0,47902.36338574582,426.1259351361101,0.0,47476.23745060971,0.0,47476.23745060971,20753.129164546543,16991.58248757084,10189.3098754239
2025-03-10,2025-03-09,2025-01-13,2025-03-09,8735.698886075701,8733.356782683082,75195.23395618475,74893.99307493248,101.80625524648276,403.04713649874805,0.0,45588.1087993441,153.88423568710252,88.19251236188542,45522.417076018886,0.0,45522.417076018886,22005.475569908034,17826.54310467886,2672.9891597033084
2025-03-11,2025-03-10,2025-01-14,2025-03-10,8733.356782683082,8669.477072648819,66761.14510414499,65602.86300026445,0.0,1158.2821038805469,2991.785980499986,40761.497706969545,400.76397627898314,0.0,40360.733730690554,19856.057108668017,60216.790839358575,18768.0607104932,15259.620914530336,1147.2903848015671
2025-03-12,2025-03-11,2025-01-15,2025-03-11,8669.477072648819,8742.53852256156,76590.14587983464,75911.94941702716,0.0,678.1964628074667,0.0,46867.66257319603,247.58848881745962,0.0,46620.07408437857,0.0,46620.07408437857,20065.957115439214,16187.669958584302,9598.127576838931
2025-03-13,2025-03-12,2025-01-16,2025-03-12,8742.53852256156,5786.452222727897,72911.37209419772,72446.80202652697,52.779604033353166,517.3496717041044,61.22514484894896,44968.44712988063,180.08477381837235,92.50975517929204,44880.87211124155,417.3668793328709,45298.23899057443,17338.46068816627,16704.63082726497,4328.579293807952
2025-03-14,2025-03-13,2025-01-17,2025-03-13,5786.452222727897,5530.428392083671,31245.931852593145,31189.14399183953,91.03262731118843,147.8204880648055,0.0,16069.40059791561,69.69852648295851,163.48508713378214,16163.187158566434,0.0,16163.187158566434,15176.11071569224,12523.071127290521,12506.678420104474
2025-03-15,2025-03-14,2025-01-18,2025-03-14,5530.428392083671,8623.950130500089,34650.910690105935,34975.68371403421,330.92980960716733,6.156785678890766,0.0,17417.78354872739,2.60476810287357,448.2102679593661,17863.389048583886,0.0,17863.389048583886,19033.828559877948,12633.231568926363,7650.96157308263
2025-03-16,2025-03-15,2025-01-19,2025-03-15,8623.950130500089,9225.077345147643,72396.9516957818,73235.1335223174,838.1818265355887,0.0,1.6400000000001,44297.17700028025,0.0,1067.3654410124238,45364.54244129268,7.461180000000455,45372.00362129268,21123.171257954018,16568.75422575996,5331.309556789996
2025-03-17,2025-03-16,2025-01-20,2025-03-16,9225.077345147643,9051.336925744334,67267.95901322538,67833.10966704949,567.1545044302925,2.0038506062011265,0.0,40194.82602070275,0.4598056072249779,756.0753920765542,40950.44160717208,0.0,40950.44160717208,20937.69196420332,17115.896868467677,6153.183137980499
2025-03-18,2025-03-17,2025-01-21,2025-03-17,9051.336925744334,8988.432115270798,76009.03218139519,75901.24498860867,99.34233137663557,207.12952416314147,0.0,46585.77561461734,82.21690160623875,176.82754248747347,46680.386255498575,0.0,46680.386255498575,18743.67506858187,15238.991134977496,11270.602688337636
2025-03-19,2025-03-18,2025-01-22,2025-03-18,8988.432115270798,8722.885513916814,62667.311870199796,62698.9509710409,167.4184570119848,135.77935617088795,1097.0856747485077,38364.44685117841,42.75570049936365,259.49304505245044,38581.18419573149,7564.36452864131,46145.548724372806,19684.061922137644,16183.08209815008,829.5863718018331
2025-03-20,2025-03-19,2025-01-23,2025-03-19,8722.885513916814,5355.183383611195,67431.34658132699,68400.74104066704,969.8098464085691,0.4153870685285028,34.43776759962268,41933.34069616512,0.0916136179639613,1132.360562342138,43065.60964488929,171.79280367071775,43237.40244856001,18139.82521606759,17724.190342289803,5810.582117822202
2025-03-21,2025-03-20,2025-01-24,2025-03-20,5355.183383611195,5119.833402355618,29338.229867109323,29989.572589990654,651.3427228813359,0.0,0.0,15190.714130078712,0.0,896.7549535669959,16087.469083645707,0.0,16087.469083645707,14673.501044217428,12097.350828946135,15379.957858052698
2025-03-22,2025-03-21,2025-01-25,2025-03-21,5119.833402355618,9372.07382216617,34959.78064455686,35559.4525001109,599.6718555540433,0.0,0.0,17889.075040272626,0.0,825.6753107124816,18714.75035098511,0.0,18714.75035098511,18787.792688264515,11391.095699664762,12281.55577817781
2025-03-23,2025-03-22,2025-01-26,2025-03-22,9372.07382216617,8955.922768191445,71514.15162795666,73402.87018844069,1888.7185604840338,0.0,0.0,43660.52317900225,0.0,2176.1346410163123,45836.65782001857,0.0,45836.65782001857,19129.600430753253,15869.512297487385,11373.061938508152
2025-03-24,2025-03-23,2025-01-27,2025-03-23,8955.922768191445,9169.186853807314,67894.99189020567,69173.90421437635,1278.9123241706839,0.0,0.0,40935.691037242534,0.0,1563.7258398707847,42499.41687711332,0.0,42499.41687711332,20424.47363589044,16351.885968016975,7102.819463169548
2025-03-25,2025-03-24,2025-01-28,2025-03-24,9169.186853807314,8890.165320864879,74735.40015938418,76664.26992898401,1928.8697695998258,0.0,0.0,45528.73653463378,0.0,2443.8803383786126,47972.6168730124,0.0,47972.6168730124,18841.329988689875,15512.596670486984,12385.411894114452
2025-03-26,2025-03-25,2025-01-29,2025-03-25,8890.165320864879,8983.527687935099,64641.915475314745,66225.54147115708,1583.6259958423325,0.0,0.0,39205.649770688746,0.0,1792.3700863708505,40998.0198570596,0.0,40998.0198570596,21331.882597834778,17194.798773882976,6495.902780538606
2025-03-27,2025-03-26,2025-01-30,2025-03-26,8983.527687935099,4923.503859853226,63882.035267788175,65975.49114508096,2093.4558772927853,0.0,0.0,39728.15079757523,0.0,2561.8467429796765,42289.99754055491,0.0,42289.99754055491,14508.95206489659,15406.272617839924,8155.822298024287
2025-03-28,2025-03-27,2025-01-31,2025-03-27,4923.503859853226,4858.593359478208,29416.19223938119,30118.549863488704,765.7733374660208,63.415713358502614,0.0,15076.730323436108,31.298825328088963,1057.2583967137994,16102.689894821819,0.0,16102.689894821819,14224.268468151427,11580.076909540174,16652.47753821079
2025-03-29,2025-03-28,2025-02-01,2025-03-28,4858.593359478208,9074.057196661683,33157.63233591406,33885.913000566994,728.2806646529348,0.0,0.0,16444.12315414814,0.0,1040.3450790460922,17484.46823319423,0.0,17484.46823319423,18791.637145641445,11427.308634504443,18814.375306096652
2025-03-30,2025-03-29,2025-02-02,2025-03-29,9074.057196661683,9274.68990446031,66978.28097096574,69554.18339315699,2575.902422191237,0.0,0.0,40137.010027256925,0.0,3079.5122358401827,43216.52226309711,0.0,43216.52226309711,19456.46658167579,15579.168494138627,10331.265605619825
2025-03-31,2025-03-30,2025-02-03,2025-03-30,9274.68990446031,8847.7742321925,57835.21364483147,59854.969203203575,2019.7555583720975,0.0,762.2538635081831,35259.12818369428,0.0,1900.787531589247,37159.915715283525,5301.2627854559405,42461.17850073947,19709.262017455672,16348.726339180132,305.29790510288365
2025-04-01,2025-03-31,2025-02-04,2025-03-31,8847.7742321925,9028.376953374325,71510.48699038282,74602.07023949751,3091.583249114695,0.0,0.0,42484.07788009119,0.0,3623.3339278067206,46107.41180789791,0.0,46107.41180789791,18431.844679415437,14767.251741262866,10728.625784678276
2025-04-02,2025-04-01,2025-02-05,2025-04-01,9028.376953374325,9045.21020920509,67687.01113402852,70557.780584359,2870.7694503304774,0.0,0.0,40546.20453015854,0.0,3436.6134834018667,43982.818013560405,0.0,43982.818013560405,19048.146095651056,15413.848407229669,6488.147495937614
2025-04-03,2025-04-02,2025-02-06,2025-04-02,9045.21020920509,4469.307536587079,63670.59770708351,65985.09540583642,2314.497698752903,0.0,0.0,39875.69862485421,0.0,2647.0493350392544,42522.747959893466,0.0,42522.747959893466,13781.090029929774,15280.995329599327,11621.470438839298
2025-04-04,2025-04-03,2025-02-07,2025-04-03,4469.307536587079,4617.977961103537,27699.55462499927,28295.2921500047,603.6990142903635,7.961489284928291,0.0,14056.044165060086,3.929393036576358,856.426935195646,14908.541707219158,0.0,14908.541707219158,13900.342636798841,11125.474153742252,19089.621416948114
2025-04-05,2025-04-04,2025-02-08,2025-04-04,4617.977961103537,9236.541326264673,32561.249716673483,33293.77760582355,732.527889150061,0.0,0.0,16057.707702543457,0.0,1048.750214225842,17106.4579167693,0.0,17106.4579167693,19267.31557138297,11449.818584175182,13432.16563528242
2025-04-06,2025-04-05,2025-02-09,2025-04-05,9236.541326264673,8897.456384711875,65296.14491011744,66730.96524493958,1434.8203348221482,0.0,0.0,38624.665830585785,0.0,1614.8057688744912,40239.471599460274,0.0,40239.471599460274,19669.64731995016,16237.590776557143,8888.832434879901
2025-04-07,2025-04-06,2025-02-10,2025-04-06,8897.456384711875,8721.08930715425,57493.34691592014,59387.99984698629,1937.8199952970756,43.167064230929896,131.6134806666496,34252.61126071981,9.822665465748099,1907.0891556857043,36149.87775093976,918.1356411305476,37068.01339207031,19983.988981448376,16345.761444775051,2638.666507646277
2025-04-08,2025-04-07,2025-02-11,2025-04-07,8721.08930715425,8868.920257860224,67016.22362339514,68174.48086885003,1161.607668812322,3.3504233574292357,0.0,40310.19615695007,0.7623888349830226,1370.6937377517495,41680.12750586684,0.0,41680.12750586684,19655.0132260788,15787.512857488453,9953.786883593015
2025-04-09,2025-04-08,2025-02-12,2025-04-08,8868.920257860224,8989.995591930101,65237.97427203459,66450.32885452633,1214.3226161403954,1.9680336486569558,0.0,38989.654588888465,0.4478260567518903,1369.143810066912,40358.35057289863,0.0,40358.35057289863,20880.331053035447,16804.10035229582,3239.7871371200354
2025-04-10,2025-04-09,2025-02-13,2025-04-09,8989.995591930101,4390.196339738459,58010.644133945985,59593.63090756371,1582.986773617737,0.0,0.0,36242.34891492945,0.0,1797.8736469269284,38040.22256185638,0.0,38040.22256185638,14882.010582886667,16194.247899110682,6445.230323787724
2025-04-11,2025-04-10,2025-02-14,2025-04-10,4390.196339738459,4188.478366804696,26203.243479893823,26768.189589569738,564.9461096759171,0.0,54.60534726887468,13081.34293725208,0.0,803.0321988442661,13884.375136096345,225.81296199432228,14110.188098090668,14175.380065678939,11663.604028840324,18994.368733333333
2025-04-12,2025-04-11,2025-02-15,2025-04-11,4188.478366804696,9280.486987570494,33488.52637876466,33985.75846740385,497.23208863919166,0.0,0.0,16747.314595163247,0.0,679.5233345833567,17426.8379297466,0.0,17426.8379297466,18817.98418430989,10659.759430601796,16802.373163695756
2025-04-13,2025-04-12,2025-02-16,2025-04-12,9280.486987570494,9128.76219849603,60649.975427143894,61482.542959333885,833.3518377517275,0.7843055617399841,0.0,36093.44315126506,0.18127357977901698,971.8580210051354,37065.11989869042,0.0,37065.11989869042,19928.302982303085,16278.477725832518,3556.3592195299852
2025-04-14,2025-04-13,2025-02-17,2025-04-13,9128.76219849603,8972.418781998098,64093.8443565682,66454.4824870946,2394.736161891337,34.09803136492144,0.0,38569.48287956092,7.759007037087874,2770.795276592519,41332.51914911634,0.0,41332.51914911634,18134.256696235367,14829.456998798785,10621.650989658032
2025-04-15,2025-04-14,2025-02-18,2025-04-14,8972.418781998098,8798.360237950023,56144.706775530234,56423.531220859004,284.9261907450957,6.101745416325116,621.5272804880186,33398.845006254465,1.3457399515705042,396.3854751034718,33793.884741406364,4335.7743086844175,38129.659050090784,19602.877764271176,16034.983678702923,3337.7355824454326
2025-04-16,2025-04-15,2025-02-19,2025-04-15,8798.360237950023,8999.440008435762,62948.710951646746,64449.613842029226,1542.9869416957658,42.08405131329323,0.0,36871.83894828232,9.576225876339874,1703.076236060595,38565.33895846657,0.0,38565.33895846657,19590.325332730947,15687.191726074903,4766.888285373179
2025-04-17,2025-04-16,2025-02-20,2025-04-16,8999.440008435762,4100.9407317881905,50469.41945208784,51587.6680163547,1118.2485642668612,0.0,0.0,31851.90501533236,0.0,1133.0658646461238,32984.970879978486,0.0,32984.970879978486,14784.854790281997,16384.381729111225,318.85260518392136
2025-04-18,2025-04-17,2025-02-21,2025-04-17,4100.9407317881905,4168.464599477628,26242.710299778828,26725.846393247768,483.1360934689402,0.0,0.0,13126.2491141735,0.0,666.5456283730307,13792.794742546532,0.0,13792.794742546532,13294.48998681753,10707.765408401709,17785.004631498614
2025-04-19,2025-04-18,2025-02-22,2025-04-18,4168.464599477628,9125.333921648002,31851.60562524791,32326.621955667077,475.0163304191659,0.0,0.0,15225.309814767015,0.0,656.8598137297752,15882.16962849679,0.0,15882.16962849679,18812.23873391271,10776.730984515956,17506.434956270325
2025-04-20,2025-04-19,2025-02-23,2025-04-19,9125.333921648002,9310.06430785333,57612.47577192746,59203.526475472914,1591.050703545451,0.0,0.0,34510.03708909155,0.0,1520.4695360287467,36030.5066251203,0.0,36030.5066251203,20011.99054117791,16043.454990769314,3277.2460417309812
2025-04-21,2025-04-20,2025-02-24,2025-04-20,9310.06430785333,9054.919936726266,61176.31261370892,63587.57577560916,2411.263161900244,0.0,0.0,36345.66527455594,0.0,2411.1885881159637,38756.853862671895,0.0,38756.853862671895,18282.828689702146,15038.7211726731,11826.557875246785
2025-04-22,2025-04-21,2025-02-25,2025-04-21,9054.919936726266,9062.532802948366,54422.13489421361,56133.513831283126,1711.378937069511,0.0,0.0,32598.48127559106,0.0,1798.1714538310716,34396.65272942213,0.0,34396.65272942213,19075.142863830566,15444.014140102872,349.455790888763
2025-04-23,2025-04-22,2025-02-26,2025-04-22,9062.532802948366,8783.318139617411,52563.65858656629,54610.10830661922,2046.4497200529422,0.0,336.38904386104923,31627.587353517174,0.0,1945.6431282311448,33573.23048174832,2346.6499699746796,35919.880451722995,18566.558004270933,15290.20518045732,270.2278100000002
2025-04-24,2025-04-23,2025-02-27,2025-04-23,8783.318139617411,3450.1518264209058,48430.836953847596,49510.77548497105,1079.9385311234562,0.0,0.0,30070.625021952772,0.0,1060.3512084869708,31130.976230439745,0.0,31130.976230439745,13036.335709528208,15359.281606594704,4743.614682037547
2025-04-25,2025-04-24,2025-02-28,2025-04-24,3450.1518264209058,3349.5088126347887,25776.397619684838,26028.174433922,251.77681423716186,0.0,0.0,12939.293047206469,0.0,355.726032750924,13295.019079957394,0.0,13295.019079957394,12825.215915530498,10479.00360398721,21681.604472378713
2025-04-26,2025-04-25,2025-03-01,2025-04-25,3349.5088126347887,9091.469674020353,32183.390255850918,32553.17161758957,369.781361738654,0.0,0.0,15564.832698319442,0.0,516.3901250109149,16081.22282333036,0.0,16081.22282333036,19130.508202445915,10327.946868734187,23680.41665054451
2025-04-27,2025-04-26,2025-03-02,2025-04-26,9091.469674020353,8704.14514667885,53433.932394799056,54041.37325166588,608.8819624721065,1.4411056052832691,233.90646706204234,32023.056634776243,0.8968720734480425,589.4880560450806,32611.647818747875,1631.7315142248074,34243.37933297268,19731.284187932055,16330.932266832318,2301.4566142948465
2025-04-28,2025-04-27,2025-03-03,2025-04-27,8704.14514667885,9019.382950410785,65976.87356260649,66633.05687635423,667.2738144572405,11.090500709503658,0.0,38660.57233807877,3.959319350247733,699.7619674693746,39356.37498619789,0.0,39356.37498619789,20036.77135559781,15946.070774675489,5920.388978765239
2025-04-29,2025-04-28,2025-03-04,2025-04-28,9019.382950410785,8969.364446415457,55409.03241658061,56292.22642991065,884.9565523204637,1.7625389904234225,93.52292753526035,33134.59180149145,1.096916140690017,878.0948743834613,34011.58975973422,652.4159424859762,34664.005702220195,18074.740426257613,14685.556398864464,5563.35161338609
2025-04-30,2025-04-29,2025-03-05,2025-04-29,8969.364446415457,8821.65871267282,52566.01736238719,53065.29123541116,499.9976094522488,0.7237364282748331,0.0,31964.801851584005,0.15325320140975465,503.4494230292976,32468.098021411897,0.0,32468.098021411897,18472.022149781835,15095.273101691659,1431.6877539876623
2025-05-01,2025-04-30,2025-03-06,2025-04-30,8821.65871267282,1890.333938728394,48776.25094439646,49439.94608312578,663.6951387293268,0.0,1382.1931439300738,30668.147178891282,0.0,680.692214842806,31348.839393734084,8770.486127709393,40119.325521443476,12893.516891172116,16681.940978399398,3599.184514283138
2025-05-02,2025-05-01,2025-03-07,2025-05-01,1890.333938728394,2166.4537123518508,28802.998618539095,29346.468921233376,543.4703026942814,0.0,717.6665736987417,14535.248855417874,0.0,744.518242794981,15279.767098212855,3872.9830732141827,19152.75017142704,14146.069858034964,11209.80878874721,12837.55434231103
2025-05-03,2025-05-02,2025-03-08,2025-05-02,2166.4537123518508,8379.859683592591,34243.49380476681,34622.38886818436,378.89506341755816,0.0,1187.8945071864716,16388.770214686345,0.0,521.6242950770844,16910.394509763428,6759.157934338992,23669.55244410242,19911.465035595687,10536.221304715844,17567.867994490993
2025-05-04,2025-05-03,2025-03-09,2025-05-03,8379.859683592591,8209.303464407407,60255.65351048697,61695.47801480471,1439.824504317733,0.0,1023.4676469962858,35585.72645944389,0.0,1422.677712493793,37008.404171937684,6382.838868544528,43391.24304048221,17260.438656721817,14134.45590921134,7858.295580957184
2025-05-05,2025-05-04,2025-03-10,2025-05-04,8209.303464407407,8262.518479333079,62428.55783510287,62984.74017726345,556.2091684229028,0.026826262330473583,755.0323596991157,37457.24162776753,0.005916532156985949,692.4740247847627,38149.70973602014,4855.109393356651,43004.81912937679,19462.34774710318,15716.608161720469,4918.0261515798575
2025-05-06,2025-05-05,2025-03-11,2025-05-05,8262.518479333079,8056.609096407406,53246.538726509214,55425.275920351174,2178.7371938419637,0.0,2310.042243420079,32029.61129508769,0.0,1967.1055468252853,33996.716841912974,13707.505723348038,47704.222565261014,19479.483238519053,15963.699867833537,1349.4524264190704
2025-05-07,2025-05-06,2025-03-12,2025-05-06,8056.609096407406,8229.161317611113,57165.5576090535,58385.340690778845,1219.783081725334,0.0,1012.6296372402918,34520.12779490206,0.0,1228.9957818198204,35749.123576721875,6711.167310502462,42460.290887224335,20468.957362020075,16424.558464152935,285.7254801519815
2025-05-08,2025-05-07,2025-03-13,2025-05-07,8229.161317611113,2689.2801530044126,58495.096686700956,59110.21747581822,616.5764074213969,1.4556183041290751,559.5630544098367,35400.95289633961,0.30466091105421544,642.3597936889432,36043.008029117496,3393.621650786509,39436.629679904,13283.858057206284,15745.818074483122,6305.2281475049
2025-05-09,2025-05-08,2025-03-14,2025-05-08,2689.2801530044126,3054.420513807345,27780.161060530078,27960.471163528306,181.81093532675246,1.500832328525604,614.2821066833529,14015.04318548166,0.6596908500034292,269.7682934481273,14284.151788079782,3578.7044881630427,17862.856276242826,13488.115076747283,10596.746887442663,17183.999230907037
2025-05-10,2025-05-09,2025-03-15,2025-05-09,3054.420513807345,8421.30434414149,33785.06442105152,33803.01354904635,28.56397056942562,10.614842574589005,666.5968072480518,16555.129787382437,3.1199194763270275,45.92393205323358,16597.93379995934,3926.8774544880475,20524.81125444739,18861.068221812333,10447.269812367253,13934.766663515986
2025-05-11,2025-05-10,2025-03-16,2025-05-10,8421.30434414149,8463.151788009183,62719.72583498682,63742.36048123524,1078.1459225199967,55.51127627157376,850.725207219034,36936.40927731029,12.612404659409318,960.9031288831761,37884.70000153406,5921.641728297109,43806.34172983117,18870.488307257998,15247.432829398056,5485.951127261002
2025-05-12,2025-05-11,2025-03-17,2025-05-11,8463.151788009183,8685.844265523909,55199.189174351945,55727.64628740299,528.4571130510435,0.0,1038.88097931949,33243.01379376123,0.0,493.7031363950701,33736.716930156304,7101.436629890887,40838.15356004719,17422.957284217468,13912.17217045289,1324.546919624565
2025-05-13,2025-05-12,2025-03-18,2025-05-12,8685.844265523909,8720.128122843194,64884.470817428846,64913.11956870493,127.87204098179392,99.22328970570902,541.1100753468342,38115.741898557986,35.27677349686184,179.23161651593807,38259.69674157707,3638.401412180235,41898.0981537573,17864.97248921138,14439.772244673863,8899.816632847578
2025-05-14,2025-05-13,2025-03-19,2025-05-13,8720.128122843194,8518.127803790696,62654.75590387937,62498.18216058155,12.756015172633397,169.32975847046004,0.0,37987.86587171256,54.824139077738906,25.326468821633124,37958.36820145645,0.0,37958.36820145645,18129.212190466955,14866.462161425481,6221.283348206739
2025-05-15,2025-05-14,2025-03-20,2025-05-14,8518.127803790696,3140.955195372044,54722.3240221187,54451.98885971105,0.0,270.33516240765846,0.0,35476.87630833379,95.77322854237444,0.0,35381.10307979141,0.0,35381.10307979141,12643.149018959444,15080.406052933937,4124.187610352207
2025-05-16,2025-05-15,2025-03-21,2025-05-15,3140.955195372044,2825.553526714762,27418.35919118848,27404.541715921037,41.97188090626512,55.78935617370985,0.0,14752.790599862628,32.87472375578788,72.19064703061107,14792.106523137454,0.0,14792.106523137454,12134.405490734065,10112.729949286146,22667.359641139785
2025-05-17,2025-05-16,2025-03-22,2025-05-16,2825.553526714762,8840.04044097403,34657.22069651227,34799.63346648401,142.41276997174384,0.0,0.0,17666.506279671798,0.0,210.67685097167242,17877.18313064347,0.0,17877.18313064347,19133.973165632095,10085.480041328661,15302.341258847242
2025-05-18,2025-05-17,2025-03-23,2025-05-17,8840.04044097403,9150.943843112167,66692.0399245419,68022.09981082447,1330.0598862825718,0.0,5.2366666666667925,39813.65311803848,0.0,1238.4823176988075,41052.13543573728,35.31869833333418,41087.45413407062,18645.326727178806,14822.90158709051,10528.74323740283
2025-05-19,2025-05-18,2025-03-24,2025-05-18,9150.943843112167,8702.8534867351,59597.55607409348,58953.5872847691,0.0,643.9687893243761,67.00333333333344,35838.00099786881,210.76680717936148,0.0,35627.23419068946,451.90398166666745,36079.13817235612,17142.97889718169,14289.094227456526,8651.48939837727
2025-05-20,2025-05-19,2025-03-25,2025-05-19,8702.8534867351,8666.65508982146,59723.66291652183,59252.088827325744,0.0,471.5740891960847,48.605903703933905,36032.92400001579,145.11687370903667,0.0,35887.807126306754,334.01171570197624,36221.81884200873,18629.53773592761,15122.50412332364,1266.2663017590453
2025-05-21,2025-05-20,2025-03-26,2025-05-20,8666.65508982146,8581.117766049732,55867.92894019838,55615.4013848158,0.0,252.5275553825791,232.46048810844025,34550.44564615743,123.3931984329194,0.0,34427.05244772452,1525.2276127728658,35952.28006049738,17663.24312217713,14384.210520358023,1206.2139877718005
2025-05-22,2025-05-21,2025-03-27,2025-05-21,8581.117766049732,3319.1011283327907,52007.41322261964,51885.60716609584,87.175952223195,208.9820087469932,2.57000000000005,33579.7941705923,62.36650646486349,109.09259436420682,33626.52025849164,17.333365000000338,33643.85362349165,11840.595159061922,14326.697052785403,3557.6482431526583
2025-05-23,2025-05-22,2025-03-28,2025-05-22,3319.1011283327907,3429.3902872547246,27038.859512669213,27254.348885281794,228.8163586482204,13.326986035639607,0.0,14380.631031358545,8.146786563586492,314.58805852102665,14687.072303315985,0.0,14687.072303315985,12304.98758579537,9867.779701464513,18396.192117617604
2025-05-24,2025-05-23,2025-03-29,2025-05-23,3429.3902872547246,9663.918944131225,34805.73728480408,34789.009032463066,55.96282375944489,72.69107610046268,0.0,18128.785347698977,35.77438883859139,76.67125972974517,18169.68221859013,0.0,18169.68221859013,19099.797067180196,9859.75983322711,21794.470415176645
2025-05-25,2025-05-24,2025-03-30,2025-05-24,9663.918944131225,9253.772308945425,60465.5945187568,60100.8472818579,132.32807465283813,497.07531155173393,0.0,36650.531697792445,140.10266151401942,121.20319282510783,36631.63222910353,0.0,36631.63222910353,16031.34798175299,13354.523836887134,8879.012953658716
2025-05-26,2025-05-25,2025-03-31,2025-05-25,9253.772308945425,8790.170485419012,58599.900619072985,57700.04334541961,0.0,899.8572736533746,875.9737702398021,36090.5152450498,305.679319920496,0.0,35784.8359251293,6092.351865407345,41877.18779053665,17223.578705000917,14368.340392224512,1140.9458528830078
2025-05-27,2025-05-26,2025-04-01,2025-05-26,8790.170485419012,9103.733010948188,55789.64641482936,55694.94983080673,35.562198820801974,130.25878284342969,0.0,34735.5641368397,68.92379822470578,29.273221312059885,34695.91355992705,0.0,34695.91355992705,17799.505228956023,14135.392962478121,2640.4702643288265
2025-05-28,2025-05-27,2025-04-02,2025-05-27,9103.733010948188,9399.58098148486,64046.01998011244,63971.46004413263,51.03692931550354,125.596865295307,0.0,38461.54900954028,61.93497508517002,40.790029957461385,38440.40406441256,0.0,38440.40406441256,18334.059681282833,14584.325168356092,7947.901431205888
2025-05-29,2025-05-28,2025-04-03,2025-05-28,9399.58098148486,3317.283678630781,55194.27729828843,55904.968380481485,834.5658832458886,123.87480105283146,17.817433333333497,34775.734010597815,28.187710979571797,704.8791339413353,35452.425433559576,119.77769558333443,35572.203129142916,11979.894127939358,15177.781816199546,5010.550002075008
2025-05-30,2025-05-29,2025-04-04,2025-05-29,3317.283678630781,3865.5397084480255,27897.288393381816,27968.71384426183,75.65015703326031,4.224706153242323,0.0,15281.723225877346,1.6016470805081218,64.56630747358528,15344.68788627042,0.0,15344.68788627042,12709.393551436238,9801.178349827835,18464.26537598676
2025-05-31,2025-05-30,2025-04-05,2025-05-30,3865.5397084480255,9814.119507684954,36941.79888739678,37005.592978905464,84.59252031243005,20.79842880373805,0.0,19739.145018584095,10.511011766615638,107.38981022675233,19836.023817044235,0.0,19836.023817044235,18582.51151389041,9698.112506937992,19732.012421953055
2025-06-01,2025-05-31,2025-04-06,2025-05-31,9814.119507684954,7780.912138777779,78216.38027441726,82796.5874216034,4580.207147186131,0.0,494.2760574560781,48047.61752247439,0.0,5633.548822302207,53681.166344776604,3026.5156950436353,56707.68203982024,18986.766660061985,17209.16762666667,10288.438145664153
2025-06-02,2025-06-01,2025-04-07,2025-06-01,7780.912138777779,7739.506842741397,81491.41994486284,86497.94204504177,5006.522100178941,0.0,301.1176254017368,50226.23315425409,0.0,6193.229296704545,56419.46245095864,1869.1780313021627,58288.6404822608,19758.6727025453,16041.789655494438,14441.369173392639
2025-06-03,2025-06-02,2025-04-08,2025-06-02,7739.506842741397,7933.69700088889,75453.59980122623,79995.82719489007,4542.227393663847,0.0,810.744415212415,46025.143224623884,0.0,5911.766335856527,51936.90956048042,5377.095627602655,57314.005188083065,19143.781429881325,15331.691815871127,8802.115162758955
2025-06-04,2025-06-03,2025-04-09,2025-06-03,7933.69700088889,7976.974139641673,85859.36537982167,91838.75674497998,5979.391365158317,0.0,131.44082518443986,53181.44546304816,0.0,7544.595045702374,60726.040508750535,894.1393688833074,61620.17987763384,17586.723430272512,14206.296553643233,18944.509876868477
2025-06-05,2025-06-04,2025-04-10,2025-06-04,7976.974139641673,1569.659930092467,67860.43070501316,73388.65945893698,5528.228753923822,0.0,1425.3609924940638,42197.747330797865,0.0,6701.692454498145,48899.43978529601,9782.181197319615,58681.62098261563,14241.222645897462,17301.973131771232,6725.452920638156
2025-06-06,2025-06-05,2025-04-11,2025-06-05,1569.659930092467,1993.1052374520373,35093.03826745556,38663.97192995103,3570.933662495476,0.0,455.2138641456995,19689.21907726136,0.0,3587.0706772542753,23276.289754515637,2366.265895218661,25642.5556497343,15113.359965449583,11860.720795390545,5011.551224037699
2025-06-07,2025-06-06,2025-04-12,2025-06-06,1993.1052374520373,8314.34223658918,46572.669048564945,50645.86378821042,4073.1947396454734,0.0,485.5526749980991,23949.589591834614,0.0,3866.13378727108,27815.723379105697,3387.2154607867396,31202.938839892435,20816.364001249756,11172.141541788871,10360.680837080965
2025-06-08,2025-06-07,2025-04-13,2025-06-07,8314.34223658918,8485.396890166749,75572.76006085791,76944.02812088936,1371.2680600314588,0.0,419.50819219508895,46336.41947484171,0.0,1594.1127033833375,47930.53217822504,2913.5183795404423,50844.050557765484,18063.32661202007,14477.345367516453,8592.631801914167
2025-06-09,2025-06-08,2025-04-14,2025-06-08,8485.396890166749,8729.456114376126,84126.84536877219,87036.48008386296,2911.2164784473844,1.581763356618012,45.28662185301209,52883.97185370604,0.3320121285541207,3365.271783373609,56248.9116249511,305.17707207710953,56554.08869702821,19654.673375851933,15700.632132651626,12195.012729182334
2025-06-10,2025-06-09,2025-04-15,2025-06-09,8729.456114376126,8740.6953704149,78272.75901966932,80434.31881584271,2176.8175010105942,15.25770483721601,0.5340489864252049,48524.594070030755,4.187367090560455,2493.04872210291,51013.455425043096,3.610972221714023,51017.0663972648,21011.857998807718,17009.48964859936,4814.040281287436
2025-06-11,2025-06-10,2025-04-16,2025-06-10,8740.6953704149,9018.014772930803,83859.54610403345,85702.30557611687,1846.7619470930313,4.002475009606087,18.330565059599053,53137.58394544838,1.0406745760096419,2113.857552900908,55250.40082377327,123.67453254697752,55374.07535632025,23462.020357393485,18754.649027224415,4928.818494340726
2025-06-12,2025-06-11,2025-04-17,2025-06-11,9018.014772930803,3580.853727269798,75613.03857637318,77143.22858042666,1530.1900040534808,0.0,0.0,48851.10985126963,0.0,1702.0024280484777,50553.11227931811,0.0,50553.11227931811,14542.93148661032,16673.219445249255,6821.125105732259
2025-06-13,2025-06-12,2025-04-18,2025-06-12,3580.853727269798,3519.5233208956324,35271.08461724481,35813.74670124182,542.6620839970084,0.0,0.0,20355.765336641663,0.0,599.1736140278736,20954.938950669537,0.0,20954.938950669537,13181.034401366564,10731.835230843666,5019.2338307189175
2025-06-14,2025-06-13,2025-04-19,2025-06-13,3519.5233208956324,9248.091762495995,42527.46681706384,43550.85459485557,1023.3877777917277,0.0,0.0,23662.615892885966,0.0,821.7798466902741,24484.39573957624,0.0,24484.39573957624,18931.89199302208,10179.12091690756,8604.740768741043
2025-06-15,2025-06-14,2025-04-20,2025-06-14,9248.091762495995,9719.433777880095,78356.58267966151,77414.12447212385,0.0,942.4582075376688,0.0,49153.73655653416,365.7600211127856,0.0,48787.97653542138,0.0,48787.97653542138,22791.071049424696,18036.55973618831,2032.6388255541274
2025-06-16,2025-06-15,2025-04-21,2025-06-15,9719.433777880095,9613.681127046597,81218.95789506723,81882.1376996537,746.4609429726994,83.28113838623949,0.0,51144.106363536855,44.69186352001251,817.9738854350069,51917.38838545184,0.0,51917.38838545184,22502.23396172055,18321.986894743794,5007.837816010285
2025-06-17,2025-06-16,2025-04-22,2025-06-16,9613.681127046597,9389.110521767534,83023.44966771913,82926.48033948892,116.04220155294098,213.01152978317202,29.44795363288813,52347.74188692018,102.05998770084301,95.58532621241089,52341.267225431744,199.8425580650572,52541.10978349681,22326.9994588942,18286.983106455453,4278.900724016388
2025-06-18,2025-06-17,2025-04-23,2025-06-17,9389.110521767534,9554.588570404792,84110.05867641055,82836.14961889677,0.0,1273.9090575137743,2.3047035841362913,52752.94536010894,540.5183392021943,0.0,52212.42702090675,15.536006860662742,52227.96302776741,20812.679231943108,16709.33993410039,7806.724124638199
2025-06-19,2025-06-18,2025-04-24,2025-06-18,9554.588570404792,3870.029263723669,72959.58147642267,72970.66207440557,144.11959402225193,133.0389960393403,36.60652521399686,46981.97552170261,77.62362696685346,183.103995829458,47087.455890565216,246.78288973015984,47334.238780295374,13113.723119428048,15738.219102749732,7372.260382941253
2025-06-20,2025-06-19,2025-04-25,2025-06-19,3870.029263723669,4532.047394598703,36313.59515881467,36179.68986014096,52.15688886342019,186.06218753712955,0.0,21851.772753951678,102.70274954897413,32.17819258428709,21781.24819698699,0.0,21781.24819698699,12701.015764321886,9692.0064513132,10770.09969713228
2025-06-21,2025-06-20,2025-04-26,2025-06-20,4532.047394598703,10448.793088271956,41999.15552097228,41890.95018258119,37.143439315509035,145.34877770659614,0.0,23842.807320193628,75.59606039488634,42.26128717391545,23809.472546972655,0.0,23809.472546972655,19377.92248482935,10371.046088405845,13549.333386157688
2025-06-22,2025-06-21,2025-04-27,2025-06-21,10448.793088271956,9805.383931513385,77489.29351386105,76531.11502755551,0.0,958.178486305547,0.0,48321.8954859614,435.68198049720075,0.0,47886.21350546419,0.0,47886.21350546419,19771.129168368625,16593.682867461303,5896.327626648186
2025-06-23,2025-06-22,2025-04-28,2025-06-22,9805.383931513385,9719.97788844671,79176.042394904,76908.56188751946,0.0,2267.480507384518,0.0,50399.064842434615,935.406216949458,0.0,49463.65862548516,0.0,49463.65862548516,20636.92038105869,16792.770947417546,6003.126453878327
2025-06-24,2025-06-23,2025-04-29,2025-06-23,9719.97788844671,9935.37241836975,90603.62868228143,89749.06982299175,0.0,854.5588592896756,0.0,58024.97171972563,377.5663797754104,0.0,57647.40533995022,0.0,57647.40533995022,22251.871154129105,17830.16055791384,9058.566976776488
2025-06-25,2025-06-24,2025-04-30,2025-06-24,9935.37241836975,9322.654179770201,81336.81563454116,79195.42825588788,0.0,2141.3873786532804,0.0,50868.3810073029,887.2457230566848,0.0,49981.13528424622,0.0,49981.13528424622,19782.772354037654,16575.4920215101,5550.726556693652
2025-06-26,2025-06-25,2025-05-01,2025-06-25,9322.654179770201,3866.3200647631656,71763.48902875328,69698.24034972666,0.0,2065.2486790266184,5.2771941558706885,46996.66419549422,832.0690550116074,0.0,46164.595140482605,35.54981843102289,46200.14495891363,13774.231025414327,16067.827834091939,4449.730519226803
2025-06-27,2025-06-26,2025-05-02,2025-06-26,3866.3200647631656,4543.4810890067065,38096.49405655258,37044.686249834944,0.0,1051.8078067176416,0.0,22897.502280688008,552.2235247923312,0.0,22345.278755895677,0.0,22345.278755895677,12714.902354462338,9689.625985295308,14247.764014001252
2025-06-28,2025-06-27,2025-05-03,2025-06-27,4543.4810890067065,10361.557430276862,42818.98830600507,42271.36342336403,0.0,547.6248826410372,0.0,24572.856357596724,267.8961915788254,0.0,24304.960166017896,0.0,24304.960166017896,19247.153118446287,10353.925318798354,11601.209507049438
2025-06-29,2025-06-28,2025-05-04,2025-06-28,10361.557430276862,9237.05039968133,76263.70770321091,75360.71298712758,0.0,902.9947160833101,108.81949316865769,47841.71374945306,419.4044563879484,0.0,47422.30929306511,759.124784344556,48181.43407740966,18722.83759010086,16177.554775517676,3656.481132379729
2025-06-30,2025-06-29,2025-05-05,2025-06-29,9237.05039968133,9602.746898948559,83874.53179935957,81458.85406765992,0.0,2415.6777316996445,10.555063909784735,53019.514992718614,1027.1606795509686,0.0,51992.35431316764,71.11781466248937,52063.47212783013,20549.72841838772,16316.153169553545,7358.149899402199
2025-07-01,2025-06-30,2025-05-06,2025-06-30,9602.746898948559,8943.822443113819,73740.39283242341,84842.70619399889,11102.313361575481,0.0,0.0,46161.73967311638,0.0,13710.673803445412,59872.41347656179,0.0,59872.41347656179,20545.0250448344,17234.50229656713,2665.6394123982964
2025-07-02,2025-07-01,2025-05-07,2025-07-01,8943.822443113819,8637.875075178588,70259.09929745241,81814.45259898793,11555.353301535535,0.0,43.96146432724072,44472.81426403994,0.0,12681.656434660941,57154.47069870088,296.3970889725857,57450.867787673466,19739.65745401563,16264.475168894369,5478.465411527259
2025-07-03,2025-07-02,2025-05-08,2025-07-02,8637.875075178588,2699.2782807470744,73072.28389717468,84446.31408594319,11374.030188768495,0.0,23.31924914270951,47094.62695628473,0.0,14067.125538131137,61161.752494415865,162.67508201954155,61324.42757643541,14936.411052486475,17443.230067502405,7216.03341676848
2025-07-04,2025-07-03,2025-05-09,2025-07-03,2699.2782807470744,2735.0020314533003,35887.780947811894,40216.22223110146,4328.441283289571,0.0,2125.4011553353444,20811.60903060608,0.0,6535.751806296099,27347.360836902182,7520.402434575359,34867.76327147754,12824.057052811908,10355.33483714204,10992.033704100275
2025-07-05,2025-07-04,2025-05-10,2025-07-04,2735.0020314533003,9052.574052584203,43848.28382634133,47707.03456638601,3858.7507400446866,0.0,1587.9581835277775,24314.123157495815,0.0,5874.27451894192,30188.397676437737,6234.6006024368235,36422.998278874555,19694.771416948995,10266.950028710873,11077.091395009003
2025-07-06,2025-07-05,2025-05-11,2025-07-05,9052.574052584203,8528.624035557605,73865.77381151172,84693.09039790006,10827.316586388337,0.0,1364.2583184635646,46915.95879576887,0.0,11525.837404605754,58441.79620037463,6996.76371032633,65438.559910700955,23140.001271328078,19214.956045099676,2338.3219401352285
2025-07-07,2025-07-06,2025-05-12,2025-07-06,8528.624035557605,8742.126218979645,75678.60325527893,87104.67661277333,11426.073357494404,0.0,20.297898605828323,47565.67588197088,0.0,12550.930463032852,60116.60634500372,136.73679395816248,60253.343138961885,20550.207708702954,16453.51627896955,9618.80031497909
2025-07-08,2025-07-07,2025-05-13,2025-07-07,8742.126218979645,9257.268542326326,85807.9649826615,89952.6588635371,4150.221056026038,5.527175150430139,18.47515625360802,54333.36948617214,1.1560039773457442,4958.17163018559,59290.38511238038,124.39322705554281,59414.77833943593,20061.17312168978,15785.922137556703,10124.49601899098
2025-07-09,2025-07-08,2025-05-14,2025-07-08,9257.268542326326,9284.12281458304,85503.5680487082,89312.6185604227,3819.4545356353815,10.404023920866962,37.34664197736845,53774.181757066275,2.1949882870171917,4599.860995431943,58371.847764211205,251.81561185329667,58623.663376064505,18904.1376881872,15288.182682400593,11675.285179946803
2025-07-10,2025-07-09,2025-05-15,2025-07-09,9284.12281458304,3535.8926099994883,72104.37135469512,75311.42922274652,3215.5796448350475,8.521776783638757,33.191880573366575,47438.55789877656,1.7525033955553102,3020.1135237518247,50456.91891913283,223.66847071233013,50680.58738984516,15219.447616762844,17501.1597537031,4772.709856926815
2025-07-11,2025-07-10,2025-05-16,2025-07-10,3535.8926099994883,3829.803018178477,42798.00898604309,44159.33245690295,1361.3234708598507,0.0,0.0,25945.596960952123,0.0,1939.6535044755617,27885.25046542768,0.0,27885.25046542768,13671.294472308047,10809.229155208432,8778.489989803325
2025-07-12,2025-07-11,2025-05-17,2025-07-11,3829.803018178477,9289.80884009179,47705.863768083815,48832.01462202987,1126.150853946056,0.0,0.0,27401.267529683573,0.0,1584.121266797701,28985.388796481275,0.0,28985.388796481275,19386.291486766753,10788.890864559087,9150.37066648887
2025-07-13,2025-07-12,2025-05-18,2025-07-12,9289.80884009179,9167.982194711403,84539.32527926701,86437.49250845969,1937.4022868529,39.235057660220946,59.5255606472399,54410.37609346867,8.249557493663994,2087.4808800537885,56489.6074160288,400.73511286474144,56890.34252889354,18976.281440847924,15480.431947929163,13733.448176188165
2025-07-14,2025-07-13,2025-05-19,2025-07-13,9167.982194711403,9116.800142732032,80654.03740364028,83935.91842138013,3293.1779280958303,11.296910355973068,0.0,50326.42877266761,2.3949449954662905,3713.0921155597,54037.12594323185,0.0,54037.12594323185,18385.68661690902,14938.47000647774,8681.022594282189
2025-07-15,2025-07-14,2025-05-20,2025-07-14,9116.800142732032,9661.037964089159,88844.6782378286,87044.35039454984,0.0,1800.3278432787597,0.0,56076.89546117252,772.1819196702278,0.0,55304.7135415023,0.0,55304.7135415023,19702.2891585864,15469.040179233574,10062.050831863688
2025-07-16,2025-07-15,2025-05-21,2025-07-15,9661.037964089159,9673.221810513962,84515.03046182822,83460.01544608668,0.731501539815099,1055.7465172813659,1.9834304752605476,54339.50926519991,470.78772920522124,1.475255730422101,53870.19679172511,13.40104800609789,53883.59783973121,18756.664497510894,15181.932781201504,7752.70377691921
2025-07-17,2025-07-16,2025-05-22,2025-07-16,9673.221810513962,3808.5237270463763,76645.9279052314,75162.709706127,0.0,1483.2181991043994,90.09003353609978,50180.30565042602,689.3815480776448,0.0,49490.92410234837,625.9586629275951,50116.882765275965,14222.950343074577,16798.818053011237,5108.251382933095
2025-07-18,2025-07-17,2025-05-23,2025-07-17,3808.5237270463763,4576.292829180816,47135.16723775369,46497.00524015667,0.0,638.161997597015,0.0,29060.76525025424,360.7016037765155,0.0,28700.06364647772,0.0,28700.06364647772,13170.393801928114,9977.026787640778,12029.390125869333
2025-07-19,2025-07-18,2025-05-24,2025-07-18,4576.292829180816,9322.112837525405,52811.47175249584,51962.17837088933,0.0,849.2933816065085,0.0,31700.04003792526,431.45757089830045,0.0,31268.582467026965,0.0,31268.582467026965,18801.482215999426,10957.962587449405,16935.83969233931
2025-07-20,2025-07-19,2025-05-25,2025-07-19,9322.112837525405,9547.159158505585,88756.51271667259,86155.80227722191,0.0,2600.710439450677,0.0,55993.33532425033,1092.4363138088315,0.0,54900.8990104415,0.0,54900.8990104415,19819.949912967895,15851.61774062183,10097.49188820919
2025-07-21,2025-07-20,2025-05-26,2025-07-20,9547.159158505585,9605.302821369734,89516.02643743824,87139.78580268397,0.0,2376.2406347542587,1.2075756511204645,57027.29316683252,1048.975745287579,0.0,55978.31742154494,8.424047742216361,55986.74146928715,19953.51433855186,16110.01731764927,9307.747007432507
2025-07-22,2025-07-21,2025-05-27,2025-07-21,9605.302821369734,9791.65800722975,87937.66186146504,83837.37531808543,0.0,4100.286543379619,14.1934446201318,56330.23295677043,1617.6709932918511,0.0,54712.561963478576,95.71741851454448,54808.279381993125,20497.307541978043,16435.099441728198,5994.216045789044
2025-07-23,2025-07-22,2025-05-28,2025-07-22,9791.65800722975,9622.908398486928,97861.07039354445,93068.25874685767,0.0,4792.81164668678,16.028614901234732,63302.20716889997,1964.4279142383061,0.0,61337.77925466167,108.09100826975441,61445.87026293142,18761.722471556008,15348.86984982891,15454.887623365135
2025-07-24,2025-07-23,2025-05-29,2025-07-23,9622.908398486928,5465.988427964544,91210.88096025458,87713.45329246984,0.0,3497.4276677847365,0.0,60409.84610717645,1547.8622309632576,0.0,58861.983876213184,0.0,58861.983876213184,13867.095920643285,14973.57566919121,15203.461041017768
2025-07-25,2025-07-24,2025-05-30,2025-07-24,5465.988427964544,5064.300073675478,45344.580232465654,43472.22636576479,0.0,1872.3538667008656,0.0,28068.956909195727,1005.3983604918335,0.0,27063.558548703895,0.0,27063.558548703895,13879.096644305062,11603.587800747258,14691.397955540318
2025-07-26,2025-07-25,2025-05-31,2025-07-25,5064.300073675478,9646.343656589099,51937.11205730661,49660.62003664438,0.0,2276.492020662226,0.0,30656.520862909787,1103.0342445087867,0.0,29553.486618401,0.0,29553.486618401,18848.74617469928,11143.645176884162,13486.427472162593
2025-07-27,2025-07-26,2025-06-01,2025-07-26,9646.343656589099,9335.911026216749,89122.09524156767,85215.4920576388,0.0,3906.6031839288576,0.0,56897.71285295673,1617.3601182823993,0.0,55280.35273467432,0.0,55280.35273467432,19679.430690847184,16219.728226921328,8070.599793712949
2025-07-28,2025-07-27,2025-06-02,2025-07-27,9335.911026216749,9480.254728216438,92586.97252155718,87708.1693493146,0.0,4878.803172242573,73.35090714790965,59139.13171386342,2040.2583487867487,0.0,57098.873365076666,351.62978407505796,57450.50314915172,22195.734012482204,17848.63521831087,5479.544228957847
2025-07-29,2025-07-28,2025-06-03,2025-07-28,9480.254728216438,9698.666181085713,90482.70102721355,84551.83965222361,0.0,5930.861374989949,5.3674966458569315,57777.770317006565,2348.8411071719374,0.0,55428.92920983463,36.13935491655472,55465.068564751185,21756.884617130243,17426.50623229315,4157.582814032375
2025-07-30,2025-07-29,2025-06-04,2025-07-29,9698.666181085713,9187.666552733723,83116.4047808101,77858.22966185822,0.0,5258.175118951893,2352.145236719204,53217.03166393678,1981.2370022427144,0.0,51235.79466169406,15718.56289899828,66954.35756069234,18337.227034405172,15313.053563384981,3082.9473775572324
2025-07-31,2025-07-30,2025-06-05,2025-07-30,9187.666552733723,4978.502260352726,82545.27211504546,76726.77706056357,0.0,5818.495054481886,630.0951531222513,53560.22739218637,2345.0754055857947,0.0,51215.15198660056,4395.543788180825,55610.695774781394,17234.422806364706,17748.130336298313,3175.583476952761
2025-08-01,2025-07-31,2025-06-06,2025-07-31,4978.502260352726,5470.054563042273,46071.35826184551,44290.47834039747,0.0,1780.8799214480384,0.0,28410.449775703637,903.6563580808629,0.0,27506.79341762277,0.0,27506.79341762277,14037.691187338438,10928.13278932354,19929.560275715907
2025-08-02,2025-08-01,2025-06-07,2025-08-01,5470.054563042273,9596.530019012058,52831.32547388624,50047.01793532336,0.0,2784.3075385628763,0.0,31606.513005084078,1320.4673828136306,0.0,30286.045622270445,0.0,30286.045622270445,18638.51425977519,11383.368640045102,21864.847382259934
2025-08-03,2025-08-02,2025-06-08,2025-08-02,9596.530019012058,9196.354824225627,76050.95964021719,71627.6960130017,0.0,4423.263627215497,73.97146257108977,48836.09001849329,1580.2720415299102,0.0,47255.817976963386,498.5699288658047,47754.387905829186,18460.84633713543,15313.443208387487,5714.784363491508
2025-08-04,2025-08-03,2025-06-09,2025-08-03,9196.354824225627,9878.915460228953,81825.61024189608,76734.558539393,0.0,5091.051702503091,0.0,52692.34470876752,1699.8603753656419,0.0,50992.48433340188,0.0,50992.48433340188,18414.26062932928,14301.246537353727,7205.889364084108
2025-08-05,2025-08-04,2025-06-10,2025-08-04,9878.915460228953,9494.465118169826,79457.42506951926,73619.21392727921,0.0,5838.211142240051,0.0,51068.51967680688,2067.118290019086,0.0,49001.40138678779,0.0,49001.40138678779,17922.46391925634,14863.20108245085,5407.641357140387
2025-08-06,2025-08-05,2025-06-11,2025-08-05,9494.465118169826,9418.993400079182,87608.52059801432,81883.29420639927,0.0,5725.226391615046,0.0,57006.31554491801,2101.3879983480506,0.0,54904.927546569976,0.0,54904.927546569976,18336.623048305395,14920.589215408949,10352.861106836159
2025-08-07,2025-08-06,2025-06-12,2025-08-06,9418.993400079182,4484.5534238406335,83064.23799176386,78890.53980343795,0.0,4173.698188325912,8.901885987579135,53765.93890420934,1830.6787597378736,0.0,51935.26014447146,60.145592675078426,51995.40573714654,12568.562683270236,14621.531752063585,17564.425508218883
2025-08-08,2025-08-07,2025-06-13,2025-08-07,4484.5534238406335,4640.449024958204,44562.10632298788,42614.88120661836,0.0,1947.225116369519,0.0,26947.461094292594,1036.7395191495755,0.0,25910.72157514302,0.0,25910.72157514302,13113.143339245722,10481.34006378322,24207.90668115585
2025-08-09,2025-08-08,2025-06-14,2025-08-08,4640.449024958204,9459.721018100476,50400.30308920428,48316.86810893919,0.0,2083.434980265097,0.0,29615.485084756743,1039.9623961506236,0.0,28575.52268860612,0.0,28575.52268860612,18650.45856919371,10769.52664721886,21514.00718696434
2025-08-10,2025-08-09,2025-06-15,2025-08-09,9459.721018100476,9466.530954736805,82385.19173268671,77438.95056326105,0.0,4946.241169425653,0.941546887855452,53180.30008641421,1807.4634681096188,0.0,51372.836618304595,6.3502629851410966,51379.18688128974,17609.980925505326,14257.955606686615,8783.247741330211
2025-08-11,2025-08-10,2025-06-16,2025-08-10,9466.530954736805,9271.464694547087,80715.84867964772,75827.41563442306,0.0,4888.433045224666,90.26193143105422,50974.83318089991,1816.5565308544851,0.0,49158.27665004542,608.623276219348,49766.89992626476,19432.18812163821,15915.632012697697,7839.86812358026
2025-08-12,2025-08-11,2025-06-17,2025-08-11,9271.464694547087,9293.597130108834,86845.13014418638,82412.0421075621,0.0,4433.08803662426,19.996385459509952,54954.297570909825,1687.4655614672424,0.0,53266.83200944259,134.42570125155567,53401.257710694146,18245.405912829745,14758.859597386525,11184.948527578392
2025-08-13,2025-08-12,2025-06-18,2025-08-12,9293.597130108834,9455.338965992722,79064.57996518772,74960.73396618816,0.0,4103.845998999557,53.04577216117923,49912.58288729696,1475.4056433148749,0.0,48437.17724398208,360.2103264978624,48797.38757047994,18370.704218066607,14734.702764338455,5256.798834621182
2025-08-14,2025-08-13,2025-06-19,2025-08-13,9455.338965992722,4224.570576174788,74311.40684780644,69581.111305831,0.0,4730.295541975439,60.88072844814667,49011.734394880914,1717.5445271197323,0.0,47294.189867761175,417.57783669971,47711.767704460886,14261.729623589912,16259.692545943968,5713.663973299874
2025-08-15,2025-08-14,2025-06-20,2025-08-14,4224.570576174788,4356.960961734144,45590.41137819167,43471.61862645462,0.0,2118.792751737049,0.0,28003.54537277575,1083.207448360346,0.0,26920.337924415406,0.0,26920.337924415406,13239.567931611,10604.89867760149,23677.222489111773
2025-08-16,2025-08-15,2025-06-21,2025-08-15,4356.960961734144,9453.99548788931,52880.89866175066,50842.56953916026,0.0,2038.329122590398,0.0,31884.365868420173,985.8493154868565,0.0,30898.516552933317,0.0,30898.516552933317,19397.873990461732,11124.94685873435,25640.362040766217
2025-08-17,2025-08-16,2025-06-22,2025-08-16,9453.99548788931,9103.022628092218,84173.26280381132,79152.46762428894,0.0,5020.795179522395,88.74677383312758,53009.4172390429,1939.575046132182,0.0,51069.84219291073,597.6782401855274,51667.52043309626,18751.863795104066,15504.885247851671,12828.842234203003
2025-08-18,2025-08-17,2025-06-23,2025-08-17,9103.022628092218,9371.324421686773,81771.8060127919,77755.24062015524,0.0,4016.565392636666,142.90700055340324,52428.16974368013,1606.349997690994,0.0,50821.81974598914,967.7435288489035,51789.56327483804,19371.32025086323,15449.297788964115,9582.009542142867
2025-08-19,2025-08-18,2025-06-24,2025-08-18,9371.324421686773,9187.484698586091,80008.96086444268,75834.22926902452,0.0,4174.731595418159,114.83653066892657,51124.293743712944,1549.7786770200412,0.0,49574.51506669291,774.6459365102702,50349.16100320319,17907.62067881459,14670.628500630432,8394.413571509293
2025-08-20,2025-08-19,2025-06-25,2025-08-19,9187.484698586091,8999.188003473018,89227.1939885754,83885.81595020488,0.0,5341.378038370519,305.74977324730816,56315.252292119614,2209.573960251775,0.0,54105.67833186785,2063.656970884684,56169.33530275253,21681.003741868222,17731.08005651503,9590.950971432329
2025-08-21,2025-08-20,2025-06-26,2025-08-20,8999.188003473018,4584.547127526392,79575.78399013287,75281.85430739219,0.0,4293.929682740674,13.865767328431843,51393.107139926666,1726.5342853634925,0.0,49666.57285456317,93.51766774660857,49760.09052230978,13334.369338751618,14774.015952740776,10890.948205376448
2025-08-22,2025-08-21,2025-06-27,2025-08-21,4584.547127526392,4585.34553423122,45145.784445294834,43771.715626773366,0.0,1374.0688185214676,0.0,27612.05931694804,725.0217709790209,0.0,26887.037545969026,0.0,26887.037545969026,13880.84558381013,11242.766356851858,19903.0669998151
2025-08-23,2025-08-22,2025-06-28,2025-08-22,4585.34553423122,9139.968427955504,49158.436481969686,47389.728709802206,0.0,1768.707772167481,0.0,28443.1102191069,860.7308555842858,0.0,27582.37936352261,0.0,27582.37936352261,18243.425573837358,10678.014110456405,17294.311096421246
2025-08-24,2025-08-23,2025-06-29,2025-08-23,9139.968427955504,9515.577585649135,79846.31457164067,75647.73879673811,0.0,4198.575774902558,0.0,51713.11077475232,1503.958169361491,0.0,50209.15260539083,0.0,50209.15260539083,19658.891369082423,15585.653767032498,7840.911711354851
2025-08-25,2025-08-24,2025-06-30,2025-08-24,9515.577585649135,9377.626143526297,101316.01363469711,96642.29164355439,0.0,4673.72199114273,15.718051063976873,65214.47646130346,1967.003320343665,0.0,63247.47314095979,105.98436500366438,63353.45750596345,17860.326515295743,14591.020775300105,22615.616937956063
2025-08-26,2025-08-25,2025-07-01,2025-08-25,9377.626143526297,9612.033517314962,79786.6014108487,74833.42578732673,0.0,4953.175623521958,0.0,51731.80904910226,1697.9592787842403,0.0,50033.84977031801,0.0,50033.84977031801,19529.040204570196,15607.55592929206,5383.123128715271
2025-08-27,2025-08-26,2025-07-02,2025-08-26,9612.033517314962,8995.855659503524,80230.35555579531,75684.08720324014,0.0,4546.268352555167,66.36339591821366,51806.00048121942,1763.8438303067414,0.0,50042.15665091267,456.95780825158573,50499.11445916426,19544.722558288267,16385.785344243795,4677.364518447215
2025-08-28,2025-08-27,2025-07-03,2025-08-27,8995.855659503524,4434.700219282082,74233.68163306879,70877.00031171611,0.0,3356.6813213526752,1289.8475990814577,48033.826010476565,1277.2489969879248,0.0,46756.57701348864,8877.178175102847,55633.75518859149,15024.033429225427,16274.506973871892,2649.5264721106946
2025-08-29,2025-08-28,2025-07-04,2025-08-28,4434.700219282082,4816.487850740852,46591.1352148992,45256.41106491689,0.0,1334.724149982304,0.0,28389.159268233267,704.3791194300074,0.0,27684.780148803256,0.0,27684.780148803256,14586.672073975777,11471.595511607484,19586.114152548602
2025-08-30,2025-08-29,2025-07-05,2025-08-29,4816.487850740852,9224.501617181604,50061.83116820155,48627.20608777553,0.0,1434.6250804260212,0.0,29518.449783471835,655.6742764180829,0.0,28862.775507053746,0.0,28862.775507053746,18205.81670330768,10779.499139882548,22688.16869101706
2025-08-31,2025-08-30,2025-07-06,2025-08-30,9224.501617181604,9515.674643419861,77233.15610526592,73775.89741327094,0.0,3457.2586919949804,20.572253587815,49796.28888223257,1146.5823920653738,0.0,48649.7064901672,138.99643136607204,48788.70292153327,20622.657094754817,16442.296523136974,2969.486011907572
2025-09-01,2025-08-31,2025-07-07,2025-08-31,9515.674643419861,10800.0,86492.91060497238,74446.96388910107,0.0,12045.946715871305,0.0,54719.910155751364,4488.217050275858,0.0,50231.693105475504,0.0,50231.693105475504,18312.383635676393,13677.137923975757,16237.583644067105
2025-09-02,2025-09-01,2025-07-08,2025-09-01,10800.0,10800.0,74846.9441612963,65718.05379263437,0.0,9128.89036866193,0.0,47888.325259596895,3328.751484398203,0.0,44559.57377519869,0.0,44559.57377519869,19019.173021179573,15405.530147155454,8046.65506861025
2025-09-03,2025-09-02,2025-07-09,2025-09-02,10800.0,10710.886427707639,79270.91973016462,68521.88896881614,0.0,10749.03076134848,0.0,50721.6440129291,3659.3120597336892,0.0,47062.33195319542,0.0,47062.33195319542,16787.497891728362,13678.075507363095,9864.749334450862
2025-09-04,2025-09-03,2025-07-10,2025-09-03,10710.886427707639,6642.183023614083,71948.69207250592,64312.979063323844,0.0,7635.713009182077,0.0,48067.38120391363,2977.0432683288964,0.0,45090.33793558473,0.0,45090.33793558473,13859.940031732374,14888.384489387425,11415.857970978888
2025-09-05,2025-09-04,2025-07-11,2025-09-04,6642.183023614083,6365.761540620805,40676.901031072426,36865.99868479509,0.0,3810.902346277332,0.0,25053.38481734875,1976.0040989228135,0.0,23077.380718425942,0.0,23077.380718425942,14365.174752219602,11884.570883991832,27561.13314990066
2025-09-06,2025-09-05,2025-07-12,2025-09-05,6365.761540620805,10800.0,46232.11947844127,42472.75426059163,0.0,3759.3652178496454,0.0,27197.405542567052,1814.9102583753463,0.0,25382.495284191704,0.0,25382.495284191704,19029.567947187927,11423.135423780946,27145.238037184656
2025-09-07,2025-09-06,2025-07-13,2025-09-06,10800.0,10682.209603219793,72359.70947193415,66177.4089261727,0.0,6182.300545761451,0.0,46828.53255702919,2357.4354546657846,0.0,44471.097102363405,0.0,44471.097102363405,18463.86245843026,15061.739948430697,7814.30279950648
2025-09-08,2025-09-07,2025-07-14,2025-09-07,10682.209603219793,10163.355031331334,75968.9578752383,70856.55326363997,0.0,5112.404611598328,0.0,47902.792018562126,1915.1066582848152,0.0,45987.685360277304,0.0,45987.685360277304,18158.026700635866,15174.970742214671,8477.927771885436
2025-09-09,2025-09-08,2025-07-15,2025-09-08,10163.355031331334,9585.918125305094,65250.14929856875,62714.82813326438,0.0,2535.3211653043686,0.0,41910.19910933309,1117.601697775482,0.0,40792.59741155761,0.0,40792.59741155761,19391.85969198164,16227.099565928747,6447.233740544823
2025-09-10,2025-09-09,2025-07-16,2025-09-09,9585.918125305094,10008.557584125007,78487.83773354434,74585.7437216769,0.0,3902.094011867436,0.0,49237.95441314385,1598.7336183413656,0.0,47639.22079480249,0.0,47639.22079480249,20951.18000150437,16590.080288280617,8908.645358453145
2025-09-11,2025-09-10,2025-07-17,2025-09-10,10008.557584125007,6042.982909115847,71725.55363246055,67376.34641887032,0.0,4349.207213590239,0.0,46610.880705987875,1569.2523883900417,0.0,45041.62831759784,0.0,45041.62831759784,14962.664473908639,15688.77543137424,14606.37159300258
2025-09-12,2025-09-11,2025-07-18,2025-09-11,6042.982909115847,6118.174974746608,37088.6836090111,35601.72583430364,0.0,1486.9577747074616,0.0,22022.43348242841,778.92955338562,0.0,21243.50392904279,0.0,21243.50392904279,14138.336975074646,11384.380090742778,21296.11274997177
2025-09-13,2025-09-12,2025-07-19,2025-09-12,6118.174974746608,10517.03683194818,42193.13836272805,40306.88814564022,0.0,1886.2502170878265,0.0,24086.262259176507,914.8530932467606,0.0,23171.40916592974,0.0,23171.40916592974,19169.606768418256,11568.405810937375,24698.585704826008
2025-09-14,2025-09-13,2025-07-20,2025-09-13,10517.03683194818,9947.859491527966,80041.23526426882,76574.68192018082,0.0,3466.5533440880017,0.0,51271.46755951661,1461.7284240401752,0.0,49809.73913547644,0.0,49809.73913547644,16816.37705017058,14133.525017016367,13792.505137026606
2025-09-15,2025-09-14,2025-07-21,2025-09-14,9947.859491527966,9609.949785258279,62741.61466964657,62480.202908067426,108.77511057235665,370.18687215149873,114.9690111111104,40061.41420191783,181.8813168956092,67.10880446761544,39946.641689489836,592.1936467222187,40538.835336212054,20662.26187358114,17040.55085324344,3906.4302655075066
2025-09-16,2025-09-15,2025-07-22,2025-09-15,9609.949785258279,9401.41468757846,76978.62040276296,77591.00000846236,803.303082553076,190.92347685367758,0.0,47960.72220724351,97.17844189706472,889.559711296946,48753.10347664339,0.0,48753.10347664339,18580.972219778814,15238.269085932683,14756.526891282889
2025-09-17,2025-09-16,2025-07-23,2025-09-16,9401.41468757846,9538.312384504465,72624.98255505686,72376.42155431186,69.79295541097508,318.35395615596985,7.62916666666672,46025.94638947296,149.97570709380537,80.36048850307488,45956.33117088224,34.70889375000024,45991.04006463224,20145.608428586074,16194.734899921317,8473.058792313775
2025-09-18,2025-09-17,2025-07-24,2025-09-17,9538.312384504465,4720.570298665251,59548.733133904505,59254.08895657236,100.1492375755565,394.79341490769184,0.0,38953.52595786564,217.94242163942516,108.99977569349042,38844.583311919705,0.0,38844.583311919705,15700.875128830377,17053.6767316079,1650.8394426832288
2025-09-19,2025-09-18,2025-07-25,2025-09-18,4720.570298665251,6102.545402952457,35556.56303345151,35526.13723150706,201.75658741889828,232.18238936334262,0.0,20586.70025675822,124.95149366632687,229.82219874772926,20691.57096183962,0.0,20691.57096183962,14782.3763690925,10729.947265106439,15372.355810854333
2025-09-20,2025-09-19,2025-07-26,2025-09-19,6102.545402952457,10167.394570209817,39545.27908956501,39506.41325102681,154.84789546353556,193.7137340017374,0.0,22233.97374340723,87.44001387305889,174.61141162014704,22321.145141154317,0.0,22321.145141154317,19490.829600839155,12129.207726148095,16499.357643002415
2025-09-21,2025-09-20,2025-07-27,2025-09-20,10167.394570209817,9409.07017645906,71406.70275679018,71619.76368464158,462.24959344822577,249.18866559683272,0.0,44847.900248605714,121.1012975704669,524.8527024675251,45251.65165350278,0.0,45251.65165350278,17396.523118032095,14773.675679981685,10709.428763257838
2025-09-22,2025-09-21,2025-07-28,2025-09-21,9409.07017645906,9016.819689156664,73992.327338516,76373.64333071609,2381.3159922000928,0.0,19.555900000000065,46288.8886944103,0.0,2696.958389459989,48985.84708387029,131.78740035000044,49117.634484220296,19250.81595142322,15946.18635922496,12474.549755184496
2025-09-23,2025-09-22,2025-07-29,2025-09-22,9016.819689156664,8993.880389041644,72901.79489253512,74362.44097429523,1467.1589508393758,6.512869079260668,6.375000000000114,45527.03778062465,1.5553714911219183,1689.582887150341,47215.065296283865,42.99618750000077,47258.061483783866,20135.96599135768,16330.777823103235,8447.012222707457
2025-09-24,2025-09-23,2025-07-30,2025-09-23,8993.880389041644,8912.253705632045,62606.94475606484,64591.85653633169,1984.9117802668582,0.0,710.6018361452166,39662.23411824595,0.0,2391.756075219527,42053.99019346548,4957.158408949031,47011.14860241451,19012.350806011895,15473.46816793828,700.3506344032957
2025-09-25,2025-09-24,2025-07-31,2025-09-24,8912.253705632045,4986.043317561953,64288.76317629362,66367.95893015483,2231.356889784548,152.16113592334227,15.37166666666667,41215.537445637725,34.624266479356535,2355.64317694657,43536.556356104935,103.4974316666667,43640.0537877716,14876.396485679395,15583.4705026634,6754.955713805494
2025-09-26,2025-09-25,2025-08-01,2025-09-25,4986.043317561953,5524.619369362441,34509.52356462939,34959.92363182733,461.79214334998755,11.392076152036907,0.0,19573.053008172807,3.4735631787341115,545.3433439681808,20114.92278896225,0.0,20114.92278896225,14518.201831725877,11275.025037077525,14022.503337178976
2025-09-27,2025-09-26,2025-08-02,2025-09-26,5524.619369362441,9209.020939916694,37554.25269590714,38517.85237887602,963.5996829688802,0.0,0.0,20471.23155104673,0.0,1320.7338849686696,21791.9654360154,0.0,21791.9654360154,19289.741593378923,12308.729277138107,13735.537812635195
2025-09-28,2025-09-27,2025-08-03,2025-09-27,9209.020939916694,9024.247691443832,69068.3121761968,71157.65980764935,2089.3476314525396,0.0,5.868333333333453,43138.424142610624,0.0,2368.0651633396983,45506.48930595032,39.561369166667475,45546.05067511699,20028.203782415883,16389.140987382445,4036.836179282578
2025-09-29,2025-09-28,2025-08-04,2025-09-28,9024.247691443832,8836.361599915463,71786.31485212002,74889.93122365788,3103.616371537872,0.0,19.22518497435624,44956.33058888648,0.0,3538.6235002203557,48494.95408910684,102.93268501988501,48597.886774126724,19781.56757439747,16192.167217637487,8559.86445187226
2025-09-30,2025-09-29,2025-08-05,2025-09-29,8836.361599915463,9043.449986244172,70720.74054218584,74103.3828519239,3382.6423097380584,0.0,31.411150000000134,44665.08118629802,0.0,3832.080677359263,48497.16186365728,212.2294349750009,48709.39129863228,22032.625422995752,17660.04704493072,4340.040857192196
2025-10-01,2025-09-30,2025-08-06,2025-09-30,9043.449986244172,10332.820074792728,66686.12288350785,68531.01168617085,1915.2772612691087,70.38845860610684,0.0,41197.673250907326,15.9119829972006,1891.4644911619387,43073.22575907206,0.0,43073.22575907206,20322.145068725527,15300.504425973977,13847.849510085969
2025-10-02,2025-10-01,2025-08-07,2025-10-01,10332.820074792728,7208.964594234545,67650.72977826186,70682.34700447223,3031.6172262103887,0.0,0.0,43562.9594322474,0.0,3469.8263541861133,47032.78578643352,0.0,47032.78578643352,13151.926193935695,13464.530149590271,19264.16784346015
2025-10-03,2025-10-02,2025-08-08,2025-10-02,7208.964594234545,7290.31902003877,29945.588586149133,30625.693072459737,680.1044863106044,0.0,0.0,16482.77165434748,0.0,915.7056613206469,17398.47731566813,0.0,17398.47731566813,15310.084560332918,12327.94951064586,19826.40432277268
2025-10-04,2025-10-03,2025-08-09,2025-10-03,7290.31902003877,10615.379946597746,36045.64402140955,36996.29312973548,951.7600711181915,1.1109627922639902,0.0,19657.899535817232,0.23547277263507654,1215.016753216304,20872.6808162609,0.0,20872.6808162609,18742.277740037855,12188.690135527579,17346.723091891872
2025-10-05,2025-10-04,2025-08-10,2025-10-04,10615.379946597746,10344.85539988525,70523.6041918324,73864.3007539199,3340.696562087486,0.0,0.0,44082.328297744265,0.0,3741.519441156685,47823.84773890095,0.0,47823.84773890095,16381.024882634978,13512.102246975577,16259.417051593826
2025-10-06,2025-10-05,2025-08-11,2025-10-05,10344.85539988525,9910.658855936777,60198.92221326879,61836.031125158974,1637.1089118901907,0.0,0.0,38387.31828758464,0.0,1875.8005498006137,40263.11883738526,0.0,40263.11883738526,19172.336686596514,15920.369605696802,850.9547942592624
2025-10-07,2025-10-06,2025-08-12,2025-10-06,9910.658855936777,10265.30940906833,65485.383713081224,67845.00193832954,2507.960690826025,148.34246557771485,0.0,40832.0326925829,33.69432831508346,2594.094470420158,43392.43283468798,0.0,43392.43283468798,20008.182783505094,15887.442556820728,5952.698711645171
2025-10-08,2025-10-07,2025-08-13,2025-10-07,10265.30940906833,9657.83013827928,61546.231781769064,64102.58624987937,2683.8084434464317,127.45397533612606,0.0,38095.91031318895,29.002152087735485,2742.8159349293896,40809.72409603061,0.0,40809.72409603061,19217.41008186402,16112.833510020006,4519.514011368691
2025-10-09,2025-10-08,2025-08-14,2025-10-08,9657.83013827928,6181.158949094297,68009.3128112809,70952.68486008557,2943.3720488046606,0.0,0.0,42934.039766442176,0.0,3321.588538470017,46255.6283049122,0.0,46255.6283049122,14449.90062162855,14833.42357378561,15576.2261289093
2025-10-10,2025-10-09,2025-08-15,2025-10-09,6181.158949094297,6575.969878902857,31567.290479278785,32839.97758762559,1272.6871083468063,0.0,0.0,16920.724158206438,0.0,1741.3719230063896,18662.096081212832,0.0,18662.096081212832,15156.937237080832,11921.789325207774,20261.218759085863
2025-10-11,2025-10-10,2025-08-16,2025-10-10,6575.969878902857,9618.372924518495,35543.85061676521,36272.04573328141,736.641801049033,8.446684532826339,0.0,18647.58839860424,1.7874217809080226,936.8240852031355,19582.62506202647,0.0,19582.62506202647,18359.862210145286,12133.325649163606,15939.195588966404
2025-10-12,2025-10-11,2025-08-17,2025-10-11,9618.372924518495,9221.25208156934,65429.67395677644,67534.35658756,2149.1559216268233,44.47329084325628,20.92993333333345,40176.80905969679,10.114246447472313,2305.243499643695,42471.938312893006,98.0358077333339,42569.97412062634,19168.274864043346,15883.711398529345,5755.767072046003
2025-10-13,2025-10-12,2025-08-18,2025-10-12,9221.25208156934,9432.807041207414,68339.28456810539,70748.36381627503,2409.738015367465,0.658767197828638,0.0,42024.319665413495,0.13965864593967126,2604.498954651231,44628.67896141879,0.0,44628.67896141879,20698.29490532113,16575.21940963585,9597.893020589749
2025-10-14,2025-10-13,2025-08-19,2025-10-13,9432.807041207414,9445.720698049612,71014.26798106583,73945.21718602325,2930.9492049574155,0.0,0.0,43974.60264777204,0.0,3408.520983783873,47383.12363155591,0.0,47383.12363155591,20172.399123421714,16328.020998813608,9327.009778081809
2025-10-15,2025-10-14,2025-08-20,2025-10-14,9445.720698049612,8911.307989854684,72722.83444074323,75694.75245749709,2971.9180167538548,0.0,0.0,44763.535988781136,0.0,3418.901004585769,48182.43699336691,0.0,48182.43699336691,19714.789590168853,16449.951005412215,10509.89022274044
2025-10-16,2025-10-15,2025-08-21,2025-10-15,8911.307989854684,6068.180985624992,65977.43115106682,69465.63559259221,3488.2044415254104,0.0,0.0,41331.604547217314,0.0,3951.7315111835883,45283.336058400906,0.0,45283.336058400906,17962.43392633733,17108.385784139962,5645.1145003948595
2025-10-17,2025-10-16,2025-08-22,2025-10-16,6068.180985624992,5637.784260170762,30096.33308311583,30844.648672219948,748.315589104116,0.0,272.933067251234,15391.764829272848,0.0,993.415664581838,16385.18049385469,1668.439840106793,18053.62033396148,15552.641644220264,12984.996784727224,12545.737563311477
2025-10-18,2025-10-17,2025-08-23,2025-10-17,5637.784260170762,9293.339684983413,36229.00408931644,37075.0024010648,845.9983117483616,0.0,0.0,18938.322319413805,0.0,1070.6999651997742,20009.02228461358,0.0,20009.02228461358,19026.440157207893,12121.416645007008,14093.385622197247
2025-10-19,2025-10-18,2025-08-24,2025-10-18,9293.339684983413,8865.518567227522,71029.53685749443,74054.64206020001,3025.105202705585,0.0,0.0,43962.672137368034,0.0,3338.4650931938704,47301.1372305619,0.0,47301.1372305619,20752.93743841975,17194.9183311003,6610.900419547228
2025-10-20,2025-10-19,2025-08-25,2025-10-19,8865.518567227522,8775.626133989757,75918.10312688121,78134.63173254128,2216.5286056600667,0.0,0.0,47437.86858336954,0.0,2712.3134884739047,50150.18207184345,0.0,50150.18207184345,19156.147777534607,15597.38288971702,10135.084478057031
2025-10-21,2025-10-20,2025-08-26,2025-10-20,8775.626133989757,8941.432196375286,74819.72704773428,77519.00067307937,2699.273625345075,0.0,0.0,46118.80698196082,0.0,3152.550672030659,49271.35765399148,0.0,49271.35765399148,21436.466391926817,17214.312321313744,6834.265252466285
2025-10-22,2025-10-21,2025-08-27,2025-10-21,8941.432196375286,8465.078062890907,70605.25469744994,73274.94138037757,2669.686682927606,0.0,161.1164053914381,43518.75527895804,0.0,3040.7696861676086,46559.52496512565,1046.756071806839,47606.28103693249,20406.485163602323,16957.971702653824,4432.647624820498
2025-10-23,2025-10-22,2025-08-28,2025-10-22,8465.078062890907,6012.223264238445,79192.16828030639,81381.64955555598,2189.4812752495773,0.0,389.77226392612306,49420.73876338595,0.0,2728.3690396064385,52149.10780299238,2719.0513131486346,54868.15911614102,14581.151555087064,14018.302078407742,17829.07530946944
2025-10-24,2025-10-23,2025-08-29,2025-10-23,6012.223264238445,6149.841865736595,32289.148444591025,33323.21064236186,1034.0621977708347,0.0,369.0676105730522,16523.495381562327,0.0,1290.1228139043924,17813.61819546672,2103.911993985678,19917.530189452395,16414.088338538157,13171.554812867573,12029.694010597665
2025-10-25,2025-10-24,2025-08-30,2025-10-24,6149.841865736595,8452.099185995787,34998.00278205535,35919.56721206153,921.5644300061676,0.0,237.19213054274525,17730.91743911549,0.0,1159.344694586577,18890.262133702065,1330.3075379509419,20220.569671653007,18636.0090491396,13023.135741569804,11145.453301701142
2025-10-26,2025-10-25,2025-08-31,2025-10-25,8452.099185995787,8611.25731780877,76394.98283573857,79024.87542494593,2629.8925892073776,0.0,0.0,47090.9950810431,0.0,3147.058492108488,50238.053573151585,0.0,50238.053573151585,17846.06280840744,14312.06855617835,10946.56915605018
2025-10-27,2025-10-26,2025-09-01,2025-10-26,8611.25731780877,8471.58852364471,69608.78596094635,72012.5839313691,2409.024239892866,5.226269470131399,390.54152572052266,42993.163121398786,1.1892376179283999,2654.9793486015915,45646.953232382446,2724.4176834263662,48371.37091580881,20710.681904702436,16901.354257556624,5041.216143277135
2025-10-28,2025-10-27,2025-09-02,2025-10-27,8471.58852364471,8530.973269661166,69775.33910298049,71727.97627465613,2101.051948953148,148.41477727751737,1298.3750951098418,43110.321029101775,33.77178256949908,2305.6957158314503,45382.24496236373,8920.36893865203,54302.61390101575,19685.416916568356,15891.74143100555,3260.254184203165
2025-10-29,2025-10-28,2025-09-03,2025-10-28,8530.973269661166,8469.511653820042,77836.7220615155,79634.01279805569,1797.2907365401768,0.0,307.5725477069048,47912.50960773566,0.0,2170.6609119302157,50083.17051966587,2025.8499535659448,52109.02047323182,21417.28224231834,17403.314070534863,6615.360373979116
2025-10-30,2025-10-29,2025-09-04,2025-10-29,8469.511653820042,6321.742094900642,66751.20408171572,67919.11245880119,1231.7116586325822,63.80328154713095,1450.4554937112052,41562.96106300167,14.504610075615696,1253.1527759614148,42801.609228887464,9762.341513537049,52563.95074242451,18592.627846124953,16993.021158388674,2982.1436147761046
2025-10-31,2025-10-30,2025-09-05,2025-10-30,6321.742094900642,6521.292158764705,34807.67175669476,35479.62917179175,672.0555705633981,0.09815546641084438,46.431059694468175,18367.108661700346,0.020710803412688165,800.8123702400676,19167.900321137004,225.78251949863923,19393.682840635644,16942.893088547182,13544.148344245561,8223.02342051793
2025-11-01,2025-10-31,2025-09-06,2025-10-31,6521.292158764705,8807.766942501597,35959.27944755225,36722.94714212976,763.6676945775073,0.0,0.0,18515.636530956872,0.0,949.88704529039,19465.52357624726,0.0,19465.52357624726,18955.407078618307,13296.052428317635,8519.554058495749
2025-11-02,2025-11-01,2025-09-07,2025-11-01,8807.766942501597,8608.136856436387,75433.35806413917,77266.14452279214,1834.1457864516228,1.3593277986597059,208.90786775507388,46863.772219489285,0.2881774933158576,2209.0979605733883,49072.582002569354,1423.9601777629941,50496.54218033235,21924.643862089593,17938.628605751263,4692.653200875548
2025-11-03,2025-11-02,2025-09-08,2025-11-02,8608.136856436387,8762.924034124773,80746.79238714886,82391.33206031837,1645.195318925416,0.6556457559202045,0.0,49971.29901336491,0.13899690025508335,2003.8247184255642,51974.98473489021,0.0,51974.98473489021,19756.983352169224,15863.848055337523,8993.266480153334
2025-11-04,2025-11-03,2025-09-09,2025-11-03,8762.924034124773,8585.709497574993,74675.3440537914,75270.4863334293,615.2537834098505,20.111503771946786,562.2826714086797,46152.82986455038,4.330653929864915,731.2984571023385,46879.79766772286,3735.954775471645,50615.752443194506,20664.02288775162,16897.351621973612,4486.025705726652
2025-11-05,2025-11-04,2025-09-10,2025-11-04,8585.709497574993,8808.722439543393,83189.05113707716,84550.80221241014,1361.9721825095648,0.22110717659984402,0.0,51836.99540902727,0.04687472143916693,1684.2480736571001,53521.196607962935,0.0,53521.196607962935,20808.105318905054,16653.853660541536,10718.530487379947
2025-11-06,2025-11-05,2025-09-11,2025-11-05,8808.722439543393,6757.5354952619455,75720.4994576541,76982.7385921196,1262.2391344654818,0.0,0.431917488264002,47300.90822704164,0.0,1573.778527917052,48874.68675495869,2.131728763326982,48876.81848372202,19967.392566124036,18019.65622841377,3665.8496218975943
2025-11-07,2025-11-06,2025-09-12,2025-11-06,6757.5354952619455,6997.780789547406,34936.41894981869,35442.32818944234,505.90923962365684,0.0,75.21702915886618,18067.952726538446,0.0,645.4785196346216,18713.431246173066,459.80169924814896,19173.232945421216,18188.85064949684,14516.74826123553,8526.98104700657
2025-11-08,2025-11-07,2025-09-13,2025-11-07,6997.780789547406,8818.348988715818,36895.77997627106,37205.54506586952,309.76508959846433,0.0,0.0,19050.11238887706,0.0,391.39160666258397,19441.503995539646,0.0,19441.503995539646,19106.59465791715,13837.830293661322,8145.573601613694
2025-11-09,2025-11-08,2025-09-14,2025-11-08,8818.348988715818,8590.171522002538,80190.19276404002,80590.05473084215,402.94474347659013,3.082776674480897,94.96279254535841,50065.763505097886,0.9141861234872308,493.48701050980355,50558.3363294842,528.6992030955671,51087.03553257977,21367.353882836083,17512.91636513919,5483.762822357274
2025-11-10,2025-11-09,2025-09-15,2025-11-09,8590.171522002538,8623.680164319492,81383.72135362709,82212.90327664389,829.1819230168048,0.0,35.87873774787836,50878.40610346665,0.0,1017.9564141025786,51896.36251756923,168.113086465455,52064.475604034684,22827.86109291519,18460.409707176048,4022.887528652629
2025-11-11,2025-11-10,2025-09-16,2025-11-10,8623.680164319492,8646.11451835423,83439.90499502224,83804.98052800547,376.84357033623075,11.768037352993247,0.0,52515.867630248176,3.0384379036869027,478.47289133032535,52991.30208367482,0.0,52991.30208367482,20121.39153735646,16278.136226627472,8402.705550609819
2025-11-12,2025-11-11,2025-09-17,2025-11-11,8646.11451835423,8649.473801290369,80015.53367456264,79991.63648199623,38.97256831357208,62.869760879986984,65.17544166666539,49931.793327581494,23.109815238735322,55.6960740932812,49964.379586436036,454.6638810666578,50419.04346750269,22359.64966335716,18108.292872676775,4849.467382982515
2025-11-13,2025-11-12,2025-09-18,2025-11-12,8649.473801290369,7571.074133925122,76251.55797342223,76876.0648910364,625.8110785947243,1.3041609805505914,1478.1802942879422,47936.389429107454,0.3264967014808406,777.1847025351042,48713.24763494107,10134.524923862547,58847.77255880363,18755.95746568308,16162.885247832026,3365.3016508066175
2025-11-14,2025-11-13,2025-09-19,2025-11-13,7571.074133925122,7701.6350091451895,35742.82933122174,35822.19405217328,135.05820429628244,55.69348334474506,0.0,19017.84136427004,26.70913768804175,174.03623515424158,19165.168461736237,0.0,19165.168461736237,17551.135598995737,14098.91504748849,4771.518200666034
2025-11-15,2025-11-14,2025-09-20,2025-11-14,7701.6350091451895,8790.97822624068,40798.11088026392,41557.92648154613,759.8156012822069,0.0,0.0,21191.077408420555,0.0,657.2245046810489,21848.3019131016,0.0,21848.3019131016,19189.03842366256,14562.712227780728,8719.713368997633
2025-11-16,2025-11-15,2025-09-21,2025-11-15,8790.97822624068,8595.951338302686,80321.64280753813,80523.9518961098,274.7590502732796,72.44996170161738,43.85559964331753,50313.62913761301,24.377481541003853,378.588570866398,50667.8402269384,298.10448822072664,50965.94471515913,22974.992017430246,18785.2677332627,1943.5388282522347
2025-11-17,2025-11-16,2025-09-22,2025-11-16,8595.951338302686,8683.292212592236,77688.72709775696,77267.58926931444,0.0,421.13782844251824,531.9658563433358,48703.76490371972,165.5184953701276,0.0,48538.24640834959,3703.06489088596,52241.311299235545,22607.36790492582,18233.36121612932,729.7941035279395
2025-11-18,2025-11-17,2025-09-23,2025-11-17,8683.292212592236,8768.404664581332,81575.28769384848,81821.35393991435,261.6825870521338,15.616340986246996,0.0,51072.64814926014,3.7318465052961267,336.6246220709194,51405.54092482576,0.0,51405.54092482576,23749.966770563064,19160.87187736589,2341.7072133838556
2025-11-19,2025-11-18,2025-09-24,2025-11-18,8768.404664581332,8547.93831460134,80682.18869820895,81607.8837744558,926.3914221243502,0.6963458774935134,1.3850000000001046,50542.68916507624,0.14752087414700082,1149.9031461833324,51692.44479038542,6.301057500000476,51698.745847885424,23515.35222606316,19245.855018093156,1971.4599664857947
2025-11-20,2025-11-19,2025-09-25,2025-11-19,8547.93831460134,7993.395580348143,79855.73015820791,80218.53127815189,369.96314488110255,7.1620249371252385,345.4267688256093,50067.43978229313,1.6923389916564475,457.656936655747,50523.40437995721,2304.892741917082,52828.29712187429,22510.494578026628,18732.58906902944,1992.9765046469743
2025-11-21,2025-11-20,2025-09-26,2025-11-20,7993.395580348143,8388.398615664986,36769.11341313855,37130.849023723495,362.9586858354959,1.2230752505524265,0.0,19533.902044394083,0.30237786502089403,433.70372504291777,19967.30339157198,0.0,19967.30339157198,18071.652839885755,14282.53606852231,4477.348185693383
2025-11-22,2025-11-21,2025-09-27,2025-11-21,8388.398615664986,8816.353285672345,42218.83605048197,42882.2687638155,664.262813633017,0.8301002994876967,0.0,21853.996779107238,0.17589186937006154,599.6195069206356,22453.440394158504,0.0,22453.440394158504,18815.49179193737,14855.389148462644,8702.336637007445
2025-11-23,2025-11-22,2025-09-28,2025-11-22,8816.353285672345,8700.095623472229,81219.83785501406,81282.19743629658,218.76258467207185,156.40300338953915,0.0,51098.38258633659,62.16794400090077,275.11394626669363,51311.32858860238,0.0,51311.32858860238,23269.349457579134,18952.804956619206,1733.5566520033362
2025-11-24,2025-11-23,2025-09-29,2025-11-23,8700.095623472229,8500.472699152073,80179.74151750864,80190.86832786631,163.21235152964778,152.08554117197102,73.59869224979491,50336.667415583666,56.50793708010589,212.71377681578565,50492.873255319355,444.5175958087516,50937.390851128104,22591.32601325467,18478.63470262443,1989.832009485865
2025-11-25,2025-11-24,2025-09-30,2025-11-24,8500.472699152073,8700.800108960828,91914.85148234133,91971.8847460014,124.41801678401225,67.38475312392768,0.0,58584.86519255006,27.14891880722779,166.42655577171337,58724.142829514545,0.0,58724.142829514545,21448.6809546975,17193.136904477098,11547.680229114336
2025-11-26,2025-11-25,2025-10-01,2025-11-25,8700.800108960828,8850.628527576013,86737.45462171019,86315.22903434592,13.474225659616195,435.69981302388,21.99660271270011,54622.70539015782,163.79963316696205,20.66801932153642,54479.573776312405,103.03208710628732,54582.60586341869,23938.84227744041,19255.616667973074,4896.333144257958
2025-11-27,2025-11-26,2025-10-02,2025-11-26,8850.628527576013,8262.783055633612,83366.16445961376,83089.54596541953,0.0,276.6184941942474,0.0,52755.5003466242,111.20179093459609,0.0,52644.2985556896,0.0,52644.2985556896,22313.56295517984,18603.046918443833,3598.1371953501766
2025-11-28,2025-11-27,2025-10-03,2025-11-27,8262.783055633612,8226.527256720954,37826.21871320545,37918.28932809187,92.07061488641449,0.0,0.0,20055.020606757436,0.0,139.63289867507547,20194.653505432514,0.0,20194.653505432514,18813.622676459556,15271.664586953642,3455.0926885859535
2025-11-29,2025-11-28,2025-10-04,2025-11-28,8226.527256720954,8776.815110922746,49406.14751731965,48921.57812773053,0.0,484.56938958912735,0.0,25584.34292635573,124.12912419533932,0.0,25460.21380216039,0.0,25460.21380216039,18704.699693350885,14655.547682832608,9942.97601721225
2025-11-30,2025-11-29,2025-10-05,2025-11-29,8776.815110922746,8687.399636215358,87535.67391835059,87380.00145886291,1.8864489432536402,157.55890843094198,0.0,55214.2025475654,53.927883121959624,2.650838055060015,55162.9255024985,0.0,55162.9255024985,24405.64500075557,19849.046377848666,2578.57471928933
2025-12-01,2025-11-30,2025-10-06,2025-11-30,8687.399636215358,9610.94122856735,91066.87037079637,100215.45211233365,9148.581741537258,0.0,0.0,58317.735389911286,0.0,12094.996670175096,70412.73206008639,0.0,70412.73206008639,24593.569537901418,19089.60389258335,8412.558733682235
2025-12-02,2025-12-01,2025-10-07,2025-12-01,9610.94122856735,9540.277456251004,93049.19351844369,101731.81729115189,8682.623772708208,0.0,160.67687456423167,59576.70477042759,0.0,11446.709162475196,71023.41393290278,791.0425561869911,71814.45648908977,24051.211370331857,19545.078605053517,8748.551450437784
2025-12-03,2025-12-02,2025-10-08,2025-12-02,9540.277456251004,9384.275106713001,83388.54632190903,91509.20682381094,8120.6605019019025,0.0,317.0349765060555,52968.310159627545,0.0,10502.399109234222,63470.70926886177,1538.999551726823,65009.708820588596,24885.883343352456,20297.967622699696,75.57751299756262
2025-12-04,2025-12-03,2025-10-09,2025-12-03,9384.275106713001,9565.896878486914,91280.79358809667,100051.79681770861,8771.00322961195,0.0,878.7916055025339,58797.09220346554,0.0,11531.065877473637,70328.15808093917,4354.138990482123,74682.29707142129,23920.010511324523,19211.74891957635,9451.11808146297
2025-12-05,2025-12-04,2025-10-10,2025-12-04,9565.896878486914,9888.20534906708,43055.241761379424,49376.30342945237,6321.061668072948,0.0,718.6439300586769,22688.978243391204,0.0,6562.484587639877,29251.46283103108,3681.025036277947,32932.48786730903,20542.00934039355,16348.949942196636,4590.260277980799
2025-12-06,2025-12-05,2025-10-11,2025-12-05,9888.20534906708,9882.68273148945,45851.2065943562,52722.29830228071,6871.091707924513,0.0,0.0,24161.77292672998,0.0,7553.4036163546825,31715.176543084664,0.0,31715.176543084664,20122.758188296335,16304.4044883399,5239.313785657608
2025-12-07,2025-12-06,2025-10-12,2025-12-06,9882.68273148945,9551.09001779901,94011.81709778949,101716.38801715337,7704.570919363877,0.0,0.0,60598.48071796231,0.0,10147.940341423588,70746.4210593859,0.0,70746.4210593859,23179.064229281503,19073.475468039414,9958.118005911287
2025-12-08,2025-12-07,2025-10-13,2025-12-07,9551.09001779901,9309.023352785402,96890.9461553605,100801.02108432679,3910.074928966288,0.0,0.0,62395.64854161998,0.0,5105.707859655223,67501.3564012752,0.0,67501.3564012752,22580.29295787379,18507.897294390015,8881.414304176347
2025-12-09,2025-12-08,2025-10-14,2025-12-08,9309.023352785402,9252.292477444424,96340.09780354434,100148.39593928067,3808.298135736335,0.0,0.0,61990.1986451055,0.0,5008.687417853263,66998.88606295876,0.0,66998.88606295876,23485.321994082205,19074.168603013466,8348.788281545274
2025-12-10,2025-12-09,2025-10-15,2025-12-09,9252.292477444424,9229.785024196597,92439.0704224623,96269.64760527594,3830.577182813637,0.0,130.74254135338634,59137.98872728797,0.0,4937.510855939625,64075.499583227596,548.8806865173373,64624.38026974493,24483.733033701632,19852.080465221363,3381.119111482387
2025-12-11,2025-12-10,2025-10-16,2025-12-10,9229.785024196597,9216.090262688187,96087.32136308745,98743.5439413772,2656.222578289753,0.0,0.0,61698.97374698537,0.0,3496.7274233133403,65195.70117029871,0.0,65195.70117029871,22908.840116504103,18568.485779725906,8441.934904599006
2025-12-12,2025-12-11,2025-10-17,2025-12-11,9216.090262688187,9402.315564117112,48823.12478064139,51577.41408860014,2754.2893079587575,0.0,0.0,25435.273139163415,0.0,3084.128180419809,28519.401319583223,0.0,28519.401319583223,20309.310266167173,16282.938544309382,3836.628883409021
2025-12-13,2025-12-12,2025-10-18,2025-12-12,9402.315564117112,9502.438642358646,49849.26543598099,52589.311490454274,2740.0460544732805,0.0,0.0,26123.340199718426,0.0,3198.193654191735,29321.533853910165,0.0,29321.533853910165,19059.909887307746,15348.416238301892,5079.28445811508
2025-12-14,2025-12-13,2025-10-19,2025-12-13,9502.438642358646,9255.079727440474,91529.25657772907,94415.24910530966,2885.992527580577,0.0,439.83065889663544,58570.55797486531,0.0,3750.4827752345386,62321.040750099855,2060.6344136555917,64381.67516375545,24713.60848024488,20240.64589242471,1603.3953763861214
2025-12-15,2025-12-14,2025-10-20,2025-12-14,9255.079727440474,8844.46526034699,93822.78424765874,94281.26771126129,542.6640474560213,84.18058385345671,525.7179145266819,59999.41947201069,27.759339341901633,722.6746627898971,60694.33479545868,2511.5894122618724,63205.924207720556,24354.31125661928,20096.54513824576,1079.6615407477886
2025-12-16,2025-12-15,2025-10-21,2025-12-15,8844.46526034699,9046.703257163821,99637.14132572556,100577.0274826724,980.0893102820918,40.20315333525366,0.0,64532.92547790922,14.090584845980768,1295.114077166978,65813.94897023021,0.0,65813.94897023021,23286.955740808593,18680.419952919812,6552.400361450293
2025-12-17,2025-12-16,2025-10-22,2025-12-16,9046.703257163821,9122.956529070376,99861.25963177271,101015.0543828959,1159.2569728561723,5.462221732992475,0.0,64223.40598204887,1.3189572957647262,1532.6903666880353,65754.77739144114,0.0,65754.77739144114,22884.00321606295,18467.414660295093,8406.61876046137
2025-12-18,2025-12-17,2025-10-23,2025-12-17,9122.956529070376,9140.722287261053,95096.93414582714,96377.0768345988,1289.516586029385,9.373897257729823,0.0,61410.57878121854,2.062898667057565,1676.2059220857047,63084.72180463718,0.0,63084.72180463718,23825.4656841202,19282.638021765757,4467.982205577692
2025-12-19,2025-12-18,2025-10-24,2025-12-18,9140.722287261053,8953.304537982236,49032.503454442456,49139.66044467408,252.14387309326952,144.9868828616418,0.0,26033.918887427793,51.298796401229524,355.15294618234657,26337.773037208914,0.0,26337.773037208914,19933.759206172104,16315.020931350344,2612.5308698523168
2025-12-20,2025-12-19,2025-10-25,2025-12-19,8953.304537982236,9180.975299150303,52370.68599732426,52450.013989364816,198.95511745867472,119.62712541811857,0.0,27828.456057391148,43.29586971724234,293.9866151160137,28079.146802789917,0.0,28079.146802789917,20114.068386201994,16087.491707772358,5567.085060935175
2025-12-21,2025-12-20,2025-10-26,2025-12-20,9180.975299150303,9103.29002668775,98294.46909283711,99102.48009755966,880.1772882584819,72.16628353593603,0.0,63266.4428182443,25.954924420377527,1140.2104317874387,64380.69832561136,0.0,64380.69832561136,23672.757484165442,19244.850307390305,5636.791054117858
2025-12-22,2025-12-21,2025-10-27,2025-12-21,9103.29002668775,8684.411847820556,97673.49866258974,97285.83437464757,46.22445362376766,433.88874156592556,0.0,63025.086973255275,163.99729974199315,47.656957944881526,62908.74663145817,0.0,62908.74663145817,23633.688037969194,19520.27767173552,4234.996925080578
2025-12-23,2025-12-22,2025-10-28,2025-12-22,8684.411847820556,8959.003391981265,100721.44887377962,98865.71762208195,0.0,1855.731251697673,0.0,64910.1048640461,774.451663101547,0.0,64135.653200944565,0.0,64135.653200944565,23657.013326888286,18915.048405034882,6865.660166895212
2025-12-24,2025-12-23,2025-10-29,2025-12-23,8959.003391981265,8763.606357211373,98934.75644613193,97447.91855116874,0.0,1486.8378949631817,73.66188879049707,63945.04360981828,632.7719596862617,0.0,63312.271650132025,497.9509097768853,63810.222559908914,23812.68251302115,19464.13016684004,5318.468777111464
2025-12-25,2025-12-24,2025-10-30,2025-12-24,8763.606357211373,8740.465795632545,95646.6473752041,94325.63830967779,0.0,1321.009065526308,0.0,61220.500258233056,548.9650422162911,0.0,60671.53521601676,0.0,60671.53521601676,24611.133601618927,19955.844722732272,1857.9008974578019
2025-12-26,2025-12-25,2025-10-31,2025-12-25,8740.465795632545,9356.672390029353,51316.890745833516,50337.98948449724,0.0,978.9012613362829,0.0,27104.48563131404,323.40280922225725,0.0,26781.082822091783,0.0,26781.082822091783,21151.85879077366,16578.41968556954,2756.92794595978
2025-12-27,2025-12-26,2025-11-01,2025-12-26,9356.672390029353,9022.236491379856,52538.006349435906,50665.998670523935,84.02495345671866,1956.0326323686877,0.0,27681.062337582225,656.4763830467792,154.09336214427634,27178.67931667972,0.0,27178.67931667972,20167.554357949703,16636.711338723802,3796.34658463137
2025-12-28,2025-12-27,2025-11-02,2025-12-27,9022.236491379856,9003.410343931238,98277.79313258204,97205.76330490838,0.0,1072.0298276736817,0.0,63354.345739149845,448.7348421506831,0.0,62905.61089699916,0.0,62905.61089699916,23101.135502806967,18728.8632899774,6024.236342078802
2025-12-29,2025-12-28,2025-11-03,2025-12-28,9003.410343931238,8602.043700404642,97797.07209861549,95182.91521241548,0.0,2614.1568862000076,2.3518032255665275,62500.95645457803,1098.398203652721,0.0,61402.5582509253,13.73805854214687,61416.29630946745,24252.61254478275,20005.846140447968,3414.734344639593
2025-12-30,2025-12-29,2025-11-04,2025-12-29,8602.043700404642,8814.593258780993,99269.49334156686,97045.96751213654,0.0,2223.5258294303194,7.9945052074705245,63747.19290010604,935.4760171607413,0.0,62811.7168829453,46.69990216943907,62858.41678511474,24339.913616574013,19524.035426886236,6013.681227656234
2025-12-31,2025-12-30,2025-11-05,2025-12-30,8814.593258780993,8509.306672053848,100757.51904313771,98458.69219402116,0.0,2298.8268491165422,118.45019002302797,64643.060757288105,969.3652269187436,0.0,63673.695530369354,669.7768539170677,64343.472384286426,23990.08140263094,19706.723864185493,5647.361912265418
