date,train_end_date,residual_history_start_date,residual_history_end_date,soc_open_kwh,soc_close_kwh,original_purchase_kwh,effective_purchase_kwh,upward_adjustment_kwh,downward_adjustment_kwh,emergency_purchase_kwh,base_plan_cost_yuan,downward_credit_yuan,upward_adjustment_cost_yuan,normal_settlement_cost_yuan,emergency_cost_yuan,total_cost_yuan,charge_kwh,discharge_kwh,surplus_discard_kwh
2025-02-01,2025-01-31,2025-01-02,2025-01-31,6000.0,9758.454871193826,51247.516323716874,48101.289695077634,0.0,3146.226628639234,0.0,26892.026562188967,934.6906533328417,0.0,25957.335908856126,0.0,25957.335908856126,22541.473640750344,14875.984264933333,6057.624385927296
2025-02-02,2025-02-01,2025-01-02,2025-02-01,9758.454871193826,9532.116331246914,93024.30530163649,89563.53053019011,99.90427362222067,3560.6790450685903,0.0,59158.89159079037,1206.4365579351552,139.20398342002716,58091.659016275255,0.0,58091.659016275255,21660.047395257887,17748.343076111116,7295.54826104334
2025-02-03,2025-02-02,2025-01-02,2025-02-02,9532.116331246914,9410.58513116914,95680.99169039231,89782.7325972963,0.0,5898.25909309602,0.0,60859.01072747827,2097.3640618236186,0.0,58761.646665654654,0.0,58761.646665654654,22126.286442437584,18031.670098444443,5471.199753303152
2025-02-04,2025-02-03,2025-01-02,2025-02-03,9410.58513116914,9481.523380665434,97935.24928936761,92948.6084419479,70.01899040333495,5056.659837823045,0.0,62798.0750803036,1884.474497292252,98.07335234111383,61011.67393535247,0.0,61011.67393535247,22379.727926189295,18063.735195666664,7437.751761425285
2025-02-05,2025-02-04,2025-01-02,2025-02-04,9481.523380665434,9483.27930116173,92541.39275264746,91724.71222530864,507.1654702222221,1323.845997561045,0.0,58885.58807965829,520.3209626683845,610.5160066623663,58975.78312365227,0.0,58975.78312365227,22238.835539920434,18011.876458888888,6749.3261609437595
2025-02-06,2025-02-05,2025-01-02,2025-02-05,9483.27930116173,9425.868090053087,98291.45188204251,90740.3835649314,0.0,7551.0683171111095,7.959461000000147,62993.567368590826,2839.367188356338,0.0,60154.20018023449,46.49519143150086,60200.69537166599,22540.21404773937,18309.243468666667,6246.315230192038
2025-02-07,2025-02-06,2025-01-02,2025-02-06,9425.868090053087,9274.601607253082,47795.3018282332,43064.312080681746,0.0,4730.989747551447,0.0,25055.983530227713,1310.3993520476818,0.0,23745.58417818003,0.0,23745.58417818003,18545.145696751715,15157.707848888891,7871.194566152261
2025-02-08,2025-02-07,2025-01-02,2025-02-07,9274.601607253082,9413.562782283945,39020.361225467765,40109.783402255154,1089.4221767873837,0.0,0.0,20342.96589250739,0.0,940.0738363249368,21283.03972883233,0.0,21283.03972883233,18626.317337414275,14962.25198577778,4868.5553339519865
2025-02-09,2025-02-08,2025-01-02,2025-02-08,9413.562782283945,9169.035099271607,92298.9358445734,90017.34179185108,18.96169278777836,2300.5557455100993,0.0,58620.10998984667,850.7299182046008,25.354049631280496,57794.73412127335,0.0,57794.73412127335,21379.526286235938,17537.49120656222,6619.890745510691
2025-02-10,2025-02-09,2025-01-02,2025-02-09,9169.035099271607,9121.483905364197,88597.13909280933,83673.18376916516,20.018424701111144,4943.973748345272,0.0,55829.35970004559,1752.244037082833,27.32920568322036,54104.44486864598,0.0,54104.44486864598,22201.67907897668,18026.156128487775,5171.023235342935
2025-02-11,2025-02-10,2025-01-02,2025-02-10,9121.483905364197,8963.634111281479,89203.03598766803,83361.9461745199,0.09053722222211036,5841.18035037037,0.0,56483.478178084515,2237.7005263821065,0.12722290466650948,54245.90487460708,0.0,54245.90487460708,22077.62108915364,18024.937896888892,4088.665848921808
2025-02-12,2025-02-11,2025-01-02,2025-02-11,8963.634111281479,9108.797407475307,89399.66444357613,83320.88664516735,0.0,6078.777798408782,7.652699999999982,56383.255523828586,2192.9012351858364,0.0,54190.354288642746,33.51499964999992,54223.86928829274,22781.818782465023,18322.626247222222,3602.6106765912164
2025-02-13,2025-02-12,2025-01-02,2025-02-12,9108.797407475307,8574.512291879011,83460.18957240054,80058.39245963335,214.66640633333282,3616.463519100521,2.767724999999814,52146.328615121776,1263.7685213288821,274.80206722576594,51157.36216101867,12.121251637499185,51169.48341265616,21258.63891598766,17700.354125986672,5173.396377965703
2025-02-14,2025-02-13,2025-01-02,2025-02-13,8574.512291879011,8446.411500972841,39823.63373701509,40048.49613690398,597.4258193333335,372.5634194444445,0.0,20438.446265992665,76.61766720875,751.6001957407002,21113.428794524614,0.0,21113.428794524614,18090.179015591224,14768.335714444445,6924.851019090533
2025-02-15,2025-02-14,2025-01-02,2025-02-14,8446.411500972841,8834.47150145926,40552.24075024828,39771.132109581624,0.0,781.1086406666644,0.0,21081.84949657475,275.49460199636593,0.0,20806.354894578384,0.0,20806.354894578384,18280.25044498491,14457.74886,6668.539424596709
2025-02-16,2025-02-15,2025-01-02,2025-02-15,8834.47150145926,8891.325798944454,89122.32357604527,81168.54183789849,0.0,7953.781738146776,16.49964666666665,55954.00894339178,2861.9954639822317,0.0,53092.01347940955,72.2602025766666,53164.27368198622,22932.61059240466,18524.24571211111,1399.2975042716066
2025-02-17,2025-02-16,2025-01-02,2025-02-16,8891.325798944454,8864.700615740743,89037.34109678325,78912.9326180611,0.0,10124.40847872215,0.0,55404.72394037315,3364.380918089199,0.0,52040.34302228395,0.0,52040.34302228395,20990.72771584361,17026.452114716663,3764.793850267485
2025-02-18,2025-02-17,2025-01-02,2025-02-17,8864.700615740743,9026.555743018518,79719.34666184636,80662.85538364005,943.5087217936932,0.0,12.7897999999999,49462.72305586947,0.0,810.6483719059647,50273.37142777543,56.35232843333287,50329.72375620877,21532.021575850475,17295.26786188889,4347.503686345135
2025-02-19,2025-02-18,2025-01-02,2025-02-18,9026.555743018518,8631.87861601605,79833.32681353096,79349.88301796898,278.9039109213493,762.347706483336,69.32041166666659,49685.14691127494,284.2294615236287,288.5902082902336,49689.50765804155,303.58874289416633,49993.09640093571,22472.708080945136,18558.102959867778,2625.2709252249597
2025-02-20,2025-02-19,2025-01-02,2025-02-19,8631.87861601605,8134.819317114817,82503.5211409218,78109.60722406337,174.08879511111104,4568.002711969559,16.592149444444317,51166.816100189244,1521.8949029671794,238.63387206719995,49883.55506928926,77.71762799777719,49961.27269728703,20801.986264322353,17296.96224311222,3628.041618964334
2025-02-21,2025-02-20,2025-01-02,2025-02-20,8134.819317114817,7803.260809365434,35524.896370729766,35653.14386650754,128.24749577777794,0.0,0.0,18335.565715407683,0.0,174.655802620567,18510.22151802825,0.0,18510.22151802825,17211.84697273388,14239.998704888887,7121.033565329217
2025-02-22,2025-02-21,2025-01-02,2025-02-21,7803.260809365434,8793.690990401235,37151.67299779882,36796.33497349889,95.3074119277802,450.6454362277099,0.0,19327.49030265837,158.6571310312554,104.16317575020027,19272.996347377317,0.0,19272.996347377317,18782.262678635114,14322.245606762222,4491.555018292666
2025-02-23,2025-02-22,2025-01-02,2025-02-22,8793.690990401235,8741.621264409878,81713.90061210183,77844.53910887527,12.372203626667101,3881.7337068532206,18.084320666666372,50461.7169559629,1357.3868035490543,17.769081911148703,49122.09923432498,83.91344980488755,49206.01268412987,22700.32795857339,18434.128399836663,2064.570187471879
2025-02-24,2025-02-23,2025-01-02,2025-02-23,8741.621264409878,8849.950545277776,78424.57276557064,77391.78003105213,33.47610630727684,1066.2688408257877,52.39974177777788,48710.04239659141,438.4563417305957,22.254915473077638,48293.840970333884,237.51779958100047,48531.35876991489,21053.863833808242,16956.133352603567,5143.415674958564
2025-02-25,2025-02-24,2025-01-02,2025-02-24,8849.950545277776,8791.700730808643,80933.12966294127,73174.02348995117,12.867041044445045,7771.97321403454,61.22655677777789,50023.70360201926,2674.4229704043446,18.336602158780895,47367.61723377369,271.76139841322276,47639.37863218691,21454.83564235941,17430.84170333333,3389.9328743695387
2025-02-26,2025-02-25,2025-01-02,2025-02-25,8791.700730808643,8999.547388985186,74174.52786472018,75894.71023060972,1735.5137780006687,15.331412111111263,27.341170777777847,45290.79129915695,3.5818763513222542,1668.0493694173363,46955.25879222296,119.73959558422253,47074.99838780718,22440.869285628258,17990.042129,2656.376211425908
2025-02-27,2025-02-26,2025-01-02,2025-02-26,8999.547388985186,7337.26162073457,73502.08656683401,72455.67193230521,157.35879491563657,1203.773429444446,20.962080555555644,45500.02686219274,324.82622749230563,196.3394165637571,45371.54005126419,93.87699846944487,45465.41704973364,20915.979008048005,18438.000187944446,3042.0709927572034
2025-02-28,2025-02-27,2025-01-03,2025-02-27,7337.26162073457,7162.1265028024745,34242.107808869754,34300.71858960364,245.30682777777824,186.6960470438956,0.0,17841.455187645308,87.99271606406681,253.85577072583382,18007.318242307076,0.0,18007.318242307076,16700.365801467764,13684.917905327778,7992.677143463648
2025-03-01,2025-02-28,2025-01-04,2025-02-28,7162.1265028024745,8996.355415858026,41597.802978463646,41688.21912706447,377.7798263786066,287.36367777777787,0.0,21166.268358459325,59.096340335000015,250.83842548049148,21358.010443604813,0.0,21358.010443604813,18211.6764829561,13100.651929444444,12918.428640219478
2025-03-02,2025-03-01,2025-01-05,2025-03-01,8996.355415858026,8640.003328122923,84013.62479904664,83154.79555413581,901.8602372222219,1760.68948213306,0.0,52149.86706778728,648.3289906756407,1148.741784807833,52650.27986191947,0.0,52650.27986191947,21593.702412482853,17811.6158330727,7014.401908058979
2025-03-03,2025-03-02,2025-01-06,2025-03-02,8640.003328122923,8694.563476993826,86291.97168486341,80486.54060373042,738.0406266666664,6543.471707799659,0.0,53507.10053432387,2177.6241477037456,968.1532237225832,52297.62961034271,0.0,52297.62961034271,22491.572735364098,18169.069781661114,4146.891016694102
2025-03-04,2025-03-03,2025-01-07,2025-03-03,8694.563476993826,8674.525830537035,77014.1605553155,77823.1246016679,834.5753713524032,25.61132500000008,0.0,47427.74168016063,8.559036057777805,983.1332053856776,48402.31584948853,0.0,48402.31584948853,21102.755230425242,17111.265618455553,4632.177056364876
2025-03-05,2025-03-04,2025-01-08,2025-03-04,8674.525830537035,8784.146254660493,80862.93329520576,74876.35160362964,32.99688166666715,6019.5785732427985,0.0,49818.00133013477,2076.196363901615,48.36655126175067,47790.171517494906,0.0,47790.171517494906,21255.75226123457,17118.50094988889,4608.62827561728
2025-03-06,2025-03-05,2025-01-09,2025-03-05,8784.146254660493,7075.071902185189,73734.2923516118,72987.51213324856,377.28373162304774,1124.0639499862846,0.0,45489.64086815344,362.0035259789117,394.14979238602257,45521.78713456055,0.0,45521.78713456055,19561.66240301783,17383.113463672224,4868.309060569618
2025-03-07,2025-03-06,2025-01-10,2025-03-06,7075.071902185189,6639.323429104936,34246.0254864764,33312.890187690384,0.0,933.1352987860141,0.0,18140.189173259856,391.6186801784653,0.0,17748.570493081388,0.0,17748.570493081388,15049.34275693415,12582.14125888889,9923.403156311793
2025-03-08,2025-03-07,2025-01-11,2025-03-07,6639.323429104936,8980.946225746917,35149.34559047222,35959.43982608005,810.094235607823,0.0,0.0,18043.61373881218,0.0,561.2589542210327,18604.872693033212,0.0,18604.872693033212,18210.974240541836,12643.428617861104,11328.754686732653
2025-03-09,2025-03-08,2025-01-12,2025-03-08,8980.946225746917,8802.548143129628,78305.07677759259,70784.5697709677,24.00568104999877,7544.512687674896,0.0,47881.818410247666,2299.9159334687965,34.39205832859654,45616.294535107474,0.0,45616.294535107474,20877.074913689983,17070.988954444445,3644.958761722157
2025-03-10,2025-03-09,2025-01-13,2025-03-09,8802.548143129628,8824.809426061727,75120.95700390261,75318.35524383375,775.5037999311393,578.1055599999977,0.0,45556.55595001465,179.26777147633234,824.7604549228349,46202.048633461156,0.0,46202.048633461156,21935.880739355285,17748.02824423889,3088.431298717351
2025-03-11,2025-03-10,2025-01-14,2025-03-10,8824.809426061727,8977.886304141974,66659.53105594649,71525.7739978375,4866.242941891014,0.0,0.0,40718.33205929482,0.0,4045.6017242290122,44763.93378352383,0.0,44763.93378352383,21008.617573100135,16879.211043938885,3457.448668676272
2025-03-12,2025-03-11,2025-01-15,2025-03-11,8977.886304141974,8779.178278709878,76247.46895595336,69370.17624065845,0.0,6877.292715294918,0.0,46722.09341593126,2199.2246400892645,0.0,44522.868775842,0.0,44522.868775842,20580.679335253764,16849.18748444444,3203.149706515783
2025-03-13,2025-03-12,2025-01-16,2025-03-12,8779.178278709878,5771.382467314815,72870.66125403292,72001.40895978354,573.4591683339526,1442.7114625833326,87.1967544444434,44951.15316497863,510.79254160363905,597.0076931802438,45037.368316555236,598.2610254394372,45635.629341994674,18024.313853593965,17306.710451666666,3825.384295634015
2025-03-14,2025-03-13,2025-01-17,2025-03-13,5771.382467314815,5662.899575969138,31262.676025274348,31581.769176941016,319.09315166666715,0.0,0.0,16075.61770923214,0.0,431.0247383000841,16506.64244753222,0.0,16506.64244753222,15182.622277791492,12395.55864722222,12765.27956303841
2025-03-15,2025-03-14,2025-01-18,2025-03-14,5662.899575969138,8510.03623882716,34503.72048578875,34929.260454677635,425.5399688888892,0.0,0.0,17363.13182586442,0.0,573.2995789396671,17936.431404804087,0.0,17936.431404804087,18900.661751598072,12747.11302222222,7851.586575301785
2025-03-16,2025-03-15,2025-01-19,2025-03-15,8510.03623882716,9034.239405839506,72523.5226865295,71298.41259612484,745.0692650000007,1970.179355404669,1.6400000000001,44351.03760592594,726.337162517417,570.8531534173342,44195.55359682586,7.461180000000455,44203.01477682586,21457.647982551436,16908.912015555557,3400.269695795614
2025-03-17,2025-03-16,2025-01-20,2025-03-16,9034.239405839506,8989.695557796298,67480.0011680122,63188.13314802469,470.89653555555606,4762.764555543073,0.0,40284.90152805619,1153.8454848799447,595.038834612084,39726.094877788324,0.0,39726.094877788324,21097.378006289437,17128.96564833333,1361.5893567352548
2025-03-18,2025-03-17,2025-01-21,2025-03-17,8989.695557796298,8896.147704055555,76077.52259022633,68345.41250385919,0.0,7732.110086367147,0.0,46614.87034028881,2594.524544512281,0.0,44020.345795776535,0.0,44020.345795776535,20835.608611021944,16961.036043294444,3344.881569465018
2025-03-19,2025-03-18,2025-01-22,2025-03-18,8896.147704055555,9024.4588451358,62769.8501048834,66535.47233344993,3765.622228566533,0.0,0.0,38408.005093272004,0.0,3186.5839184376164,41594.58901170962,0.0,41594.58901170962,20958.1756169753,16860.642222777777,2972.4684892524056
2025-03-20,2025-03-19,2025-01-23,2025-03-19,9024.4588451358,5143.804701666666,67096.26510219478,62215.4532414952,402.2089938888882,5283.020854588475,422.30158311667105,41790.998083829756,1706.1435577084526,477.2708941295825,40562.125420250886,2945.9758438218973,43508.101264072786,17254.843309307278,17469.011809661108,642.9615082990356
2025-03-21,2025-03-20,2025-01-24,2025-03-20,5143.804701666666,4841.845701049381,29528.4706808594,29476.090996970506,208.2595322222221,260.6392161111117,0.0,15275.16202730237,111.01828772575031,250.12654149783327,15414.270281074454,0.0,15414.270281074454,14734.332056721534,12206.5720665,14914.866490082306
2025-03-22,2025-03-21,2025-01-25,2025-03-21,4841.845701049381,9168.852501734566,35268.65586823045,35765.14860331961,496.49273508916065,0.0,0.0,18003.760410822633,0.0,335.90513557315836,18339.66554639579,0.0,18339.66554639579,19210.141899938273,11665.908818333333,12339.715788381338
2025-03-23,2025-03-22,2025-01-26,2025-03-22,9168.852501734566,8722.284263092595,71739.95309510287,66227.96759096708,0.0,5511.985504135799,0.0,43756.41961763858,1956.359327058671,0.0,41800.06029057991,0.0,41800.06029057991,20397.391760905357,16923.79874111111,3984.654454506169
2025-03-24,2025-03-23,2025-01-27,2025-03-23,8722.284263092595,8952.125999074073,68154.59022920439,64878.73559493141,567.2229816666668,3843.0776159396432,72.19966940555608,41045.96841164919,1092.9112445046321,703.8026545218333,40656.859821666396,348.2221255669469,41005.08194723334,21883.28431917695,17518.602736150002,2587.75659797668
2025-03-25,2025-03-24,2025-01-28,2025-03-24,8952.125999074073,8614.20573540741,74976.57888686557,65349.44526604938,2.4352916666666715,9629.568912482857,0.0,45631.18925806787,3069.18906656984,4.545526151250007,42566.54571764928,0.0,42566.54571764928,21421.137329807974,17655.24947444445,633.4326940191838
2025-03-26,2025-03-25,2025-01-29,2025-03-25,8614.20573540741,8757.247048000003,64948.53723693415,62337.32873301097,821.5101966666681,3432.7187005898445,0.0,39335.90269502467,1127.63603745184,946.7992982554183,39155.06595582825,0.0,39155.06595582825,21109.91028902605,16970.290152777776,2605.153730096035
2025-03-27,2025-03-26,2025-01-30,2025-03-26,8757.247048000003,4669.6627276234585,64133.45820104939,58679.628765774,10.42874991666622,5464.258185192047,11.3534396444443,39834.9552596246,1774.026590915917,15.35380555529973,38076.28247426398,53.486054164977105,38129.76852842896,17239.59006620712,17642.893841966667,377.2965811779878
2025-03-28,2025-03-27,2025-01-31,2025-03-27,4669.6627276234585,4614.817839728397,29698.237941858708,29632.53669685871,0.0,65.70124499999969,0.0,15190.97411746457,30.74513909833315,0.0,15160.228978366236,0.0,15160.228978366236,14781.259192462272,12022.180344999997,16051.577082729771
2025-03-29,2025-03-28,2025-02-01,2025-03-28,4614.817839728397,8924.938551777783,33427.128731131685,33903.395582242796,476.266851111113,0.0,0.0,16544.609731183416,0.0,648.0691810960864,17192.6789122795,0.0,17192.6789122795,19147.110209547318,11630.050628888886,18679.126818251032
2025-03-30,2025-03-29,2025-02-02,2025-03-29,8924.938551777783,8708.661664518519,67143.9683541701,59028.761262530854,2.5952916666666397,8117.802383305898,326.07268732222946,40207.39402764213,2308.571194856169,4.883119129583288,37903.705951915545,2274.683066759873,40178.389018675414,21239.04162308641,17398.272913233326,168.44554000000096
2025-03-31,2025-03-30,2025-02-03,2025-03-30,8708.661664518519,8915.777414598775,58464.13391143346,62590.767840957895,4126.633929524429,0.0,0.0,35526.29351294681,0.0,3025.052921180375,38551.34643412718,0.0,38551.34643412718,21429.447880157757,17171.448607855553,1381.37908532236
2025-04-01,2025-03-31,2025-02-04,2025-03-31,8915.777414598775,8703.746091086421,71434.92789882029,66507.54598169478,189.29046980555367,5116.672386931063,0.0,42451.98037799542,1535.5940710719888,217.83952693117692,41134.225833854616,0.0,41134.225833854616,20489.78838327159,16787.55678161111,2596.462863367633
2025-04-02,2025-04-01,2025-02-05,2025-04-01,8703.746091086421,8681.857117574069,68047.7120921262,67058.68019122929,162.34631546111044,1151.3782163580238,0.0,40699.43029715843,263.208882041293,177.14491096267352,40613.36632607981,0.0,40613.36632607981,20475.616531604937,16604.94946676111,2752.6777263854588
2025-04-03,2025-04-02,2025-02-06,2025-04-02,8681.857117574069,4191.97078195679,64074.32336445131,57871.38566394376,0.0,6202.937700507544,0.0,40047.201284104056,2075.2317786854796,0.0,37971.96950541857,0.0,37971.96950541857,16066.882682647463,17055.072675,2996.045389629635
2025-04-04,2025-04-03,2025-02-07,2025-04-03,4191.97078195679,4327.411430808644,28007.70657458848,28068.999972366255,66.81445722222048,5.52105944444429,0.0,14170.460983942561,2.3516952703610454,94.21453270083191,14262.323821373033,0.0,14262.323821373033,14334.443553593963,11489.002694444443,18792.75686321673
2025-04-05,2025-04-04,2025-02-08,2025-04-04,4327.411430808644,8822.935269574073,32822.759593938885,33112.185927438884,289.4263335000013,0.0,0.0,16173.713892736248,0.0,369.89223806138534,16543.606130797634,0.0,16543.606130797634,19203.045670582993,11508.495538283332,13373.520811805894
2025-04-06,2025-04-05,2025-02-09,2025-04-05,8822.935269574073,8753.554049666665,65755.70719532922,61858.98411176955,728.1810322222224,4624.904115781889,0.0,38819.88788934375,1176.9371323578011,1002.8073637563333,38645.75812074228,0.0,38645.75812074228,20853.079645233203,16953.437610555557,3549.265810425237
2025-04-07,2025-04-06,2025-02-10,2025-04-06,8753.554049666665,8892.299592685185,57653.23839930371,59133.53118772208,1854.4859750850444,374.1931866666615,0.0,34320.533162861146,85.14765962599883,1950.3639609614843,36185.74946419663,0.0,36185.74946419663,20342.79225606995,16352.790738699996,1900.8103870187983
2025-04-08,2025-04-07,2025-02-11,2025-04-07,8892.299592685185,8657.437979000002,66825.98997280521,61126.4426153498,81.97809222222179,5781.525449677634,0.0,40229.384902179474,1764.411372446576,119.79687072108274,38584.770400453985,0.0,38584.770400453985,20670.99702045953,16954.883038888885,3057.1350171124873
2025-04-09,2025-04-08,2025-02-12,2025-04-08,8657.437979000002,8764.342060407407,65472.95458187928,66155.0355486557,1648.5357999999974,966.4548332235928,0.0,39089.474224510486,365.7424888064642,1313.603955807414,40037.33569151144,0.0,40037.33569151144,21242.720494430734,17110.389927222226,2888.393964780511
2025-04-10,2025-04-09,2025-02-13,2025-04-09,8764.342060407407,4065.060202234565,58261.37028008231,56280.32308949932,1213.5686745267421,3194.615865109732,0.0,36348.857381808164,1133.0202700183904,882.1340626543097,36097.97117444409,0.0,36097.97117444409,15772.687671989028,17005.23068666667,3052.228204176953
2025-04-11,2025-04-10,2025-02-14,2025-04-10,4065.060202234565,3863.2333919567945,26495.866003647327,26853.951875869552,358.08587222222513,0.0,26.684476188888866,13210.819365588406,0.0,454.1328792364207,13664.952244824824,111.1942122790999,13776.146457103925,14058.463460102883,11568.999531933328,19074.52225722222
2025-04-12,2025-04-11,2025-02-15,2025-04-11,3863.2333919567945,9029.714755845682,33781.24685612778,33123.43064001665,0.0,657.8162161111113,0.0,16877.25321506473,291.8278823224446,0.0,16585.425332742285,0.0,16585.425332742285,18936.59957165295,10688.812425538892,15850.482943902603
2025-04-13,2025-04-12,2025-02-16,2025-04-12,9029.714755845682,8940.113426339509,60928.61124017146,60081.78022708875,164.43103352222386,1011.262046604941,0.0,36211.80764463918,241.1288088553994,181.103710357397,36151.78254614117,0.0,36151.78254614117,20358.60885381343,16571.114368144437,2017.927258086423
2025-04-14,2025-04-13,2025-02-17,2025-04-13,8940.113426339509,8681.390226166666,64303.45410340878,56140.45076275033,0.0,8163.003340658432,240.05849342777896,38658.52510001879,2690.631051168589,0.0,35967.894048850205,1674.648050152186,37642.54209900239,20099.56157719478,16513.49575768333,266.4116366666673
2025-04-15,2025-04-14,2025-02-18,2025-04-14,8681.390226166666,8882.387540018515,56468.071837565156,57500.01651849108,1470.058247009603,438.1135660836782,0.0,33536.2104846069,97.41246685295206,1545.1646327950168,34983.962650548965,0.0,34983.962650548965,20004.9343885048,16023.099272222225,3378.75256887517
2025-04-16,2025-04-15,2025-02-19,2025-04-15,8882.387540018515,8792.376236888886,62855.34728268175,61477.8925986214,906.3063643827147,2283.76104844307,0.0,36832.178061705985,529.9203633251886,1181.7979895818876,37484.05568796269,0.0,37484.05568796269,19848.23084631688,16158.077158333335,2008.1469606378578
2025-04-17,2025-04-16,2025-02-20,2025-04-16,8792.376236888886,3864.5019458456763,50699.49030936214,53652.833021488346,3360.2530433950633,406.91033126885907,0.0,31949.58475373683,187.22800129870302,2378.840318099362,34141.19707053749,0.0,34141.19707053749,14949.963009266128,16544.556899444444,2379.0845616666616
2025-04-18,2025-04-17,2025-02-21,2025-04-17,3864.5019458456763,3938.2964772962973,26455.50520712709,26554.36812996043,112.90725283333649,14.044329999999837,0.0,13220.708773545393,6.231963928499929,136.91953943327934,13351.396349050174,0.0,13351.396349050174,13262.478579711933,10676.19257126111,17613.964938176272
2025-04-19,2025-04-18,2025-02-22,2025-04-18,3938.2964772962973,8987.157223203703,32058.756935211106,32680.51401543333,621.7570802222231,0.0,0.0,15317.264281259679,0.0,869.9743665231847,16187.238647782862,0.0,16187.238647782862,18813.372665013718,10694.857187344445,17777.31928776406
2025-04-20,2025-04-19,2025-02-23,2025-04-19,8987.157223203703,9121.924962648149,57766.00543686557,58394.30961809328,952.1936267832673,323.88944555555577,0.0,34575.25649075726,73.54895714394449,990.4511361506217,35492.15866976394,0.0,35492.15866976394,20069.765866186557,16135.219386111112,2502.0182546845012
2025-04-21,2025-04-20,2025-02-24,2025-04-20,9121.924962648149,8660.609144870372,61385.356330603565,54662.0377809465,0.0,6723.318549657064,0.0,36434.463690723496,1881.6784711636,0.0,34552.7852195599,0.0,34552.7852195599,18436.526563923173,15348.770752777778,3057.37158646777
2025-04-22,2025-04-21,2025-02-25,2025-04-21,8660.609144870372,8870.438000018521,54860.257996275715,58299.03645427298,3438.7784579972554,0.0,0.0,32784.59596934704,0.0,2916.390944914635,35700.98691426168,0.0,35700.98691426168,19839.527819163235,15881.171563888887,2187.7508823319577
2025-04-23,2025-04-22,2025-02-26,2025-04-22,8870.438000018521,8989.394533944444,52777.09725648834,58264.08315054924,5487.745831502601,0.7599374416998899,0.0,31706.83713165923,0.4772787102596158,4189.864788767959,35896.22464171692,0.0,35896.22464171692,19541.37535955418,15721.45316070556,3044.2442350339525
2025-04-24,2025-04-23,2025-02-27,2025-04-23,8989.394533944444,3283.1389630308704,48201.86318237311,49647.18490947874,1447.1795332167355,1.8578061111112447,0.0,29973.35696383041,1.1610645824167514,1539.1071140131871,31511.303013261182,0.0,31511.303013261182,12763.216717503434,15473.835554999998,5267.697046975307
2025-04-25,2025-04-24,2025-02-28,2025-04-24,3283.1389630308704,3068.4706325864204,25926.70919673587,25419.17674618031,87.94115111111067,595.4736016666686,0.0,13006.01635625942,281.1487505762232,108.30433119666611,12833.171936879864,0.0,12833.171936879864,12723.878166522634,10499.542812283338,21194.48374194101
2025-04-26,2025-04-25,2025-03-01,2025-04-25,3068.4706325864204,8906.631001197535,32436.324617894446,32652.044144588886,215.71952669444192,0.0,0.0,15677.110261630567,0.0,281.805347725838,15958.915609356405,0.0,15958.915609356405,19074.904413539094,10196.328243216663,23703.274340933127
2025-04-27,2025-04-26,2025-03-02,2025-04-26,8906.631001197535,8800.606664179015,53639.30869793553,56835.37690309279,3272.6230396017127,76.55483444444434,0.0,32108.895058289876,15.743501703499978,2813.354358905932,34906.50591549231,0.0,34906.50591549231,19573.782618998626,15950.185824705555,4638.308925466387
2025-04-28,2025-04-27,2025-03-03,2025-04-27,8800.606664179015,8927.06203687037,65869.69409871742,64846.92823180616,1628.9314986991733,2651.6973656104246,0.0,38615.042501818694,766.0184169718727,1357.2605824306434,39206.28466727746,0.0,39206.28466727746,19753.23692850479,15886.312076666667,4358.036063301377
2025-04-29,2025-04-28,2025-03-04,2025-04-28,8927.06203687037,9052.299644685185,55511.61120940329,55678.291604547325,953.7071099999991,787.0267148559674,0.0,33178.16727268252,177.93189193130257,1284.7688036804986,34285.00418443172,0.0,34285.00418443172,17992.45692569273,14461.176262777779,4713.797224965701
2025-04-30,2025-04-29,2025-03-05,2025-04-29,9052.299644685185,8737.171889148149,52491.37568394444,52594.33880535733,468.8073666666665,365.8442452537689,0.0,31931.668410523267,189.49912537504207,311.66313735999984,32053.83242250823,0.0,32053.83242250823,18457.936048648837,15234.54317938889,1114.0915027640608
2025-05-01,2025-04-30,2025-03-06,2025-04-30,8737.171889148149,1890.333938728394,48870.1251927572,49151.774021782374,353.15404254368747,71.50521351851529,1609.1217374074067,30708.024959594928,18.66183878344248,342.08436680885393,31031.44748762034,10166.665792781754,41198.11328040209,12731.99340538409,16475.068813738893,3492.5923675445847
2025-05-02,2025-05-01,2025-03-07,2025-05-01,1890.333938728394,2166.4537123518508,28802.998618539095,28547.10117298354,0.0,255.89744555555617,1308.8947241333306,14535.248855417874,121.74895516594479,0.0,14413.499900251929,7650.95288551245,22064.45278576438,14047.069907290812,11129.618828644449,12648.22473513717
2025-05-03,2025-05-02,2025-03-08,2025-05-02,2166.4537123518508,8379.859683592591,34243.49380476681,34184.98852698902,0.0,58.50527777777806,1483.8688444444406,16388.770214686345,27.134999162555687,0.0,16361.635215523787,8353.288501871086,24714.92371739487,19940.545869965703,10559.77678055556,17420.91663202332
2025-05-04,2025-05-03,2025-03-09,2025-05-03,8379.859683592591,8209.303464407407,60255.65351048697,54702.77246711934,0.0,5552.88104336763,2116.541268888889,35585.72645944389,1579.57654189896,0.0,34006.14991754493,13601.702955877225,47607.85287342216,17256.460973196154,14131.233985555557,1959.4194150343005
2025-05-05,2025-05-04,2025-03-10,2025-05-04,8209.303464407407,8247.803668925926,62428.55783510287,59868.4858526406,0.0,2560.071982462269,1688.2397889777772,37457.24162776753,1091.660971956484,0.0,36365.58065581105,11112.576948738948,47478.15760455,19569.125664032916,15816.3416038,2727.934781385466
2025-05-06,2025-05-05,2025-03-11,2025-05-05,8247.803668925926,8056.609096407406,53262.888515850485,56292.733482882366,3247.4878871279147,217.6429200960341,1503.5800155666657,32036.33596344376,75.98797138318493,2953.3892973101333,34913.73728937071,9448.234653772628,44361.97194314333,19576.320518689983,16028.894735405554,1378.805348497941
2025-05-07,2025-05-06,2025-03-12,2025-05-06,8056.609096407406,8229.161317611113,57165.5576090535,60546.83827458834,3385.31214082291,4.031475288064712,1350.2495660102866,34520.12779490206,2.531968054669042,2352.75870851508,36870.354535362465,8817.597912591378,45687.952447953845,20376.658028443067,16349.796003955555,2802.3798661111186
2025-05-08,2025-05-07,2025-03-13,2025-05-07,8229.161317611113,2690.5902094781286,58495.096686700956,55657.9480173369,591.3196806153682,3428.468349979423,574.1842526833315,35400.95289633961,818.3434841459257,685.7843718040651,35268.393783997744,3386.4900391115452,38654.883823109296,13270.089979945124,15733.486881075238,2869.0167711503477
2025-05-09,2025-05-08,2025-03-14,2025-05-08,2690.5902094781286,3043.6444884259263,27778.705442225946,28221.604746114837,532.1757633333318,89.27645944444458,428.58096325555397,14014.502714405337,38.61655476547229,769.6787973606644,14745.564957000526,2411.0656348870343,17156.630591887562,13338.325936238292,10486.295157300001,17298.7690804321
2025-05-10,2025-05-09,2025-03-15,2025-05-09,3043.6444884259263,8425.124880666666,33797.03778258643,34257.05362364197,460.01584105555344,0.0,313.1267783333336,16559.575496520345,0.0,641.9229794263802,17201.498475946726,1668.0998866450018,18869.59836259173,18933.67537478052,10492.944700555554,14008.404444417007
2025-05-11,2025-05-10,2025-03-16,2025-05-10,8425.124880666666,8441.897700314814,62715.480794403295,60004.670242427994,597.8936761111117,3308.7042280864152,646.4011867777757,36934.59706948518,811.405546324045,862.1298276343341,36985.32135079547,4499.37903895343,41484.7003897489,18838.244260377232,15243.882313222224,1572.630398717421
2025-05-12,2025-05-11,2025-03-17,2025-05-11,8441.897700314814,8676.020788629628,55222.80482734569,58779.2351782716,3556.430350925918,0.0,290.41634781666323,33253.038638457074,0.0,3233.5470212723267,36486.585659729404,1918.2425763640424,38404.82823609345,17469.940312757208,13939.940873850002,3608.456853847732
2025-05-13,2025-05-12,2025-03-18,2025-05-12,8676.020788629628,8715.2044575,64895.38579175583,58993.228180205755,918.2488382853211,6820.406449835391,243.08053017222545,38120.37857965209,1760.7996926923695,1169.9019792858007,37529.48086624552,1535.975468627443,39065.456334872964,18616.37897137174,15044.001664827778,2534.7186371673515
2025-05-14,2025-05-13,2025-03-19,2025-05-13,8715.2044575,8502.849674148147,62660.22664314958,59861.627808712,1766.0977303360783,4564.696564773664,117.3417142222188,37990.189841754545,1479.5276305562734,1234.45894347897,37745.12115467724,810.247605335865,38555.36876001311,18215.11708227709,14945.364141661115,3695.067798984912
2025-05-15,2025-05-14,2025-03-20,2025-05-14,8502.849674148147,3170.9163328395057,54739.29972172154,53569.98245170097,1596.673723264743,2765.9909932853207,0.0,35484.12323449424,1060.1034118902949,1109.9972262684055,35534.01704887235,0.0,35534.01704887235,12854.095281262007,15210.557185000001,3161.3860721056235
2025-05-16,2025-05-15,2025-03-21,2025-05-15,3170.9163328395057,2653.8730743950605,27391.394167467763,26837.666144134433,130.2248383333328,683.9528616666673,0.0,14740.866666373327,346.32242467355604,163.79541124791598,14558.339652947689,0.0,14558.339652947689,12039.35650378601,10217.217700666666,22300.020807681758
2025-05-17,2025-05-16,2025-03-22,2025-05-16,2653.8730743950605,8791.200804054939,34811.733103599996,34694.529962433335,113.65350661111134,230.85664777777757,0.0,17735.09433717804,102.97648999147212,180.6667113939839,17812.78455858055,0.0,17812.78455858055,19171.400193805894,10005.239200288888,15079.56988558299
2025-05-18,2025-05-17,2025-03-23,2025-05-17,8791.200804054939,9084.093729092592,66746.30618778532,62098.13261649691,50.35615230555425,4698.529723593965,5.2366666666667925,39836.70542666428,1282.6695520018181,85.99271340502287,38640.028588067486,35.31869833333418,38675.34728640082,18693.776737696156,14878.355525,4611.779970467423
2025-05-19,2025-05-18,2025-03-24,2025-05-18,9084.093729092592,8790.244984259261,59671.833978559676,57187.629792952685,535.4020486111136,3019.606234218106,67.00333333333344,35869.55425168605,672.761477804657,678.0564193103211,35874.849193191716,451.90398166666745,36326.753174858386,17106.92713854595,14121.07485257222,6753.56429031228
2025-05-20,2025-05-19,2025-03-25,2025-05-19,8790.244984259261,8756.726944592592,59626.5612526061,61604.52590649862,1977.964653892526,0.0,0.0,35991.67521318438,0.0,1669.5924250868836,37661.267638271274,0.0,37661.267638271274,18276.957153113854,14834.501529722223,3634.675466440326
2025-05-21,2025-05-20,2025-03-26,2025-05-20,8756.726944592592,8893.754868166667,55767.849101563785,59759.92286816063,3992.073766596848,0.0,0.0,34513.28600207241,0.0,3256.5550502713863,37769.84105234379,0.0,37769.84105234379,17440.289794368997,14003.309602222222,4960.327392680523
2025-05-22,2025-05-21,2025-03-27,2025-05-21,8893.754868166667,3348.3500529259254,51660.03866471193,51303.353540548705,0.0,356.6851241632304,2.57000000000005,33432.22945839311,177.52869632519946,0.0,33254.70076206791,17.333365000000338,33272.034127067906,11506.181378127576,14310.871250000002,3293.9825957544635
2025-05-23,2025-05-22,2025-03-28,2025-05-22,3348.3500529259254,3364.0687843148194,27012.535480535393,28402.499494424283,1439.4825877777762,49.51857388888891,0.0,14368.99054434897,30.27070421827779,1608.8639465206645,15947.583786651356,0.0,15947.583786651356,12270.379306303155,9924.860379855556,19636.031684643345
2025-05-24,2025-05-23,2025-03-29,2025-05-23,3364.0687843148194,9614.934931092594,34864.52663745,34447.69991467222,75.7083727777778,492.53509555555513,0.0,18154.781999439,256.1879111151943,95.42409323275002,17994.018181556552,0.0,17994.018181556552,19062.14979380658,9814.561800883337,21445.61053841564
2025-05-25,2025-05-24,2025-03-30,2025-05-24,9614.934931092594,9310.860667148148,60520.02119991083,57763.775025786,354.06777033333157,3110.313944458164,0.0,36673.63582394233,703.2491418404211,475.1282462911298,36445.51492839304,0.0,36445.51492839304,16004.918442668044,13237.65077611111,6451.497175895738
2025-05-26,2025-05-25,2025-03-31,2025-05-25,9310.860667148148,9382.808832925924,58536.46910995885,63805.75002415275,5279.73046086057,10.449546666666606,0.0,36063.573160200496,6.539521037833296,4019.91736796437,40076.951007127034,0.0,40076.951007127034,18723.50129325103,15101.282698333334,5603.698479235053
2025-05-27,2025-05-26,2025-04-01,2025-05-26,9382.808832925924,9191.386104407406,55167.68553545556,57416.91758305549,2250.0781592666,0.8461116666668431,0.0,34493.325019414275,0.5314004322501108,1543.7554053878873,36036.54902436992,0.0,36036.54902436992,17333.359919053495,14212.301990099997,4905.492354101993
2025-05-28,2025-05-27,2025-04-02,2025-05-27,9191.386104407406,9470.311981314817,63948.62765404665,61810.063011592385,452.24980031666695,2590.8144427709176,0.0,38420.17674942753,612.3898838077703,616.8319382630515,38424.6188038828,0.0,38424.6188038828,18161.691443477368,14459.93678,5834.484248115017
2025-05-29,2025-05-28,2025-04-03,2025-05-28,9470.311981314817,3281.973076222221,55115.687298477365,55039.25480399863,1654.1861172908093,1730.6186117695465,17.817433333333497,34742.37255567802,426.82112230882575,1221.3949440995866,35536.946377468776,119.77769558333443,35656.724073052115,11930.775515230993,15233.433181920434,4249.606404021402
2025-05-30,2025-05-29,2025-04-04,2025-05-29,3281.973076222221,3864.2251546419784,27929.067935549523,28180.994443716187,251.92650816666773,0.0,0.0,15295.776139423904,0.0,342.0332774376179,15637.80941686152,0.0,15637.80941686152,12569.589702688612,9657.340788599999,18672.512262960907
2025-05-31,2025-05-30,2025-04-05,2025-05-30,3864.2251546419784,9753.90595359259,36942.98198582222,35385.025171377776,0.0,1557.9568144444456,0.0,19739.67019597515,714.2004320760284,0.0,19025.469763899124,0.0,19025.469763899124,18584.033619903974,9752.354513066668,18164.16451454047
2025-06-01,2025-05-31,2025-04-06,2025-05-31,9753.90595359259,7780.912138777779,78283.28422340879,71732.5098693347,364.02184944444537,6914.7962035185155,2528.2324954444507,48076.018248821296,2494.3479255273382,428.4130690140011,46010.08339230796,16465.771820957598,62475.85521326556,20093.903697668044,18051.756428444438,993.7687955555538
2025-06-02,2025-06-01,2025-04-07,2025-06-01,7780.912138777779,7713.998595796296,81491.41994486284,69516.28747800007,6.130533116666697,11981.262999979423,3397.3971322694733,50226.23315425409,3921.4096336012894,11.514980353035057,46316.33850100584,21710.133168949105,68026.47166995495,21924.709517880656,17819.236898166673,167.40454055555495
2025-06-03,2025-06-02,2025-04-08,2025-06-02,7713.998595796296,7933.69700088889,75481.94229783189,72859.52544110344,158.7463808222216,2781.1632375506806,2167.8740230222265,46037.24830492417,888.7843786359384,232.84387306338033,45381.30779935161,14109.937141465907,59491.24494081751,21061.74324371056,16862.28346282222,2635.572849903984
2025-06-04,2025-06-03,2025-04-09,2025-06-03,7933.69700088889,7898.992887166666,85859.36537982167,72515.0186601111,10.665834555555875,13355.012554266114,1643.0439244863448,53181.44546304816,4613.689592371233,17.91258927986727,48585.668459956796,10375.657179158468,58961.32563911527,22508.002469314124,18262.715702494446,267.51500111111056
2025-06-05,2025-06-04,2025-04-10,2025-06-04,7898.992887166666,1560.7542911296289,67947.0765410965,66839.80934699588,998.2522094444457,2105.5194035450613,2070.309161455552,42234.73643822185,595.0071248764707,1345.9445986320848,42985.673911977465,13478.740220970356,56464.414132947815,16116.323651440332,18758.636894100004,403.11373444444393
2025-06-06,2025-06-05,2025-04-11,2025-06-05,1560.7542911296289,1950.449848969135,35102.93342185872,34507.515778525376,0.0,595.417643333336,2146.2231271374512,19693.443318676065,289.2673166833347,0.0,19404.17600199273,12695.012067239335,32099.188069232066,14857.706258751712,11684.016067533328,2625.053314444447
2025-06-07,2025-06-06,2025-04-12,2025-06-06,1950.449848969135,8074.991666962962,46620.06392465706,46982.4267541015,520.3570749999996,157.9942455555555,847.2082619277829,23969.97412804183,32.491516598499985,689.7534941360843,24627.236105579417,5830.1787636406825,30457.414869220098,20701.29093050754,11255.958017516661,7257.788936371736
2025-06-08,2025-06-07,2025-04-13,2025-06-07,8074.991666962962,8616.93928398148,75838.70513822036,71975.12436457592,1457.3528674360086,5320.933641080449,109.45959333333349,46449.95142836774,1510.7310803450289,1521.4066022664385,46460.62695028915,738.6514635866677,47199.278413875814,20113.072236625507,15803.835656349998,2590.4241109670857
2025-06-09,2025-06-08,2025-04-14,2025-06-08,8616.93928398148,8561.773559018518,83980.68715342248,76640.66207962277,0.0,7340.025073799725,94.39153333333354,52821.73310323588,2641.016547548864,0.0,50180.71655568702,636.5222218333347,50817.238777520346,22879.210337146782,18581.809525555553,1504.940068031544
2025-06-10,2025-06-09,2025-04-15,2025-06-09,8561.773559018518,8678.554708462965,78459.07297006666,78021.90184514444,555.6518861055547,992.8230110277733,9.518935000000283,48603.740236159545,254.4484850333649,699.5455006315085,49048.83725175768,64.31577032416857,49113.153022081846,22466.565383285313,18092.814925961105,2039.2260894869073
2025-06-11,2025-06-10,2025-04-16,2025-06-10,8678.554708462965,8864.951786925927,83928.59128398003,83653.69945329218,1038.4661266989733,1313.3579573868308,49.524924999999826,53166.91433788969,560.4267725552817,1137.2255157354437,53743.71308106985,333.92079762916546,54077.633878699016,23655.258337524003,18993.00188277778,2956.5216068792856
2025-06-12,2025-06-11,2025-04-17,2025-06-11,8864.951786925927,3274.114111672841,75783.10856082304,73029.59174704409,1.4768561111116014,2754.9936698900487,0.0,48923.355580663934,1117.2325694613723,2.853507535084281,47808.97651873764,0.0,47808.97651873764,16140.831858340196,18105.827712983333,2542.1961683539034
2025-06-13,2025-06-12,2025-04-18,2025-06-12,3274.114111672841,3453.990914074076,35611.90641235253,35897.017887352544,285.11147500000516,0.0,0.0,20484.448419320986,0.0,288.52339795725374,20772.971817278238,0.0,20772.971817278238,13589.889772901235,10845.92159388889,4807.736008340198
2025-06-14,2025-06-13,2025-04-19,2025-06-13,3453.990914074076,8674.200956759258,42600.280602421124,41370.67515388889,0.0,1229.605448532233,77.95712651666827,23692.56420280342,482.8588857055147,0.0,23209.705317097905,473.1847445336109,23682.890061631515,19013.10843650205,10702.428795149997,6944.609889053502
2025-06-15,2025-06-14,2025-04-20,2025-06-14,8674.200956759258,9897.225813074076,78994.2391304801,81455.1378462959,2667.68442228354,206.78570646776257,0.0,49424.613016841904,73.18503460791155,2368.6506653192937,51720.07864755329,0.0,51720.07864755329,22410.610052462274,17051.87177181111,5469.425232311391
2025-06-16,2025-06-15,2025-04-21,2025-06-15,9897.225813074076,9647.604657864198,81021.41118929615,80665.80118982853,915.6041364308627,1271.2141358984868,0.0,51060.24778693703,468.01381472748585,1082.2602602187394,51674.49423242828,0.0,51674.49423242828,21778.966616982165,17865.62199944444,4058.4037556241437
2025-06-17,2025-06-16,2025-04-22,2025-06-16,9647.604657864198,9477.82788274074,82985.75685569958,82888.775153602,1052.720422538892,1149.7021246364852,18.42167500000005,52331.741288217876,400.7333980535606,1249.3327328094106,53180.34062297372,124.18972201250034,53304.530344986226,21899.88251258573,17891.703932805547,4262.007032155147
2025-06-18,2025-06-17,2025-04-23,2025-06-17,9477.82788274074,9764.992542438273,84011.48383088477,81973.62208054918,908.4628213722253,2946.324571707823,0.0,52711.10033818325,1046.802818902789,969.6440967366157,52633.941616017066,0.0,52633.941616017066,19735.342828024684,15727.179496972221,7037.067849496711
2025-06-19,2025-06-18,2025-04-24,2025-06-18,9764.992542438273,4110.75415871605,72725.79928527435,70431.79059199204,2729.755232139917,5023.763925422219,30.266366666666727,46882.734981560156,1697.9401975866165,3129.3391880247405,48314.13397199828,204.04071088333376,48518.17468288161,14963.533207222212,17209.276443199993,4448.295994636497
2025-06-20,2025-06-19,2025-04-25,2025-06-19,4110.75415871605,4619.307095209873,36096.942753321535,35366.144600543754,0.0,730.7981527777798,0.0,21755.96906024261,353.99712138219576,0.0,21401.971938860414,0.0,21401.971938860414,12769.551958326472,9885.639443400003,10081.651235617284
2025-06-21,2025-06-20,2025-04-26,2025-06-20,4619.307095209873,10540.855075549382,41920.62179042223,41621.9544956417,13.88791111111101,312.55520589163496,0.0,23808.244625378546,137.1418912903747,22.102773611499888,23693.20550769967,0.0,23693.20550769967,19415.656549650208,10397.288622911108,13268.846168902608
2025-06-22,2025-06-21,2025-04-27,2025-06-21,10540.855075549382,10124.889651253086,77387.00241688614,75772.92647486282,2091.6281843141282,3705.704126337443,0.0,48283.91480165461,949.1698802648999,2552.777324957259,49887.52224634697,0.0,49887.52224634697,19533.189789876542,16196.252611666667,4978.648196652947
2025-06-23,2025-06-22,2025-04-28,2025-06-22,10124.889651253086,10062.73318482716,78821.03603963766,77651.18771515926,0.0,1169.8483244783938,0.0,50252.79145512035,464.20506205132216,0.0,49788.586393069025,0.0,49788.586393069025,19791.214970349793,16086.824945766668,6885.511690576139
2025-06-24,2025-06-23,2025-04-29,2025-06-23,10062.73318482716,10114.33823854938,90222.78946408092,86081.74501967078,0.0,4141.044444410148,0.0,57864.05814430264,1450.1817349225512,0.0,56413.876409380086,0.0,56413.876409380086,21970.92738959533,17750.00663722222,5592.0320172976735
2025-06-25,2025-06-24,2025-04-30,2025-06-24,10114.33823854938,10143.124231111113,81137.96472323044,81960.49523389575,2245.2788456035732,1422.748334938272,0.0,50787.77190021909,513.7729603467349,2725.354769171382,52999.353709043746,0.0,52999.353709043746,19836.414285288058,16041.588177777776,7728.247759718806
2025-06-26,2025-06-25,2025-05-01,2025-06-25,10143.124231111113,4212.836325216052,70851.85563837449,72200.7405816255,1447.4550973936903,98.57015414266039,0.0,46615.180498050766,37.89419689435336,1302.460074349847,47879.746375506256,0.0,47879.746375506256,12613.616910459532,15554.288812777777,7594.028650610428
2025-06-27,2025-06-26,2025-05-02,2025-06-26,4212.836325216052,5203.682512895061,37722.17235133848,35849.13373589952,1.6648833333331368,1874.7034987722886,0.0,22755.20605122006,791.4366734303578,3.074956272499637,21966.8443340622,0.0,21966.8443340622,12573.409553525376,9292.700169444444,12796.778485151923
2025-06-28,2025-06-27,2025-05-03,2025-06-27,5203.682512895061,10635.886201296296,42224.80702450555,42086.416334114605,233.5650494444447,371.9557398353926,0.0,24311.572920630082,190.23450643166944,269.419195907917,24390.757610106328,0.0,24390.757610106328,19259.413462345674,10711.141584938889,11761.218340041154
2025-06-29,2025-06-28,2025-05-04,2025-06-28,10635.886201296296,10340.254880919754,75958.89795763374,78416.37387532984,4043.7856294238663,1586.3097117277803,0.0,47728.53789092027,570.6020566964212,4523.363333565376,51681.29916778921,0.0,51681.29916778921,19306.0320803155,15903.954173394442,5746.527435075445
2025-06-30,2025-06-29,2025-05-05,2025-06-29,10340.254880919754,10045.81931671605,82648.74904242798,80404.44050657557,187.85399840000161,2432.162534252405,0.0,52516.30651771764,852.9475306168094,297.3141536406963,51960.67314074152,0.0,51960.67314074152,19557.957266111112,16106.937393333334,7075.736650464471
2025-07-01,2025-06-30,2025-05-06,2025-06-30,10045.81931671605,8061.7476792222205,73248.09014601509,74246.61263030843,1127.0266903635722,128.50420607023227,6221.263416162278,45952.75718273605,34.96190886308693,1012.8459002325249,46930.64117410549,37879.46955876831,84810.1107328738,17707.18168534293,16128.48163887222,22.631966666667267
2025-07-02,2025-07-01,2025-05-07,2025-07-01,8061.7476792222205,7999.647356907408,71239.18236844309,69082.58694721536,0.03331111111106111,2156.6287323388224,6909.626149538885,44890.292808011916,710.0210381795374,0.06718018333323249,44180.33895001571,44776.423647824464,88956.76259784019,16490.401860548696,13413.115797127783,10.160666666666657
2025-07-03,2025-07-02,2025-05-08,2025-07-02,7999.647356907408,2019.3870279691355,73781.42580636489,72654.07161196633,363.8670069388879,1491.2212013374499,4681.000522474975,47397.15459547595,526.7044247229429,345.6265935111721,47216.07676426417,28014.44326456362,75230.5200288278,15260.512180919064,17743.249162588887,57.390182777777454
2025-07-04,2025-07-03,2025-05-09,2025-07-03,2019.3870279691355,1955.7578965679018,36643.215673120714,36697.24466226797,57.72829392777733,3.6993047805254946,4404.380371269419,21109.85277096723,2.316134723087012,72.54993266786354,21180.086568912007,20005.212526678923,41185.29909559093,13247.548693676265,10787.780660138884,9760.989533333337
2025-07-05,2025-07-04,2025-05-10,2025-07-04,1955.7578965679018,8135.356376907408,44714.11064288066,44734.75456010844,20.64391722777873,0.0,3799.3459040499947,24673.46294077412,0.0,38.84669124337262,24712.309632017492,19146.27940325751,43858.58903527501,20018.652316769545,10653.469744277778,10378.837924999998
2025-07-06,2025-07-05,2025-05-11,2025-07-05,8135.356376907408,8058.151703666667,74884.90456226372,80766.76398936934,5952.5465632167325,70.68713611111139,3649.384584077779,47349.85304047553,23.538478715000092,5124.836229275731,52451.15079103627,21602.650266517507,74053.80105755378,23044.211850452673,18735.295804783334,313.25097777777796
2025-07-07,2025-07-06,2025-05-12,2025-07-06,8058.151703666667,8137.535865666667,76201.35029071331,72177.40718109746,219.74459845000155,4243.687708065843,4735.530713885132,47788.83659139782,1127.3200439146265,290.6616674763022,46952.178214959495,30608.724230113367,77560.90244507285,17548.518230301852,14142.854020744497,97.79091875857091
2025-07-08,2025-07-07,2025-05-13,2025-07-07,8137.535865666667,8983.925405765434,86479.73204189815,81680.30885495886,807.285883333333,5606.709070272634,530.9981817777784,54619.69854924931,1711.5327280497388,1113.310927993666,54021.47674919323,2756.1354990162254,56777.61224820946,23272.15116924554,18088.691861,1456.4607118244176
2025-07-09,2025-07-08,2025-05-14,2025-07-08,8983.925405765434,9135.639119703705,85807.28264488696,80209.80815359353,437.3622238888885,6034.836715182311,76.42593166666643,53903.19971752302,1922.060062063867,692.7373955481659,52673.87705100732,515.3312823583318,53189.20833336565,21629.569833909456,17383.409222922222,1981.3484576063092
2025-07-10,2025-07-09,2025-05-15,2025-07-09,9135.639119703705,3353.0995430061753,72269.35323789436,71054.64480987866,168.29475972777857,1383.003187743485,49.65599999999995,47508.642202759605,380.96328690499956,278.67421383005205,47406.353129684656,334.57315241666635,47740.926282101325,15453.870011488336,17721.920328333334,518.7277433903306
2025-07-11,2025-07-10,2025-05-16,2025-07-10,3353.0995430061753,3414.874827518519,43001.11239381344,41643.36522103566,0.0,1357.7471727777775,168.24547481110898,26021.009256257254,610.9276964516944,0.0,25410.081559805556,659.944429713747,26070.0259895193,13948.884042009598,11242.998317966669,6586.947821803838
2025-07-12,2025-07-11,2025-05-17,2025-07-11,3414.874827518519,8968.746117037035,48119.64570632373,49637.69465881639,1519.1596977944446,1.1107453017848457,0.0,27569.5286966025,0.6967149905445444,1642.4533965118671,29211.285378123823,0.0,29211.285378123823,19604.2504554321,10880.958708333335,9830.15957838429
2025-07-13,2025-07-12,2025-05-18,2025-07-12,8968.746117037035,8967.485356234574,84896.06163821674,75477.13085848423,0.0,9418.930779732511,88.08293000000026,54561.91769875052,3301.031963807363,0.0,51260.88573494316,593.1913280016685,51854.07706294482,20538.373725308647,16637.21740222222,2396.3370653977977
2025-07-14,2025-07-13,2025-05-19,2025-07-13,8967.485356234574,8966.229417314815,80876.81166861454,76926.22166672153,940.0947867009592,4890.684788593962,32.12411333333307,50421.06328042867,1217.344855205704,1216.6226382707005,50420.341063493666,216.40064944749824,50636.74171294117,19644.751938237303,15913.379414999996,1419.294040150889
2025-07-15,2025-07-14,2025-05-20,2025-07-14,8966.229417314815,10212.403715808645,89011.97904384774,81861.75293410837,52.503540000000385,7202.729649739372,0.0,56147.96484356945,2147.761700734034,97.33210393783419,54097.535246773245,0.0,54097.535246773245,20250.19165607682,15281.098372777775,4143.609067475993
2025-07-16,2025-07-15,2025-05-21,2025-07-15,10212.403715808645,10028.602938777778,83902.40184880658,80739.3583116118,32.650955198908946,3195.694492393684,0.0,54089.048283062235,915.2503213879667,20.144006809966875,53193.94196848423,0.0,53193.94196848423,18738.207774492454,15343.368996666666,5209.956150452679
2025-07-17,2025-07-16,2025-05-22,2025-07-16,10028.602938777778,4879.115791888892,76251.05998493827,76324.60356281893,2105.138201975308,2031.5946240946487,0.0,50012.68421826158,601.8291064129598,2468.2994199725017,51879.15453182112,0.0,51879.15453182112,14655.920772318243,16505.83425777778,5454.100981611797
2025-07-18,2025-07-17,2025-05-23,2025-07-17,4879.115791888892,5022.11039414815,46166.17457416557,43185.885764357605,16.069385555554355,2996.3581953635135,0.0,28633.450459910986,1151.3692856543207,27.517458275914667,27509.59863253258,0.0,27509.59863253258,13290.97458128944,10636.994268811115,9257.657351879281
2025-07-19,2025-07-18,2025-05-24,2025-07-18,5022.11039414815,9764.988244129627,52410.23594402523,51783.74428748887,73.88943444444374,700.3810909807996,0.0,31523.456158617348,315.95005094707716,116.89144334291527,31324.397551013186,0.0,31324.397551013186,18919.812054519884,11056.457699177781,16737.570882146774
2025-07-20,2025-07-19,2025-05-25,2025-07-19,9764.988244129627,10041.742679512348,88264.42893155679,84120.4669057797,524.9232759888898,4668.8853017659785,0.0,55784.44575746867,1435.4613697140192,778.6085293599965,55127.59291711465,0.0,55127.59291711465,19042.998552688616,15175.749835833332,8163.239972257752
2025-07-21,2025-07-20,2025-05-26,2025-07-20,10041.742679512348,10202.841688623457,88966.48919187515,86196.25679932785,155.55717277777796,2925.7895653251035,0.0,56794.014606091,927.081044256651,259.23356550750066,56126.16712734185,0.0,56126.16712734185,19749.73825017833,15852.298874444448,8309.068073593957
2025-07-22,2025-07-21,2025-05-27,2025-07-21,10202.841688623457,10555.619930611114,87273.72978673868,88971.8781830727,2179.193079722221,481.04468338820175,0.0,56057.42843308773,194.8368616547832,1907.8068231382488,57770.398394571195,0.0,57770.398394571195,18993.930246927295,15067.583082222221,11250.386401700962
2025-07-23,2025-07-22,2025-05-28,2025-07-22,10555.619930611114,10383.745127734568,97012.2238120096,85392.50476267572,28.773417150000228,11648.492466483887,0.0,62971.75955093678,3984.2228311298572,52.662581932172884,59040.19930173909,0.0,59040.19930173909,20466.34781460219,16732.429052416668,7442.038883823522
2025-07-24,2025-07-23,2025-05-29,2025-07-23,10383.745127734568,6210.902569104938,90365.50681664608,81398.57813331275,0.0,8966.928683333335,0.0,60070.71282854295,3109.200887863957,0.0,56961.51194067899,0.0,56961.51194067899,13925.738227722904,15035.406267222223,8891.77417281207
2025-07-25,2025-07-24,2025-05-30,2025-07-24,6210.902569104938,6012.0729171604935,44674.1575054393,44177.639617670575,190.43030540000024,686.9481931687242,0.0,27774.283399646072,279.3634186140276,234.5435203576166,27729.463501389662,0.0,27729.463501389662,14068.334390843622,11574.297543333332,15178.283203493622
2025-07-26,2025-07-25,2025-05-31,2025-07-25,6012.0729171604935,10475.5836818642,51084.1164981701,50910.00000177778,297.71174777777645,471.8282441700958,0.0,30280.63471777282,171.90957897021497,473.3032299762477,30582.028368778854,0.0,30582.028368778854,19062.072025253772,11423.11865222222,14801.955062079556
2025-07-27,2025-07-26,2025-06-01,2025-07-26,10475.5836818642,10686.375780567905,88200.71743570644,86677.88645952084,1544.5446627434862,3067.375638929078,0.0,56531.74469867439,969.0766719308106,1899.9909343653183,57462.658961108886,0.0,57462.658961108886,19629.424758504807,15710.121165555556,9073.393066571596
2025-07-28,2025-07-27,2025-06-02,2025-07-27,10686.375780567905,10621.32838777778,91086.45612783366,90236.00028122873,590.7615122222227,1441.2173588271671,0.0,58539.779384201356,493.42876808452945,891.3976767780008,58937.74829289483,0.0,58937.74829289483,19661.630483902605,15984.46334547222,8603.955909465014
2025-07-29,2025-07-28,2025-06-03,2025-07-28,10621.32838777778,10676.309814759261,89214.84140547873,93182.2767165642,3990.2048588632374,22.769547777777916,0.0,57273.33576339099,7.513950766666713,4109.266581599444,61375.088394223785,0.0,61375.088394223785,18116.341892119344,14624.753648333333,13621.442522778185
2025-07-30,2025-07-29,2025-06-04,2025-07-29,10676.309814759261,10800.0,82030.13407672838,90211.38389475795,8181.249818029558,0.0,0.0,52792.9316191043,0.0,8268.95879155999,61061.89041066428,0.0,61061.89041066428,18072.4788451166,14527.38669782778,12563.03769746913
2025-07-31,2025-07-30,2025-06-05,2025-07-30,10800.0,6369.807236314817,80753.79050697183,83381.25268668986,2732.752988606927,105.29080888888882,0.0,52844.03933841002,25.97243911324998,3095.6182418723374,55913.6851411691,0.0,55913.6851411691,14238.782060253776,15520.586956122223,9968.061315891631
2025-08-01,2025-07-31,2025-06-06,2025-07-31,6369.807236314817,6294.491667919753,44819.18378347963,44143.95343621927,39.088092777778726,714.318440038135,0.0,27859.946770205403,339.0687259742455,47.69730417925174,27568.575348410406,0.0,27568.575348410406,14259.27000482168,11617.792715461113,20251.11648019204
2025-08-02,2025-08-01,2025-06-07,2025-08-01,6294.491667919753,10713.319531777779,52089.332079496504,50203.756643892935,27.58379611110854,1913.159231714676,0.0,31280.22718378003,736.503336402669,51.129201842078515,30594.85304921944,0.0,30594.85304921944,18845.281755871056,11287.733144783333,21719.183099471877
2025-08-03,2025-08-02,2025-06-08,2025-08-02,10713.319531777779,10020.72854842593,74810.08240381084,72977.2692541891,30.8150923055548,1863.6282419273034,0.0,48348.547186183874,498.5659059570501,58.599423298386235,47908.58070352522,0.0,47908.58070352522,17450.001043792865,14757.832730488886,7445.620957551771
2025-08-04,2025-08-03,2025-06-09,2025-08-03,10020.72854842593,10619.99969988889,80909.63943722908,78248.32754943072,1591.0022457956068,4252.314133593963,0.0,52303.480553794456,1504.0958921761217,1137.5348018422508,51936.91946346059,0.0,51936.91946346059,17754.99442755143,13842.201449999997,8919.879488545957
2025-08-05,2025-08-04,2025-06-10,2025-08-04,10619.99969988889,10538.413408777778,78633.99813656378,78913.27546651577,2019.0644011796967,1739.787071227705,0.0,50752.66825936071,583.7781033565598,1528.8519377308157,51697.74209373496,0.0,51697.74209373496,17354.249187139918,14130.369503583333,10537.08604962585
2025-08-06,2025-08-05,2025-06-11,2025-08-05,10538.413408777778,10464.812635074073,86448.57805289437,82085.24168993827,0.0,4363.3363629561045,0.0,56542.79059378902,1689.1912787325589,0.0,54853.59931505645,0.0,54853.59931505645,17482.578874897117,14227.129584999999,10715.393133374484
2025-08-07,2025-08-06,2025-06-12,2025-08-06,10464.812635074073,5486.913025660495,81902.21661954733,70656.09251221537,784.1355038888878,12030.25961122085,0.0,53297.18086746557,3376.9294472345164,1108.1706199600812,51028.42204019114,0.0,51028.42204019114,12409.811508744851,14532.056970555554,9390.352724026066
2025-08-08,2025-08-07,2025-06-13,2025-08-07,5486.913025660495,5635.595279574079,43659.98268135,43395.683022862,13.813926361112635,278.1135848491095,0.0,26547.862331095857,119.23800700973058,25.861752186083798,26454.486076272216,0.0,26454.486076272216,13233.440154026066,10585.272496238886,24972.344115074826
2025-08-09,2025-08-08,2025-06-14,2025-08-08,5635.595279574079,10508.63167469136,49504.67146004999,49687.19604692928,200.7998585871021,18.275271707818888,0.0,29220.21427249445,11.430716783027751,146.717335999229,29355.50089171065,0.0,29355.50089171065,18720.019730452674,10777.483226061115,22822.73054253772
2025-08-10,2025-08-09,2025-06-15,2025-08-09,10508.63167469136,10304.02200119753,81219.73544758573,76416.98009360768,0.0,4802.755353978055,0.0,52712.674121270604,1643.2767251681507,0.0,51069.39739610245,0.0,51069.39739610245,16714.55930791495,13722.941745555556,8120.743481248283
2025-08-11,2025-08-10,2025-06-16,2025-08-10,10304.02200119753,10121.404454185185,79785.30307246913,79836.17002561042,1090.9676301646068,1040.1006770233166,0.0,50594.832093390054,279.1036746029695,1367.5520424902102,51683.28046127729,0.0,51683.28046127729,18478.614879862827,15132.033845000002,11928.335657414262
2025-08-12,2025-08-11,2025-06-17,2025-08-11,10121.404454185185,10135.131397500001,85900.75263347737,81203.99912753087,396.51201611111003,5093.265522057611,0.0,54557.62060247054,1483.919157337613,571.9058052603316,53645.60725039327,0.0,53645.60725039327,17429.504383518513,14105.544301666667,10119.495395679016
2025-08-13,2025-08-12,2025-06-18,2025-08-12,10135.131397500001,10315.257993388892,78129.54189030864,79142.43420904664,1612.7161567215426,599.823837983542,0.0,49520.68930171749,135.30197482384943,1531.136344898871,50916.52367179251,0.0,50916.52367179251,17617.85087403292,14108.345271666665,9511.949156680388
2025-08-14,2025-08-13,2025-06-19,2025-08-13,10315.257993388892,5039.153792395066,73355.9412618107,74653.93430014403,2984.730947201641,1686.7379088683049,0.0,48621.81894834604,666.330440810874,2502.7770796300515,50458.26558716521,0.0,50458.26558716521,12808.11517516461,15123.067072777778,11042.595214423869
2025-08-15,2025-08-14,2025-06-20,2025-08-14,5039.153792395066,5049.603857407411,44857.286483593416,43031.34231591852,167.50963888888822,1993.453806563784,0.0,27678.54173307534,872.6404873352985,193.35730964441586,26999.258555384462,0.0,26999.258555384462,13244.351991769547,10718.520054822224,23345.78349563786
2025-08-16,2025-08-15,2025-06-21,2025-08-15,5049.603857407411,10243.02475848148,52257.52005564472,49246.53342833332,228.36751611111038,3239.354143422501,0.0,31609.36815205096,1405.126287488676,280.3411114616657,30484.58297602395,0.0,30484.58297602395,19238.34076662551,10908.977210000005,23987.889505041152
2025-08-17,2025-08-16,2025-06-22,2025-08-16,10243.02475848148,10173.951466722221,83296.56361426448,77244.64006447188,494.74596611111144,6546.6695159037035,0.0,52648.66834102606,1722.1305303519343,735.3180901990839,51661.85590087321,0.0,51661.85590087321,18034.02936306584,14669.729746666666,10714.946831406034
2025-08-18,2025-08-17,2025-06-23,2025-08-17,10173.951466722221,10021.348458,80581.88508098079,77883.61874207132,0.0,2698.266338909458,0.0,51930.30955792415,948.8814293167483,0.0,50981.428128607404,0.0,50981.428128607404,18050.88262611111,14758.557634999997,10197.178134293561
2025-08-19,2025-08-18,2025-06-24,2025-08-18,10021.348458,9924.825100537038,79286.71193520576,77693.78340354597,3.4483200000000807,1596.376851659813,4.538833333333173,50817.699073251875,482.13918269033184,6.485561487000149,50342.045452048544,30.59854491666559,50372.64399696521,17319.092718045264,14115.33612333333,10176.905592167352
2025-08-20,2025-08-19,2025-06-25,2025-08-19,9924.825100537038,9940.398657629628,88407.92687529656,83596.30534643347,827.9670160888905,5639.588544951994,0.0,55967.43589743228,1711.6250184536384,1085.902454211472,55341.71333319012,0.0,55341.71333319012,19215.53955932098,15550.570841666668,9280.645562112484
2025-08-21,2025-08-20,2025-06-26,2025-08-20,9940.398657629628,5524.679519524692,78529.9943744033,73474.05151728421,29.481579355553663,5085.424436474631,0.0,50949.06917738395,1432.9401384244118,54.037970641193766,49570.16700960074,0.0,49570.16700960074,12548.339219526744,14138.301992111112,9219.595806535253
2025-08-22,2025-08-21,2025-06-27,2025-08-21,5524.679519524692,5329.788072962961,44299.66529249637,44036.081921186356,119.84127444444441,383.4246457544557,0.0,27238.759171418627,187.59135861574566,147.35794268683367,27198.525755489718,0.0,27198.525755489718,13945.690768177274,11471.41182412915,20331.233577138228
2025-08-23,2025-08-22,2025-06-28,2025-08-22,5329.788072962961,10062.596711481481,48488.438197111114,49831.080378777784,1342.6421816666666,0.0,0.0,28146.044505677924,0.0,1493.9968067106668,29640.04131238859,0.0,29640.04131238859,18296.097866666667,10560.311497333332,19565.28785944445
2025-08-24,2025-08-23,2025-06-29,2025-08-23,10062.596711481481,10356.592463925928,78821.17203438959,76969.22396777627,17.438254100000904,1869.3863207133118,0.0,51278.62902944391,584.6470071562959,32.000814077093324,50725.982836364696,0.0,50725.982836364696,18892.390733168722,15038.240316666666,9381.48406794088
2025-08-25,2025-08-24,2025-06-30,2025-08-24,10356.592463925928,10231.960161111112,100381.552658834,83604.74232970396,9.236129633333121,16786.046458763376,0.0,64835.920798250525,5729.341971564647,17.38615849597793,59123.964985181854,0.0,59123.964985181854,19159.6157634705,15631.457840944444,9303.49739051125
2025-08-26,2025-08-25,2025-07-01,2025-08-25,10231.960161111112,10377.514342240744,78837.34139131002,78648.97236364883,1516.8863011591197,1705.2553288202996,0.0,51339.60403810932,621.237078770866,1103.7362547705138,51822.10321410897,0.0,51822.10321410897,18834.66531236625,15125.080139999998,9410.56880794925
2025-08-27,2025-08-26,2025-07-02,2025-08-26,10377.514342240744,9982.605879611116,79379.82130587776,82417.63875727632,3387.794429176335,349.976977777779,0.0,51464.3084288041,79.63726129333361,3154.271771335677,54538.942938846434,0.0,54538.942938846434,17955.638057983535,14899.484443333331,11447.336275959457
2025-08-28,2025-08-27,2025-07-03,2025-08-27,9982.605879611116,5433.887744635806,73137.29249961591,77163.23225586419,4080.7283973594026,54.78864111111125,0.0,47568.30744187899,12.771232243000032,4277.728243743112,51833.264453379095,0.0,51833.264453379095,14307.331310246911,15682.78468277778,7770.890645061727
2025-08-29,2025-08-28,2025-07-04,2025-08-28,5433.887744635806,5436.1033049135785,45547.387655575374,44619.25729613093,0.0,928.130359444448,0.0,27981.045831387826,413.72972627080696,0.0,27567.316105117017,0.0,27567.316105117017,13951.936709163236,11299.074730172224,19411.174967139916
2025-08-30,2025-08-29,2025-07-05,2025-08-29,5436.1033049135785,9681.704949530867,49504.17725944609,47986.77959022799,0.0,1517.3976692181086,0.0,29271.606654519528,571.9825004897575,0.0,28699.62415402977,0.0,28699.62415402977,18200.20371141289,10921.123526088886,22194.97957157065
2025-08-31,2025-08-30,2025-07-06,2025-08-30,9681.704949530867,9961.148262314813,76725.15240265563,78342.24214811515,2186.9414736556937,569.8517281961641,0.0,49580.616144346895,205.66609552947975,1544.3123238706553,50919.26237268807,0.0,50919.26237268807,20253.348818737988,16153.71356167222,7595.983807716051
2025-09-01,2025-08-31,2025-07-07,2025-08-31,9961.148262314813,10800.0,85997.93991731132,77973.28343875735,131.85916123333368,8156.515639787311,0.0,54509.79509883925,2459.603871811725,168.7808580805368,52218.972085108064,0.0,52218.972085108064,16537.67496779835,12640.55016,20502.02409762566
2025-09-02,2025-09-01,2025-07-08,2025-09-01,10800.0,10800.0,74846.9441612963,75750.07443131186,2300.9896460992422,1397.8593760836752,0.0,47888.325259596895,312.42339724310784,2020.5424578215845,49596.44432017536,0.0,49596.44432017536,17126.534986529492,13872.493339088891,18438.276933871264
2025-09-03,2025-09-02,2025-07-09,2025-09-02,10800.0,10800.0,79270.91973016462,75672.27965269616,379.47724394444515,3978.1173214128926,0.0,50721.6440129291,1031.711302931054,493.8191466522927,50183.751856650335,0.0,50183.751856650335,15705.72842798354,12721.640026666668,17140.474001379287
2025-09-04,2025-09-03,2025-07-10,2025-09-03,10800.0,8257.841060388888,71849.67699218106,67720.14709495885,0.0,4129.52989722222,0.0,48030.61690458902,1234.345333108069,0.0,46796.271571480946,0.0,46796.271571480946,14375.902558868307,13932.424118333332,13351.10310442387
2025-09-05,2025-09-04,2025-07-11,2025-09-04,8257.841060388888,8217.92290488889,39222.80879797511,38084.57730575288,183.57230333333396,1321.8037955555558,0.0,24415.20144222654,620.0848869846944,217.73676848600076,24012.853323727843,0.0,24012.853323727843,14639.693574019202,11894.078134905552,28514.700199972565
2025-09-06,2025-09-05,2025-07-12,2025-09-05,8217.92290488889,10800.0,44565.1742506,43955.926810599994,174.47833944444454,783.725779444446,0.0,26465.516211070903,360.74844483675076,200.08412781125014,26304.8518940454,0.0,26304.8518940454,17337.026639917694,11719.122192733335,30616.93866341564
2025-09-07,2025-09-06,2025-07-13,2025-09-06,10800.0,10800.0,72359.70947193415,75087.64302551118,3810.1115884878586,1082.1780349108399,0.0,46828.53255702919,247.11972925718837,2912.5789715391625,49493.99179931116,0.0,49493.99179931116,17436.522248971185,14123.583021666665,16813.720181539997
2025-09-08,2025-09-07,2025-07-14,2025-09-07,10800.0,10800.0,75838.07965659362,74348.86811951413,1544.228189898218,3033.439726977709,0.0,47854.19693597936,862.447758931357,1598.1762457596265,48589.925422807624,0.0,48589.925422807624,18078.56820962963,14643.640249799999,11518.370626351165
2025-09-09,2025-09-08,2025-07-15,2025-09-08,10800.0,10800.0,64542.76600004801,66643.76381012256,2314.4134434078824,213.41563333333363,0.0,41647.547690592335,47.06881793166673,2304.136534091448,43904.61540675212,0.0,43904.61540675212,18644.713554897116,15102.217979466666,9998.433968025445
2025-09-10,2025-09-09,2025-07-16,2025-09-09,10800.0,10675.039679777778,77138.85787277222,74214.13489858608,405.0503071388895,3329.7732813250313,0.0,48709.64579557942,993.6317985606156,501.3951089205026,48217.40910593931,0.0,48217.40910593931,19982.74192668038,16298.48524881111,9213.879570716801
2025-09-11,2025-09-10,2025-07-17,2025-09-10,10675.039679777778,6824.672861024693,70985.01797062413,60891.44604805213,0.0,10093.571922572015,0.0,46333.47010749852,2872.187021140236,0.0,43461.283086358286,0.0,43461.283086358286,14519.405133484226,15226.048295,8102.003426234567
2025-09-12,2025-09-11,2025-07-18,2025-09-11,6824.672861024693,7099.478929506172,36385.16265229314,36409.12499848964,26.816735250001436,2.8543890534974707,0.0,21712.643562480014,1.7842507586941503,30.88454766186419,21741.743859383187,0.0,21741.743859383187,14467.966053360764,11471.727041588889,21861.22978671777
2025-09-13,2025-09-12,2025-07-19,2025-09-12,7099.478929506172,10800.0,41309.96480344444,41330.18601106447,107.02913888888872,86.80793126885925,0.0,23697.89711064237,43.39156418507993,118.28202336499979,23772.787569822285,0.0,23772.787569822285,18566.096169547323,11708.068933888888,26465.057292072706
2025-09-14,2025-09-13,2025-07-20,2025-09-13,10800.0,10547.118515111111,79726.83174421125,73337.91216560357,0.6832805555554842,6389.60285916324,0.0,51154.72953251923,2246.1544841557734,1.3202005254165288,48909.895248888875,0.0,48909.895248888875,17965.71894340192,14779.825680555556,10052.6941527572
2025-09-15,2025-09-14,2025-07-21,2025-09-14,10547.118515111111,9787.374027592592,62075.77131010974,62493.23167423656,417.5287785369631,0.06841441014876182,114.9690111111104,39808.14892357658,0.04296767029392986,461.387404971892,40269.49336087817,592.1936467222187,40861.68700760038,20049.91539246913,16924.201506666664,4415.456166211869
2025-09-16,2025-09-15,2025-07-22,2025-09-15,9787.374027592592,9498.709375703702,76781.48235572483,69428.28607778931,69.49736737777982,7422.693645313306,0.0,47877.03710627582,2294.862305943215,99.6035735164243,45681.778373849025,0.0,45681.778373849025,19606.310251776395,16140.909490638887,6471.115333318466
2025-09-17,2025-09-16,2025-07-23,2025-09-16,9498.709375703702,9680.984184759262,72516.8773460288,68730.94548427299,61.93826722222042,3847.870128978053,7.62916666666672,45980.05572824056,1350.061909278295,73.45164303441446,44703.445461996685,34.70889375000024,44738.15435574668,20086.535740514402,16106.046621666665,4797.96713209191
2025-09-18,2025-09-17,2025-07-24,2025-09-17,9680.984184759262,5218.7727887037045,59390.208911399175,65118.60154940472,5728.392638005545,0.0,0.0,38886.23242541213,0.0,4514.662671409844,43400.89509682197,0.0,43400.89509682197,14970.453769670778,16142.057809883336,7334.154472950612
2025-09-19,2025-09-18,2025-07-25,2025-09-18,5218.7727887037045,6284.23575870988,35102.37720017353,34673.332922395755,142.81447055555498,571.8587483333345,0.0,20387.30474850754,262.376948214834,157.72257353483263,20282.65037382754,0.0,20282.65037382754,14901.45672024006,11111.26327038889,14781.787155877913
2025-09-20,2025-09-19,2025-07-26,2025-09-19,6284.23575870988,10283.46447857408,39381.75776938333,38687.82720382778,122.03295888888897,815.963524444444,0.0,22162.00801039527,367.34460289227775,134.22557013366676,21928.888977636663,0.0,21928.888977636663,19604.304828045264,12280.181062838888,15718.269705288069
2025-09-21,2025-09-20,2025-07-27,2025-09-20,10283.46447857408,9521.801492703702,71277.736191941,67890.40408012907,0.0,3387.332111811936,0.0,44800.01496307722,914.0141483143042,0.0,43886.00081476291,0.0,43886.00081476291,17807.410148758565,15109.49890777778,6905.00535581495
2025-09-22,2025-09-21,2025-07-28,2025-09-21,9521.801492703702,8839.426636481481,73867.0703204664,65250.5768488203,0.7897716666668657,8617.283243312759,19.555900000000065,46235.71709024825,2707.844857796105,1.5127011610003718,43529.384933613146,131.78740035000044,43661.17233396314,20736.189794183818,17410.45110388889,1330.374175192042
2025-09-23,2025-09-22,2025-07-29,2025-09-22,8839.426636481481,8869.78477505556,73098.89828439643,69186.21661145405,5.835280000000466,3918.516952942384,6.375000000000114,45610.76730148733,1214.3728736279145,11.007086467250874,44407.401514326666,42.99618750000077,44450.39770182667,21717.07917180384,17563.511804444443,2922.4086607613153
2025-09-24,2025-09-23,2025-07-30,2025-09-23,8869.78477505556,9121.355860555557,62744.82877160494,67061.61123436413,4317.013714425861,0.23125166666682162,0.0,39720.807248047386,0.14523760925009732,3529.5681566439907,43250.23016708213,0.0,43250.23016708213,21061.552865919057,16833.443844444446,1770.2771128895142
2025-09-25,2025-09-24,2025-07-31,2025-09-24,9121.355860555557,4857.135064391328,64056.42744860083,65379.98818770918,2105.210841172833,781.6501020644731,15.37166666666667,41116.841228513826,176.39651873812397,1755.1841928156048,42695.6289025913,103.4974316666667,42799.12633425797,15387.807241378594,16301.922582064475,5974.026295061729
2025-09-26,2025-09-25,2025-08-01,2025-09-25,4857.135064391328,5520.469426401237,34652.75495704119,33464.78438593008,0.0,1187.9705711111098,0.0,19626.23482417531,507.3699063881937,0.0,19118.864917787116,0.0,19118.864917787116,15004.917315127603,11556.982099444445,12322.605670246918
2025-09-27,2025-09-26,2025-08-02,2025-09-26,5520.469426401237,8889.166807827161,37557.98764457222,38026.632866572225,468.64522200000374,0.0,0.0,20472.88949475916,0.0,584.1581304784393,21057.047625237603,0.0,21057.047625237603,19422.219855747593,12700.170439872223,13503.281200696852
2025-09-28,2025-09-27,2025-08-03,2025-09-27,8889.166807827161,8904.166816777777,69423.7056562963,71939.14399819671,2583.6255291226357,68.18718722221558,5.868333333333453,43289.395292956884,19.53698665391457,2324.253079545223,45594.1113858482,39.561369166667475,45633.672755014864,20519.446317400543,16607.251509038884,4545.188356501721
2025-09-29,2025-09-28,2025-08-04,2025-09-28,8904.166816777777,8599.558341277778,71919.73804619341,65767.02546935405,2.5981329000001097,6155.310709739366,1225.4894926792545,45013.00876172885,1929.2200237927648,4.8691282420752025,43088.65786617817,7704.469378984038,50793.127245162206,20979.415421397942,17267.474119282335,520.682059917694
2025-09-30,2025-09-29,2025-08-05,2025-09-29,8599.558341277778,8792.658803592594,70983.85527400549,71747.55015150721,872.3993280572727,108.70445055555592,48.18285523333138,44776.85232437501,36.123753478333455,987.9853849741577,45728.71395587083,292.1859623339744,46020.89991820481,22669.94968366255,18188.86882768333,1892.4773840946477
2025-10-01,2025-09-30,2025-08-06,2025-09-30,8792.658803592594,10273.642844685182,66964.77975312072,62166.87202865418,55.49162132222057,4853.399345788755,0.0,41316.04668911887,1220.0345139585465,81.8035741888286,40177.81574934915,0.0,40177.81574934915,21457.040205404657,16047.316929394445,7095.627219310635
2025-10-02,2025-10-01,2025-08-07,2025-10-01,10273.642844685182,7047.962924203704,67716.48225615913,56790.68920045515,0.980970866667235,10926.774026570645,0.0,43587.37332729066,3484.8130447586673,1.8327105538610662,40104.39299308585,0.0,40104.39299308585,16370.052852414276,16162.854738888891,4852.707970263096
2025-10-03,2025-10-02,2025-08-08,2025-10-02,7047.962924203704,7187.507226302473,30090.490089176892,30408.50935806578,319.9944505555557,1.9751816666647528,0.0,16546.45408800144,1.2074285528321633,418.5193354824169,16963.765994931025,0.0,16963.765994931025,15519.44859986969,12445.163494005552,19517.070552201647
2025-10-04,2025-10-03,2025-08-09,2025-10-03,7187.507226302473,10496.3776192037,36138.174635772215,35701.694931883336,7.08599444444485,443.56569833333333,0.0,19698.622259198244,195.6088781472222,13.117215824667419,19516.130596875686,0.0,19516.130596875686,19163.364871817554,12544.342192561113,15986.689819293555
2025-10-05,2025-10-04,2025-08-10,2025-10-04,10496.3776192037,10200.910917777777,70655.82900004802,61640.31904631894,264.92484572222384,9280.434799451306,0.0,44131.42336903472,2686.7040048908602,341.31951626363576,41786.0388804075,0.0,41786.0388804075,19845.54625355967,16340.812496666666,3399.6242227592616
2025-10-06,2025-10-05,2025-08-11,2025-10-05,10200.910917777777,10000.065678425926,60358.86052672153,63125.63680693628,2766.776280214745,0.0,0.0,38446.70338336965,0.0,2121.501278907768,40568.204662277414,0.0,40568.204662277414,19943.593483504796,16335.071437055556,1784.0055104870366
2025-10-07,2025-10-06,2025-08-12,2025-10-06,10000.065678425926,10195.36856622222,65386.04279920439,66223.7122146537,1695.0595776715338,857.3901622222257,0.0,40789.862474642185,201.59007138036196,1917.192600693886,42505.46500395571,0.0,42505.46500395571,20111.500808799716,16114.543056111106,4455.191461965094
2025-10-08,2025-10-07,2025-08-13,2025-10-07,10195.36856622222,9482.753525092594,61623.94382937586,61054.71196849199,108.52216151666715,677.7540224005434,26.510670555555862,38124.76479646535,173.53518404865153,141.48389719794272,38092.713509614645,133.55575268861264,38226.269262303256,20260.42441863512,17052.297316111108,1394.5998698568599
2025-10-09,2025-10-08,2025-08-14,2025-10-08,9482.753525092594,5960.726599345682,68203.84238148833,56384.822177723254,19.58256891666531,11838.602772681756,132.88147319444474,43016.61756899523,3527.0913958816664,36.58508755585996,39526.11126066942,666.7870011270154,40192.898261796436,17234.95538350979,17130.138093815156,652.9046778897289
2025-10-10,2025-10-09,2025-08-15,2025-10-09,5960.726599345682,6028.485567166667,31765.679594052537,31215.911272941426,12.279540555556821,562.0478616666667,0.0,17008.78908625451,239.97421409775004,22.519449424835653,16791.3343215816,0.0,16791.3343215816,15538.020575315497,12524.813594966667,18859.09337592593
2025-10-11,2025-10-10,2025-08-16,2025-10-10,6028.485567166667,9476.875413567905,36113.09769469821,36032.73499356488,16.714211644445072,97.07691277777744,0.0,18871.041845292948,40.66204897597207,28.681868369954792,18859.06166468693,0.0,18859.06166468693,19079.359148950614,12350.730048888889,15197.792310169825
2025-10-12,2025-10-11,2025-08-17,2025-10-11,9476.875413567905,8878.805637736725,65586.8934133882,63846.34426761899,282.6249291555546,2023.174074924762,20.92993333333345,40243.548719028484,500.0234088089602,377.1027116491545,40120.62802186867,98.0358077333339,40218.66382960201,19771.69644763614,16553.33692083333,2133.958690816188
2025-10-13,2025-10-12,2025-08-18,2025-10-12,8878.805637736725,9269.65036726241,68719.7806168083,62882.757006798085,495.52723539444725,6332.55084540466,0.0,42185.95438690249,1773.4555995112514,595.3640044526128,41007.86279184385,0.0,41007.86279184385,21653.638469020305,17187.68690333333,1389.4101411111124
2025-10-14,2025-10-13,2025-08-19,2025-10-13,9269.65036726241,8883.633543551045,71195.55317433806,65150.91547908614,366.8947698166663,6411.532465068586,58.954375994443126,44051.56832886035,1772.6662243813262,452.4138448702621,42731.315949349286,278.80164452304916,43010.11759387233,20741.257617830997,17147.833811783334,842.6167656995867
2025-10-15,2025-10-14,2025-08-20,2025-10-14,8883.633543551045,8638.531226586421,73347.37572351942,66388.69804702833,0.0,6958.677676491085,0.0,45028.792552138446,2242.912760226817,0.0,42785.879791911626,0.0,42785.879791911626,21699.26269377044,17796.994867222224,566.4065704801085
2025-10-16,2025-10-15,2025-08-21,2025-10-15,8638.531226586421,5687.697340641975,66280.51644358711,65452.15000162578,508.46518713333404,1336.8316290946505,212.72448847777537,41460.355179479935,466.5118479946482,638.1865868911042,41632.02991837639,1483.9660316209608,43115.995949997356,18699.271390034286,17802.160323277778,1801.2904733470566
2025-10-17,2025-10-16,2025-08-22,2025-10-16,5687.697340641975,5635.451025635803,30452.159679862827,32239.57018930727,1787.410509444443,0.0,0.0,15544.59936314441,0.0,1909.878390636666,17454.477753781077,0.0,17454.477753781077,15716.602818031548,12777.469966111112,13296.238020720166
2025-10-18,2025-10-17,2025-08-23,2025-10-17,5635.451025635803,8962.890497790122,36231.59657213306,35366.28184324417,119.43999277777787,984.7547216666663,0.0,18939.28490828362,409.3216776871109,125.81304657541614,18655.77627717192,0.0,18655.77627717192,19262.94011377915,12608.28596722222,12635.034430020576
2025-10-19,2025-10-18,2025-08-24,2025-10-18,8962.890497790122,8573.250983092592,71396.70262104252,68016.77405589966,7.9995266666664975,3387.928091809532,294.33956946652535,44118.64415372327,1095.2964751834613,15.031243663166327,43038.37892220297,2009.461846295881,45047.840768498856,22055.749151577507,18215.832376005557,585.4743164609054
2025-10-20,2025-10-19,2025-08-25,2025-10-19,8573.250983092592,8558.33794411111,76242.84488703115,71228.89361172153,7.8955877777781325,5021.846863087381,0.0,47575.81888308123,1899.7517843443295,14.830418139000667,45690.897516875906,0.0,45690.897516875906,22224.095399759943,18014.939008888887,2578.9548541838158
2025-10-21,2025-10-20,2025-08-26,2025-10-20,8558.33794411111,8715.496287685186,75061.15836982167,72857.90590694718,10.358328833333076,2213.6107917078207,0.0,46221.36700758354,801.9697907520688,16.69723460702461,45436.0944514385,0.0,45436.0944514385,22351.077736515785,17962.930457361108,2007.1772777925153
2025-10-22,2025-10-21,2025-08-27,2025-10-21,8715.496287685186,8440.710564407409,70856.2945959945,70688.98357152304,320.22282275075435,487.5338472222211,462.50446968333335,43625.39702785977,205.25619326347172,288.17362294046677,43708.31445753676,3026.36388306205,46734.67834059881,21946.784498182446,18024.20259447778,1674.0094375017122
2025-10-23,2025-10-22,2025-08-28,2025-10-22,8440.710564407409,5943.652101820989,79219.2432786214,65222.95650890261,569.9281733333332,14566.214943052124,207.5606738777783,49432.297080166616,4624.4768649037505,735.6784778617498,45543.49869312462,1447.9432609713815,46991.44195409599,19486.55409302468,18031.461431677773,595.9274881001437
2025-10-24,2025-10-23,2025-08-29,2025-10-23,5943.652101820989,6111.746003691358,32365.338625054865,32660.174410054868,294.8357849999999,0.0,561.2343700722224,16555.83811316923,0.0,382.6127512997498,16938.450864468978,2965.295359353994,19903.74622382297,17060.88844917695,13668.035132149998,11408.50474643347
2025-10-25,2025-10-24,2025-08-30,2025-10-24,6111.746003691358,8441.47743724074,35040.33151766118,35291.388441344316,251.05692368313368,0.0,435.99595666666426,17746.63409864593,0.0,307.1718724670611,18053.80597111299,2239.6974194599875,20293.503390572976,19084.723895987652,13361.868065555554,10606.095834245545
2025-10-26,2025-10-25,2025-08-31,2025-10-25,8441.47743724074,8564.573674722222,76406.78477879973,69159.22873421537,261.727015333332,7509.283059917694,119.46650617222701,47096.03333053591,2483.3404019508157,358.6759593858805,44971.368887970966,800.7028372241222,45772.071725195085,22054.11630590535,17753.047594049996,433.3145118655688
2025-10-27,2025-10-26,2025-09-01,2025-10-26,8564.573674722222,8450.156076907406,69660.65667548697,71550.47118744286,2652.889572621196,763.0750606652944,113.37416393333595,43015.19780093563,172.14901737479383,2482.628778496505,45325.677562057346,658.5225849612511,45984.20014701859,21617.260686186557,17612.95699384444,4106.959992367422
2025-10-28,2025-10-27,2025-09-02,2025-10-27,8450.156076907406,8502.677431259259,69799.15293268861,71896.46948475583,2150.7488559561066,53.43230388888878,212.78363263110998,43120.48715300417,18.431473226472185,2178.9464062573297,45281.00208603503,1443.258010292123,46724.260096327154,21045.18010035254,16999.32666236889,2090.977979403288
2025-10-29,2025-10-28,2025-09-03,2025-10-28,8502.677431259259,8456.116085277778,77868.16188196206,75945.68062167674,106.10101466666754,2028.582274951991,498.31824879222603,47925.93126708429,657.4391783064165,147.86367559105133,47416.35576436893,3265.0926677062357,50681.448432075165,22214.04931907682,18035.285159835552,2952.9779112277065
2025-10-30,2025-10-29,2025-09-04,2025-10-29,8456.116085277778,6319.130616825713,66766.08804676268,67375.37305027503,1635.5162729362169,1026.2312694238685,225.1717517944454,41569.31502768022,370.45938489104157,1833.3838888342966,43032.23953162347,1319.5760289006682,44351.81556052413,19721.576243340194,17897.76367871241,988.9145874416984
2025-10-31,2025-10-30,2025-09-05,2025-10-30,6319.130616825713,6515.90127087037,34810.57339900023,33942.57866955579,0.36135666666615407,868.3560861111113,246.97146995000048,18368.34040885902,340.8073865126667,0.535042748499241,18028.068065094856,1236.9183337910194,19264.986398885874,17347.389628012577,13874.292010050001,6812.160454876548
2025-11-01,2025-10-31,2025-09-06,2025-10-31,6515.90127087037,8515.878028660494,35965.269322990396,35937.86944296262,31.703285527778007,59.10316555555488,0.0,18517.860571707053,22.596258268499735,44.42773489725467,18539.69204833581,0.0,18539.69204833581,19347.100499087792,13871.17232225,7917.902832791498
2025-11-02,2025-11-01,2025-09-07,2025-11-01,8515.878028660494,8572.461023074076,75757.67907951819,75757.07044166564,1744.123995611108,1744.7326334636514,363.9605063333327,47001.62340475541,660.0066519716365,1656.786244399484,47998.40299718326,2473.1540867929957,50471.55708397625,22393.368745336073,18087.703988750003,3018.982258079564
2025-11-03,2025-11-02,2025-09-08,2025-11-02,8572.461023074076,8526.135737941293,80786.43220199588,75589.21737299685,9.52993793888777,5206.7447669379235,0.0,49988.13800671192,1783.2953609664205,14.348806098829998,48219.19145184432,0.0,48219.19145184432,22453.885337198146,18229.339879749998,1859.7416322153658
2025-11-04,2025-11-03,2025-09-09,2025-11-03,8526.135737941293,8584.508968851853,74938.44216066194,74920.02600438676,339.90128593333225,358.3174422085068,565.0555970222171,46264.64962362713,95.64095239673219,392.05949729288716,46561.068168523285,3698.355727949652,50259.42389647293,21155.897434331346,17083.74101398889,3832.85314773319
2025-11-05,2025-11-04,2025-09-10,2025-11-04,8584.508968851853,8611.93604735185,83190.38505788065,75645.78903596707,0.0,7544.596021913579,3.227683333333289,51837.5620585846,2588.6196332751106,0.0,49248.942425309484,13.880652174999808,49262.823077484485,23329.597519320985,18872.289620000003,1513.6887533127583
2025-11-06,2025-11-05,2025-09-11,2025-11-05,8611.93604735185,6755.143435543209,75939.1510045336,76015.24416760405,923.2801105944477,847.1869475240089,173.25351833333332,47393.79140415604,276.6623872374803,1179.6945423369953,48296.823559255565,873.8015142491661,49170.625073504736,20149.595914417005,17992.286041305553,2661.603262825926
2025-11-07,2025-11-06,2025-09-12,2025-11-06,6755.143435543209,6957.715904969136,34939.07679395062,35213.50899550617,274.43220155555514,2.2737367544323206e-13,133.5821877777753,18069.08177872569,1.1222027751500718e-13,347.8720738301995,18416.95385255589,816.5879138855403,19233.541766441427,18428.491774670783,14744.763115000005,8344.900740279836
2025-11-08,2025-11-07,2025-09-13,2025-11-07,6957.715904969136,8676.720720950618,36940.296514691356,37635.509827324684,695.2133126333292,0.0,0.0,19069.00965943648,0.0,493.07805655338177,19562.08771598986,0.0,19562.08771598986,19266.791036961593,14058.996405555556,8636.508095918649
2025-11-09,2025-11-08,2025-09-14,2025-11-08,8676.720720950618,8577.335033314814,80347.55750600137,78277.0076498882,239.1029845999994,2309.6528407131727,65.5238566666673,50132.61204748307,802.8517949922509,296.82015878487914,49626.580411275696,301.1044735191697,49927.684884794864,22294.1362466598,18147.69747866667,2849.2755552283948
2025-11-10,2025-11-09,2025-09-15,2025-11-09,8577.335033314814,8618.458659,81397.98411883568,81917.7735406553,1744.325254611113,1224.5358327914923,175.30104229999534,50884.46492612726,460.4390885252523,1582.8123238181472,52006.83816142016,1029.9344938869012,53036.77265530705,22597.78421613854,18267.193951955553,3904.041218772298
2025-11-11,2025-11-10,2025-09-16,2025-11-10,8618.458659,8523.565193574077,83445.70666759946,78336.29497124726,0.0,5109.411696352199,0.0,52518.332180758975,1838.5931693155146,0.0,50679.73901144345,0.0,50679.73901144345,22114.741404087796,17998.344656194444,2660.8785566872357
2025-11-12,2025-11-11,2025-09-17,2025-11-11,8523.565193574077,8642.38143212963,80151.69959098504,79578.1971280583,1108.3909688222225,1681.8934317489689,65.17544166666539,49989.69829009272,522.1617897165871,1198.5263353399819,50666.06283571611,454.6638810666578,51120.72671678277,21748.77744182442,17509.57511317778,4448.182491078323
2025-11-13,2025-11-12,2025-09-18,2025-11-12,8642.38143212963,7541.146851141977,76259.43838360082,77161.68259248004,1739.0697087681015,836.8254998888885,332.0629612670125,47939.73702735132,305.454388713394,1875.917108335744,49510.19974697367,2316.4712177986794,51826.67096477235,20186.49033887517,17342.168297377775,2253.552195582991
2025-11-14,2025-11-13,2025-09-19,2025-11-13,7541.146851141977,7680.792802833337,35776.08186764746,37479.68883406372,1703.606966416261,0.0,0.0,19030.188031044905,0.0,1180.7739608335128,20210.96199187842,0.0,20210.96199187842,17672.01570421124,14188.651363888888,6397.869193741369
2025-11-15,2025-11-14,2025-09-20,2025-11-14,7680.792802833337,8672.274581580246,40821.26888727709,39772.93132061043,0.0,1048.3375666666668,0.0,21200.96819321588,333.5614040525835,0.0,20867.406789163295,0.0,20867.406789163295,19266.22345100823,14713.307394444444,7008.128347379971
2025-11-16,2025-11-15,2025-09-21,2025-11-15,8672.274581580246,8579.148385962962,80453.53574604972,81918.0668606452,1539.4975818176913,74.9664672222217,0.0,50369.65725789274,17.17727970205543,1745.9369575456174,52098.4169357363,0.0,52098.4169357363,22618.927309074068,18405.144696405558,3269.7398646433526
2025-11-17,2025-11-16,2025-09-22,2025-11-16,8579.148385962962,8851.597074944444,77707.3970448011,82335.2171909808,4627.820146179698,0.0,0.0,48711.69589722407,0.0,4514.348229570083,53226.04412679415,0.0,53226.04412679415,22020.61036361455,17591.490574444444,5210.343068477357
2025-11-18,2025-11-17,2025-09-23,2025-11-17,8851.597074944444,8724.261002925925,81388.28229123491,81254.11938981667,213.41579691509207,347.57869833333314,0.0,50993.20825422989,116.59209232924995,143.80321055590517,51020.41937245654,0.0,51020.41937245654,23577.65489045268,19212.502926083333,1998.415592113992
2025-11-19,2025-11-18,2025-09-24,2025-11-18,8724.261002925925,8534.383296018517,80731.2372111594,84147.25328025088,3528.3919885359414,112.37591944444432,48.19804833333192,50563.52497337759,36.004373224472225,3805.6371567324286,54333.15775688555,221.13354390332674,54554.29130078888,22361.69467999314,18283.862627011113,4749.307675602198
2025-11-20,2025-11-19,2025-09-25,2025-11-19,8534.383296018517,8028.011553561731,79870.79128996661,81447.10793940927,1612.791538331545,36.47488888888893,0.0,50073.86937944091,12.582012922222235,1698.5958572859206,51759.8832238046,0.0,51759.8832238046,22633.151458497952,18788.587249594442,2809.4676971724184
2025-11-21,2025-11-20,2025-09-26,2025-11-20,8028.011553561731,8318.435702438272,36730.65122067901,37452.199235584565,721.5480149055572,0.0,0.0,19519.621032333853,0.0,538.8103572823803,20058.431389616235,0.0,20058.431389616235,18288.959795048,14552.675699999998,4851.531073869901
2025-11-22,2025-11-21,2025-09-27,2025-11-21,8318.435702438272,8725.42025808025,42296.572620733874,39559.438815118585,4.967629494443884,2742.101435109731,0.0,21887.182520947776,646.0701069822194,7.348614311130836,21248.461028276688,0.0,21248.461028276688,19009.11325386831,15031.095635555554,5361.591713472495
2025-11-23,2025-11-22,2025-09-28,2025-11-22,8725.42025808025,8747.748742111115,81320.87455233862,83107.17704547099,1871.933777021258,85.63128388888913,0.0,51141.302975360064,22.169483668500085,2159.2234634671627,53278.35695515873,0.0,53278.35695515873,22412.029641378598,18133.648373888886,3596.6994946479394
2025-11-24,2025-11-23,2025-09-29,2025-11-23,8747.748742111115,8510.074489574074,80126.79360790987,80808.74918088544,738.5814268644751,56.6258538888884,57.02757722221918,50314.17514358612,14.014307260027653,714.8909269476853,51015.051763273776,328.93055512220144,51343.98231839598,22557.075525672142,18485.13800307778,2631.895535513312
2025-11-25,2025-11-24,2025-09-30,2025-11-24,8510.074489574074,8719.085431907408,91904.18282631689,84410.33521232058,0.7503739666678939,7494.597987962969,0.0,58580.31074329322,2661.1008153297253,1.1100282088918154,55920.319956172396,0.0,55920.319956172396,22431.051142373115,17981.04157722222,3791.6651805030156
2025-11-26,2025-11-25,2025-10-01,2025-11-25,8719.085431907408,8850.326129074077,86717.13759621399,85853.46154923874,847.6232151166641,1711.2992620919047,0.0,54614.07471772703,564.2267559471732,1053.058906339555,55102.90686811942,0.0,55102.90686811942,23091.616952192504,18586.09310382593,4590.270817538843
2025-11-27,2025-11-26,2025-10-02,2025-11-26,8850.326129074077,8322.464724962963,83366.50045794924,84029.54487742783,727.6928422563717,64.6484227777778,0.0,52755.64307871711,14.633378078138904,764.6683572118777,53505.67805785085,0.0,53505.67805785085,21879.640591454037,18197.584142777778,4566.595695418245
2025-11-28,2025-11-27,2025-10-03,2025-11-27,8322.464724962963,8166.547541679013,37759.90574728395,38049.19114522284,539.1837357166671,249.89833777778037,0.0,20026.87075272376,83.84196716550069,360.81932724566553,20303.848112803924,0.0,20303.848112803924,18793.84400485596,15363.339108888887,3697.447699255769
2025-11-29,2025-11-28,2025-10-04,2025-11-28,8166.547541679013,8802.010128123457,49472.79164514403,43191.88716843615,3.117597661110949,6284.022074368995,0.0,25612.79330452396,1523.452391710765,4.611862220081426,24093.952775033275,0.0,24093.952775033275,18796.691473278457,14653.403765555555,4119.149360713245
2025-11-30,2025-11-29,2025-10-05,2025-11-29,8802.010128123457,8701.415692888893,87507.67945479424,88174.1011464295,1289.8410694130328,623.4193777777765,0.0,55202.31049944666,146.04317024552748,1479.1029872665556,56535.37031646769,0.0,56535.37031646769,24084.67005207133,19599.11773388889,3443.72071158039
2025-12-01,2025-11-30,2025-10-06,2025-11-30,8701.415692888893,8488.33266911111,91051.29697449245,85964.1206589299,4.987121433333641,5092.163436995888,4817.973790850123,58311.11981116138,1901.3514343440006,7.377448736330455,56417.14582555371,25376.463550357596,81793.6093759113,24022.078593929895,19649.658382483212,110.74650500000018
2025-12-02,2025-12-01,2025-10-07,2025-12-01,8488.33266911111,8522.976644685183,94296.53636228395,89714.41542742099,20.283308099999203,4602.404242962969,4033.2929292612257,60106.616253853485,1587.468917106495,34.1039264973288,58553.25126324431,20472.474993282052,79025.72625652637,24674.753326309874,19955.370616294334,390.5156966666668
2025-12-03,2025-12-02,2025-10-08,2025-12-02,8522.976644685183,8675.473909425926,84518.88055698217,89582.2494953592,5090.945124488137,27.576186111111383,2818.23933139445,53448.45910469693,9.512405399027871,5071.108015456164,58510.054714754064,13734.1428460112,72244.19756076526,25085.404562572025,20181.93015741666,334.2658549316126
2025-12-04,2025-12-03,2025-10-09,2025-12-03,8675.473909425926,8562.903588,92068.3504739712,87346.48047921562,2.7372784166673227,4724.607273172225,4131.7486713991675,59131.6182768828,1804.1241500898195,4.0492559617759705,57331.543382754746,20962.871990299594,78294.41537305433,24499.6479468323,19946.0281262175,153.4005799999992
2025-12-05,2025-12-04,2025-10-10,2025-12-04,8562.903588,8432.098493962963,44169.678750809326,43139.192026257064,187.8254943229012,1218.3122188751622,1949.518679281769,23162.302444208195,272.04066626513924,198.2124722999774,23088.474250243038,11495.098653419896,34583.572903662935,19976.64724550947,16298.808853496008,99.24463019203802
2025-12-06,2025-12-05,2025-10-11,2025-12-05,8432.098493962963,8539.34035661111,47469.10310002744,45206.82432085734,2.65159833333405,2264.930377503426,2548.0508133277635,24849.134397403523,611.475978419023,3.9047533310010603,24241.5631723155,14839.196457919428,39080.75963023493,20135.696236968455,16213.396275561125,167.94435611111135
2025-12-07,2025-12-06,2025-10-12,2025-12-06,8539.34035661111,8601.841109333332,95504.4197365432,88973.49973554877,5.215810116666603,6536.135811111111,3445.4616333622885,61232.368963828965,2287.00401987275,8.250352632084851,58953.615296588294,18774.101892311133,77727.71718889943,24492.793756227773,19782.9122650945,56.39862777777785
2025-12-08,2025-12-07,2025-10-13,2025-12-07,8601.841109333332,8844.187595592595,97945.66716476681,94896.9745819963,14.874007333330383,3063.56659010384,40.27763333333303,62843.610329743184,1069.8587818928395,19.809251389876035,61793.56079924022,234.7796110166649,62028.34041025688,24885.045918847725,19938.77535663333,2143.7705364485637
2025-12-09,2025-12-08,2025-10-14,2025-12-08,8844.187595592595,8715.12814585185,96856.58197820302,92546.38910352386,40.8667219999993,4351.059596679155,395.51291301078015,62209.59811471624,1544.2781072571295,52.218656851420775,60717.53866431054,2228.7752715162615,62946.313935826794,25614.32937234609,20863.760296367,802.8786738888872
2025-12-10,2025-12-09,2025-10-15,2025-12-09,8715.12814585185,8789.725194074077,93035.91967978739,93743.31505589891,1168.033942366669,460.63856625514313,674.7945904944397,59391.53029179966,180.61133888708,1048.353614148581,60259.27256706117,3256.9716223603436,63516.24418942151,25379.847978916318,20490.539519522223,1141.182720332583
2025-12-11,2025-12-10,2025-10-16,2025-12-10,8789.725194074077,8862.421246000005,96576.27672989026,92363.63075587037,2.410543555555023,4215.056517575442,5.755966666666836,61906.681986803196,1520.6092043534893,3.5476746282325475,60389.62045707794,33.43353238333432,60423.053989461274,24855.75364994511,20067.734009722222,1620.112382314146
2025-12-12,2025-12-11,2025-10-17,2025-12-11,8862.421246000005,8885.196055166669,49216.09035473937,50216.542658904524,1471.4792430540463,471.0269388888893,0.0,25602.204915040238,105.14891541294455,1288.416543152282,26785.47254277957,0.0,26785.47254277957,21009.260445795604,16997.00363284444,2489.8723626200263
2025-12-13,2025-12-12,2025-10-18,2025-12-12,8885.196055166669,8995.80852640123,50423.84266814815,48705.072636051984,423.126383356514,2141.8964154526757,21.678493533336336,26367.386502755,619.1063597308458,456.1072166015755,26204.38735962573,102.79051351054747,26307.177873136276,21456.569666707812,17280.27020592222,751.9182854663972
2025-12-14,2025-12-13,2025-10-19,2025-12-13,8995.80852640123,8842.244547944443,92092.17892879288,94765.78316396434,2673.604235171464,0.0,461.789754616667,58809.61991004976,0.0,2692.5578013968548,61502.177711446624,2248.92662425061,63751.10433569723,25108.41298531551,20476.02209871667,1816.4602319821627
2025-12-15,2025-12-14,2025-10-20,2025-12-14,8842.244547944443,9010.153166555554,94281.49000265432,97685.58358706543,3404.0935844111077,0.0,0.0,60194.27767673282,0.0,3497.6353741236812,63691.913050856485,0.0,63691.913050856485,24379.655992558295,19596.403597222226,3432.7732250626927
2025-12-16,2025-12-15,2025-10-21,2025-12-15,9010.153166555554,8905.055152537041,99453.0436521605,96914.64521035666,0.0,2538.3984418038394,0.0,64454.72078617878,1026.6355952180156,0.0,63428.085190960766,0.0,63428.085190960766,23958.684715562416,19501.12283222222,3038.9919936831293
2025-12-17,2025-12-16,2025-10-22,2025-12-16,8905.055152537041,8950.443271962966,100018.64641469136,95152.78997765432,0.0,4865.856437037039,5.046022777778035,64290.26388743271,1796.097874738788,0.0,62494.166012693924,28.58779053972364,62522.753803233645,24461.77709017146,19773.190135555553,2277.401979149524
2025-12-18,2025-12-17,2025-10-23,2025-12-17,8950.443271962966,8970.934866685186,95288.61554261316,95132.93567332524,173.14369456666827,328.8235638545989,0.0,61492.00503857323,104.3820837430832,143.37633464252178,61530.99928947267,0.0,61530.99928947267,24336.95126985597,19694.488093333333,3124.2055301359287
2025-12-19,2025-12-18,2025-10-24,2025-12-18,8970.934866685186,8856.942242944442,49221.156143971195,49903.6177188546,1623.701654231828,941.2400793484245,0.0,26114.058549939604,322.89592752184086,1178.75610196374,26969.918724381503,0.0,26969.918724381503,20151.20469310013,16425.069162777778,3269.090888532238
2025-12-20,2025-12-19,2025-10-25,2025-12-19,8856.942242944442,9067.937862851852,52477.75521403292,49741.08902731825,0.0,2736.6661867146668,0.0,27873.939060648987,878.5207399671183,0.0,26995.41832068187,0.0,26995.41832068187,20658.28762842936,16543.31692111111,2769.7660700000033
2025-12-21,2025-12-20,2025-10-26,2025-12-20,9067.937862851852,8990.216271462965,98420.06624427983,96554.22161564651,96.65893630555894,1962.5035649388874,4.298783333333404,63319.79648817717,679.3671062143998,102.99144712063746,62743.42082908341,24.969482991667075,62768.39031207508,24582.324969026056,19981.632657161106,2920.0462204482255
2025-12-22,2025-12-21,2025-10-27,2025-12-21,8990.216271462965,8734.543593648146,97799.13616839505,97725.74053570646,180.72915674897354,254.12478943758288,0.0,63078.45778572137,113.72170778704405,123.09015951235318,63087.82623744667,0.0,63087.82623744667,23861.342471838132,19557.792812222222,4484.763792757205
2025-12-23,2025-12-22,2025-10-28,2025-12-22,8734.543593648146,9112.836182685185,100665.74693397118,96752.30184654925,0.0,3913.4450874219456,0.0,64886.442680015476,1435.561548728438,0.0,63450.881131287046,0.0,63450.881131287046,24328.1012055967,19365.2986464,4531.406754019206
2025-12-24,2025-12-23,2025-10-29,2025-12-23,9112.836182685185,8835.556066388888,98763.83112312757,97209.69696186556,7.160168888888734,1561.294330150894,0.0,63872.434532606036,636.2431974798793,12.420941452166382,63248.61227657832,0.0,63248.61227657832,23509.954824828532,19292.615512777782,5137.798333148146
2025-12-25,2025-12-24,2025-10-30,2025-12-24,8835.556066388888,8868.486701333335,95566.70325389574,96843.40458357339,1390.5981485665284,113.89681888888836,0.0,61186.53999550127,44.97615552599979,1418.1056739403668,62559.669513915636,0.0,62559.669513915636,24028.241426344313,19433.23798388889,4435.952607784628
2025-12-26,2025-12-25,2025-10-31,2025-12-25,8868.486701333335,9418.622999493828,51174.64529505487,51188.28473435528,518.0411949999998,504.4017556995879,0.0,27044.059763823265,138.31036551823178,605.0011523874163,27510.75055069245,0.0,27510.75055069245,19988.939950631004,15695.91869166667,3887.6410420576094
2025-12-27,2025-12-26,2025-11-01,2025-12-26,9418.622999493828,9177.67715412346,52469.172338919816,51598.62429743484,326.9415246055565,1197.4895660905352,0.0,27651.842300118147,346.46353641201273,374.40040008481435,27679.779163790947,0.0,27679.779163790947,19250.830872770923,15810.024267777775,4819.008625775029
2025-12-28,2025-12-27,2025-11-02,2025-12-27,9177.67715412346,9217.065375648146,98105.08128508915,96256.4149020919,0.0,1848.6663829972588,0.0,63280.977746334866,715.9129534224573,0.0,62565.06479291241,0.0,62565.06479291241,22948.27294778463,18552.65168833333,5051.538892640603
2025-12-29,2025-12-28,2025-11-03,2025-12-28,9217.065375648146,8931.852020425924,97559.67761893003,98941.53658411014,1418.6979201801112,36.838955000000055,0.0,62400.11127960765,9.235545612805577,1445.9488504664325,63836.82458446127,0.0,63836.82458446127,23110.626693786013,18976.299641666672,7283.443265324135
2025-12-30,2025-12-29,2025-11-04,2025-12-29,8931.852020425924,9069.18401992593,98903.03965265432,95850.18532650138,140.78249105555508,3193.6368172085017,0.0,63591.523373056,1098.6198681134115,213.1548062050992,62706.05831114769,0.0,62706.05831114769,23409.9318630247,18838.4460095,5054.296872976679
2025-12-31,2025-12-30,2025-11-05,2025-12-30,9069.18401992593,8687.221395111112,100474.64041964334,98636.28897191401,1.4789284555557742,1839.8303761849045,0.0,64522.893918027694,572.6133264054442,2.081431484924467,63952.36202310717,0.0,63952.36202310717,23386.683069108363,19286.97964831111,5890.162617783401
