date,train_end_date,residual_history_start_date,residual_history_end_date,soc_open_kwh,soc_close_kwh,original_purchase_kwh,effective_purchase_kwh,upward_adjustment_kwh,downward_adjustment_kwh,emergency_purchase_kwh,base_plan_cost_yuan,downward_credit_yuan,upward_adjustment_cost_yuan,normal_settlement_cost_yuan,emergency_cost_yuan,total_cost_yuan,charge_kwh,discharge_kwh,surplus_discard_kwh
2025-02-01,2025-01-31,2025-01-02,2025-01-31,6000.0,10800.0,53154.19805019205,48633.67057901097,0.0,4520.527471181071,0.0,22464.292196134997,1063.0970566652109,0.0,21401.195139469783,0.0,21401.195139469783,24151.815283401917,15242.970379555554,5346.6497418312765
2025-02-02,2025-02-01,2025-01-02,2025-02-01,10800.0,8839.230981746914,90953.16788781207,86228.11700339588,99.90427362222067,4824.955158038414,0.0,64809.59608868819,1911.2080893265058,160.06386442724522,63058.45186378893,0.0,63058.45186378893,18893.53011552126,17068.451510000003,6046.760447874615
2025-02-03,2025-02-02,2025-01-02,2025-02-02,8839.230981746914,8810.548093095063,95605.76950535939,89008.83978125514,0.0,6596.929724104251,0.0,69006.0907421405,2806.3265268508644,0.0,66199.76421528963,0.0,66199.76421528963,22158.986195736623,17974.593418333334,4607.530503851847
2025-02-04,2025-02-03,2025-01-02,2025-02-03,8810.548093095063,7504.192218165434,96255.41529291357,89326.52975777045,78.88280407222186,7007.76833921536,0.0,70535.52422561863,2950.7897169980865,139.59363172483614,67724.32814034537,0.0,67724.32814034537,20214.977197814813,17549.851817666666,5466.540427622292
2025-02-05,2025-02-04,2025-01-02,2025-02-04,7504.192218165434,9583.1521470321,94744.26878766529,92107.58701194655,498.238714759999,3134.9204904787384,0.0,67314.98199225673,1367.6319366497937,745.5369207318261,66692.88697633875,0.0,66692.88697633875,23834.606843892994,17434.967607573333,4959.520792293557
2025-02-06,2025-02-05,2025-01-02,2025-02-05,9583.1521470321,3005.72678471605,91175.44456989574,82139.947835214,1.5916157281026244e-12,9035.496734681758,7.959461000000147,68395.63959101026,4005.6198572032304,3.160710093652597e-12,64390.01973380703,57.58670033500106,64447.60643414203,15995.460873146769,18876.006133333332,4757.3953397338855
2025-02-07,2025-02-06,2025-01-02,2025-02-06,3005.72678471605,7778.271062567901,53272.19884869506,48789.63267505994,0.0,4482.566173635115,0.0,21954.68734696784,945.788523526705,0.0,21008.898823441137,0.0,21008.898823441137,24022.25291434842,15162.735010555554,8124.435104600412
2025-02-08,2025-02-07,2025-01-02,2025-02-07,7778.271062567901,10800.0,42778.36952642112,43459.41805696295,681.0485305418365,0.0,0.0,17453.386315130687,0.0,554.9744069132564,18008.360722043944,0.0,18008.360722043944,23095.35764954733,15987.683652444448,4774.581343193405
2025-02-09,2025-02-08,2025-01-02,2025-02-08,10800.0,8483.463940171605,89967.52095623457,86226.33009387714,18.96169278777836,3760.152555145211,0.0,64559.33394467762,1545.1656750794032,28.767993282474755,63042.9362628807,0.0,63042.9362628807,19001.528404588476,17476.12046156222,5145.506184184216
2025-02-10,2025-02-09,2025-01-02,2025-02-09,8483.463940171605,8505.761400364197,88586.01824335803,82187.03586302663,19.55281970111082,6418.535200032515,0.0,60679.83468273615,2493.695197936595,29.83536501485001,58215.9748498144,0.0,58215.9748498144,21149.36573158573,17110.918528411115,3821.9510765186733
2025-02-11,2025-02-10,2025-01-02,2025-02-10,8505.761400364197,7625.597847281479,88439.47365944034,81834.7250037284,0.09053722222211036,6604.839192934154,0.0,61612.29592468548,2708.7978754618894,0.14519001641648727,58903.64323924002,0.0,58903.64323924002,21096.123323735257,17880.007090000003,3398.0116366598086
2025-02-12,2025-02-11,2025-01-02,2025-02-11,7625.597847281479,9254.768395475308,91174.55317133554,84268.06536442882,0.0,6906.487806906718,0.0,62460.5303592819,2763.3322351131305,0.0,59697.19812416877,0.0,59697.19812416877,24342.40683996571,18251.096046997776,2910.0184381275694
2025-02-13,2025-02-12,2025-01-02,2025-02-12,9254.768395475308,2732.374438901232,76501.33606831687,72174.83993247012,211.43668911111058,4537.932824957861,2.767724999999814,53331.40769602284,1785.714301003918,297.6813367946992,51843.37473181362,13.916121299999066,51857.29085311362,13909.788219702332,17137.083018875564,4075.42343997668
2025-02-14,2025-02-13,2025-01-02,2025-02-13,2732.374438901232,6630.714541687653,44031.573888609055,44362.72922372016,703.7187545555541,372.5634194444445,0.0,17717.640552286714,51.488264567222224,778.9339588004473,18445.08624651994,0.0,18445.08624651994,22432.776384851848,14662.042779222225,6790.19380142387
2025-02-15,2025-02-14,2025-01-02,2025-02-14,6630.714541687653,10482.779751179012,44403.01514945405,43817.58094089849,43.05694199999988,628.4911505555556,0.0,18591.53196817602,199.88875544030557,65.17314025829982,18456.816352994014,0.0,18456.816352994014,22073.619603412895,14412.773190222222,6876.643427707821
2025-02-16,2025-02-15,2025-01-02,2025-02-15,10482.779751179012,7526.679073309878,85589.69499230315,77845.10719492359,98.45309525555456,7843.040892635118,16.49964666666665,60005.480055354885,3327.127918383711,184.2894263541098,56862.64156332529,87.25013157333325,56949.89169489862,19447.170234836754,18412.6985003,1449.7560070535028
2025-02-17,2025-02-16,2025-01-02,2025-02-16,7526.679073309878,8169.409115740744,89546.32048381207,77802.12212781968,0.0,11744.19835599239,0.0,60997.498089431174,4394.158795872553,0.0,56603.339293558616,0.0,56603.339293558616,20922.368707289435,16368.661614716664,2064.5518685802404
2025-02-18,2025-02-17,2025-01-02,2025-02-17,8169.409115740744,6861.100581518521,77716.94694720459,75982.83113613266,179.5256842668972,1913.6414953388153,0.0,52169.01046967509,634.0469978050803,213.2067619901552,51748.17023386016,0.0,51748.17023386016,18495.12597485322,16158.529720431106,1554.8470983772268
2025-02-19,2025-02-18,2025-01-02,2025-02-18,6861.100581518521,8047.7325951642,81496.99038097804,80937.2987727555,263.57936322189573,823.2709714444428,0.0,53988.650084059744,357.4872451721435,322.2963820300272,53953.459220917626,0.0,53953.459220917626,23903.84374724691,18294.14462298889,2448.272265164142
2025-02-20,2025-02-19,2025-01-02,2025-02-19,8047.7325951642,2616.1168958654325,76681.77329974622,71826.24870041925,218.3100127777762,5073.834612104751,24.868672111110982,53389.40599438004,1937.7993930891164,353.18326928074714,51804.789870571665,136.08265145005484,51940.872522021724,14596.925395780509,16711.96369995111,2973.0219433676275
2025-02-21,2025-02-20,2025-01-02,2025-02-20,2616.1168958654325,5559.557408375314,38970.53042026612,39196.36675793279,225.83633766666952,0.0,0.0,16116.399118850488,0.0,280.6810556670876,16397.080174517578,0.0,16397.080174517578,20716.058968220852,14130.911302999997,7050.957059378599
2025-02-22,2025-02-21,2025-01-02,2025-02-21,5559.557408375314,10800.0,42222.391491469134,42018.284523835864,246.5384685944448,450.6454362277099,0.0,17526.714942398638,119.12824706810137,361.932905082354,17769.51960041289,0.0,17769.51960041289,23637.928284932776,14430.323578333333,4965.91693390309
2025-02-23,2025-02-22,2025-01-02,2025-02-22,10800.0,8151.278239874076,78499.22539831445,74115.1942099921,59.51544146777735,4443.54662979012,15.482654444444279,53112.37242447835,1722.7152198490712,109.20212515283951,51498.85932978213,80.04532347777692,51578.9046532599,18978.52051165158,17756.451198551113,1376.7538680027428
2025-02-24,2025-02-23,2025-01-02,2025-02-23,8151.278239874076,7657.001610475306,77422.17612616597,73868.87043623731,333.65796964060974,3886.9636595692696,52.39974177777788,51837.40639016892,1404.7479714875562,416.0012265929808,50848.65964527435,267.1130636242227,51115.77270889857,19452.5669104074,16201.42816388889,2467.0978148299173
2025-02-25,2025-02-24,2025-01-02,2025-02-24,7657.001610475306,7488.411811080249,80699.1551401262,72396.86727878737,35.20812648889023,8337.495987827728,39.90832344444459,52788.20451747249,3091.346015047364,63.32301687671911,49760.18151930184,202.4078852782785,49962.589404580125,20832.94777085186,17026.418513845554,2808.9231118921743
2025-02-26,2025-02-25,2025-01-02,2025-02-25,7488.411811080249,6990.159138981479,73259.67395252263,74690.75571076955,1446.4131703580229,15.331412111111263,25.217496666666534,47796.28482787951,4.266353492933378,1603.5168495027733,49395.53532388935,129.2144529199993,49524.749776809345,21440.525085871053,17815.252724444443,2275.8528126762676
2025-02-27,2025-02-26,2025-01-02,2025-02-26,6990.159138981479,2496.8476314814857,70094.44281443759,68705.7870899705,213.13949658230257,1601.795221049385,20.962080555555644,46088.06408018113,466.88867201295386,320.9599276765157,45942.135335844694,103.9079909883338,46046.04332683303,17692.231780418377,18374.688098888888,2452.6212889965714
2025-02-28,2025-02-27,2025-01-03,2025-02-27,2496.8476314814857,4865.143099932103,36880.47857969135,36693.782532647456,0.0,186.69604704389525,0.0,14976.238147782275,66.78231896453997,0.0,14909.455828817734,0.0,14909.455828817734,19640.91674889574,13777.676645,7537.948878751714
2025-03-01,2025-02-28,2025-01-04,2025-02-28,4865.143099932103,10800.0,46650.00675943072,44369.87854971405,0.0,2280.128209716666,0.0,18447.06900009393,443.3958377518484,0.0,18003.67316234208,0.0,18003.67316234208,22830.85712729767,13151.623063049998,11031.878552133054
2025-03-02,2025-03-01,2025-01-05,2025-03-01,10800.0,7398.031155234567,80192.90859444445,76102.11549950823,997.5258065727015,5088.318901508916,0.0,54653.03885968072,2025.131874025248,1491.3067966577746,54119.21378231324,0.0,54119.21378231324,17162.280784074068,16963.21939538889,3544.7470441563805
2025-03-03,2025-03-02,2025-01-06,2025-03-02,7398.031155234567,5844.336563376539,84146.75097027434,77090.71451061728,738.0406266666664,7794.077086323736,0.0,56619.87841340783,3124.3864082700816,1066.4317713030832,54561.92377644083,0.0,54561.92377644083,20854.121823175574,18290.163809444446,2509.609863552814
2025-03-04,2025-03-03,2025-01-07,2025-03-03,5844.336563376539,7322.739649024691,78343.14785973937,76547.38233344225,797.238345416598,2593.0038717137177,0.0,50933.17120352403,929.0986470079888,908.383790554826,50912.45634707087,0.0,50912.45634707087,22703.96435752401,17059.648352511107,1703.6083950960156
2025-03-05,2025-03-04,2025-01-08,2025-03-04,7322.739649024691,7546.606107611113,80887.87725163923,72501.9875942716,201.06993766666812,8586.959595034292,0.0,51967.254145821345,3007.9363340257123,376.4172913148193,49335.73510311045,0.0,49335.73510311045,21374.24962558985,17111.662384,2108.928336015091
2025-03-06,2025-03-05,2025-01-09,2025-03-05,7546.606107611113,2368.2088436913573,69718.64711098764,66694.61746837213,530.695329922222,3554.724972537729,0.0,45845.97605449998,1184.4572677612693,835.8634849390287,45497.382271677736,0.0,45497.382271677736,15683.030224300403,17363.812019211116,2434.7451299495197
2025-03-07,2025-03-06,2025-01-10,2025-03-06,2368.2088436913573,5136.794565944442,37803.131515329216,36445.62154376543,0.0,1357.509971563788,0.0,15552.661320866066,408.9034086923782,0.0,15143.757912173689,0.0,15143.757912173689,18617.15507685185,12588.168462222224,9494.349395802466
2025-03-08,2025-03-07,2025-01-11,2025-03-07,5136.794565944442,10593.322338919756,38651.62156731667,38639.912267368934,3.530605566665429,15.239905514404501,0.0,15348.402954719368,5.057518471632143,4.703507183784717,15348.04894343152,0.0,15348.04894343152,21784.71916189986,12734.747525461107,10526.801114263511
2025-03-09,2025-03-08,2025-01-12,2025-03-08,10593.322338919756,7380.337810783953,74696.28585894375,65784.9352150692,24.00568104999877,8935.356324924556,0.0,47956.44522189182,2801.430987428011,36.387786930633084,45191.402021394446,0.0,45191.402021394446,17153.60147216735,16786.103267777777,2083.9119606796276
2025-03-10,2025-03-09,2025-01-13,2025-03-09,7380.337810783953,6574.8607711913555,74210.35165854596,73234.57840143217,954.5950678107675,1930.3683249245541,0.0,48368.1044668909,746.3428055720325,1102.1720320361997,48723.933693355066,0.0,48723.933693355066,21114.927997009603,17828.021013211113,1905.5999676336733
2025-03-11,2025-03-10,2025-01-14,2025-03-10,6574.8607711913555,6899.519816308642,66826.14067246913,70565.83589565157,3818.1748349500035,78.4796117675636,0.0,42229.86096084346,39.84218704571168,3797.7391257204868,45987.75789951824,0.0,45987.75789951824,21297.69201103566,16958.937388333332,2288.1624729492514
2025-03-12,2025-03-11,2025-01-15,2025-03-11,6899.519816308642,6734.508550783949,76242.78004531263,67805.63563447187,34.399175555556326,8471.543586396292,0.0,48391.717587347914,2806.901097918724,68.66763424400153,45653.48412367319,0.0,45653.48412367319,20613.092300994504,16845.114902777776,1602.1235529218159
2025-03-13,2025-03-12,2025-01-16,2025-03-12,6734.508550783949,2151.1200437750344,71037.94030426611,69050.21193603869,575.9611683339534,2563.6895365613836,96.8628416975281,47050.410140324515,974.8387499458522,627.9702117246735,46703.54160210333,617.9369076673279,47321.47850977066,16252.743330068595,17289.771753663583,2638.4851846645383
2025-03-14,2025-03-13,2025-01-17,2025-03-13,2151.1200437750344,5473.7486681793935,35035.91266871361,35362.92357093583,327.01090222222115,0.0,0.0,13646.387236931698,0.0,337.56920005699806,13983.956436988696,0.0,13983.956436988696,18958.793487369298,12366.256962805215,12740.96106303841
2025-03-15,2025-03-14,2025-01-18,2025-03-14,5473.7486681793935,10158.099698351849,36763.34821460863,37188.88818349752,425.5399688888892,0.0,2.695122222220334,14571.121331191907,0.0,419.24837197566706,14990.369703167573,10.428775438881583,15000.798478606454,21984.49806644676,13591.527506666665,7874.487595939647
2025-03-16,2025-03-15,2025-01-19,2025-03-15,10158.099698351849,8501.641609117287,70031.96544516462,68006.48585758574,759.9194316666678,2785.399019245549,1.6400000000001,44807.17185710529,1069.0994868641958,602.5805011111686,44340.652871352264,8.081100000000493,44348.73397135227,19080.456800027438,16945.982288333333,2522.6044125582966
2025-03-17,2025-03-16,2025-01-20,2025-03-16,8501.641609117287,6857.553534944444,65570.36717231262,61393.3777061454,600.6609220439012,4777.650388211115,0.0,39895.433084426055,1142.2546860018483,751.1533818103801,39504.331780234585,0.0,39504.331780234585,19314.879810589846,17124.731913333337,1345.0983755555571
2025-03-18,2025-03-17,2025-01-21,2025-03-17,6857.553534944444,6842.996546722225,76035.48725319616,67151.45909482538,0.0,8884.028158370787,0.0,47913.75894968814,3067.4659103453064,0.0,44846.29303934284,0.0,44846.29303934284,20768.134276913584,16835.290053700002,2092.656504945128
2025-03-19,2025-03-18,2025-01-22,2025-03-18,6842.996546722225,7809.039475413577,63589.11028261316,67174.40279470506,3585.292512091908,0.0,0.0,39070.127988498476,0.0,3305.915358695554,42376.04334719403,0.0,42376.04334719403,22105.2712280384,17035.83105888889,2639.492175555556
2025-03-20,2025-03-19,2025-01-23,2025-03-19,7809.039475413577,2387.340080543212,65047.95531842936,60753.21163275371,441.5407351611123,4736.284420836761,114.05960587778263,42271.84579996858,1672.1518435904568,549.8883551649842,41149.58231154311,571.7916138370963,41721.373925380205,15767.15508260632,17650.925072294438,542.0794116529423
2025-03-21,2025-03-20,2025-01-24,2025-03-20,2387.340080543212,5880.189575709875,33816.72379528888,33595.6233957111,92.42421819999993,313.5246177777789,3.0186409722227268,13221.40950631282,98.10645574916714,83.01147866026338,13206.314529223917,14.990571068058061,13221.305100291975,19294.798749753085,12485.222441650003,14755.601211913581
2025-03-22,2025-03-21,2025-01-25,2025-03-21,5880.189575709875,10783.358518518518,36067.39479241667,35719.91876186111,0.0,347.4760305555561,0.0,14349.589483618545,111.47228273850017,0.0,14238.117200880046,0.0,14238.117200880046,20493.129150891633,12186.582563694443,11532.172441330587
2025-03-23,2025-03-22,2025-01-26,2025-03-22,10783.358518518518,7535.019204518514,68446.0575208985,61545.3634575238,19.054829094443335,6919.74889246913,0.0,43004.91919339904,2323.0163333111013,35.490571929855435,40717.393432017794,0.0,40717.393432017794,17505.67286347737,17103.100402016666,2373.0708793964313
2025-03-24,2025-03-23,2025-01-27,2025-03-23,7535.019204518514,6933.0293338888905,67140.4402942867,63243.22320320303,576.6302983333348,4473.847389417007,164.05976318888776,41286.93782417049,1263.185205893441,755.560456119503,40779.31307439656,836.9921209477053,41616.30519534426,20784.942817448566,17377.594565699997,2001.4376313100151
2025-03-25,2025-03-24,2025-01-28,2025-03-24,6933.0293338888905,6558.867023703704,74721.416540679,65159.63392646775,0.0,9561.782614211246,0.0,46425.87524760321,3214.000875612612,0.0,43211.8743719906,0.0,43211.8743719906,21306.816246570652,17595.26723888889,497.9602021193302
2025-03-26,2025-03-25,2025-01-29,2025-03-25,6558.867023703704,7560.960120888888,65732.24691660493,61887.696543459526,831.3025924444449,4675.852965589852,0.0,39890.19782286236,1378.6069180627892,990.2965546497337,39501.8874594493,0.0,39501.8874594493,21986.059396460892,16906.824323666668,1215.9066039986344
2025-03-27,2025-03-26,2025-01-30,2025-03-26,7560.960120888888,2382.9164549629663,62834.78727177737,57615.29814609109,9.489512638887618,5228.978638325174,107.23828116111068,39594.48563532936,1694.6983448018457,14.034875954081361,37913.8221664816,546.4187206180701,38460.24088709967,15709.526847174211,17384.956045544444,680.9762256224313
2025-03-28,2025-03-27,2025-01-31,2025-03-27,2382.9164549629663,5847.724884987654,33640.51780037036,33555.33316561042,0.0,85.18463475994568,0.0,13172.523599976135,30.92426548045329,0.0,13141.599334495682,0.0,13141.599334495682,18644.89062801097,11984.033821666668,16072.595592599455
2025-03-29,2025-03-28,2025-02-01,2025-03-28,5847.724884987654,10522.681962037042,34100.747296288886,34573.81173073334,473.06443444444693,0.0,0.0,12976.593918953742,0.0,457.78329629958654,13434.37721525333,0.0,13434.37721525333,20664.5822403978,12530.850245377775,18732.870552379973
2025-03-30,2025-03-29,2025-02-02,2025-03-29,10522.681962037042,7536.88248211111,63868.69789832646,56243.44422668422,264.09052526666954,7889.344196908914,0.0,38284.402591866616,2153.4300645258513,505.2315838876655,36636.20411122843,0.0,36636.20411122843,18213.30329613168,17439.995201799997,124.51643235253914
2025-03-31,2025-03-30,2025-02-03,2025-03-30,7536.88248211111,7002.518044351855,57286.25697967764,60843.67337527881,3583.8362194283336,26.41982382716003,0.0,35421.12923690502,5.28792773900608,2700.787905278864,38116.62921444488,0.0,38116.62921444488,19757.12778407408,16484.201499083334,619.3576069547321
2025-04-01,2025-03-31,2025-02-04,2025-03-31,7002.518044351855,5960.723938407408,70321.96378812757,64373.85527768855,218.5677952499963,6166.676305689017,0.0,43959.72352727469,1916.4381564764512,285.7007446090195,42328.98611540726,0.0,42328.98611540726,18974.528409862825,16306.982707338895,1497.4580584979458
2025-04-02,2025-04-01,2025-02-05,2025-04-01,5960.723938407408,7277.922337886832,69428.84781732509,67533.14826636646,171.7136321277748,2067.413183086417,64.87664759814936,41829.79515722829,517.0373045122248,186.54617194563326,41499.3040246617,431.9487197084784,41931.25274437018,22234.487741872425,16824.456511385186,1752.6582834773692
2025-04-03,2025-04-02,2025-02-06,2025-04-02,7277.922337886832,2346.4525354259263,63716.39098865798,56239.27813228623,0.0,7477.1128563717475,0.0,40422.172227136056,2225.780530657231,0.0,38196.39169647882,0.0,38196.39169647882,15520.75232648376,17010.132206666665,1865.12774580247
2025-04-04,2025-04-03,2025-02-07,2025-04-03,2346.4525354259263,5397.836682222222,31329.078248374484,31310.036222818926,65.47124888888547,84.51327444444331,0.0,12054.350723589243,34.18411923697178,63.31767277957993,12083.48427713185,0.0,12083.48427713185,17582.09065419067,11495.247697777779,18792.391016406036
2025-04-05,2025-04-04,2025-02-08,2025-04-04,5397.836682222222,10464.914124981482,33692.710200999994,34018.85430299445,326.1441019944509,0.0,0.0,13063.915901619433,0.0,305.2243291029268,13369.140230722358,0.0,13369.140230722358,20979.375635240052,12432.924566061105,13428.288250482168
2025-04-06,2025-04-05,2025-02-09,2025-04-05,10464.914124981482,7467.1668565555565,62431.28624487654,57265.11384848423,700.9638572222224,5867.136253614534,0.0,37788.97287788657,1472.601827455457,945.5140028459167,37261.88505327703,0.0,37261.88505327703,17527.646185288067,16895.365951666667,2222.757348196159
2025-04-07,2025-04-06,2025-02-10,2025-04-06,7467.1668565555565,6062.028011876541,55894.82755390947,56866.80867040946,1786.1179126934128,814.1367961934178,0.0,33627.05002870944,181.15925507483234,1918.5796556935072,35364.47042932811,0.0,35364.47042932811,18564.355743909455,16301.753112777777,1361.4867559444483
2025-04-08,2025-04-07,2025-02-11,2025-04-07,6062.028011876541,6438.942238351851,67470.73617370371,60293.47820284637,82.62760888888886,7259.885579746226,0.0,40265.147007012885,1943.0900631254149,126.81380310516684,38448.870746992645,0.0,38448.870746992645,21432.66947248971,17021.23946888889,1528.8545825788788
2025-04-09,2025-04-08,2025-02-12,2025-04-08,6438.942238351851,7398.290468703705,66437.94984926612,66414.9684649314,1557.5619522222175,1580.5433365569231,0.0,40048.416684557014,591.3506617549704,1376.910985721244,40833.977008523296,0.0,40833.977008523296,22294.90175937586,17195.45701777778,2181.2127066666617
2025-04-10,2025-04-09,2025-02-13,2025-04-09,7398.290468703705,2458.1339291728427,57944.19779075445,55270.32535303285,1205.3498600013004,3879.222297722907,0.0,36216.57228815982,1234.2402870714886,823.4433393161773,35805.77534040451,0.0,35805.77534040451,15520.46834222908,17017.720242783333,2306.9393535870977
2025-04-11,2025-04-10,2025-02-14,2025-04-10,2458.1339291728427,3926.3124708678397,28190.359316268856,28565.189277874415,374.8299616055553,0.0,115.15548840555503,11037.963128788255,0.0,376.2783836987808,11414.241512487035,353.3620256593956,11767.603538146432,15210.298357967005,10998.980982427776,19152.377224074073
2025-04-12,2025-04-11,2025-02-15,2025-04-11,3926.3124708678397,10667.010663074076,35557.80901844116,34929.66243788561,21.15992444444339,649.3065049999996,0.0,13647.2412264013,187.36091898786103,30.870213771998465,13490.750521185437,0.0,13490.750521185437,20695.767449369,10696.943261003278,15905.677699519885
2025-04-13,2025-04-12,2025-02-16,2025-04-12,10667.010663074076,7421.261155703705,57572.98470545556,55998.25964398772,161.29040266111042,1736.0154641289473,0.0,35149.30937496359,400.9378512345221,167.61252892433004,34915.984052653395,0.0,34915.984052653395,17601.213635425236,17178.157601327777,1298.8451265569277
2025-04-14,2025-04-13,2025-02-17,2025-04-13,7421.261155703705,5988.060911870371,62824.40107078188,54769.10605549568,453.2321803722193,8508.527195658426,124.13524960000098,37900.46909518021,2661.9008734244435,844.8294988058162,36083.39772056159,807.8101367720063,36891.2078573336,18335.196225679014,16141.389162250005,171.40244166666685
2025-04-15,2025-04-14,2025-02-18,2025-04-14,5988.060911870371,6648.353727179014,56960.65996456104,57289.57839154705,1338.457129180798,1009.5387021947865,0.0,33390.726789945285,198.0460800267807,1392.7879312398,34585.46864115831,0.0,34585.46864115831,20521.170553525375,16027.884614577779,2656.863619266121
2025-04-16,2025-04-15,2025-02-19,2025-04-15,6648.353727179014,6670.090042999998,62837.60707472565,61209.068406687235,875.5238527160487,2504.06252075446,0.0,37336.24895468801,630.4575038023047,1127.05680242875,37832.848253314456,0.0,37832.848253314456,19956.72352306584,16145.383369444444,1618.1363030658408
2025-04-17,2025-04-16,2025-02-20,2025-04-16,6670.090042999998,2537.17174937037,51540.68019831961,53528.05463386832,3524.823703484231,1537.4492679355267,0.0,32157.43131906945,422.8509843016537,2388.6841696458464,34123.264504413644,0.0,34123.264504413644,15848.370290342937,16556.806399444442,1368.1483929698252
2025-04-18,2025-04-17,2025-02-21,2025-04-17,2537.17174937037,4102.895951962965,28235.59374983539,28134.41161255762,36.90182827778262,138.08396555555458,0.0,10962.259053967113,52.996859720221856,32.180845691662405,10941.443039938553,0.0,10941.443039938553,14983.217883539095,10727.254703333334,17524.331249018524
2025-04-19,2025-04-18,2025-02-22,2025-04-18,4102.895951962965,10524.710109296291,33790.360468152256,34322.78766337448,532.4271952222211,0.0,0.0,12510.6228774044,0.0,465.70503286744906,12976.327910271848,0.0,12976.327910271848,20775.068754375854,11048.172949444448,17811.21260844307
2025-04-20,2025-04-19,2025-02-23,2025-04-19,10524.710109296291,7004.204093777777,53697.44519479424,53646.05716244856,999.7772718792867,1051.1653042249657,0.0,32817.29227238819,243.28226919040702,992.1379208524609,33566.14792405025,0.0,33566.14792405025,16763.31206300412,16746.738185000002,1671.7384011111124
2025-04-21,2025-04-20,2025-02-24,2025-04-20,7004.204093777777,6590.278682074072,61545.779658340194,54090.158200246915,0.0,7455.621458093281,0.0,35807.85219173548,1824.0811050408647,0.0,33983.771086694614,0.0,33983.771086694614,19205.33278466392,15928.852426111112,2296.767458360772
2025-04-22,2025-04-21,2025-02-25,2025-04-21,6590.278682074072,7453.838095012346,55493.95851049383,57755.10243908094,2261.1439285871065,0.0,0.0,33179.29156255635,0.0,2171.4230140113473,35350.7145765677,0.0,35350.7145765677,20612.32922768176,15918.783202777779,908.6270975102872
2025-04-23,2025-04-22,2025-02-26,2025-04-22,7453.838095012346,6832.538002740739,51851.09715093964,55669.861837913035,3821.765944751166,3.0012577777778233,0.0,31524.177441983353,1.8981708698333577,3127.967678346015,34650.24694945953,0.0,34650.24694945953,18762.690331515776,15756.949251572223,1264.204041302813
2025-04-24,2025-04-23,2025-02-27,2025-04-23,6832.538002740739,2454.189178117287,49621.93711484911,49379.930322482454,887.2074987444449,1129.2142911111073,0.0,30652.744304506785,226.01887638341583,1129.8117810351578,31556.53720915853,0.0,31556.53720915853,14252.671299979427,15485.177695144444,3522.3300176474645
2025-04-25,2025-04-24,2025-02-28,2025-04-24,2454.189178117287,3804.1282659506173,27822.764003158092,27193.030518713647,0.0,629.7334844444474,0.0,10660.842594472022,202.97378075555685,0.0,10457.868813716465,0.0,10457.868813716465,15200.858398381344,11097.750123638894,21089.56459397119
2025-04-26,2025-04-25,2025-03-01,2025-04-25,3804.1282659506173,10496.882248197535,33607.5660812,33737.16459011666,129.59850891666406,0.0,0.0,12707.313396890546,0.0,118.03872276697261,12825.352119657518,0.0,12825.352119657518,20938.968194156376,10937.085653244441,23665.0884158714
2025-04-27,2025-04-26,2025-03-02,2025-04-26,10496.882248197535,6704.2347516481495,49445.20981085939,50932.04564043547,1687.5548858243615,200.7190562482843,0.0,30216.89284094825,67.69691406400584,1669.156613414067,31818.35254029831,0.0,31818.35254029831,16216.245054389574,16548.54124095,2690.8706436625625
2025-04-28,2025-04-27,2025-03-03,2025-04-27,6704.2347516481495,6876.450543333338,66009.06876402606,63665.69361803464,1050.2762008192717,3393.6513468106964,0.0,39470.22267519183,976.9823614698007,1084.6341302842313,39577.87444400626,0.0,39577.87444400626,20439.03785807956,16400.62645252778,3005.3148958161864
2025-04-29,2025-04-28,2025-03-04,2025-04-28,6876.450543333338,8326.442259981484,56956.7350911111,57123.41548625514,953.7071099999996,787.0267148559674,0.0,33353.1693288249,143.58500900933964,1262.7617173287497,34472.346037144314,0.0,34472.346037144314,19474.566096001367,14469.40599277778,4685.041666364879
2025-04-30,2025-04-29,2025-03-05,2025-04-29,8326.442259981484,8259.69628514815,52548.53789162551,52486.24677773661,0.0,62.29111388889112,0.0,31312.687599004894,38.73955054139027,0.0,31273.948048463502,0.0,31273.948048463502,18226.68312329903,14823.68470722222,826.3939283264724
2025-05-01,2025-04-30,2025-03-06,2025-04-30,8259.69628514815,1947.0538569444443,48801.028441371745,48148.63032364959,1380.7652585055528,2033.1633762277118,1915.074583361111,31126.456244093362,432.22361610493124,1805.7339383422313,32499.966566330662,9819.39507316408,42319.361639494746,11981.270499279835,15386.207289800002,2457.2628975308658
2025-05-02,2025-05-01,2025-03-07,2025-05-01,1947.0538569444443,2960.814342092592,29573.30982052126,29515.38552243237,197.9731474666669,255.89744555555617,1149.875346666664,12064.781229380755,85.56517796972247,319.5286600112004,12298.744711422234,5930.185361087867,18228.930072510102,14805.333963305902,11079.936073644449,12649.542896104249
2025-05-03,2025-05-02,2025-03-08,2025-05-02,2960.814342092592,10072.33438296708,35194.20421616598,35208.274047832645,72.45496335390754,58.38513168724261,1451.882552870369,13556.124471318759,18.206931070285947,98.25979855240172,13636.177338800875,7037.83051289729,20674.007851698167,20872.096071364882,10506.02978101852,17426.918660356652
2025-05-04,2025-05-03,2025-03-09,2025-05-03,10072.33438296708,7574.936727623456,57677.379113278876,52245.4472633463,761.2750596833334,6193.206909615916,1427.8905086500017,35261.609300415395,1675.1301209956007,1472.5642363394704,35059.04341575925,8365.233383367726,43424.27679912699,15425.072916152256,14741.966951892591,1255.5644744032988
2025-05-05,2025-05-04,2025-03-10,2025-05-04,7574.936727623456,4691.710015253086,59133.40976486282,55962.79257248505,580.1823020666665,3750.7994944444445,1060.117015866667,36704.550777423894,1266.445343724167,1087.0585702672097,36525.16400396693,6705.190166804479,43230.35417077142,16489.364055336067,15951.288925955558,1408.8276589711977
2025-05-06,2025-05-05,2025-03-11,2025-05-05,4691.710015253086,7583.080269765431,56547.43701993142,59776.44953898992,4140.57663270047,911.5641136419779,1303.946950736665,34509.38362038521,203.3042940391644,4049.2136801959487,38355.29300654199,7526.134721048629,45881.42772759062,22281.90907959808,15446.113125413332,1374.5181688751682
2025-05-07,2025-05-06,2025-03-12,2025-05-06,7583.080269765431,7515.4467531111095,56858.367416433466,59103.376837712756,2251.619187945958,6.609766666666701,1103.5695816555528,35295.92836799264,4.089132148333355,1919.8633644774711,37211.702600321776,7121.53367593402,44333.2362762558,19981.743514485588,16246.082411722222,1403.4393666049436
2025-05-08,2025-05-07,2025-03-13,2025-05-07,7515.4467531111095,1999.0931780411522,58433.51192434842,53995.706282967905,411.71004673333596,4849.51568811385,498.83329585925765,36297.390650785186,1200.0398966541936,707.9424400241678,35805.293194155165,2619.2989293152814,38424.592123470444,13239.614330480106,15688.80582525185,1117.2186735989083
2025-05-09,2025-05-08,2025-03-14,2025-05-08,1999.0931780411522,3052.7265223703707,28571.53333728011,28892.273001646776,410.0161238111086,89.27645944444458,391.0463374999992,11537.558820644159,24.69417243588893,504.4548585982721,12017.319506806543,1840.906508761246,13858.226015567787,14377.935953278458,10697.85811225926,17103.855648127574
2025-05-10,2025-05-09,2025-03-15,2025-05-09,3052.7265223703707,9968.431887164608,35534.105168255555,35993.3715543111,459.26638605555263,0.0,348.0287089814829,14242.815409913943,0.0,398.17919793662134,14640.994607850564,1707.2698104657718,16348.264418316334,20988.62050688614,10776.647782262962,14008.382255336077
2025-05-11,2025-05-10,2025-03-16,2025-05-10,9968.431887164608,6393.534424748971,58667.36189829447,55526.74717834385,673.0566578888886,3813.6713778395,616.6403624074075,35860.16134675448,922.1082798377768,996.159316238249,35934.212383154954,4232.529953862408,40166.74233701736,14824.116571572933,15224.94213914815,1060.1340249931443
2025-05-12,2025-05-11,2025-03-17,2025-05-11,6393.534424748971,6614.559553018518,55165.43068908551,57335.718204286255,3271.5428052007474,1101.2552899999998,178.54874091666676,34076.19160310625,297.31759307216663,3345.1107568347716,37123.98476686886,1120.1788741821395,38244.163641051,17425.74926918839,13915.934292599999,2073.256735281201
2025-05-13,2025-05-12,2025-03-18,2025-05-12,6614.559553018518,6797.510901255144,64852.56494243484,59229.46589434156,1011.5168755075462,6634.615923600822,272.01971568518496,38771.55191103925,1809.3124976845186,1340.771887997835,38303.011301352555,1783.7793872390973,40086.79068859166,18506.416011598078,14825.540755981481,2691.3975877434855
2025-05-14,2025-05-13,2025-03-19,2025-05-13,6797.510901255144,8682.888025713992,64790.99726119943,61354.54603034491,1706.9307315117294,5143.381962366257,177.96230299259267,38939.57882381441,1486.4428248657866,1308.095188443753,38761.231187392375,1243.2185262538692,40004.449713646245,20400.37617435985,14827.465289218522,2945.44866486283
2025-05-15,2025-05-14,2025-03-20,2025-05-14,8682.888025713992,3091.0061896172842,54230.927762505715,52551.22835093507,1577.463358381341,3257.1627699519895,0.0,35771.03050729752,1169.4897742063058,1010.3654883748798,35611.906221466095,0.0,35611.906221466095,12598.595743157295,15237.556204444445,2425.1305288888834
2025-05-16,2025-05-15,2025-03-21,2025-05-15,3091.0061896172842,3683.5352074814796,28852.607624900003,28097.286081899998,0.0,755.3215430000016,0.0,12186.80983415019,281.40735627851205,0.0,11905.402477871678,0.0,11905.402477871678,14060.082398847735,10855.39062698889,22177.08777670782
2025-05-17,2025-05-16,2025-03-22,2025-05-16,3683.5352074814796,10497.615210473252,35718.370517155556,35566.163885939444,78.65001656166689,230.85664777777757,86.5639775925917,14759.535195549273,71.33021156449995,119.95631964461836,14808.161303629393,516.1809983846243,15324.342302014018,20858.923325369684,10763.055890856851,15108.061345685872
2025-05-18,2025-05-17,2025-03-23,2025-05-17,10497.615210473252,5714.629393037037,60894.20870358504,54280.69808509499,50.35615230555396,6663.8667707956065,0.0,38035.34451737754,1881.9068894254265,86.9869439498848,36240.424571902,0.0,36240.424571902,13451.586414074072,15200.472231092594,2353.4158021135154
2025-05-19,2025-05-18,2025-03-24,2025-05-18,5714.629393037037,6864.531732228396,60915.683240843624,58457.988388075515,561.911381450001,3019.606234218106,12.233166666666762,36648.74598086672,493.5842513538537,704.0195958383924,36859.18132535125,83.24669916666731,36942.428024517925,18601.580610829904,14032.368189499999,6385.792583412275
2025-05-20,2025-05-19,2025-03-25,2025-05-19,6864.531732228396,5940.583711755143,58466.748033285316,58886.540260829905,1776.9419833539123,1357.149755809325,29.536754429630378,35769.32319138266,340.89643867849253,1616.7166804841181,37045.14343318828,197.4827401165087,37242.62617330479,17426.409001961594,14946.944510014815,1909.2177066460868
2025-05-21,2025-05-20,2025-03-26,2025-05-20,5940.583711755143,7647.607963555556,57396.89713804985,60070.06649069044,3434.9685576406055,761.7992049999991,0.0,35752.5348430842,134.78416136661093,2826.3106397796296,38444.06132149721,0.0,38444.06132149721,19152.049054126655,13976.837907222223,3532.2400604526792
2025-05-22,2025-05-21,2025-03-27,2025-05-21,7647.607963555556,2671.146556074073,52162.001011399174,50468.18903493142,0.0,1693.811976467763,0.0,33873.37438695204,521.882726968283,0.0,33351.49165998376,0.0,33351.49165998376,12062.689460823043,14249.59373,1838.4624874417086
2025-05-23,2025-05-22,2025-03-28,2025-05-22,2671.146556074073,3942.8981657963,28441.61745897778,29268.46834008889,875.8030549999992,48.952173888889774,0.0,11924.898817005756,25.075751074583785,817.1423427964154,12716.965408727589,0.0,12716.965408727589,13755.432020980797,9997.323488244445,19089.410924019205
2025-05-24,2025-05-23,2025-03-29,2025-05-23,3942.8981657963,10800.0,36335.24686078333,35839.50674245,0.0,495.740118333332,0.0,15150.142682363548,184.94122832547168,0.0,14965.201454038077,0.0,14965.201454038077,21142.833243484223,10954.303276438892,21896.475392071334
2025-05-25,2025-05-24,2025-03-30,2025-05-24,10800.0,5154.170792944444,54361.615567791494,51763.17397405075,354.06777033333316,2952.5093640740743,0.0,34484.00266859665,626.0925771106425,453.0623116195661,34310.97240310558,0.0,34310.97240310558,10862.588104643351,13879.942651111112,6235.51833718518
2025-05-26,2025-05-25,2025-03-31,2025-05-25,5154.170792944444,5228.020566469138,58321.68008129629,61354.800598805974,3043.5700641763437,10.449546666666606,0.0,35971.90847392115,6.262577921583298,2484.3303500604584,38449.976246060025,0.0,38449.976246060025,18799.383852613162,15161.036124444445,3136.619920637254
2025-05-27,2025-05-26,2025-04-01,2025-05-26,5228.020566469138,6500.148159759257,56580.92410255144,57812.27508107043,2355.296782668509,1123.9458041495213,0.0,35227.353401888424,218.92213975717482,1509.9056960990877,36518.33695823033,0.0,36518.33695823033,18792.69650694787,14077.169336666668,3706.3806107892287
2025-05-28,2025-05-27,2025-04-02,2025-05-27,6500.148159759257,6080.976999388891,62886.02319799725,59021.014245400205,451.74751019444346,4316.756462791494,0.0,38627.2271150898,1091.7338693261122,619.7040230966418,38155.19726886033,0.0,38155.19726886033,17291.617029629626,14383.463838333333,3839.0369541039113
2025-05-29,2025-05-28,2025-04-03,2025-05-28,6080.976999388891,2592.8192799629664,57913.47520843621,57413.26008670782,1626.4841929698205,2126.6993146982136,17.817433333333497,36617.08647400371,479.8941080841264,1299.955060551464,37437.147426471034,119.80442173333444,37556.95184820437,14877.652371733046,15190.2403685871,3633.542016895207
2025-05-30,2025-05-29,2025-04-04,2025-05-29,2592.8192799629664,3707.5893458148175,28535.571906366662,28687.24579342222,151.67388705555587,0.0,0.0,12577.893507415096,0.0,151.6508140369501,12729.544321452046,0.0,12729.544321452046,13320.048399327843,9785.946144188893,18556.9102716166
2025-05-31,2025-05-30,2025-04-05,2025-05-30,3707.5893458148175,10704.021666666667,39075.62088043333,37517.66406598888,0.0,1557.9568144444452,0.0,15938.544261590823,455.7817016399729,0.0,15482.762559950852,0.0,15482.762559950852,20427.540733196158,10249.518905122222,18950.46068791495
2025-06-01,2025-05-31,2025-04-06,2025-05-31,10704.021666666667,3531.0065560679013,72762.47804046639,67309.5489265603,3284.8698496947263,8737.798963600822,1278.0376822111132,51241.13326206643,3364.048188166742,5373.186155500915,53250.271229400605,7951.286910758598,61201.5581401592,14468.263274732508,18175.006852072212,1069.5038861111095
2025-06-02,2025-06-01,2025-04-07,2025-06-01,3531.0065560679013,2561.429125932097,80495.01915440329,70908.45667778196,1464.4894947163966,11051.051971337723,1121.8724010222231,54410.04965375687,3934.012140678135,2987.519961968756,53463.55747504749,6839.169144785799,60302.72661983328,21428.173598443067,18229.440301861105,190.78833222222158
2025-06-03,2025-06-02,2025-04-08,2025-06-02,2561.429125932097,3728.0731495123455,76384.69243436214,73382.60344382675,1776.3229343000057,4778.411924835392,1037.0984577777785,50438.73293342441,1336.824797341486,3308.604837184905,52410.51297326784,6455.497600283224,58866.01057355107,21675.860785637862,16507.467615144436,1058.9418977777775
2025-06-04,2025-06-03,2025-04-09,2025-06-03,3728.0731495123455,3605.5416058806572,85531.64083061728,73202.15332904685,211.80161104190927,12541.289112612341,896.9037696481435,58208.66939879263,4734.219958132748,413.27255225396584,53887.72199291385,6007.349758388013,59895.07175130186,22151.011606529493,18052.597790557404,355.3824660562384
2025-06-05,2025-06-04,2025-04-10,2025-06-04,3605.5416058806572,1200.0,71207.79921998768,70890.27505097451,2605.2624980444434,2922.7866670576095,1803.0304863833335,48241.95676209276,874.300392248525,4346.105830209756,51713.76220005399,8694.27164154729,60408.03384160129,17819.6575461134,16598.910057644443,323.2400322222235
2025-06-06,2025-06-05,2025-04-11,2025-06-05,1200.0,1438.3272773641975,34785.17034547325,34646.27465316214,1482.090574911114,1620.986267222224,1762.3147973999955,17222.820550118515,481.66710258994465,2450.6702086517375,19191.82365618031,7559.065974757837,26750.889630938145,14006.146932901233,11130.484466022222,2677.931583683131
2025-06-07,2025-06-06,2025-04-12,2025-06-06,1438.3272773641975,9976.854862152262,49022.42233755144,43318.22138353478,860.9113620944516,6565.112316111108,1293.3468027592583,22512.54835552099,1352.4224592036103,1228.3582305532289,22388.484126870608,6027.475544605493,28415.959671476103,22905.307431152265,10868.624192924068,1448.3717813991755
2025-06-08,2025-06-07,2025-04-13,2025-06-07,9976.854862152262,3598.401270814816,68077.56075253781,62503.62021786229,1650.9031081137869,7224.843642789305,53.59899333333374,46883.66340586856,2164.4290517185455,1996.1063918149653,46715.34074596499,369.1954058566694,47084.53615182165,12232.417592073609,15648.866481783332,788.7448342386851
2025-06-09,2025-06-08,2025-04-14,2025-06-08,3598.401270814816,3058.781345765433,83183.05336152263,75527.4986506369,0.0,7655.554710885731,224.74078888888903,57778.40805702942,2829.2603375258127,0.0,54949.1477195036,1586.680042080001,56535.8277615836,21077.493339067216,17558.427537188894,1300.4609043141336
2025-06-10,2025-06-09,2025-04-15,2025-06-09,3058.781345765433,3622.8855472962982,78945.79961628065,78263.34308434828,428.362488863236,1110.8190207956075,9.518935000000283,53858.32280346836,334.76631124173156,611.7435634021995,54135.30005562883,65.97235721416861,54201.272412843,22996.895250589845,18119.7913716,1777.3139070251034
2025-06-11,2025-06-10,2025-04-16,2025-06-10,3622.8855472962982,2411.0675997777757,82123.65612542524,80376.1338379709,1062.7129738899894,2810.235261344307,25.97968333333324,57790.08099413691,1376.3569859256595,1330.4482501842065,57744.17225839545,180.30114189999938,57924.47340029545,22520.83874530864,19332.515536466664,1129.343995795609
2025-06-12,2025-06-11,2025-04-17,2025-06-11,2411.0675997777757,1861.2231918518535,80869.83714358025,77422.79925002696,246.20367220555636,3693.2415657588417,0.0,56240.7936668648,1486.527790205128,515.5874201492659,55269.85329680894,0.0,55269.85329680894,21049.528317304528,17544.977904149997,1465.8574035390955
2025-06-13,2025-06-12,2025-04-18,2025-06-12,1861.2231918518535,2544.4516872222207,36056.94215659808,35875.7662337203,212.47326156666577,393.6491844444447,0.0,17987.68202867776,126.44648937413896,343.4027105523418,18204.63824985596,0.0,18204.63824985596,14099.135711714673,10805.394280655557,4236.711102661182
2025-06-14,2025-06-13,2025-04-19,2025-06-13,2544.4516872222207,10707.337587777773,45458.84350261111,43585.1997461,399.1415329333325,2272.785289444444,0.0,22720.647569350473,565.3112979082775,693.8988892365585,22849.235160678752,0.0,22849.235160678752,21901.084069903973,10393.28078612222,5884.053712318248
2025-06-15,2025-06-14,2025-04-20,2025-06-14,10707.337587777773,4148.498031882718,70061.43963831139,71505.70476119204,2391.0500312414297,946.78490836077,0.0,50040.65435997475,359.945178291035,2352.1466379943176,52032.85581967804,0.0,52032.85581967804,14405.809957235932,17571.66166566666,4044.5821362894394
2025-06-16,2025-06-15,2025-04-21,2025-06-15,4148.498031882718,4237.84377869136,80557.5345084705,79582.36510157271,1045.860189055557,2021.0295959533537,0.0,56313.427121875546,941.7622956325699,1044.982554314335,56416.64738055732,0.0,56416.64738055732,21567.122712297667,17388.95822483333,2710.1477974417003
2025-06-17,2025-06-16,2025-04-22,2025-06-16,4237.84377869136,4431.050046537035,83125.63527792071,82133.87268413971,1530.626093266671,2522.38868704767,0.0,58160.90035240029,1071.0970913881413,1801.5198736441785,58891.323134656326,0.0,58891.323134656326,22030.951833648825,17671.18534419444,3137.094978018655
2025-06-18,2025-06-17,2025-04-23,2025-06-17,4431.050046537035,3464.0671369382744,82106.30921467078,78396.82346854905,916.9747724722272,4626.460518593966,0.0,57474.63347741107,1825.0062079869435,1088.806948456363,56738.43421788049,0.0,56738.43421788049,18028.764093978054,15473.583534761106,4913.252009332093
2025-06-19,2025-06-18,2025-04-24,2025-06-18,3464.0671369382744,2820.648029598766,77891.49459543382,76007.22322561729,3113.7952224416977,4998.066592258232,30.266366666666727,52960.258241706135,1692.8108558932006,3966.9901818727817,55234.43756768571,206.15935655000044,55440.59692423572,20447.435054945123,17141.49959111111,4472.049928449931
2025-06-20,2025-06-19,2025-04-25,2025-06-19,2820.648029598766,3000.495772425926,35540.622140583335,34809.823987805554,0.0,730.7981527777813,0.0,18761.366032171394,284.35538312378,0.0,18477.01064904761,0.0,18477.01064904761,11811.6697430247,9405.58952330556,10003.162918086413
2025-06-21,2025-06-20,2025-04-26,2025-06-20,3000.495772425926,10800.0,44535.88531426112,44237.218019480584,13.88791111111101,312.55520589163643,0.0,21930.6202927519,99.04801439434428,17.137837643833294,21848.71011600139,0.0,21848.71011600139,20754.940638545955,9791.948112405555,13939.48509334019
2025-06-22,2025-06-21,2025-04-27,2025-06-21,10800.0,4059.8971743456786,69720.72105402606,68150.28285635801,2088.1090426268865,3658.5472402949267,0.0,49411.7846412817,1135.853317389209,2815.6468790345907,51091.578202927085,0.0,51091.578202927085,12759.828749958844,16401.553830555556,4334.666836954724
2025-06-23,2025-06-22,2025-04-28,2025-06-22,4059.8971743456786,3988.5692641358028,77992.4714552937,74667.8743731884,0.0,3324.5970821052842,0.0,53809.04618156702,1049.8731728311402,0.0,52759.17300873589,0.0,52759.17300873589,18660.339182757194,15179.06985722222,4125.319047653435
2025-06-24,2025-06-23,2025-04-29,2025-06-23,3988.5692641358028,4951.605283993827,90471.86048707133,85458.5943040192,0.0,5013.2661830521265,0.0,64750.73348563333,2083.6937218255216,0.0,62667.03976380782,0.0,62667.03976380782,23078.328969938266,17826.714047777776,3938.1871318587114
2025-06-25,2025-06-24,2025-04-30,2025-06-24,4951.605283993827,4057.447850117286,79366.1232225583,78363.65071760968,2706.438708936904,3708.911213885528,0.0,54392.18641827398,1183.4075025689708,3399.2340964971418,56608.01301220215,0.0,56608.01301220215,17610.089150775028,15068.913902616669,5385.054102784646
2025-06-26,2025-06-25,2025-05-01,2025-06-25,4057.447850117286,3300.1663336111133,76209.32149252592,75241.03937264252,1075.3800863648771,2043.6622062482838,0.0,51982.684166002466,633.7767774936814,1191.8896196923188,52540.7970082011,0.0,52540.7970082011,18113.46469710562,15353.459769511112,4933.650611714675
2025-06-27,2025-06-26,2025-05-02,2025-06-26,3300.1663336111133,3876.8507369999993,37164.47378046639,35290.96943879972,1.6648833333331368,1875.1692249999978,0.0,19120.20296703108,555.3870724156932,2.788762827499671,18567.604657442887,0.0,18567.604657442887,12079.944934492452,9265.739433888888,12705.118071529496
2025-06-28,2025-06-27,2025-05-03,2025-06-27,3876.8507369999993,10800.0,44577.288956144446,44205.33321630905,0.0,371.9557398353936,0.0,22345.127036858074,152.36478745913493,0.0,22192.76224939894,0.0,22192.76224939894,20393.976921810703,10288.286969966666,12322.71714779835
2025-06-29,2025-06-28,2025-05-04,2025-06-28,10800.0,4502.794658722221,68664.12054067058,70680.85716301098,3835.5491716460897,1818.8125493056957,0.0,48685.43845333959,611.5987489113669,4913.249599203266,52987.08930363149,0.0,52987.08930363149,12822.374040555558,16053.607779999998,4644.322369122081
2025-06-30,2025-06-29,2025-05-05,2025-06-29,4502.794658722221,3285.166457462964,80811.20557595309,77541.2482504919,187.85399840000161,3457.8113238611813,0.0,55811.13403549355,1286.3502469092823,308.8441954933097,54833.62798407758,0.0,54833.62798407758,17796.309734540468,15510.87626611111,5378.130798729217
2025-07-01,2025-06-30,2025-05-06,2025-06-30,3285.166457462964,1374.1416072119332,73230.80927272409,79458.17771523746,6339.925426402275,112.55698388888902,1277.7738926740722,54219.96975324897,34.917285436222265,10287.994476251131,64473.046944063884,9094.171767141288,73567.21871120518,18840.796349846314,16980.967408601446,9.578633333333528
2025-07-02,2025-07-01,2025-05-07,2025-07-01,1374.1416072119332,1466.328848279836,71297.12143289209,74930.56280476946,3633.4413718773635,0.0,1699.4305064518499,53234.81861151283,0.0,5904.669180872861,59139.487792385684,10519.224930064329,69658.71272245001,19106.17899025834,15393.036465148147,12.084419444444393
2025-07-03,2025-07-02,2025-05-08,2025-07-02,1466.328848279836,1213.2863027427984,79441.20744824188,81218.21388136782,3854.230544806317,2077.2241116803852,2209.2496744296295,59453.980769770744,768.147932799384,6503.446103765091,65189.27894073645,11309.408731797483,76498.68767253394,20233.67353861225,16617.013857259255,50.38494111111072
2025-07-04,2025-07-03,2025-05-09,2025-07-03,1213.2863027427984,1200.0,35986.73608249429,36757.41126284428,770.6751803500003,0.0,4511.2674953111145,20692.254869320626,0.0,1507.919099770735,22200.17396909136,16524.878773864722,38725.052742956075,12295.472127823497,9971.290096005552,10063.629259670784
2025-07-05,2025-07-04,2025-05-10,2025-07-04,1200.0,8390.797883460904,45742.41791777778,47176.10963343889,1433.6917156611096,0.0,2649.1829125092586,24723.48032164339,0.0,2187.734799090247,26911.21512073364,10925.12277403025,37836.337894763885,20708.346326131687,10302.042429051851,10628.908682201645
2025-07-06,2025-07-05,2025-05-11,2025-07-05,8390.797883460904,1750.3856765987657,67234.31274828762,75034.27564833307,7870.6500361565795,70.68713611111139,1983.6590131333369,52605.697447536135,27.840040788055667,9051.088425746411,61628.94583249449,14588.676018373251,76217.62185086776,15319.283288760855,18384.990450072215,289.6602727777781
2025-07-07,2025-07-06,2025-05-12,2025-07-06,1750.3856765987657,3157.247435366255,77358.7291445336,77284.8635989987,1079.115750473322,1152.9812960082304,2017.1492001560346,56993.339751371765,348.51647920440956,1054.8397493286905,57699.66302149604,12536.77879169795,70236.44181319399,21537.918094732508,16179.538073842596,534.1500115981453
2025-07-08,2025-07-07,2025-05-13,2025-07-07,3157.247435366255,2755.591541602882,84574.9157984408,80249.86202992912,811.142938978053,5136.196707489715,204.14919037036873,63001.13173044256,1480.4151390057775,1256.3713547525158,62777.0879461893,1773.6176769070225,64550.70562309632,20514.710335004573,16978.40567574074,1346.3195443689963
2025-07-09,2025-07-08,2025-05-14,2025-07-08,2755.591541602882,2103.5000249259288,84430.29217595236,77917.13900266071,453.0894431111134,6966.242616402747,76.42593166666643,62352.83950594789,2238.084539185137,811.026041841422,60925.78100860417,654.3710432008313,61580.15205180501,19201.518270496115,16140.112164111108,873.4338112757137
2025-07-10,2025-07-09,2025-05-15,2025-07-09,2103.5000249259288,1917.7236387489725,78332.72198775032,77295.59237179224,168.29475972777846,1205.4243756858718,116.62206062407233,59015.02125865058,369.49296324371466,309.9120377566503,58955.44033316351,1012.3217593552837,59967.762092518795,21094.177786879285,17253.48275493148,717.8960171351808
2025-07-11,2025-07-10,2025-05-16,2025-07-10,1917.7236387489725,2696.432838820987,43788.79913352098,42438.3896525882,0.0,1350.4094809327835,745.3565902055552,25797.485335612528,458.82386357020084,0.0,25338.661472042324,2380.1180439962213,27718.779516038543,13955.937482524005,10603.471080779631,7312.502691049384
2025-07-12,2025-07-11,2025-05-17,2025-07-11,2696.432838820987,9779.503586325103,50192.56359617222,51200.08305513265,1008.6811089055567,1.1616499451307618,554.248471259761,27959.878303846046,0.7219654408987686,1050.4953145348795,29009.651652940025,1477.5243390724725,30487.175992012497,22765.11564519143,12064.979999851352,9969.952547718998
2025-07-13,2025-07-12,2025-05-18,2025-07-12,9779.503586325103,3332.015806985597,77191.14728590137,67257.30210706111,7.671678272219879,9941.516857112481,86.96363005370017,58760.04123885752,3627.0130701073763,18.476469950814355,55151.50463870096,729.2836282786493,55880.7882669796,13481.72509076132,16722.93632492223,1317.7565712757153
2025-07-14,2025-07-13,2025-05-19,2025-07-13,3332.015806985597,2817.8738831255137,79684.07205376937,76215.48963073616,1002.7980600342931,4471.380483067488,155.49819602962862,58243.78701782535,1207.421262426602,1492.9346318140572,58529.30038721281,1344.0243782377875,59873.3247654506,18549.29105109282,15487.653482859258,1501.671041865568
2025-07-15,2025-07-14,2025-05-20,2025-07-14,2817.8738831255137,4205.505461808646,88286.6002671925,80591.13860188049,52.503540000000385,7747.965205312006,0.0,65299.66722862061,2669.5994444160615,106.83005690008444,62736.897841104634,0.0,62736.897841104634,19351.298704908557,14425.683530161114,2916.4728437997205
2025-07-16,2025-07-15,2025-05-21,2025-07-15,4205.505461808646,3130.0459638888906,82377.6570661454,78539.60395056242,0.0,3838.0531155829817,0.0,62743.9321809808,1356.216743791138,0.0,61387.71543718966,0.0,61387.71543718966,17521.77502631687,15160.551319444443,4043.816860356653
2025-07-17,2025-07-16,2025-05-22,2025-07-16,3130.0459638888906,3134.5816423642,81728.06753858738,81120.1943583629,2105.138201975308,2713.0113821997934,0.0,61214.4678009875,769.6265545915148,2745.179592997343,63190.02083939333,0.0,63190.02083939333,20012.3077240192,16205.887145827777,4593.3577135048
2025-07-18,2025-07-17,2025-05-23,2025-07-17,3134.5816423642,3375.864063296297,46120.20797507545,43136.646559156376,12.796779444443587,2996.3581953635135,0.0,27030.97242656941,903.6477304608059,23.05806486349834,26150.3827609721,0.0,26150.3827609721,13159.78499239369,10442.271665,9144.885131762687
2025-07-19,2025-07-18,2025-05-24,2025-07-18,3375.864063296297,9888.03093221605,54398.4153431225,51919.8244171417,43.14310777777689,2521.7340337585724,37.50086580000033,30856.588981631612,762.6196759767784,76.88312749266501,30170.8524331475,86.15823917550077,30257.010672323,20712.265821502056,10915.98513338889,14978.225544828532
2025-07-20,2025-07-19,2025-05-25,2025-07-19,9888.03093221605,3840.9839575123465,80552.9794538998,74594.86986396654,495.8632507666683,6453.972840699935,0.0,60636.72256614058,1899.0862878167716,807.7968317250575,59545.43311004888,0.0,59545.43311004888,11866.932726090534,15054.557785366665,5692.516706575994
2025-07-21,2025-07-20,2025-05-26,2025-07-20,3840.9839575123465,4128.918822123457,88364.55443854182,84096.82082631688,155.55717277777796,4423.290785002739,0.0,66582.4800485766,1480.3326405085666,294.3920357569175,65396.53944382496,0.0,65396.53944382496,19678.87452858025,15680.746990000001,6108.943937736626
2025-07-22,2025-07-21,2025-05-27,2025-07-21,4128.918822123457,3772.822795111114,85715.76892537202,84847.35026778463,1793.6263621999997,2662.045019787381,0.0,64591.15116406451,775.8395946778005,1510.56074617587,65325.87231556258,0.0,65325.87231556258,17801.668881508907,14739.838218333332,7990.374987942393
2025-07-23,2025-07-22,2025-05-28,2025-07-22,3772.822795111114,3803.4254457345673,96175.59972567901,84304.33849343257,28.773417150000228,11900.03464939644,0.0,72233.93252161655,4372.510577497106,58.013512893117976,67919.43545701256,0.0,67919.43545701256,19561.25402881344,15817.073377777777,6343.61072573024
2025-07-24,2025-07-23,2025-05-29,2025-07-23,3803.4254457345673,4263.111343401234,95293.85055659122,84469.74055794925,0.0,10824.109998641976,0.0,72382.09134081157,3938.2827159268054,0.0,68443.80862488478,0.0,68443.80862488478,18907.386907558295,14901.266087222222,6847.1477376131725
2025-07-25,2025-07-24,2025-05-30,2025-07-24,4263.111343401234,4106.586424290124,44437.25058593889,43773.55003594795,23.24764317777698,686.9481931687242,0.0,26477.639434727334,206.96803585242358,33.12186796789875,26303.79326684281,0.0,26303.79326684281,13454.49205579561,11039.010992394444,14852.74940588011
2025-07-26,2025-07-25,2025-05-31,2025-07-25,4106.586424290124,9984.9567473642,52634.62894124589,52460.512444853564,297.71174777777645,471.8282441700958,0.0,30043.280052021015,130.2716142220891,401.24669480833126,30314.255132607257,0.0,30314.255132607257,20869.062499814812,11613.407334083333,14735.765712455417
2025-07-27,2025-07-26,2025-06-01,2025-07-26,9984.9567473642,4120.254783567902,80586.55446484766,77118.31171965617,2072.8277881138574,5541.070533305345,0.0,61468.82391533966,1764.9353788153321,2754.509557756701,62458.39809428103,0.0,62458.39809428103,13527.905118230463,16235.834913183337,6141.05171460905
2025-07-28,2025-07-27,2025-06-02,2025-07-27,4120.254783567902,4596.729515777779,90890.47945783367,88581.31012439745,590.7615122222227,2899.93084565844,0.0,68282.07643909397,1066.0540095483714,1007.4049658012509,68223.42739534685,0.0,68223.42739534685,19445.684038429354,15322.176812138885,6502.925664773657
2025-07-29,2025-07-28,2025-06-03,2025-07-28,4596.729515777779,4136.931966759261,87612.9805357819,88122.4449303963,3158.604730677507,2649.1403360630984,0.0,65878.25326691923,729.8765875720968,3422.480456465141,68570.85713581227,0.0,68570.85713581227,17499.243160130318,14588.204753822221,9142.160574088202
2025-07-30,2025-07-29,2025-06-04,2025-07-29,4136.931966759261,4445.666127370371,81129.4427967284,86644.12881479526,7444.653304177981,1929.9672861111098,0.0,61958.06061717203,475.012820502583,8470.299475439517,69953.34727210898,0.0,69953.34727210898,18159.434041865563,14431.280829361112,8812.721552290808
2025-07-31,2025-07-30,2025-06-05,2025-07-30,4445.666127370371,4111.800548240742,84898.26038484911,85245.2314011454,1918.2026426680407,1571.2316263717444,0.0,63350.25719507957,420.68485030409624,2541.4703123305985,65471.042657106074,0.0,65471.042657106074,18779.963002613167,15512.249053333333,7282.521185198904
2025-08-01,2025-07-31,2025-06-06,2025-07-31,4111.800548240742,4288.675165253087,44590.46033978333,42985.72476141186,1.9561872222230932,1606.6917655936904,0.0,26431.590846714025,521.6072814463914,3.5729440165848976,25913.556509284215,0.0,25913.556509284215,13486.791421611799,10765.113896194445,19012.68756932784
2025-08-02,2025-08-01,2025-06-07,2025-08-01,4288.675165253087,10605.707514259262,54248.04534721872,52335.780944937374,27.97420832222076,1940.2386106035638,0.0,30204.597915801933,542.2944978334532,48.967191433860734,29711.270609402345,0.0,29711.270609402345,20497.34104622085,10917.517133333335,21828.93209871653
2025-08-03,2025-08-02,2025-06-08,2025-08-02,10605.707514259262,3215.868119240744,66825.32336310699,65214.68208231275,23.242224555553662,1633.883505349802,0.0,51344.316314534946,402.93836565898977,47.16543681039538,50988.54338568635,0.0,50988.54338568635,10223.218834067215,14931.662711111108,7083.6459760233065
2025-08-04,2025-08-03,2025-06-09,2025-08-03,3215.868119240744,3874.2908053888905,80303.9288029904,76642.81072665981,1283.9745275308676,4945.09260386146,0.0,59703.28350601187,1745.5829465337276,943.0779658347801,58900.77852531291,0.0,58900.77852531291,17629.595577201642,13687.391999999998,7284.952066124832
2025-08-05,2025-08-04,2025-06-10,2025-08-04,3874.2908053888905,3718.046023623458,77908.37144311385,77116.85857112792,1966.754931463992,2758.2678034499286,0.0,57685.39484238622,760.0149708729235,1449.742701017146,58375.12257253043,0.0,58375.12257253043,17181.093027119343,14057.305655555556,8840.761466230786
2025-08-06,2025-08-05,2025-06-11,2025-08-05,3718.046023623458,3758.789821074073,85820.76760130315,78750.81103466393,0.0,7069.956566639232,0.0,65293.402214210735,2660.0785701153277,0.0,62633.32364409541,0.0,62633.32364409541,17476.842883998626,14119.573318333332,7279.142202331959
2025-08-07,2025-08-06,2025-06-12,2025-08-06,3758.789821074073,3623.19935899383,87154.19582687243,75450.57874034232,784.1355038888878,12487.752590418997,0.0,62427.69285056194,3312.6732009971556,1182.5104296506645,60297.53007921545,0.0,60297.53007921545,17638.865774567897,14409.51269327222,8833.24040904664
2025-08-08,2025-08-07,2025-06-13,2025-08-07,3623.19935899383,3900.845851574078,43594.74137023889,43323.77447433978,13.603275061112981,284.5701709602209,0.0,24833.21446952125,89.587679945149,25.07044088860043,24768.6972304647,0.0,24768.6972304647,13109.497899554186,10368.811455316667,24807.91678010226
2025-08-09,2025-08-08,2025-06-14,2025-08-08,3900.845851574078,9679.884821203705,50801.26457813443,50657.254958710415,1.816497544443564,145.82611696845237,0.0,28451.876207592926,54.37097347223546,3.386042247720025,28400.891276368406,0.0,28400.891276368406,20787.2974765432,11636.575883333333,22584.604365500545
2025-08-10,2025-08-09,2025-06-15,2025-08-09,9679.884821203705,4145.329045197531,74678.65132486729,68061.12273651338,0.0,6617.528588353909,0.0,57677.57838703085,2168.9207344768247,0.0,55508.65765255403,0.0,55508.65765255403,11123.08751386832,13990.80108463889,5624.217257283945
2025-08-11,2025-08-10,2025-06-16,2025-08-10,4145.329045197531,3841.497333685185,79069.33043993395,76937.96704801096,1090.9676301646068,3222.331022087588,0.0,56615.620780161706,716.4510442895645,1469.4792996106917,57368.64903548283,0.0,57368.64903548283,18088.72643919753,14925.31695611111,9213.304231591217
2025-08-12,2025-08-11,2025-06-17,2025-08-11,3841.497333685185,3356.6468025000013,84559.64332456715,78110.3694747668,396.51201611111003,6845.785865911452,0.0,61997.10099966895,1978.4744110202587,639.498461242998,60658.1250498917,0.0,60658.1250498917,16730.97441185185,13988.454751666668,7607.30616458162
2025-08-13,2025-08-12,2025-06-18,2025-08-12,3356.6468025000013,3631.400484388889,77438.24251545267,76412.62671555555,1614.4427084362205,2640.0585083333317,0.0,56477.969770720374,555.0427670409997,1692.6669324182944,57615.59393609767,0.0,57615.59393609767,17561.23492020576,13977.321971666664,6707.734317016464
2025-08-14,2025-08-13,2025-06-19,2025-08-13,3631.400484388889,3293.9586052407426,78615.58431101983,77716.24172973252,2978.1643161543843,3877.5068974417027,0.0,58288.25338901134,1219.685321215227,2332.9543569462126,59401.52242474232,0.0,59401.52242474232,18342.060820836763,15160.76695611111,8608.656881673518
2025-08-15,2025-08-14,2025-06-20,2025-08-14,3293.9586052407426,3326.3445012407424,44666.52052240267,42673.06671583889,0.0,1993.453806563784,0.0,25945.500675660733,660.6427812703811,0.0,25284.85789439035,0.0,25284.85789439035,12947.120930048011,10458.020646938889,23024.239549396432
2025-08-16,2025-08-15,2025-06-21,2025-08-15,3326.3445012407424,10207.44328362963,54225.599229418316,50543.484972106926,0.0,3682.1142573113866,0.0,30546.445029246133,1143.4640817812083,0.0,29402.980947464926,0.0,29402.980947464926,21390.66660938271,11133.451049450001,23356.989045507547
2025-08-17,2025-08-16,2025-06-22,2025-08-16,10207.44328362963,3475.1037557222226,75306.06906048037,68725.34344236707,494.74596611111144,7075.471584224415,0.0,55552.60725527773,1787.7612820774095,813.8477990016675,54578.69377220198,0.0,54578.69377220198,11308.545177139917,15219.027168599998,9470.431817160492
2025-08-18,2025-08-17,2025-06-23,2025-08-17,3475.1037557222226,3421.8575190000015,79858.38253764747,76164.29194620714,0.0,3694.0905914403284,0.0,58871.62898447539,1191.9262171193625,0.0,57679.70276735603,0.0,57679.70276735603,18161.279039444446,14758.557634999997,8367.454925096023
2025-08-19,2025-08-18,2025-06-24,2025-08-18,3421.8575190000015,3242.9610600370397,78411.18967840879,74930.46261469822,3.4483200000000807,3484.175383710572,4.538833333333173,57856.34618602903,931.2702149300877,7.142941327000157,56932.218912425946,39.038505499998614,56971.257417925946,17130.46346946502,14036.682223333333,7523.560151899856
2025-08-20,2025-08-19,2025-06-25,2025-08-19,3242.9610600370397,3102.6672681296295,87665.55358696321,79838.88262460903,755.0859610888908,8581.756923443081,0.0,63797.362380992985,2526.2683225508895,1031.2970867963925,62302.391145238485,0.0,62302.391145238485,19079.71006111796,15580.829562222221,5689.311059046636
2025-08-21,2025-08-20,2025-06-26,2025-08-20,3102.6672681296295,3352.906430777779,83364.73294425604,75697.18333442078,20.754005305554074,7688.303615140818,0.0,60374.87367226066,2167.7429237416936,40.23204280682111,58247.362791325795,0.0,58247.362791325795,17743.5121142524,14147.02956616111,6256.282302996153
2025-08-22,2025-08-21,2025-06-27,2025-08-21,3352.906430777779,2987.371210679012,43896.19871983086,42346.451596298626,4.12580333333392,1553.8729268655684,0.0,25623.42276071239,489.64224768879956,7.573575574334431,25141.35408859793,0.0,25141.35408859793,13015.282598149839,10871.360602590263,18971.96020073905
2025-08-23,2025-08-22,2025-06-28,2025-08-22,2987.371210679012,10744.441031481481,51746.61337316666,52496.44609538889,749.8327222222222,0.0,0.0,27927.3936330938,0.0,897.1582798550835,28824.55191294889,0.0,28824.55191294889,20840.587155692727,9899.51275738889,19025.36554708505
2025-08-24,2025-08-23,2025-06-29,2025-08-23,10744.441031481481,3637.166660925927,70176.2214148448,66995.87631179548,176.8411842277787,3357.186287277095,0.0,54541.974349066244,881.2992693097754,189.6240588924669,53850.299138648945,0.0,53850.299138648945,11796.821844101505,15951.972627222221,7417.43761158286
2025-08-25,2025-08-24,2025-06-30,2025-08-24,3637.166660925927,3445.362162111112,99767.97909441017,81362.94317146667,9.236129633333121,18414.272052576816,0.0,72900.2958775216,6456.223930507251,19.393017961532873,66463.4649649759,0.0,66463.4649649759,19160.937994252403,15692.983824277777,7121.90198482538
2025-08-26,2025-08-25,2025-07-01,2025-08-25,3445.362162111112,3729.5873112407417,78156.1384756653,76772.466173107,1432.2526612619988,2815.9249638203028,0.0,58035.428627257745,882.0976705246807,916.7381059982939,58070.06906273135,0.0,58070.06906273135,18749.195708909465,14931.045890000001,7425.497970864193
2025-08-27,2025-08-26,2025-07-02,2025-08-26,3729.5873112407417,3761.774967611113,79266.40689587776,81129.23721137785,3351.25408272229,1488.4237672222216,0.0,58271.669224999176,274.93320995349984,3309.2745809604626,61306.01059600615,0.0,61306.01059600615,18430.189301316866,14899.484443333331,9684.383486727642
2025-08-28,2025-08-27,2025-07-03,2025-08-27,3761.774967611113,3146.4462614629647,77224.17222831276,80159.36788655007,3722.973586488342,787.7779282510262,0.0,56540.041695550586,223.24879161900446,4274.811419758272,60591.60432368984,0.0,60591.60432368984,18677.764008943752,15682.78468277778,6396.5935770507585
2025-08-29,2025-08-28,2025-07-04,2025-08-28,3146.4462614629647,2981.3833737407394,45163.84751749657,43884.934764163234,0.0,1278.912753333333,0.0,25874.293998415196,422.4529698170278,0.0,25451.84102859817,0.0,25451.84102859817,13577.421342860078,11146.267886666667,18898.560957969825
2025-08-30,2025-08-29,2025-07-05,2025-08-29,2981.3833737407394,10397.068985351852,53028.99466018519,51491.56569242799,0.0,1537.4289677572042,0.0,29359.79777779539,460.06685859328974,0.0,28899.7309192021,0.0,28899.7309192021,21553.53123306584,10784.243248333332,22209.557874362145
2025-08-31,2025-08-30,2025-07-06,2025-08-30,10397.068985351852,3125.0037843148148,68010.57039552127,66768.7507766369,1490.5294843186575,2732.349103203023,0.0,51694.78258851287,979.7503953765988,1162.5820599275553,51877.61425306383,0.0,51877.61425306383,12943.921650521255,17029.435217855553,4207.6412606378635
2025-09-01,2025-08-31,2025-07-07,2025-08-31,3125.0037843148148,6610.323624814812,85511.67089341558,74518.08864951867,131.85916123333368,11125.441405130241,0.0,54761.393914874185,2977.97545763337,165.4987635383082,51948.91722077913,0.0,51948.91722077913,19478.195082037026,12640.55016,14106.3091941483
2025-09-02,2025-09-01,2025-07-08,2025-09-01,6610.323624814812,6434.066625000004,71335.47346705763,71839.82593502352,2299.650491299243,1795.2980233333333,0.0,46992.46324120562,318.0678426253054,1939.9226571051515,48614.31805568547,0.0,48614.31805568547,16932.34715315501,13873.832493888889,14723.555425757406
2025-09-03,2025-09-02,2025-07-09,2025-09-02,6434.066625000004,6713.07899951852,76589.2079903635,70985.50288960288,379.47724394444515,5983.182344705072,0.0,51597.32429529824,1437.9065253663225,521.3613677420761,50680.77913767399,0.0,50680.77913767399,15878.451436707817,12610.434526666668,12169.768729561729
2025-09-04,2025-09-03,2025-07-10,2025-09-03,6713.07899951852,6171.382503333335,73532.31154209876,68521.87941251714,0.0,5010.432129581617,0.0,50025.81102998321,1365.7352643273998,0.0,48660.07576565581,0.0,48660.07576565581,16598.638607119334,13932.424118333332,11930.099373731147
2025-09-05,2025-09-04,2025-07-11,2025-09-04,6171.382503333335,5945.169133697532,38690.48500755556,37368.681211999996,0.0,1321.8037955555558,0.0,19861.449943199266,444.00639791616675,0.0,19417.443545283102,0.0,19417.443545283102,13645.30957351852,11256.29278722222,28155.40275903703
2025-09-06,2025-09-05,2025-07-12,2025-09-05,5945.169133697532,10800.0,47602.319311338884,46818.59353189444,0.793681666666771,784.519461111112,0.0,22947.188524795143,257.2780444657225,1.2382624522501628,22691.14874278167,0.0,22691.14874278167,18116.617174897117,10305.112131994447,31286.00478899177
2025-09-07,2025-09-06,2025-07-13,2025-09-06,10800.0,6065.485161092597,64519.220426385466,65371.02216564836,2526.415902939166,1674.6141636762713,0.0,44283.15000340417,379.6218776643284,1997.2671993548424,45900.79532509469,0.0,45900.79532509469,13353.115266783265,15077.086721111109,12134.010003309544
2025-09-08,2025-09-07,2025-07-14,2025-09-07,6065.485161092597,5183.687445018517,73765.31836649074,69980.13335811385,1532.6621442455416,5317.847152622431,0.0,48646.8696864853,1316.815779579637,1796.2041511473044,49126.25805805297,0.0,49126.25805805297,17104.895611769538,14648.58339,8128.251603010971
2025-09-09,2025-09-08,2025-07-15,2025-09-08,5183.687445018517,5035.491318462963,63288.573328792874,64764.49179058374,2124.708052943136,648.7895911522623,0.0,42718.2872059285,96.68566280302397,2215.4509432909867,44837.05248641646,0.0,44837.05248641646,17705.159386131687,14474.555616666667,8431.053754452054
2025-09-10,2025-09-09,2025-07-16,2025-09-09,5035.491318462963,4925.112082777779,76241.29414228394,72496.16313305288,1021.2824212353232,4766.413430466391,0.0,50285.784851613214,1425.3528524190224,1133.8068322001059,49994.2388313943,0.0,49994.2388313943,20013.229173655687,16310.056942777777,7476.992252174967
2025-09-11,2025-09-10,2025-07-17,2025-09-10,4925.112082777779,4344.635933185187,74385.14267751871,63646.38408683127,0.0,10738.758590687445,0.0,48634.170845616,2732.8329313695704,0.0,45901.337914246425,0.0,45901.337914246425,18152.616988106998,15226.048295,7223.729610390941
2025-09-12,2025-09-11,2025-07-18,2025-09-11,4344.635933185187,4678.825917685184,36078.983875688886,36094.74414938333,27.114325916667177,11.354052222223174,0.0,17932.929991974586,6.66454563977835,22.158724213125442,17948.424170547933,0.0,17948.424170547933,13381.12680977366,10537.941729866667,21699.90286947634
2025-09-13,2025-09-12,2025-07-19,2025-09-12,4678.825917685184,10800.0,44646.88584741666,44557.9507764633,0.0,88.93507095335957,0.0,20731.209461163497,33.596543992355656,0.0,20697.61291717114,0.0,20697.61291717114,19606.93222770919,10372.55843036111,27316.47549578189
2025-09-14,2025-09-13,2025-07-20,2025-09-13,10800.0,4504.799087111112,72551.83174421125,63524.39781960219,0.6832805555554842,9028.11720516461,0.0,49551.346326990446,2849.2176719782165,1.3114886983331964,46703.440143710555,0.0,46703.440143710555,12092.298227105628,15460.442385555554,6793.21722805212
2025-09-15,2025-09-14,2025-07-21,2025-09-14,4504.799087111112,3496.3807947962987,61289.45956344307,61707.951855080035,418.4922916369632,0.0,358.99620777777693,41363.60603306331,0.0,485.0021272210372,41848.608160284355,1985.2049145444398,43833.813074828795,19471.537840102876,16679.522113566665,4207.901702988272
2025-09-16,2025-09-15,2025-07-22,2025-09-15,3496.3807947962987,2454.4540017037043,75576.03311470973,66889.42291768745,66.71098579444708,8753.321182816733,0.0,49628.07691159137,2656.0358861748477,102.47730566434421,47074.518331080864,0.0,47074.518331080864,18822.05981906035,16183.60256722222,4759.1956825159905
2025-09-17,2025-09-16,2025-07-23,2025-09-16,2454.4540017037043,3339.5044839814846,73023.0229633539,68513.96750886146,77.1663765294897,4586.221831021949,7.62916666666672,48000.91455094696,1560.0112638573996,78.77539936636141,46519.67868645592,38.19542291666694,46557.874109372584,21022.614908292177,16231.772641666666,3770.636008902605
2025-09-18,2025-09-17,2025-07-24,2025-09-17,3339.5044839814846,2450.1566482037065,63106.64411116598,67329.61123174848,4727.397060849992,504.4299402674915,0.0,41802.01282420452,116.7902543011825,3584.559482534231,45269.78205243756,0.0,45269.78205243756,18949.215633312753,16149.277715183336,5573.622196952396
2025-09-19,2025-09-18,2025-07-25,2025-09-18,2450.1566482037065,3475.805489925927,34834.16643451303,34262.307686179694,0.0,571.8587483333331,0.0,16794.42893973455,201.03812898747202,0.0,16593.390810747078,0.0,16593.390810747078,14535.329917414265,10850.533275555557,14476.15872765432
2025-09-20,2025-09-19,2025-07-26,2025-09-19,3475.805489925927,10800.0,43885.62804124829,43069.66451680384,0.0,815.9635244444438,0.0,19525.095591847723,282.9314203924166,0.0,19242.164171455308,0.0,19242.164171455308,22235.443633278453,11418.934283888884,16607.721434080944
2025-09-21,2025-09-20,2025-07-27,2025-09-20,10800.0,3356.732204703704,63528.807834801104,60058.08101965583,0.0,3470.7268151452668,0.0,43623.80462903691,922.1677105120342,0.0,42701.63691852487,0.0,42701.63691852487,11215.668177379976,15783.632239444447,6338.557598386969
2025-09-22,2025-09-21,2025-07-28,2025-09-21,3356.732204703704,3238.548635697534,74207.43845921126,65889.47551483574,109.21301169444547,8427.175956069961,63.438608594443345,48685.1573271105,2691.5867010168495,220.29637543929783,46213.867001532955,355.3027503893221,46569.16975192227,21237.79548332647,17308.9795536,1410.0783103703752
2025-09-23,2025-09-22,2025-07-29,2025-09-22,3238.548635697534,2564.7760685740755,71988.76272971193,67600.09017024691,5.835280000000466,4394.507839465019,25.31856864444351,47280.341064009146,1329.591120600327,12.053822987500965,45962.80376639632,152.70107346694033,46115.504839863264,20904.981323525375,17539.430182466665,2143.2420144993107
2025-09-24,2025-09-23,2025-07-30,2025-09-23,2564.7760685740755,2799.505686055557,62427.29102417696,66429.77037351365,4008.79695711447,6.3176077777781074,0.0,41326.5871082942,4.236221776833554,3422.0515065639565,44744.40239308133,0.0,44744.40239308133,20985.247463182437,16786.793789444444,1168.0915997756529
2025-09-25,2025-09-24,2025-07-31,2025-09-24,2799.505686055557,1729.1358344320984,67428.71425771606,67319.22416154444,2126.6527310506103,2236.142827222222,15.37166666666667,44268.71973425451,498.0685954444166,1700.437576485303,45471.088715295395,106.25664583333337,45577.345361128726,18807.702377633737,16197.571792344444,4389.016342921812
2025-09-26,2025-09-25,2025-08-01,2025-09-25,1729.1358344320984,3096.0639462037066,35355.34858772291,34076.91073327846,0.0,1278.4378544444437,0.0,16095.043797713246,421.9579114520275,0.0,15673.085886261219,0.0,15673.085886261219,15819.13777371056,11583.266296111111,12146.795755679019
2025-09-27,2025-09-26,2025-08-02,2025-09-26,3096.0639462037066,10387.782466314815,41841.2065131893,42268.77834880041,427.57183561111674,0.0,94.0504156833326,18644.946402045687,0.0,449.0279678228826,19093.974369868567,267.8747572330895,19361.849127101657,23180.68733117283,12213.810070149999,13594.649253460911
2025-09-28,2025-09-27,2025-08-03,2025-09-27,10387.782466314815,4170.702758666667,62250.24381353223,63666.00912074321,2721.73884405597,1305.9735368449897,5.868333333333453,42442.92339731275,351.46470818785656,2681.477824984312,44772.9365141092,40.07191416666748,44813.008428275876,14221.491917923417,17114.780190401303,3077.536559887763
2025-09-29,2025-09-28,2025-08-04,2025-09-28,4170.702758666667,3786.4371065452674,71670.80922187242,66154.02512667791,49.60414080000112,5566.388235994511,745.1834916296269,47137.396430719324,1666.7678114002704,99.3242699381489,45569.9528892572,3962.6269110641606,49532.57980032136,21156.786454176952,17482.836114792593,465.3666789231853
2025-09-30,2025-09-29,2025-08-05,2025-09-29,3786.4371065452674,3310.52073262963,69806.04348828305,70420.67936636822,771.2977540111074,156.66187592592723,285.90532647222125,46572.835299021826,65.965004166084,1102.0741011186851,47608.944395974424,1532.3257887277305,49141.27018470215,21374.41536652035,17741.601183405553,1651.5957430589817
2025-10-01,2025-09-30,2025-08-06,2025-09-30,3310.52073262963,4701.702687234569,65722.71094307957,60900.16451908484,46.88513387222201,4869.431557866941,0.0,40926.07880653377,928.948235160364,72.07217731134054,40069.20274868475,0.0,40069.20274868475,21007.053256145402,15763.649378333332,5995.239107939444
2025-10-02,2025-10-01,2025-08-07,2025-10-01,4701.702687234569,4127.3517242407415,70070.04674797668,59072.82501479492,34.31915450000008,11031.540887681755,0.0,44244.67982495876,3209.794744722031,64.53800817006682,41099.423088406795,0.0,41099.423088406795,19098.925641872425,15987.04563661111,4230.161892866945
2025-10-03,2025-10-02,2025-08-08,2025-10-02,4127.3517242407415,4567.263827166669,29771.307707462278,29980.31437024006,268.5265772222226,59.51991444444121,0.0,12791.056932097461,33.0097445508871,249.26949744341707,13007.316684989992,0.0,13007.316684989992,13944.760198038408,10899.334867777774,19117.735339979423
2025-10-04,2025-10-03,2025-08-09,2025-10-03,4567.263827166669,10800.0,40604.980500589845,40168.50079670096,7.08599444444485,443.56569833333333,0.0,17147.025636249065,142.0403035861389,12.10635989141736,17017.091692554342,0.0,17017.091692554342,20970.341702325102,11376.514223333334,17478.690884375857
2025-10-05,2025-10-04,2025-08-10,2025-10-04,10800.0,6505.641586228399,65585.63626977366,55445.22044280521,261.50879277777835,10401.924619746233,0.0,42040.42317421045,2719.9973363471,345.2543420549173,39665.68017991827,0.0,39665.68017991827,15346.523324204387,16295.606464999997,1658.342516934152
2025-10-06,2025-10-05,2025-08-11,2025-10-05,6505.641586228399,4931.890122330617,57964.71533955418,60314.73512137558,2391.9525547325084,41.93277291110394,0.0,38997.8044062965,28.23752927833739,1988.5807954389875,40958.14767245715,0.0,40958.14767245715,18327.26481034678,16261.46081388889,515.8218749176912
2025-10-07,2025-10-06,2025-08-12,2025-10-06,4931.890122330617,5924.456555481482,65350.68230597696,65099.959252208086,1438.0777714437597,1688.8008252126285,0.0,41433.5340224314,369.0305994852761,1772.0319685014692,42836.535391447585,0.0,42836.535391447585,20763.2477415668,15924.920880833335,2490.069391474623
2025-10-08,2025-10-07,2025-08-13,2025-10-07,5924.456555481482,4835.830435722223,60702.73495242112,59666.13369104547,238.68150890555614,1275.2827702812033,392.57681555555655,38691.11923991749,325.69679858374604,394.3129418682737,38759.735383202016,2019.512111876672,40779.247495078685,19230.63570714678,16556.578430572223,906.1575633598084
2025-10-09,2025-10-08,2025-08-14,2025-10-08,4835.830435722223,2589.9189627407413,69349.99337653635,57273.88750877949,174.82784891666677,12250.933716673528,539.9686081944461,44183.186112800366,3488.3392495719736,338.50299483821686,41033.349858066606,2873.3256108188993,43906.6754688855,17978.01678503929,16583.513921565158,659.371570166471
2025-10-10,2025-10-09,2025-08-15,2025-10-09,2589.9189627407413,5306.995644629629,34375.204182475994,34052.36734515377,239.2110243444472,562.0478616666667,50.49917901110989,14099.992037432452,178.61488785686115,375.6450320793026,14297.022181654895,137.71126116329665,14434.733442818191,18070.51272196159,12191.746291088886,18880.489176625517
2025-10-11,2025-10-10,2025-08-16,2025-10-10,5306.995644629629,10798.901666666667,38748.08649751714,38737.55422058937,86.54463584999974,97.07691277777744,0.0,15831.267859477777,29.02160833658322,130.7337295905091,15932.979980731701,0.0,15932.979980731701,21247.119984999998,12267.451768016668,15651.572420272705
2025-10-12,2025-10-11,2025-08-17,2025-10-11,10798.901666666667,7349.000433,61933.6771110631,60217.07225839122,756.7029929111145,2473.307845582988,20.92993333333345,39237.86923271617,603.4183681412474,1352.8188148611482,39987.269679436075,105.12059016666726,40092.390269602736,16717.292790960215,16645.918270977774,1651.6716884087855
2025-10-13,2025-10-12,2025-08-18,2025-10-12,7349.000433,4658.308029222224,64752.89751096021,58418.15328674445,1139.1942950777823,7473.93851929355,24.93378466666468,41320.94889313441,1934.3140429104292,1804.7704734466372,41191.405323670624,132.08672427165615,41323.49204794227,17273.134719711932,16412.862286366668,555.4193380658439
2025-10-14,2025-10-13,2025-08-19,2025-10-13,4658.308029222224,4446.705137814817,70633.58793697531,65163.618264798286,339.24313021666717,5809.212802393692,488.1419793277777,45168.29334455831,1627.4804542068664,446.5182230066498,43987.331113358094,2562.37694769668,46549.70806105477,20247.717888024694,16591.094091566665,1221.3071643346948
2025-10-15,2025-10-14,2025-08-20,2025-10-14,4446.705137814817,5138.130027765431,74223.18886042797,67261.52025965459,126.28591413333038,7087.954514906718,283.0671347444455,46469.678064687796,2297.2248036703695,245.40566624064095,44417.858927258065,1454.2870971253133,45872.14602438338,22388.68872890261,17512.555469455558,748.4304849519855
2025-10-16,2025-10-15,2025-08-21,2025-10-15,5138.130027765431,1739.5237838683129,65524.74683340879,63753.10456703381,887.4122379460198,2659.05450432099,102.52092941481544,42777.39951804187,867.3307164025857,1387.4091109061978,43297.47791254548,676.27931088483,43973.75722343031,18657.472704259264,18171.298509957407,402.97835214677264
2025-10-17,2025-10-16,2025-08-22,2025-10-16,1739.5237838683129,3583.89451144856,32357.171434988566,33318.428460310795,961.2570253222253,0.0,297.2855388981477,12983.704689892591,0.0,982.8276227962887,13966.53231268888,972.1708867810981,14938.70319946998,17585.668027492,12584.457447446297,12610.304102496571
2025-10-18,2025-10-17,2025-08-23,2025-10-17,3583.89451144856,10683.618836,40344.43714345222,39460.84701545222,91.49118700000054,975.0813149999997,61.362463233333905,16311.894881833487,302.3259192150832,137.78572762200082,16147.354690240405,236.0920874565686,16383.446777696974,23322.230446744397,12501.254769766663,12624.640535041151
2025-10-19,2025-10-18,2025-08-24,2025-10-18,10683.618836,7296.688019236626,67904.88728090536,64357.52843550213,364.3688430087765,3911.727688411999,512.9685463685207,44493.75567210646,1318.8584910463355,720.6651003662257,43895.56228142635,2898.437744486389,46794.00002591274,18443.31437103567,17987.32237562593,528.7824531275719
2025-10-20,2025-10-19,2025-08-25,2025-10-19,7296.688019236626,5093.177779823044,73577.24647081486,67913.01350467645,47.39865186111177,5711.631617999518,27.225396051847383,48239.54158485295,2263.225935631334,84.8175242676804,46061.1331734893,172.60653276406197,46233.73970625336,19787.067060285775,18010.683534303706,1723.0730080795677
2025-10-21,2025-10-20,2025-08-26,2025-10-20,5093.177779823044,6655.415875055555,76441.45976762995,73720.362737727,86.64993119444358,2807.7469610974003,0.0,49182.462601891806,1097.8808151520416,162.4247427389276,48247.006529478684,0.0,48247.006529478684,24069.21859389346,18090.052775344444,1278.615569177977
2025-10-22,2025-10-21,2025-08-27,2025-10-21,6655.415875055555,7041.118014000001,71478.60616558298,70642.41594239992,209.05246061666492,1045.2426837997232,460.216969166667,45849.73767852034,424.9880557606933,372.95203019012416,45797.70165294977,3007.868494953336,48805.570147903105,22641.146145562416,17992.196452855555,898.7865188597407
2025-10-23,2025-10-22,2025-08-28,2025-10-22,7041.118014000001,1326.7587379053505,75311.99101742113,61636.084992249656,723.6863311111103,14399.592356282576,324.71611623703507,49619.10116275331,4870.444700884132,1090.4476784372487,45839.10414030643,1913.3138667788926,47752.41800708532,16438.28515809327,18457.93432654074,600.953243600831
2025-10-24,2025-10-23,2025-08-29,2025-10-23,1326.7587379053505,2769.0479718106994,33602.82503283493,34058.980309573824,456.1552767388905,0.0,508.8640171296282,13622.556806189325,0.0,503.9044398169344,14126.46124600626,2359.9811362696205,16486.44238227588,18408.887313417927,13613.138413353705,11352.044709972562
2025-10-25,2025-10-24,2025-08-30,2025-10-24,2769.0479718106994,10170.197672341563,40587.773775306356,40912.0220112117,332.4157194444442,8.167483539093823,396.71717532407433,15886.401882496419,2.4546760164606622,383.34127574583306,16267.288482225791,1809.3139865738435,18076.602468799632,24553.18081363283,13227.041728564815,10584.16736813443
2025-10-26,2025-10-25,2025-08-31,2025-10-25,10170.197672341563,7244.954969092593,72819.31785090992,65927.66447516918,454.12764425925855,7345.781019999997,92.62557305555883,47580.11200263363,2610.952142577388,760.7337689586125,45729.89362901486,554.1519474835374,46284.0455764984,18556.798028283036,17663.724835833327,582.9048391083669
2025-10-27,2025-10-26,2025-09-01,2025-10-26,7244.954969092593,6463.808554993827,68815.55286927297,69641.50045122195,2652.52132730453,1826.5737453555541,220.12333704444612,44285.37332470851,371.39448791168815,2637.9363986916437,46551.915235488465,1368.0490993233661,47919.964334811826,20963.270050836756,17683.280513866666,3029.052584629633
2025-10-28,2025-10-27,2025-09-02,2025-10-27,6463.808554993827,7980.116700711934,71172.87240148148,72549.33787887402,1853.0246888534402,476.5592114609005,225.11542350740672,45635.308557712066,120.60528702533942,2384.6626917651583,47899.365962451884,1517.437536689399,49416.803499141286,22459.67098386694,16827.656165785927,1170.0167843004106
2025-10-29,2025-10-28,2025-09-03,2025-10-28,7980.116700711934,7230.597265771605,76922.3695498331,73932.1599121932,277.94196152333785,3268.151599163243,480.96371902777673,50447.15831932519,1184.1348840601718,476.7691621025191,49739.79259736754,3092.213264189183,52832.00586155672,21780.400507684957,18316.691902671108,1637.1582262071308
2025-10-30,2025-10-29,2025-09-04,2025-10-29,7230.597265771605,1218.8839523312756,62293.25527899862,62962.4851856878,1684.1408678584412,1014.9109611692714,309.0908965203694,42246.128785422465,438.0084409840963,2164.440782714069,43972.561127152425,1715.517452623205,45688.07857977564,15774.26830357339,18187.69930799074,897.1894366255135
2025-10-31,2025-10-30,2025-09-05,2025-10-30,1218.8839523312756,5845.994883574073,39559.44381839735,38703.97480390291,12.887071616668663,868.3560861111113,341.00709333333117,16245.804713426975,271.1921799701667,15.632662224599922,15990.24519568141,1527.8072967933413,17518.05249247475,22138.844230249197,13768.063988383334,6769.9095887037065
2025-11-01,2025-10-31,2025-09-06,2025-10-31,5845.994883574073,10241.407642687243,38542.943086652944,38527.7439077474,43.90398665000072,59.10316555555488,72.67571088518253,15287.315790411241,17.4896548046109,51.47627332392684,15321.302408930556,305.1653100068814,15626.467718937438,21895.272224417007,13779.29901857593,7940.407979458165
2025-11-02,2025-11-01,2025-09-07,2025-11-01,10241.407642687243,7429.104487925925,72227.05604812529,71619.3387610744,1801.8732642111095,2409.5905512620075,516.1659516666662,48465.76784753903,971.695448920804,1782.6758128296754,49276.74821144789,3262.893509022497,52539.64172047039,19722.73795521719,18506.49058301111,2122.873407201645
2025-11-03,2025-11-02,2025-09-08,2025-11-02,7429.104487925925,7388.528970407407,80632.71298032922,75147.68111801654,76.98101355838628,5562.012875871054,228.51439141111194,53465.52140814854,2182.480255463569,146.4221258513141,51429.463278536285,1308.6153348968949,52738.07861343318,22759.04319339156,18471.342952413834,1583.5649851166002
2025-11-04,2025-11-03,2025-09-09,2025-11-03,7388.528970407407,7259.430916207818,74535.78301347737,72678.73583343966,477.9063469444395,2334.953526982167,554.2749863814798,48836.45975051176,586.954053560806,698.6079041134808,48948.11360106444,3539.014013527579,52487.12761459202,21108.386952475998,17213.981680285186,1758.5335142969757
2025-11-05,2025-11-04,2025-09-10,2025-11-04,7259.430916207818,8065.240041407407,84003.28888643577,75979.55589297897,16.65083333333166,8040.383826790122,210.99642284444712,56154.087788115015,3093.7255572824442,31.125402749996873,53091.48763358256,1234.1240275489397,54325.61166113151,23981.664117080472,18699.919722155555,1230.7878542318256
2025-11-06,2025-11-05,2025-09-11,2025-11-05,8065.240041407407,1269.4463291193415,70279.82010228396,69835.02959280583,599.0917196096736,1043.8822290877977,415.3672601296289,48848.86991766929,376.9302629156962,857.8292511764457,49329.76890593005,2311.115325252888,51640.88423118293,15286.73621733197,18498.47067709815,2092.5467627016387
2025-11-07,2025-11-06,2025-09-12,2025-11-06,1269.4463291193415,5985.538076534979,39761.137860073155,40137.179887739825,376.0420276666648,0.0,163.31199564814744,15913.961057625267,0.0,430.9679310125141,16344.928988637781,832.3195858207836,17177.248574458565,23269.328876986736,14603.673817685187,8316.375040753088
2025-11-08,2025-11-07,2025-09-13,2025-11-07,5985.538076534979,10302.961787421811,39853.82743517375,39931.60853225153,77.78109707777675,0.0,26.549440690740127,16194.37806979061,0.0,76.23795780251234,16270.616027593122,113.92365000396588,16384.539677597088,22107.440946085964,14021.345826531482,8080.855753387785
2025-11-09,2025-11-08,2025-09-14,2025-11-08,10302.961787421811,6556.976934578189,76100.75907917359,72759.27685972617,255.00449970066387,3596.486719148082,133.57358657037324,52149.16858239206,1325.0939781428956,378.5105505168433,51202.58515476601,785.7242834332294,51988.30943819924,18748.758008373654,18557.880354341927,1355.1556089314793
2025-11-10,2025-11-09,2025-09-15,2025-11-09,6556.976934578189,8093.196636648147,82823.10396882423,81730.46857426032,1835.9023183115266,2928.5377128754476,252.1677708333292,56143.17797541166,1282.1547806524623,2252.182946861048,57113.20614162025,1576.4825725916396,58689.68871421189,24695.64130084591,18620.871721822223,2049.4236660699594
2025-11-11,2025-11-10,2025-09-16,2025-11-10,8093.196636648147,7277.022441345677,82403.67440778464,76856.08506402606,23.06607500000166,5570.655418758576,55.67702717777786,56224.77037946874,2349.10320515307,44.92367219250326,53920.590846508174,355.4421415029338,54276.03298801111,21844.68086124143,18428.74827337778,1936.8098366735217
2025-11-12,2025-11-11,2025-09-17,2025-11-11,7277.022441345677,6737.952594148148,79300.01965707133,77100.65904026097,1029.351843161115,3228.712459971456,113.61800666666636,53124.84081921522,1123.4152813790072,1210.6526225115774,53212.078160347795,729.2710554383311,53941.349215786126,21858.140820529632,18190.256927106777,2590.405403504798
2025-11-13,2025-11-12,2025-09-18,2025-11-12,6737.952594148148,1581.7106616090537,71607.21618836076,71321.48581190404,1960.7575043594552,2246.4878808161834,183.19518314814627,50149.82279378138,797.4145422998315,2674.2163585346525,52026.624610016195,1192.8754350691545,53219.500045085355,16516.73205336763,18019.170702512973,611.2483275308617
2025-11-14,2025-11-13,2025-09-19,2025-11-13,1581.7106616090537,5374.568882407413,39725.64459592136,39605.63404844873,4.130834605555663,124.14138207818516,0.0,16336.171962543689,42.789018601999416,4.2871866953759445,16297.670130637063,0.0,16297.670130637063,21746.028494302696,14200.710681666664,4461.860935812693
2025-11-15,2025-11-14,2025-09-20,2025-11-14,5374.568882407413,10366.447419563783,45217.073243305895,42288.47729168038,0.0,2928.595951625517,95.94810268518444,18650.007136954664,532.3612809147753,0.0,18117.645856039886,501.6166808381443,18619.262536878032,23592.654290370367,14617.359291759258,5197.243479087789
2025-11-16,2025-11-15,2025-09-21,2025-11-15,10366.447419563783,7993.5778057222215,77737.78814829024,77940.254971729,1612.8713787405306,1410.4045553017818,0.0,53489.68853217483,404.17507624728256,2364.0102371813,55449.523693108844,0.0,55449.523693108844,19698.431068420214,18091.31181787778,1898.5913378532225
2025-11-17,2025-11-16,2025-09-22,2025-11-16,7993.5778057222215,7453.25680112963,76691.36435617969,79567.3775327616,4004.4120799289476,1128.398903347054,0.0,52242.03226450683,336.4003610334322,4701.886486274343,56607.51838974774,0.0,56607.51838974774,21022.26781009602,17514.325830311107,3363.6812196433457
2025-11-18,2025-11-17,2025-09-23,2025-11-17,7453.25680112963,6820.838512388891,80409.21159988374,79664.24076825974,9.762672566665515,754.7335041906698,0.0,55669.12518653872,361.42701527846765,14.091934764553073,55321.7901060248,0.0,55321.7901060248,22325.06977036351,18652.482973861108,1101.1021384240064
2025-11-19,2025-11-18,2025-09-24,2025-11-18,6820.838512388891,7187.5109835946505,80954.07327814128,82608.91023281755,3372.9645239888905,1718.127569312615,100.54787868518402,56178.02684526933,604.7633065103211,4159.825942956023,59733.08948171503,509.8914033445206,60242.98088505955,22830.563868806585,18162.75150964815,2673.3341523443087
2025-11-20,2025-11-19,2025-09-25,2025-11-19,7187.5109835946505,1441.4492876419756,73924.3741586534,74657.29943068516,1036.9043332388806,303.979061207126,24.882810261110762,51814.29439910577,110.27865347222792,1386.6870523472408,53090.70279798079,117.07070233537799,53207.773500316165,16913.81926392091,18871.64913013334,1846.9360738253717
2025-11-21,2025-11-20,2025-09-26,2025-11-20,1441.4492876419756,6933.59962872222,42490.90521641975,42732.397191174416,241.4919747546667,0.0,0.0,17609.27412456468,0.0,189.52260887602523,17798.7967334407,0.0,17798.7967334407,23966.32802301097,14469.790391666667,4371.475493163449
2025-11-22,2025-11-21,2025-09-27,2025-11-21,6933.59962872222,10340.46570858025,45668.6127026406,41611.996154912835,4.967629494443884,4061.584177222214,0.0,18938.16786467233,673.1243015707767,5.713767444509355,18270.75733054606,0.0,18270.75733054606,22353.818293120712,15040.413345555553,4078.761724014338
2025-11-23,2025-11-22,2025-09-28,2025-11-22,10340.46570858025,7436.786743074078,78026.37960733862,78255.77634384745,2185.5029059944436,1956.1061694856012,0.0,54411.54117882435,614.1061265568716,2978.541364894103,56775.97641716158,0.0,56775.97641716158,18671.752626056234,17737.43069606111,2089.3581305189978
2025-11-24,2025-11-23,2025-09-29,2025-11-23,7436.786743074078,6471.819167222223,79250.08471795102,78797.2569905694,480.0659105333367,932.893637914958,67.43325195555558,54482.118148494825,317.1448602717333,616.1780475845492,54781.15133580765,404.3482017022801,55185.499537509924,21623.927881474603,18383.852402261105,1462.6710633114585
2025-11-25,2025-11-24,2025-09-30,2025-11-24,6471.819167222223,5942.882824296302,90580.82214030864,82091.01007187476,0.7503739666663023,8490.562442400547,0.0,63849.76187484972,3568.5448933224907,1.2217964112244066,60282.43877793845,0.0,60282.43877793845,21298.65575271605,17727.95386833333,2351.647720825376
2025-11-26,2025-11-25,2025-10-01,2025-11-25,5942.882824296302,8146.439232777779,88570.90270299726,86172.35424716055,928.5276723457466,3327.07612818244,15.604814999999917,61308.23488962475,1368.569174190428,1192.3520823191393,61132.01779775346,84.06313840499955,61216.08093615846,24880.657099881104,18170.13148327037,2719.766562216486
2025-11-27,2025-11-26,2025-10-02,2025-11-26,8146.439232777779,1717.0728105370383,76396.32786266804,75151.77904244719,1002.231405767761,2246.780225988618,0.0,55532.80178247149,763.6992977344468,1297.7288366363955,56066.831321373444,0.0,56066.831321373444,14406.027355109734,17455.31193765556,2420.1708916596704
2025-11-28,2025-11-27,2025-10-03,2025-11-27,1717.0728105370383,6376.197025131687,43024.37538059671,43289.52221560692,570.8090955657735,305.66226055555876,41.116004351851075,17595.762932074602,91.37761063933411,268.0285591119352,17772.413880547203,206.05285580930166,17978.466736356506,24096.47431125514,15324.93239898148,3637.8577576851208
2025-11-29,2025-11-28,2025-10-04,2025-11-28,6376.197025131687,10423.41418284568,53405.964199229544,45880.74305987419,3.117597661110949,7528.33873701646,0.0,22107.092298319298,1591.2474023026002,3.4399572592698218,20519.284853275967,0.0,20519.284853275967,23075.09868415409,15048.334492222222,2924.52876794232
2025-11-30,2025-11-29,2025-10-05,2025-11-29,10423.41418284568,8822.338987777783,85383.06418609053,84961.99113845426,1333.1817785297017,1754.25482616598,0.0,60689.31782420026,618.5024189243122,1913.144606926686,61983.96001220264,0.0,61983.96001220264,20734.114694780525,18235.600578333335,2218.6489053403993
2025-12-01,2025-11-30,2025-10-06,2025-11-30,8822.338987777783,7340.562820333334,88948.46420191356,86960.11838082474,568.9183465723418,2557.264167661183,2120.013221583333,67875.50659577284,1136.4923861891255,1035.0501405350399,67774.06435011874,13216.368311432858,80990.4326615516,21307.39369179684,18592.58744105544,66.39761833333353
2025-12-02,2025-12-01,2025-10-07,2025-12-01,7340.562820333334,5772.6318683539075,92002.54058414952,89480.75669144961,1214.5136958778908,3736.2975885777787,2185.2087012074144,71409.11417775863,1738.6393299834149,2157.4240853626743,71827.8989331379,14497.320793725505,86325.2197268634,21550.680856693958,18867.189350703586,344.6639366666667
2025-12-03,2025-12-02,2025-10-08,2025-12-02,5772.6318683539075,6634.198922870372,85095.02022845451,91536.53446380628,6469.090421462892,27.576186111111383,1390.2538579888937,63363.31459043383,12.41893541513901,9367.584223093143,72718.47987811184,9027.25482440032,81745.73470251216,24698.243510615004,19230.166894533337,295.96313904683905
2025-12-04,2025-12-03,2025-10-09,2025-12-03,6634.198922870372,1321.4986868930039,85694.76712569958,82986.52627730987,1641.6762085491641,4349.917056938888,2303.6508568537015,67662.74662383567,2185.927556635701,2877.333651075765,68354.15271827573,14854.350841518224,83208.50355979397,16972.67262800514,18529.2950410638,75.59079722222191
2025-12-05,2025-12-04,2025-10-10,2025-12-04,1321.4986868930039,7100.894491907409,50662.30989944673,51021.981368510926,1448.8078812864198,1089.136412222224,1277.3672605555544,21915.386977585254,207.95961809775062,1527.88803013478,23235.315389622283,6448.71538680055,29684.030776422835,26799.672535832193,16506.278529511113,694.3269394120703
2025-12-06,2025-12-05,2025-10-11,2025-12-05,7100.894491907409,10240.627286574074,50892.18232829904,50329.78232609738,1142.24914166666,1704.6491438683117,984.7895944444418,22989.2685958903,452.9080669680353,1525.4018723664378,24061.762401288703,4919.601356741653,28981.363758030355,24472.75010998628,16997.168073888897,174.35906777777802
2025-12-07,2025-12-06,2025-10-12,2025-12-06,10240.627286574074,9435.351900487653,93972.43425880658,89543.61004915947,230.204499138889,4659.028708786007,1780.249625983331,72575.96682295697,2149.4573766659387,355.0223883388043,70781.53183462983,11945.817067205768,82727.34890183559,22208.4452232716,18713.58847832778,176.3216801989741
2025-12-08,2025-12-07,2025-10-13,2025-12-07,9435.351900487653,8274.865852722225,96149.09786965707,92818.94670712072,14.874007333330383,3345.0251698696898,7.200816666666469,73635.80109908292,1388.713889421328,22.7373447709523,72269.82455443253,50.733353824998616,72320.55790825754,22101.635096447182,18946.761871111114,1824.063181784634
2025-12-09,2025-12-08,2025-10-14,2025-12-08,8274.865852722225,8033.593023845679,96442.91646506859,92329.01743709197,43.31212422222188,4157.211152198834,272.8967104388865,72533.35230405079,1946.3049389259475,68.84384089381297,70655.89120601866,1914.2237466863044,72570.11495270496,24275.200009931414,19880.05755403333,818.3174249661117
2025-12-10,2025-12-09,2025-10-15,2025-12-09,8033.593023845679,8154.188782944449,92842.21465017146,93938.25210322188,1444.8304976388895,348.79304458847906,314.201538788886,69722.7501301546,172.710203915145,1996.1837171927357,71546.2236434322,2201.157335693329,73747.38097912553,24913.820878916318,20071.658728733335,1022.6730251611125
2025-12-11,2025-12-10,2025-10-16,2025-12-10,8154.188782944449,1687.6689928333376,88750.93111568585,84175.3877953491,2.410543555555023,4577.953863892317,5.755966666666836,68759.99577443376,2145.019623996739,4.058151884132438,66619.03430232115,40.00109035000118,66659.03539267115,16129.70866565156,18884.93183027778,975.1122266419834
2025-12-12,2025-12-11,2025-10-17,2025-12-11,1687.6689928333376,9044.002012166668,57362.10397664609,57651.039503927765,1224.7121408825092,935.776613600824,0.0,25136.62449886381,256.4407453390835,1106.2219659594168,25986.405719484144,0.0,25986.405719484144,29002.497090973935,16871.322926288885,1805.4518559093913
2025-12-13,2025-12-12,2025-10-18,2025-12-12,9044.002012166668,10560.552169901232,52080.72493814815,50718.07296733449,423.1263833565124,1785.7783541701638,122.53998784999972,23750.479092920406,557.5345655579453,415.4056277167939,23608.350155079257,586.1370317707402,24194.487186849998,22863.33148602881,17154.403361722223,1333.1514475445792
2025-12-14,2025-12-13,2025-10-19,2025-12-13,10560.552169901232,9715.768305037034,90861.96539042523,93455.01902927982,2593.1873221879246,0.1336833333331242,649.3638900777776,68772.12060904848,0.0709232233332211,3573.6867200090837,72345.73640583424,4497.651415957609,76843.38782179184,22780.441895596712,19212.463413811114,1757.682637572012
2025-12-15,2025-12-14,2025-10-20,2025-12-14,9715.768305037034,9009.728758055553,93042.25341958848,95625.6570717572,2628.4018234444447,44.998171275721916,0.0,70306.46923504776,24.082717490885713,4066.272736292316,74348.65925384918,0.0,74348.65925384918,22072.46691624829,18514.13379444445,2597.765983286695
2025-12-16,2025-12-15,2025-10-21,2025-12-15,9009.728758055553,8976.06594057408,99360.28900985597,95901.63285030866,0.0,3458.6561595473236,0.0,75922.90643571169,1708.0225388355598,0.0,74214.88389687613,0.0,74214.88389687613,23021.046916104257,18677.344537777775,2139.8391386488356
2025-12-17,2025-12-16,2025-10-22,2025-12-16,8976.06594057408,7429.395035444448,98179.5924210288,92790.58632421124,4.547473508864641e-13,5389.006096817557,5.046022777778035,75157.02998413608,2702.1864666959614,9.141785994870588e-13,72454.84351744011,35.828441313335105,72490.67195875345,22713.9625820919,19790.313506111113,1680.136204341571
2025-12-18,2025-12-17,2025-10-23,2025-12-17,7429.395035444448,2479.0983188703726,89606.51719783951,88660.16226346926,174.03755290000163,1120.3924872702348,0.0,69160.42146224322,471.49664312315707,200.24488265274726,68889.1697017728,0.0,68889.1697017728,18747.976803943755,19641.128256111107,2187.046748969953
2025-12-19,2025-12-18,2025-10-24,2025-12-18,2479.0983188703726,8988.29396724074,56600.9745304321,55953.338426083676,1132.1152777777784,1779.7513821261996,0.0,25367.98381396864,503.82318682443804,821.7851402722504,25685.94576741645,0.0,25685.94576741645,27435.619566776397,16364.575765555554,1973.9033248628334
2025-12-20,2025-12-19,2025-10-25,2025-12-19,8988.29396724074,10669.436844141974,54165.14218703703,50254.81702907408,0.0,3910.3251579629537,0.0,24681.310325415438,1073.875217563023,0.0,23607.435107852416,0.0,23607.435107852416,22428.06456898492,16653.703711666672,1624.1039217558296
2025-12-21,2025-12-20,2025-10-26,2025-12-20,10669.436844141974,9744.347949462965,97363.81669484224,95770.05890200693,373.8680906035664,1967.6258834388873,4.298783333333404,74070.90662511747,954.1186988668658,580.4078956776366,73697.19582192824,30.22689500833383,73727.42271693658,23020.95569945815,19479.55412177222,3195.1742409876633
2025-12-22,2025-12-21,2025-10-27,2025-12-21,9744.347949462965,6686.628210814813,94352.29489115227,92815.94168896432,11.991036666666105,1548.3442388545964,0.0,73214.90714463452,830.3520920542124,24.865649668998827,72409.4207022493,0.0,72409.4207022493,20032.929243751707,18978.62045222222,2824.2058141015104
2025-12-23,2025-12-22,2025-10-28,2025-12-22,6686.628210814813,9851.870212185184,103648.52458409464,98709.16284470508,0.0,4939.361739389573,0.0,77727.55312458494,2398.187346238737,0.0,75329.3657783462,0.0,75329.3657783462,26946.12603581619,18977.64428777778,3482.5885633333337
2025-12-24,2025-12-23,2025-10-29,2025-12-23,9851.870212185184,9005.591580251028,97951.01553479425,94650.03383257888,9.138502222222769,3310.1202044375855,46.71961759259125,74417.4894027375,1565.4525273188353,19.670107337001085,72871.70698275566,361.3762420786933,73233.08322483435,21929.208511385463,18524.309662962965,3437.295285082302
2025-12-25,2025-12-24,2025-10-30,2025-12-24,9005.591580251028,2501.932411129631,87886.10823849338,88562.39601880207,782.1367966333378,105.84901632462598,0.0,68328.26218336285,56.67101036986334,972.8691410541229,69244.46031404712,0.0,69244.46031404712,15999.390772121635,18812.79977762778,3563.3564909748925
2025-12-26,2025-12-25,2025-10-31,2025-12-25,2501.932411129631,10800.0,59915.26117305898,58125.752973203016,451.54369499999973,2241.0518948559657,0.0,26674.680264260314,537.6076904106891,554.1118453192496,26691.184419168872,0.0,26691.184419168872,28604.428714657064,15701.326428888891,2215.0282541015094
2025-12-27,2025-12-26,2025-11-01,2025-12-26,10800.0,10735.120918851855,52782.288392407405,50190.4174261454,334.6271516666671,2926.4981179286715,0.0,23781.52005479319,771.5368188042802,404.28170968466657,23414.26494567357,0.0,23414.26494567357,19512.238093648833,15863.304028888886,3202.6742947187918
2025-12-28,2025-12-27,2025-11-02,2025-12-27,10735.120918851855,9360.354310598766,96541.25487983538,93433.08160244231,44.07969055555657,3152.2529679486283,0.0,72845.71489626744,1482.7445047409308,87.00669720308534,71449.97708872959,0.0,71449.97708872959,21255.26984816872,18454.058524444445,3822.6155287180395
2025-12-29,2025-12-28,2025-11-03,2025-12-28,9360.354310598766,7612.869509425924,95742.13435787379,95644.78565157193,1008.6896327722204,1106.0383390740712,0.0,72050.11975164589,450.2030266353222,1320.3085718510415,72920.22529686161,0.0,72920.22529686161,20754.51706728395,18383.895145555558,5750.397463176883
2025-12-30,2025-12-29,2025-11-04,2025-12-29,7612.869509425924,9187.623224925928,100467.65570611798,96724.3387487664,138.79307885555608,3882.1100362071275,0.0,74159.54973704273,1717.7915859573964,270.8643463028204,72712.62249738816,0.0,72712.62249738816,24414.962393765436,18358.841195,4443.814950000962
2025-12-31,2025-12-30,2025-11-05,2025-12-30,9187.623224925928,8801.687028537037,100351.37463631,97554.78666482895,1.4789284555564564,2798.066899936618,0.0,75904.85050216771,1223.981136053129,2.507455185223172,74683.37682129981,0.0,74683.37682129981,22877.980862009594,18878.507074977777,4908.889944463794
