alpha,date,train_end_date,residual_history_start_date,residual_history_end_date,soc_open_kwh,soc_close_kwh,original_purchase_kwh,effective_purchase_kwh,upward_adjustment_kwh,downward_adjustment_kwh,emergency_purchase_kwh,base_plan_cost_yuan,downward_credit_yuan,upward_adjustment_cost_yuan,normal_settlement_cost_yuan,emergency_cost_yuan,total_cost_yuan,charge_kwh,discharge_kwh,surplus_discard_kwh
0.0,2025-02-01,2025-01-31,2025-01-02,2025-01-31,6000.0,9698.132278601235,51247.516323716874,47113.03302696653,0.0,4134.4832967503435,0.0,26892.026562188967,1166.973421984947,0.0,25725.05314020402,0.0,25725.05314020402,22541.473640750344,14930.274598266666,5123.6580511495185
0.0,2025-02-02,2025-02-01,2025-01-02,2025-02-01,9698.132278601235,9532.116331246914,93091.33040451714,88262.33786976487,99.90427362222067,4928.896808374489,0.0,59187.343746963204,1635.6717525458876,139.20398342002716,57690.87597783735,0.0,57690.87597783735,21727.072498138543,17748.343076111116,5927.330497737441
0.0,2025-02-03,2025-02-02,2025-01-02,2025-02-02,9532.116331246914,9410.58513116914,95680.99169039231,88895.42776903842,0.0,6785.563921353906,0.0,60859.01072747827,2357.4064264453054,0.0,58501.60430103297,0.0,58501.60430103297,22126.286442437584,18031.670098444443,4583.894925045266
0.0,2025-02-04,2025-02-03,2025-01-02,2025-02-03,9410.58513116914,9481.523380665434,97935.24928936761,91171.90429354736,70.01899040333495,6833.3639862235905,0.0,62798.0750803036,2449.8336984519624,98.07335234111383,60446.314734192754,0.0,60446.314734192754,22623.10471631275,18260.870395666665,5614.806022901281
0.0,2025-02-05,2025-02-04,2025-01-02,2025-02-04,9481.523380665434,9483.27930116173,92541.39275264746,89900.5223465199,507.1654702222221,3148.0358763497948,0.0,58885.58807965829,1165.494440423185,610.5160066623663,58330.609645897464,0.0,58330.609645897464,22340.12294732784,18093.919258888887,4905.891674747602
0.0,2025-02-06,2025-02-05,2025-01-02,2025-02-05,9483.27930116173,9425.868090053087,98291.45188204251,89387.68798140329,0.0,8903.763900639231,7.959461000000147,62993.567368590826,3278.635967229311,0.0,59714.93140136152,46.49519143150086,59761.426592793025,22554.400916738,18320.734832555558,4890.9241415541765
0.0,2025-02-07,2025-02-06,2025-01-02,2025-02-06,9425.868090053087,9274.601607253082,47795.3018282332,42991.22957039368,0.0,4804.0722578395125,0.0,25055.983530227713,1327.4348851958298,0.0,23728.548645031882,0.0,23728.548645031882,18545.14569675171,15157.707848888891,7798.112055864196
0.0,2025-02-08,2025-02-07,2025-01-02,2025-02-07,9274.601607253082,9413.562782283945,39020.361225467765,39441.14872502332,420.7874995555565,0.0,0.0,20342.96589250739,0.0,512.1104689133344,20855.076361420724,0.0,20855.076361420724,18626.31733741428,14962.25198577778,4199.920656720157
0.0,2025-02-09,2025-02-08,2025-01-02,2025-02-08,9413.562782283945,9169.035099271607,92298.9358445734,88615.25745376054,18.96169278777836,3702.6400836006333,0.0,58620.10998984667,1195.44530221632,25.354049631280496,57450.01873726163,0.0,57450.01873726163,21379.526286235938,17537.49120656222,5217.8064074201575
0.0,2025-02-10,2025-02-09,2025-01-02,2025-02-09,9169.035099271607,9121.483905364197,88597.13909280933,82336.14923459863,20.018424701111144,6281.008282911799,0.0,55829.35970004559,2176.402697395625,27.32920568322036,53680.286208333186,0.0,53680.286208333186,22222.10348226886,18042.699895154445,3830.108064150894
0.0,2025-02-11,2025-02-10,2025-01-02,2025-02-10,9121.483905364197,8963.634111281479,89203.03598766803,82645.21380146539,0.09053722222211036,6557.912723424869,0.0,56483.478178084515,2451.3805406970346,0.12722290466650948,54032.224860292146,0.0,54032.224860292146,22092.484867251034,18036.97755714778,3369.109358028805
0.0,2025-02-12,2025-02-11,2025-01-02,2025-02-11,8963.634111281479,9108.797407475307,89399.66444357613,82569.9039859218,0.0,6829.760457654323,7.652699999999982,56383.255523828586,2416.763332277495,0.0,53966.492191551086,33.51499964999992,54000.00719120108,22866.166930613173,18390.948247222223,2835.6018691975264
0.0,2025-02-13,2025-02-12,2025-01-02,2025-02-12,9108.797407475307,8574.512291879011,83460.18957240054,79196.14721509363,214.66640633333282,4478.708763640243,2.767724999999814,52146.328615121776,1552.9843123579822,274.80206722576594,50868.14636998957,12.121251637499185,50880.26762162706,21328.23891598766,17756.730125986673,4297.927133425981
0.0,2025-02-14,2025-02-13,2025-01-02,2025-02-13,8574.512291879011,8564.514762330866,39823.63373701509,40154.789072126194,703.718754555554,372.5634194444445,0.0,20438.446265992665,76.61766720875,946.5308096447304,21308.359408428645,0.0,21308.359408428645,18090.179015591224,14662.042779222225,6924.851019090533
0.0,2025-02-15,2025-02-14,2025-01-02,2025-02-14,8564.514762330866,8884.444467879013,40421.01490429492,39366.38838018381,44.975669777777796,1099.602193888889,0.0,21026.144124967548,343.6054175002,82.4808808054667,20765.01958827282,0.0,20765.01958827282,18149.02459903155,14412.773190222222,6350.045871374485
0.0,2025-02-16,2025-02-15,2025-01-02,2025-02-15,8884.444467879013,9014.41134214321,89066.79805780109,81289.61772286872,98.45309525555456,7875.633430187932,16.49964666666665,55930.421703241656,2834.967474268407,190.22614799801974,53285.68037697127,72.2602025766666,53357.94057954794,22881.871115670772,18417.345416855558,1464.2125707201694
0.0,2025-02-17,2025-02-16,2025-01-02,2025-02-16,9014.41134214321,8864.700615740743,88900.57938211795,77172.40345522709,0.0,11728.175926890875,0.0,55346.62756398333,3761.5890670221734,0.0,51585.03849696116,0.0,51585.03849696116,20875.212297474623,17043.661614716664,2156.9896058024624
0.0,2025-02-18,2025-02-17,2025-01-02,2025-02-17,8864.700615740743,9066.83631211852,79719.34666184636,78122.33035343426,319.48985161889084,1916.506160030999,12.7897999999999,49462.72305586947,608.029758041683,423.4201387841198,49278.11343661191,56.35232843333287,49334.46576504524,21647.883712989023,17352.86368078111,1748.7123378930048
0.0,2025-02-19,2025-02-18,2025-01-02,2025-02-18,9066.83631211852,8648.7809445642,79788.57062564208,79176.44299939895,180.89421856666763,793.0218448097987,69.32041166666659,49666.134482659734,296.2130453843994,243.77670653846437,49613.6981438138,303.58874289416633,49917.28688670797,22441.630781945136,18553.970764174446,2478.7760099615916
0.0,2025-02-20,2025-02-19,2025-01-02,2025-02-19,8648.7809445642,8183.954003411111,82484.74077586831,77682.37613723619,218.3100127777762,5020.674651409892,16.592149444444317,51158.838201114515,1656.8261432755116,324.075897781847,49826.08795562085,77.71762799777719,49903.805583618625,20833.9945000919,17293.87979211222,3165.719845367623
0.0,2025-02-21,2025-02-20,2025-01-02,2025-02-20,8183.954003411111,7911.692855908646,35470.302274844995,35696.13861251166,225.83633766666952,0.0,0.0,18315.294927605668,0.0,353.6239797606052,18668.918907366275,0.0,18668.918907366275,17157.25287684911,14142.409862999997,7121.033565329217
0.0,2025-02-22,2025-02-21,2025-01-02,2025-02-21,7911.692855908646,9033.733694104938,37054.08415590993,36849.97718827666,246.5384685944448,450.6454362277099,0.0,19284.17061574389,158.6571310312554,433.2901448966974,19558.803629609334,0.0,19558.803629609334,18862.271785630997,14268.603391984449,4411.54591129678
0.0,2025-02-23,2025-02-22,2025-01-02,2025-02-22,9033.733694104938,8794.233984233333,81447.18649687548,77085.54030687001,59.723651467776904,4421.369841473248,18.084320666666372,50348.416799814746,1524.8634835557789,109.259181857349,48932.81249811631,83.91344980488755,49016.7259479212,22433.61384334705,18386.776951995555,1524.9340528518508
0.0,2025-02-24,2025-02-23,2025-01-02,2025-02-23,8794.233984233333,9006.229609475306,78366.11418798902,74663.528476321,140.65115777777675,3843.2368694458114,52.39974177777788,48685.209192834736,1248.8666488040901,271.75913450033136,47708.10167853098,237.51779958100047,47945.61947811197,21009.90287235391,16827.225263888893,2330.216992967081
0.0,2025-02-25,2025-02-24,2025-01-02,2025-02-24,9006.229609475306,8816.524159080247,80759.48625827735,72469.11765415556,35.20812648889023,8325.576730610674,61.22655677777789,49949.93988371802,2795.747389883855,61.502930400265654,47215.695424234436,271.76139841322276,47487.456822647655,21281.192237695483,17408.500617888887,2836.329357793407
0.0,2025-02-26,2025-02-25,2025-01-02,2025-02-25,8816.524159080247,9053.576405281481,74146.94627775172,75580.71473635526,1449.0998707146746,15.331412111111263,27.341170777777847,45279.07464101275,3.5818763513222542,1409.9242153130976,46685.41697997453,119.73959558422253,46805.15657555875,22413.28769865981,17941.416014333336,2321.3361894732507
0.0,2025-02-27,2025-02-26,2025-01-02,2025-02-26,9053.576405281481,7399.784143141977,73442.0543265048,72060.00662416598,213.62906508230333,1595.6767674211285,20.962080555555644,45474.525166500884,440.0222810364811,305.06201906628235,45339.564904530685,93.87699846944487,45433.44190300013,20888.56672656652,18408.152084444446,2643.9698625994542
0.0,2025-02-28,2025-02-27,2025-01-03,2025-02-27,7399.784143141977,7162.1265028024745,34185.83753870308,33999.14149165919,0.0,186.6960470438956,0.0,17816.476814718324,87.99271606406681,0.0,17728.48409865426,0.0,17728.48409865426,17003.213736995887,13986.495003272223,7689.829207935526
0.0,2025-03-01,2025-02-28,2025-01-04,2025-02-28,7162.1265028024745,8962.478477271605,41597.802978463646,40431.88970124142,0.0,1165.9132772222213,0.0,21166.268358459325,367.47024857211073,0.0,20798.79810988721,0.0,20798.79810988721,18214.400676021945,13133.347770555554,11692.070862441697
0.0,2025-03-02,2025-03-01,2025-01-05,2025-03-01,8962.478477271605,8746.298405179012,84051.26584192044,79921.05742209396,904.89147323937,5035.099893065842,0.0,52165.85698280008,1583.3697634455843,1211.8882909283648,51794.37551028286,0.0,51794.37551028286,21839.198949869686,17884.31321427778,3607.864619835389
0.0,2025-03-03,2025-03-02,2025-01-06,2025-03-02,8746.298405179012,8694.563476993826,86173.86604368998,78873.0578996146,738.0406266666664,8038.84877074205,0.0,53456.929257953394,2635.3094441487283,968.1532237225832,51789.77303752725,0.0,51789.77303752725,22465.165131913574,18243.345192216668,2634.091326584361
0.0,2025-03-04,2025-03-03,2025-01-07,2025-03-03,8694.563476993826,8674.525830537035,77014.1605553155,75027.749510886,595.2337359888918,2581.644780418381,0.0,47427.74168016063,758.4316569202766,772.0159559395238,47441.32597917988,0.0,47441.32597917988,21303.75793481482,17274.07780901111,1798.6114517489616
0.0,2025-03-05,2025-03-04,2025-01-08,2025-03-04,8674.525830537035,8846.596669660492,80862.93329520576,72521.32715612621,196.75680277777815,8538.36294185734,0.0,49818.00133013477,2703.866283112514,364.77528283658376,47478.910329858845,0.0,47478.910329858845,21147.25343702332,16974.411528777775,2218.0132312139895
0.0,2025-03-06,2025-03-05,2025-01-09,2025-03-05,8846.596669660492,7197.711798858027,73664.90300161179,70560.4712927301,393.39976208539224,3497.8314709670813,0.0,45460.16427227344,986.7602318807601,509.8677678660632,44983.27180825874,0.0,44983.27180825874,19500.434287585733,17279.348156666667,2398.7310284777086
0.0,2025-03-07,2025-03-06,2025-01-10,2025-03-06,7197.711798858027,6610.670685277775,34135.649579470846,32778.139607907055,0.0,1357.509971563788,0.0,18091.19330814009,540.9752932977724,0.0,17550.218014842314,0.0,17550.218014842314,15037.470502160493,12708.688108972226,9527.071681385458
0.0,2025-03-08,2025-03-07,2025-01-11,2025-03-07,6610.670685277775,8983.58057512963,35175.13305991667,35163.42375996893,3.530605566665429,15.239905514404501,0.0,18055.06079649857,6.744398824523159,5.993969609434323,18054.31036728348,0.0,18054.31036728348,18325.0409380727,12707.664258972218,10482.907564201783
0.0,2025-03-09,2025-03-08,2025-01-12,2025-03-08,8983.58057512963,8802.548143129628,78302.14972272291,69294.26769005548,24.00568104999877,9031.887713717424,0.0,47880.574997339034,2659.7040754407208,34.39205832859654,45255.26298022691,0.0,45255.26298022691,20874.147858820295,17070.988954444445,2157.58373567963
0.0,2025-03-10,2025-03-09,2025-01-13,2025-03-09,8802.548143129628,8846.184029765429,75120.95700390261,74094.5291806515,741.4090949244875,1767.8369181755813,0.0,45556.55595001465,557.2396761529603,805.9081853660034,45805.22445922769,0.0,45805.22445922769,21951.908972805217,17741.773970000002,1842.3227278462964
0.0,2025-03-11,2025-03-10,2025-01-14,2025-03-10,8846.184029765429,8987.341921530862,66635.78149627571,70376.82020945816,3804.2214460611167,63.18273287867498,0.0,40708.24324634667,29.948484366441498,3294.943873645168,43973.2386356254,0.0,43973.2386356254,21049.26069386831,16922.859059444443,2311.4997750342995
0.0,2025-03-12,2025-03-11,2025-01-15,2025-03-11,8987.341921530862,8817.399584882718,76236.96271441015,67819.16662866942,34.39917555555587,8452.19526129629,0.0,46717.630364523706,2609.6901867255556,66.46436704966727,44174.404544847814,0.0,44174.404544847814,20633.075357085036,16865.739142222217,1616.2957304732595
0.0,2025-03-13,2025-03-12,2025-01-16,2025-03-12,8817.399584882718,5771.382467314815,72828.1931360631,70838.53114583052,575.9611683339532,2565.623158566529,84.69475444444276,44933.11270846505,806.6350767696155,601.8419324802451,44728.319564175676,580.8070734394328,45309.12663761511,17981.84573562415,17306.710451666666,2702.4725996508187
0.0,2025-03-14,2025-03-13,2025-01-17,2025-03-13,5771.382467314815,5671.69707658642,31262.676025274348,31589.68692749657,327.01090222222115,0.0,0.0,16075.61770923214,0.0,445.5451010439144,16521.16281027605,0.0,16521.16281027605,15182.622277791492,12387.640896666668,12765.27956303841
0.0,2025-03-15,2025-03-14,2025-01-18,2025-03-14,5671.69707658642,8510.03623882716,34493.94548510288,34919.485453991765,425.5399688888892,0.0,0.0,17359.50236810976,0.0,573.2995789396671,17932.801947049426,0.0,17932.801947049426,18890.886750912203,12747.11302222222,7851.586575301785
0.0,2025-03-16,2025-03-15,2025-01-19,2025-03-15,8510.03623882716,9050.73959102469,72523.5226865295,70497.13696171468,759.9194316666669,2786.305156481489,1.6400000000001,44351.03760592594,966.6811946394495,599.5459029423334,43983.902314228835,7.461180000000455,43991.36349422883,21457.647982551436,16894.06184888889,2584.143894718793
0.0,2025-03-17,2025-03-16,2025-01-20,2025-03-16,9050.73959102469,8989.695557796298,67461.66762891755,63283.2688373594,599.2515966529556,4777.650388211116,0.0,40277.113440648776,1160.8815861287321,722.1103450985096,39838.34219961856,0.0,39838.34219961856,21133.97800628944,17173.461815000002,1464.6212127366268
0.0,2025-03-18,2025-03-17,2025-01-21,2025-03-17,8989.695557796298,8896.147704055555,76077.52259022633,67185.0841165135,0.0,8892.43847371283,0.0,46614.87034028881,2869.407509826027,0.0,43745.462830462784,0.0,43745.462830462784,20875.060462873796,16992.992043294445,2177.057330267485
0.0,2025-03-19,2025-03-18,2025-01-22,2025-03-18,8896.147704055555,9024.90847476543,62769.8501048834,66345.97733442386,3576.127229540469,0.0,0.0,38408.005093272004,0.0,3058.332765769021,41466.33785904103,0.0,41466.33785904103,20963.80277746913,16864.79555611111,2781.499663065847
0.0,2025-03-20,2025-03-19,2025-01-23,2025-03-19,9024.90847476543,5260.932192586423,67095.76551371742,62885.6282045164,441.5407351611125,4651.678044362133,0.0,41790.78585864457,1487.716045673325,550.6056679787113,40853.675480949954,0.0,40853.675480949954,17857.287651289455,17851.981651505557,671.360388065835
0.0,2025-03-21,2025-03-20,2025-01-24,2025-03-20,5260.932192586423,4783.084143641973,29423.055939031616,29200.522656759393,90.99133550555553,313.5246177777789,0.0,15228.368423405016,137.1198777183339,115.10607927183673,15206.35462495852,0.0,15206.35462495852,14879.107608223592,12482.140406711114,14770.090938580248
0.0,2025-03-22,2025-03-21,2025-01-25,2025-03-21,4783.084143641973,9163.501765314813,35333.946487572015,34981.65479423868,0.0,352.2916933333337,0.0,18028.002817784156,154.76394539383347,0.0,17873.23887239032,0.0,17873.23887239032,19275.43251927984,11670.724481111112,11495.747022736623
0.0,2025-03-23,2025-03-22,2025-01-26,2025-03-22,9163.501765314813,8743.903776901236,71745.89835779149,64754.22899130981,19.409784650000233,7011.079151131685,0.0,43758.94516522871,2295.213716592419,37.50261541149795,41501.234064047785,0.0,41501.234064047785,20401.154801371744,16902.573578683332,2485.92765195473
0.0,2025-03-24,2025-03-23,2025-01-27,2025-03-23,8743.903776901236,8962.578573148148,68130.56854719478,64392.05610014404,576.630298333333,4315.142745384086,42.69086440555513,41035.76400113151,1192.8710505979097,721.9790014193327,40564.87195195294,205.10442131694236,40769.97637326988,21859.26263716735,17509.19541948333,2086.1826635322363
0.0,2025-03-25,2025-03-24,2025-01-28,2025-03-24,8962.578573148148,8614.20573540741,74964.96491567214,65190.70550340192,2.4352916666666715,9776.694703936897,0.0,45626.25564310491,3107.351117029267,4.545526151250007,42523.45005222689,0.0,42523.45005222689,21375.666899080945,17627.825742222223,492.73962987652794
0.0,2025-03-26,2025-03-25,2025-01-29,2025-03-25,8614.20573540741,8772.131949481483,64948.53723693415,61104.04040156651,831.4005802222222,4675.897415589852,0.0,39335.90269502467,1395.8796399228136,968.449168983116,38908.47222408497,0.0,38908.47222408497,21114.16914362138,16960.343413666666,1357.6598049451395
0.0,2025-03-27,2025-03-26,2025-01-30,2025-03-26,8772.131949481483,4668.793095462964,64116.91942162552,59187.75498191097,9.694417083332041,4938.858856797876,0.0,39827.92958612534,1650.4093347009039,13.934964371373097,38191.45521579581,0.0,38191.45521579581,17194.893043360764,17620.86833373889,896.7408722890972
0.0,2025-03-28,2025-03-27,2025-01-31,2025-03-27,4668.793095462964,4614.817839728397,29699.204199814812,29633.502954814816,0.0,65.70124499999969,0.0,15191.384293966938,30.74513909833315,0.0,15160.639154868604,0.0,15160.639154868604,14782.225450418378,12022.180344999997,16051.577082729771
0.0,2025-03-29,2025-03-28,2025-02-01,2025-03-28,4614.817839728397,8921.380311037043,33427.128731131685,33900.19316557613,473.06443444444693,0.0,0.0,16544.609731183416,0.0,642.1962691710874,17186.806000354503,0.0,17186.806000354503,19147.110209547318,11633.253045555553,18679.126818251032
0.0,2025-03-30,2025-03-29,2025-02-02,2025-03-29,8921.380311037043,8887.782763666664,67147.92195499313,59599.81138402867,349.1483494777839,7897.258920442247,0.0,40209.073517271754,2247.227579981334,674.4756097793335,38636.32154706976,0.0,38636.32154706976,21309.156070150882,17290.654209455544,235.6898233333343
0.0,2025-03-31,2025-03-30,2025-02-03,2025-03-30,8887.782763666664,9062.317837111113,58265.11046793553,61821.385963971676,3923.663561550552,367.3880655143993,0.0,35441.748354148884,81.62624490369869,3083.28135425738,38443.40346350257,0.0,38443.40346350257,21175.202461941022,16994.832428072226,689.6264467695507
0.0,2025-04-01,2025-03-31,2025-02-04,2025-03-31,9062.317837111113,8740.96016262963,71272.10520713992,65260.97298194204,222.78313419444154,6233.915359392312,0.0,42382.8132985696,1720.0523242112586,282.55237843016664,40945.31335278851,0.0,40945.31335278851,19831.532068717417,16352.762882694451,1573.352279252405
0.0,2025-04-02,2025-04-01,2025-02-05,2025-04-01,8740.96016262963,8692.265247203699,68006.36312374484,66047.01608827319,171.7136321277773,2131.060667599448,0.0,40681.86525539004,480.6719964666139,195.24397186017387,40396.437230783595,0.0,40396.437230783595,20434.26756322359,16595.582150094444,1772.995275144036
0.0,2025-04-03,2025-04-02,2025-02-06,2025-04-02,8692.265247203699,4191.97078195679,64062.75877597394,56690.390622887586,0.0,7372.368153086354,0.0,40042.28864691887,2319.1458737444964,0.0,37723.14277317437,0.0,37723.14277317437,15984.920758635122,16998.050833216672,1839.9904308024684
0.0,2025-04-04,2025-04-03,2025-02-07,2025-04-03,4191.97078195679,4325.918977104938,28007.70657458848,28067.65676403292,65.47124888888436,5.52105944444429,0.0,14170.460983942561,2.3516952703610454,91.75122293832679,14259.860511610528,0.0,14259.860511610528,14334.443553593963,11490.345902777779,18792.75686321673
0.0,2025-04-05,2025-04-04,2025-02-08,2025-04-04,4325.918977104938,8853.217476981481,32824.102802272224,33150.67173096667,326.56892869444994,0.0,0.0,16174.310142915416,0.0,431.87611724040755,16606.186260155824,0.0,16606.186260155824,19190.83751190672,11470.00973475555,13385.728970482169
0.0,2025-04-06,2025-04-05,2025-02-09,2025-04-05,8853.217476981481,8753.554049666665,65722.06029820986,60562.44997403979,728.1810322222224,5887.791356392312,0.0,38805.594687447454,1483.5163698400138,1002.8073637563333,38324.88568136377,0.0,38324.88568136377,20815.017959362143,16949.861631666667,2287.2173796776406
0.0,2025-04-07,2025-04-06,2025-02-10,2025-04-06,8753.554049666665,8887.748142105547,57653.23839930371,58556.2161602594,1869.9908586442996,967.0130976886105,0.0,34320.533162861146,219.06174669585894,1959.6487969142254,36061.12021307951,0.0,36061.12021307951,20342.792256069948,16356.887044221668,1327.591665077784
0.0,2025-04-08,2025-04-07,2025-02-11,2025-04-07,8887.748142105547,8658.159664185188,66831.04714011593,59653.78916925858,82.62760888888783,7259.885579746226,0.0,40231.53318685306,2089.579658975294,121.05183434858154,38263.00536222635,0.0,38263.00536222635,20652.86065484843,16935.446760555555,1583.1816582990386
0.0,2025-04-09,2025-04-08,2025-02-12,2025-04-08,8658.159664185188,8764.342060407407,65472.15270945129,65437.61865334019,1648.5357999999974,1683.069856111107,0.0,39089.13358910308,601.7330491126864,1313.603955807414,39801.00449579781,0.0,39801.00449579781,21241.918622002748,17110.389927222226,2171.778941892997
0.0,2025-04-10,2025-04-09,2025-02-13,2025-04-09,8764.342060407407,4111.988448925924,58261.37028008231,55596.7304839454,1214.5825015860014,3879.222297722907,0.0,36348.857381808164,1264.253108965115,896.6705499957476,35981.27482283879,0.0,35981.27482283879,15779.401538655697,16968.433496644444,2325.1245419341453
0.0,2025-04-11,2025-04-10,2025-02-14,2025-04-10,4111.988448925924,3932.0464481456174,26453.630581625104,26842.176163586213,388.5455819611096,0.0,62.5938288888884,13192.07106175274,0.0,507.5119497262851,13699.583011479026,260.82848497999794,13960.411496459023,14081.817733097325,11568.220164511109,19074.52225722222
0.0,2025-04-12,2025-04-11,2025-02-15,2025-04-11,3932.0464481456174,9062.681017574076,33719.315105557835,33091.16852500227,29.669635555555317,657.8162161111113,0.0,16849.761710986735,291.8278823224446,54.41114464533289,16612.34497330962,0.0,16612.34497330962,18936.59957165295,10721.07454055328,15850.4829439026
0.0,2025-04-13,2025-04-12,2025-02-16,2025-04-12,9062.681017574076,8929.357947944447,60891.982060473245,59421.90906097765,164.43103352222386,1634.504033017833,0.0,36196.247569103376,395.488655917673,181.103710357397,35981.86262354309,0.0,35981.86262354309,20321.979674115217,16580.794298699995,1404.365202229088
0.0,2025-04-14,2025-04-13,2025-02-17,2025-04-13,8929.357947944447,8681.390226166666,64315.40463495885,56275.97837902655,461.3650058166638,8500.791261748958,46.976390344441825,38663.60168582127,2748.1477497400674,891.426395988667,36806.880332069864,327.70729904282615,37134.58763111269,19745.696222654326,16217.184889950004,266.4116366666673
0.0,2025-04-15,2025-04-14,2025-02-18,2025-04-14,8681.390226166666,8888.473983697528,56468.071837565156,56558.7288743454,1469.9891450861458,1379.3321083058968,0.0,33536.2104846069,299.0923423780068,1551.8696147006467,34788.987756929535,0.0,34788.987756929535,20004.9343885048,16017.621472911114,2431.9871254183818
0.0,2025-04-16,2025-04-15,2025-02-19,2025-04-15,8888.473983697528,8792.376236888886,62848.58456748285,61280.27542,906.3063643827147,2474.615511865567,0.0,36829.30526028949,571.7816110354894,1181.7979895818876,37439.3216388359,0.0,37439.3216388359,19841.468131117974,16158.077158333335,1817.292497215361
0.0,2025-04-17,2025-04-16,2025-02-20,2025-04-16,8792.376236888886,3864.5019458456763,50699.49030936214,52670.85917112484,2962.2203696982265,990.851507935527,0.0,31949.58475373683,339.29326939686274,2080.5388695525007,33690.83035389247,0.0,33690.83035389247,14949.963009266126,16544.556899444444,1397.110711303158
0.0,2025-04-18,2025-04-17,2025-02-21,2025-04-17,3864.5019458456763,3938.2964772962973,26455.50520712709,26477.544683943765,36.083806816670446,14.044329999999837,0.0,13220.708773545393,6.231963928499929,43.71849612655008,13258.195305743444,0.0,13258.195305743444,13342.293497407405,10740.842654594444,17521.976657797466
0.0,2025-04-19,2025-04-18,2025-02-22,2025-04-18,3938.2964772962973,8887.901795425923,32058.756935211106,32591.18413043333,532.4271952222211,0.0,0.0,15317.264281259679,0.0,737.7080722979318,16054.972353557609,0.0,16054.972353557609,18813.372665013718,10784.187072344448,17777.31928776406
0.0,2025-04-20,2025-04-19,2025-02-23,2025-04-19,8887.901795425923,9121.924962648149,57876.28924550754,57760.65456816186,961.5629635459551,1077.197640891632,0.0,34622.105052668376,241.44868305142725,997.0031133487691,35377.65948296572,0.0,35377.65948296572,20180.049674828537,16135.219386111112,1758.0793961111112
0.0,2025-04-21,2025-04-20,2025-02-24,2025-04-20,9121.924962648149,8671.271055249885,61385.356330603565,54671.633500288066,0.0,6713.722830315501,0.0,36434.463690723496,1875.6349594447113,0.0,34558.82873127879,0.0,34558.82873127879,18436.526563923173,15339.175033436215,3057.37158646777
0.0,2025-04-22,2025-04-21,2025-02-25,2025-04-21,8671.271055249885,8870.438000018521,54848.41142918737,57109.55535777448,2261.1439285871065,0.0,0.0,32779.563547647915,0.0,2156.507875133784,34936.0714227817,0.0,34936.0714227817,19827.681252074886,15881.171563888887,1010.1163529218088
0.0,2025-04-23,2025-04-22,2025-02-26,2025-04-22,8870.438000018521,8988.275976537036,52777.09725648834,56638.26826417283,3864.1722654622713,3.0012577777778233,0.0,31706.83713165923,1.873124768833363,3033.1047336908205,34738.06874058122,0.0,34738.06874058122,19583.510517496565,15756.589340305563,1411.430370315158
0.0,2025-04-24,2025-04-23,2025-02-27,2025-04-23,8988.275976537036,3283.1389630308704,48203.1060239369,48634.2756338203,888.8742866666671,457.7046767832636,0.0,29973.884922926707,97.16994412110441,1173.9539077335007,31050.668886539104,0.0,31050.668886539104,12764.459559067218,15473.835554999998,4253.544929753086
0.0,2025-04-25,2025-04-24,2025-02-28,2025-04-24,3283.1389630308704,3030.4040961666665,25926.70919673587,25296.97571229142,0.0,629.7334844444474,0.0,13006.01635625942,298.0577157211959,0.0,12707.958640538225,0.0,12707.958640538225,12776.980298209877,10576.815421727786,21096.453185809325
0.0,2025-04-26,2025-04-25,2025-03-01,2025-04-25,3030.4040961666665,8906.631001197535,32470.584500672227,32600.183009588887,129.59850891666406,0.0,0.0,15692.318223595623,0.0,175.2814450801712,15867.599668675794,0.0,15867.599668675794,19172.02236415638,10240.733900438885,23598.700912538065
0.0,2025-04-27,2025-04-26,2025-03-02,2025-04-26,8906.631001197535,8819.127637981483,53639.30869793553,55141.449615975245,2149.4955359546702,647.3546179149506,0.0,32108.895058289876,163.91036567229486,2115.8582251287526,34060.84291774634,0.0,34060.84291774634,19993.37526652949,16273.386992783333,2847.990158895752
0.0,2025-04-28,2025-04-27,2025-03-03,2025-04-27,8819.127637981483,8928.839867203702,65849.11523893691,63567.794894412466,1630.793448699173,3912.113793223598,0.0,38606.300602183925,1042.2299568237913,1360.8455777935428,38924.916223153676,0.0,38924.916223153676,19732.65806872427,15884.712029366669,3097.8815383882047
0.0,2025-04-29,2025-04-28,2025-03-04,2025-04-28,8928.839867203702,9052.299644685185,55509.63584236625,55676.316237510284,953.7071099999991,787.0267148559674,0.0,33177.328136765194,177.93189193130257,1284.7688036804986,34284.16504851439,0.0,34284.16504851439,17990.481558655694,14461.176262777779,4713.797224965701
0.0,2025-04-30,2025-04-29,2025-03-05,2025-04-29,9052.299644685185,8737.171889148149,52491.37568394444,52515.49572518587,445.92923943072793,421.8091981892983,0.0,31931.668410523267,214.89397950126147,296.4537583735479,32013.228189395555,0.0,32013.228189395555,18458.662234519892,15235.131389944445,1035.1104472770917
0.0,2025-05-01,2025-04-30,2025-03-06,2025-04-30,8737.171889148149,1890.333938728394,48870.1251927572,48512.82120716838,278.468372305554,635.7723578943744,1351.7486060277806,30708.024959594928,159.55094799581133,538.0426655501761,31086.51667714929,8430.812708191865,39517.32938534116,12986.659373333332,16681.34824777778,2547.879887640609
0.0,2025-05-02,2025-05-01,2025-03-07,2025-05-01,1890.333938728394,2166.4537123518508,28802.998618539095,28745.074320450207,197.9731474666669,255.89744555555617,1110.921576666664,14535.248855417874,121.74895516594479,363.0629551391204,14776.56285539105,6440.743035048714,21217.305890439766,14047.069907290812,11129.618828644449,12648.22473513717
0.0,2025-05-03,2025-05-02,2025-03-08,2025-05-02,2166.4537123518508,8379.859683592591,34243.49380476681,34257.563636433464,72.57510944444215,58.50527777777806,1411.2937349999984,16388.770214686345,27.134999162555687,107.45833579891327,16469.0935513227,7995.094049208042,24464.187600530742,19940.545869965703,10559.77678055556,17420.91663202332
0.0,2025-05-04,2025-05-03,2025-03-09,2025-05-03,8379.859683592591,8209.303464407407,60255.65351048697,55515.18890445823,763.9457590055549,5504.410365034296,1304.1248315500015,35585.72645944389,1549.23846414671,1492.9793070119156,35529.4673023091,8126.991700003151,43656.459002312244,17256.460973196154,14131.233985555557,1959.4194150343005
0.0,2025-05-05,2025-05-04,2025-03-10,2025-05-04,8209.303464407407,8247.803668925926,62428.55783510287,59267.62734823066,589.8690075722233,3750.7994944444445,999.4542008499982,37457.24162776753,1310.116584678306,1144.064078014669,37291.1891211039,6467.062549611146,43758.251670715035,19569.125664032916,15816.3416038,1438.2906888477373
0.0,2025-05-06,2025-05-05,2025-03-11,2025-05-05,8247.803668925926,8056.609096407406,53262.888515850485,56635.314432043626,3703.975900411251,331.54998421811524,1055.7509592166657,32036.33596344376,99.41295911989091,3745.7068336086577,35682.62983793253,6641.7901687571275,42324.42000668965,19565.630448401917,16020.235778472215,1275.588354663927
0.0,2025-05-07,2025-05-06,2025-03-12,2025-05-06,8056.609096407406,8229.161317611113,57165.5576090535,59525.49508636605,2360.8418768941574,0.9043995816113011,1075.7334137388827,34520.12779490206,0.5567936024189976,1978.4250948609188,36497.996096160554,6966.123723596895,43464.119819757456,20472.841791529485,16427.704852055558,1488.2456106310026
0.0,2025-05-08,2025-05-07,2025-03-13,2025-05-07,8229.161317611113,2690.5902094781286,58495.096686700956,54132.13293254266,411.7100467333338,4774.673800891629,440.3032893499987,35400.95289633961,1139.7694940019355,679.6550364391568,34940.83843877683,2460.9763215582157,37401.814760335044,13270.089979945124,15733.486881075238,1209.3207230227752
0.0,2025-05-09,2025-05-08,2025-03-14,2025-05-08,2690.5902094781286,3043.6444884259263,27778.705442225946,28099.44510659261,410.0161238111088,89.27645944444458,362.3510799999991,14014.502714405337,38.61655476547229,665.4161937553597,14641.302353395222,2006.2023585458276,16647.504711941052,13562.46515434529,10667.847923966667,17067.793106213994
0.0,2025-05-10,2025-05-09,2025-03-15,2025-05-09,3043.6444884259263,8425.124880666666,33797.03778258643,34256.304168641975,459.2663860555524,0.0,313.87623333333465,16559.575496520345,0.0,640.5485539018782,17200.124050422222,1672.681305060008,18872.805355482233,18933.67537478052,10492.944700555554,14008.404444417007
0.0,2025-05-11,2025-05-10,2025-03-16,2025-05-10,8425.124880666666,8441.897700314814,62715.480794403295,59574.86607445268,673.056657888889,3813.6713778394987,571.2382049999983,36934.59706948518,916.811827219248,1007.3559828762666,37025.1412251422,3975.0420780716545,41000.18330321385,18838.24426037723,15243.882313222224,1067.6632489643373
0.0,2025-05-12,2025-05-11,2025-03-17,2025-05-11,8441.897700314814,8676.020788629628,55222.80482734569,57391.2430711884,2722.070850509387,553.6326066666666,144.71355888183155,33253.038638457074,113.85454556099998,2857.220065784275,35996.40415868035,901.8199207546566,36898.22407943501,17499.045720907205,13963.5162544515,2069.2319302812
0.0,2025-05-13,2025-05-12,2025-03-18,2025-05-12,8676.020788629628,8715.2044575,64895.38579175583,59254.87610532921,1011.516875507547,6652.026561934155,159.94676817777594,38120.37857965209,1723.225720707209,1352.4969471787247,37749.649806123605,956.0343449541633,38705.684151077774,18627.94005133745,15053.366139599999,2711.0361951028763
0.0,2025-05-14,2025-05-13,2025-03-19,2025-05-13,8715.2044575,8502.849674148147,62660.22664314958,59232.39472109191,1715.5500403085732,5143.381962366257,10.302830038888828,37990.189841754545,1565.052417473736,1237.77074731638,37662.908171597184,63.54434927295517,37726.45252087014,18270.72889005487,14990.409705961114,2948.2295837037027
0.0,2025-05-15,2025-05-14,2025-03-20,2025-05-14,8502.849674148147,3170.9163328395057,54739.29972172154,53059.6003101509,1577.4633583813413,3257.1627699519895,0.0,35484.12323449424,1162.0889356216842,1096.2089868733437,35418.2432857459,0.0,35418.2432857459,12854.095281262007,15210.557185000001,2651.0039305555524
0.0,2025-05-16,2025-05-15,2025-03-21,2025-05-15,3170.9163328395057,2574.5745395802446,27391.394167467763,26636.072624467764,0.0,755.3215430000016,0.0,14740.866666373327,389.95009957262334,0.0,14350.916566800706,0.0,14350.916566800706,12133.310549739368,10364.689159222224,22151.944700617285
0.0,2025-05-17,2025-05-16,2025-03-22,2025-05-16,2574.5745395802446,8800.420187333335,34891.76991917696,34739.563287960846,78.65001656166791,230.85664777777757,0.0,17767.310539896403,102.97648999147212,142.35306381742043,17806.687113722353,0.0,17806.687113722353,19217.2688665631,9962.726698938333,15036.222037002744
0.0,2025-05-18,2025-05-17,2025-03-23,2025-05-17,8800.420187333335,9084.093729092592,66736.0624285871,60071.97378859499,50.35615230555425,6714.444792297665,5.2366666666667925,39832.35387775688,1720.1236983124563,85.99271340502287,38198.222892849444,35.31869833333418,38233.54159118278,18683.532978497937,14878.355525,2595.8649017637226
0.0,2025-05-19,2025-05-18,2025-03-24,2025-05-18,9084.093729092592,8819.16551730247,59671.833978559676,57213.65827269157,561.4305283500014,3019.606234218106,67.00333333333344,35869.55425168605,672.761477804657,730.3736635854855,35927.16643746688,451.90398166666745,36379.07041913355,17106.92713854595,14095.04637283333,6753.56429031228
0.0,2025-05-20,2025-05-19,2025-03-25,2025-05-19,8819.16551730247,8738.102258092593,59594.42732700253,60008.773609245334,1784.3947313854608,1370.0484491426582,0.0,35978.02472158799,317.7001121384691,1518.9974590109487,37179.322068460475,0.0,37179.322068460475,18260.021706934152,14863.574515905559,2084.93160155007
0.0,2025-05-21,2025-05-20,2025-03-26,2025-05-20,8738.102258092593,8893.754868166667,55788.543197674895,58459.96136654884,2671.4181688739454,0.0,0.0,34520.96971995846,0.0,2355.4467639346312,36876.416483893096,0.0,36876.416483893096,17460.98389048011,14003.309602222222,3639.6717949576196
0.0,2025-05-22,2025-05-21,2025-03-27,2025-05-21,8893.754868166667,3348.3500529259254,51660.03866471193,50332.69977596708,0.0,1327.3388887448557,2.57000000000005,33432.22945839311,450.9524647827118,0.0,32981.2769936104,17.333365000000338,32998.6103586104,11506.181378127574,14310.871250000002,2323.328831172841
0.0,2025-05-23,2025-05-22,2025-03-28,2025-05-22,3348.3500529259254,3364.6981176481518,27012.535480535393,27839.386361646502,875.8030549999992,48.952173888889774,0.0,14368.99054434897,29.924463898278315,1240.7098581404152,15579.775938591105,0.0,15579.775938591105,12270.379306303155,9924.293979855556,19072.35215186557
0.0,2025-05-24,2025-05-23,2025-03-29,2025-05-23,3364.6981176481518,9612.050410592594,34863.960237449995,34368.22011911667,0.0,495.740118333332,0.0,18154.531537359,258.14714153924933,0.0,17896.38439581975,0.0,17896.38439581975,19103.256567325105,9851.020755883335,21361.482924341566
0.0,2025-05-25,2025-05-24,2025-03-30,2025-05-24,9612.050410592594,9310.860667148148,60523.22622268861,57766.98004856378,354.06777033333157,3110.313944458164,0.0,36674.9963561115,703.2491418404211,475.1282462911298,36446.87546056221,0.0,36446.87546056221,16008.12346544582,13237.65077611111,6451.497175895738
0.0,2025-05-26,2025-05-25,2025-03-31,2025-05-25,9310.860667148148,9382.808832925924,58536.46910995885,61644.73793492718,3118.718371634989,10.449546666666606,0.0,36063.573160200496,6.539521037833296,2197.3043994510645,38254.33803861373,0.0,38254.33803861373,18723.50129325103,15101.282698333334,3442.6863900094722
0.0,2025-05-27,2025-05-26,2025-04-01,2025-05-26,9382.808832925924,9191.386104407406,55167.68553545556,56314.09691085384,1179.5021236630287,33.09074826474733,0.0,34493.325019414275,14.839975845119156,821.6874053343226,35300.17244890348,0.0,35300.17244890348,17333.359919053495,14212.301990099997,3802.6716819003395
0.0,2025-05-28,2025-05-27,2025-04-02,2025-05-27,9191.386104407406,9470.311981314817,63948.62765404665,60031.25215258004,452.24980031666695,4369.625301783264,0.0,38420.17674942753,1002.271781367826,616.8319382630515,38034.736906322745,0.0,38034.736906322745,18161.691443477368,14459.93678,4055.673389102672
0.0,2025-05-29,2025-05-28,2025-04-03,2025-05-28,9470.311981314817,3281.973076222221,55115.687298477365,54615.49864356653,1646.9923518587098,2147.1810067695474,17.817433333333497,34742.37255567802,512.4871788405759,1215.9726434051413,35445.85802024258,119.77769558333443,35565.63571582592,11930.775515230991,15233.433181920434,3825.8502435893047
0.0,2025-05-30,2025-05-29,2025-04-04,2025-05-29,3281.973076222221,3864.2251546419784,27929.067935549523,28080.741822605072,151.67388705555587,0.0,0.0,15295.776139423904,0.0,218.488987584617,15514.265127008519,0.0,15514.265127008519,12666.019510644717,9735.448933044443,18553.937978338137
0.0,2025-05-31,2025-05-30,2025-04-05,2025-05-30,3864.2251546419784,9753.90595359259,36942.98198582222,35385.025171377776,0.0,1557.9568144444456,0.0,19739.67019597515,714.2004320760284,0.0,19025.469763899124,0.0,19025.469763899124,18584.033619903974,9752.354513066668,18164.16451454047
0.0,2025-06-01,2025-05-31,2025-04-06,2025-05-31,9753.90595359259,7780.912138777779,78283.28422340879,72836.58003023698,3210.487515909129,8657.191709080931,1134.009871461115,48076.018248821296,2982.865040398478,5445.425865742472,50538.579074165296,6949.99536753107,57488.57444169636,18584.052628820304,16828.777062677767,990.4880355555539
0.0,2025-06-02,2025-06-01,2025-04-07,2025-06-01,7780.912138777779,7713.998595796296,81491.41994486284,72049.6952809574,1465.0794150552852,10906.804078960704,948.4905601277775,50226.23315425409,3550.836886043436,2951.241053193171,49626.63732140384,5869.078240464709,55495.71556186854,22369.452837962956,18179.478987433333,167.40454055555495
0.0,2025-06-03,2025-06-02,2025-04-08,2025-06-02,7713.998595796296,7933.69700088889,75481.94229783189,72534.33973182208,1788.7160634277834,4736.3186294375855,880.1492652999993,46037.24830492417,1233.694595340903,3249.283356431373,48052.83706601463,5293.363447061963,53346.2005130766,20782.06942856653,16635.74767255555,1075.8004077777775
0.0,2025-06-04,2025-06-03,2025-04-09,2025-06-03,7933.69700088889,7898.992887166666,85859.36537982167,73327.74186609375,211.85172670857463,12743.475240436488,763.1147547222168,53181.44546304816,4350.115864584673,422.268651213235,49253.598249676725,4763.929747735519,54017.52799741224,22013.56733566529,17862.223244238892,294.251712722909
0.0,2025-06-05,2025-06-04,2025-04-10,2025-06-04,7898.992887166666,1560.7542911296289,67947.0765410965,67662.62866921914,2989.1436591666634,3273.5915310440314,949.3041947166658,42234.73643822185,859.3393068391738,4754.24915068539,46129.64628206806,5784.268675768521,51913.914957836576,14816.712434691359,17705.951808533333,351.85422111111063
0.0,2025-06-06,2025-06-05,2025-04-11,2025-06-05,1560.7542911296289,1950.449848969135,35102.93342185872,35510.10599004061,1927.7571004041163,1520.5845322222212,842.4852857333298,19693.443318676065,563.9458118690552,3192.6549621870668,22322.152468994078,5223.7389165215745,27545.891385515653,14751.242375898482,11597.780322422223,2344.1338222976738
0.0,2025-06-07,2025-06-06,2025-04-12,2025-06-06,1950.449848969135,8074.991666962962,46620.06392465706,46514.07574008484,860.9113620944507,966.8995466666663,571.2787641666663,23969.97412804183,259.6148274234721,1453.13621340234,25163.495514020702,3948.4846693716636,29111.980183392363,20686.597517750342,11244.056353183329,6516.3001730178285
0.0,2025-06-08,2025-06-07,2025-04-13,2025-06-07,8074.991666962962,8771.74508198148,75838.70513822036,70327.28000440123,1654.2669102860082,7165.69204410515,109.45959333333349,46449.95142836774,1923.8596966929288,1917.2038283949375,46443.295560069746,738.6514635866677,47181.947023656416,20041.974922242793,15606.921613499999,816.7630223251042
0.0,2025-06-09,2025-06-08,2025-04-14,2025-06-08,8771.74508198148,8561.773559018518,83808.68071120026,76276.16260455213,0.0,7532.518106648142,94.39153333333354,52748.664766579874,2640.446354375599,0.0,50108.21841220428,636.5222218333347,50744.74063403761,22429.620235322363,18356.966761277778,1365.187930507544
0.0,2025-06-10,2025-06-09,2025-04-15,2025-06-09,8561.773559018518,8678.554708462965,78459.07297006666,77736.31681161323,400.7330262722225,1123.4891847256513,9.518935000000283,48603.740236159545,282.05392832241864,542.551927836832,48864.23823567395,64.31577032416857,48928.554005998114,22363.952663909462,18009.698623266668,1773.137472637108
0.0,2025-06-11,2025-06-10,2025-04-16,2025-06-10,8678.554708462965,8936.50059119136,83928.59128398003,82026.89923278883,1067.2782217786034,2968.97027296982,49.524924999999826,53166.91433788969,1196.312803675343,1217.9296105121673,53188.53114472651,333.92079762916546,53522.45194235568,24104.95243430041,19292.860177327777,1179.885584149519
0.0,2025-06-12,2025-06-11,2025-04-17,2025-06-11,8936.50059119136,3571.472757728397,75703.609889417,72215.55510562366,236.6256082777785,3724.6803920711186,0.0,48889.58454505065,1359.1808210325082,475.49589641258484,48005.899620430726,0.0,48005.899620430726,16072.02281156379,17846.86352748333,1538.00438820987
0.0,2025-06-13,2025-06-12,2025-04-18,2025-06-12,3571.472757728397,3551.4982757777793,35281.50791673525,35100.33199385748,212.47326156666685,393.6491844444447,0.0,20359.635507742467,159.48588158263894,387.51054164815855,20587.660167807986,0.0,20587.660167807986,13370.50960934156,10848.089817322223,4232.598501838136
0.0,2025-06-14,2025-06-13,2025-04-19,2025-06-13,3551.4982757777793,9074.150150037034,42491.93908941701,41811.85073229445,396.7540367388892,1076.842393861452,0.0,23648.003338504826,432.7780512685241,746.5919086334047,23961.817195869706,0.0,23961.817195869706,18921.946807386823,10356.390227150001,7052.951402057619
0.0,2025-06-15,2025-06-14,2025-04-20,2025-06-14,9074.150150037034,9896.749492086421,78549.85113794924,79907.3826372561,1800.6595415222205,443.1280422153669,0.0,49235.836997614795,200.5573206357731,1713.2907366256713,50748.5704136047,0.0,50748.5704136047,21985.072039355284,17067.56894403333,4362.905208600822
0.0,2025-06-16,2025-06-15,2025-04-21,2025-06-15,9896.749492086421,9646.447361567902,81021.94043483799,79272.70374840192,941.5746708753076,2690.811357311386,0.0,51060.472451669535,976.8691457299637,1112.9539995474065,51196.557305486975,0.0,51196.557305486975,21794.629206831272,17878.921575,2662.9432999039755
0.0,2025-06-17,2025-06-16,2025-04-22,2025-06-16,9646.447361567902,9476.206022277776,82987.04274047325,82001.25050742264,1016.0691092333368,2001.861342283951,18.42167500000005,52332.2871463043,700.5492911268468,1203.459202400244,52835.197057577694,124.18972201250034,52959.38677959019,21944.22994056927,17928.043457222215,3366.474482408916
0.0,2025-06-18,2025-06-17,2025-04-23,2025-06-17,9476.206022277776,9764.992542438273,84013.28589806583,80181.7171407961,863.532971372226,4695.101728641979,0.0,52711.86531570161,1495.6677581534232,913.4772912516165,52129.6748487998,0.0,52129.6748487998,19792.613845823038,15772.109346972222,5232.821741945271
0.0,2025-06-19,2025-06-18,2025-04-24,2025-06-18,9764.992542438273,4110.75415871605,72725.79928527435,70768.69016449546,2729.755232139917,4686.864352918799,30.266366666666727,46882.734981560156,1603.3399562692284,3129.3391880247405,48408.73421331566,204.04071088333376,48612.774924198995,14986.113063189292,17227.566126533326,4780.905394506171
0.0,2025-06-20,2025-06-19,2025-04-25,2025-06-19,4110.75415871605,4619.307095209873,36096.942753321535,35366.144600543754,0.0,730.7981527777798,0.0,21755.96906024261,353.99712138219576,0.0,21401.971938860414,0.0,21401.971938860414,12769.551958326472,9885.639443400003,10081.651235617284
0.0,2025-06-21,2025-06-20,2025-04-26,2025-06-20,4619.307095209873,10540.855075549382,41920.62179042223,41621.9544956417,13.88791111111101,312.55520589163496,0.0,23808.244625378546,137.1418912903747,22.102773611499888,23693.20550769967,0.0,23693.20550769967,19415.656549650208,10397.288622911108,13268.846168902608
0.0,2025-06-22,2025-06-21,2025-04-27,2025-06-21,10540.855075549382,10124.889651253086,77387.00241688614,75717.67311187243,2091.6281843141282,3760.957489327846,0.0,48283.91480165461,962.0116765812672,2552.777324957259,49874.6804500306,0.0,49874.6804500306,19533.189789876542,16196.252611666667,4923.394833662544
0.0,2025-06-23,2025-06-22,2025-04-28,2025-06-22,10124.889651253086,10062.73318482716,78821.03603963766,75316.88516930878,0.0,3504.150870328878,0.0,50252.79145512035,1015.3070646033078,0.0,49237.484390517035,0.0,49237.484390517035,19851.205011502054,16135.416879100001,4539.811036906722
0.0,2025-06-24,2025-06-23,2025-04-29,2025-06-23,10062.73318482716,10114.33823854938,90222.78946408092,85169.57491625514,0.0,5053.214547825788,0.0,57864.05814430264,1733.6493029044846,0.0,56130.40884139815,0.0,56130.40884139815,21970.92738959533,17750.00663722222,4679.861913882032
0.0,2025-06-25,2025-06-24,2025-04-30,2025-06-24,10114.33823854938,10143.124231111113,81137.96472323044,80143.58087512346,2245.2788456035732,3239.662693710565,0.0,50787.77190021909,968.9914866519699,2725.354769171382,52544.13518273851,0.0,52544.13518273851,19836.414285288054,16041.588177777776,5911.333400946516
0.0,2025-06-26,2025-06-25,2025-05-01,2025-06-25,10143.124231111113,4212.280606080247,70851.85563837449,70017.11247379286,1176.9822649999946,2011.7254295816185,0.0,46615.180498050766,538.7408706333928,1129.1568239540543,47205.59645137143,0.0,47205.59645137143,12613.616910459528,15554.788960000002,5410.900689999999
0.0,2025-06-27,2025-06-26,2025-05-02,2025-06-26,4212.280606080247,5203.682512895061,37722.6724985607,35849.63388312174,1.6648833333331368,1874.7034987722886,0.0,22755.428066572007,791.4366734303578,3.074956272499637,21967.066349414148,0.0,21967.066349414148,12574.027019231828,9292.700169444444,12796.661166667696
0.0,2025-06-28,2025-06-27,2025-05-03,2025-06-27,5203.682512895061,10635.886201296296,42224.80702450555,41852.85128467016,0.0,371.9557398353926,0.0,24311.572920630082,190.23450643166944,0.0,24121.33841419841,0.0,24121.33841419841,19409.93628196159,10833.065068827778,11499.053954869685
0.0,2025-06-29,2025-06-28,2025-05-04,2025-06-28,10635.886201296296,10340.254880919754,75958.89795763374,78110.69884122832,3778.701345322358,1626.9004617277808,0.0,47728.53789092027,587.0250741464213,4350.351101845284,51491.86391861912,0.0,51491.86391861912,19356.144117352538,15944.544923394444,5431.331113936901
0.0,2025-06-30,2025-06-29,2025-05-05,2025-06-29,10340.254880919754,10045.81931671605,82648.74904242798,79373.39124373609,187.85399840000161,3463.2117970919094,0.0,52516.30651771764,1209.8218217955905,297.3141536406963,51603.79884956275,0.0,51603.79884956275,19617.425743477368,16155.106860000002,6033.388376925379
0.0,2025-07-01,2025-06-30,2025-05-06,2025-06-30,10045.81931671605,8061.7476792222205,73248.09014601509,79912.25822419094,6776.7250620647355,112.55698388888902,879.6353410055547,45952.75718273605,27.497842859750033,9325.710252673463,55250.969592549765,5114.544272963918,60365.51386551368,19412.53704705761,17509.819481861115,22.631966666667267
0.0,2025-07-02,2025-07-01,2025-05-07,2025-07-01,8061.7476792222205,7999.647356907408,71239.18236844309,74903.31988932737,3664.137520884291,0.0,1755.8092221944419,44890.292808011916,0.0,4838.913865667158,49729.20667367907,10030.632781313428,59759.83945499251,19946.326464588474,16212.414726399998,20.45100666666667
0.0,2025-07-03,2025-07-02,2025-05-08,2025-07-02,7999.647356907408,2019.3870279691355,73781.42580636489,76459.10021709197,4500.12652156386,1822.452110836761,981.716224911111,47397.15459547595,604.3626630241431,6595.2633370887825,53388.055269540586,5780.369135364073,59168.42440490466,15817.06116808642,18194.053842194444,57.390182777777454
0.0,2025-07-04,2025-07-03,2025-05-09,2025-07-03,2019.3870279691355,1955.7578965679018,36643.215673120714,38237.07038160405,1593.8547084833335,0.0,2864.554651933336,21109.85277096723,0.0,2434.5611476247154,23544.41391859195,11832.86546367894,35377.279382270885,13247.548693676265,10787.780660138884,9760.989533333337
0.0,2025-07-05,2025-07-04,2025-05-10,2025-07-04,1955.7578965679018,8135.356376907408,44714.11064288066,46770.426521247326,2056.3158783666654,0.0,1770.9731197111087,24673.46294077412,0.0,3212.636419263069,27886.09936003719,8220.883693226984,36106.98305326417,20057.069036769546,10684.587287477778,10378.837924999998
0.0,2025-07-06,2025-07-05,2025-05-11,2025-07-05,8135.356376907408,8058.151703666667,74884.90456226372,83212.40615556132,8398.188729408708,70.68713611111139,1296.974080000002,47349.85304047553,23.538478715000092,8362.826481067163,55689.1410428277,7739.324345039182,63428.46538786689,23471.610422983536,19081.488648533334,325.2769111111113
0.0,2025-07-07,2025-07-06,2025-05-12,2025-07-06,8058.151703666667,8137.535865666667,76201.35029071331,76848.9340375858,1511.9270418725005,864.3432949999997,1359.9521878833377,47788.83659139782,232.9533134800834,1539.7502080472532,49095.63348596498,7688.671928015274,56784.305413980255,21729.106945987656,17529.130880449997,599.4273932648127
0.0,2025-07-08,2025-07-07,2025-05-13,2025-07-07,8137.535865666667,8983.925405765434,86479.73204189815,82272.85727372566,807.285883333333,5014.160651505827,214.4233811111099,54619.69854924931,1510.6749071662505,1113.310927993666,54222.334570076724,1181.4392665144387,55403.773836591165,23272.151169245542,18088.691861,1732.4343299245534
0.0,2025-07-09,2025-07-08,2025-05-14,2025-07-08,8983.925405765434,9153.09993303704,85807.28264488696,79668.04278494924,453.08944311111304,6592.329303048845,76.42593166666643,53903.19971752302,2029.5883740171348,724.3439897098372,52597.95533321572,515.3312823583318,53113.28661557405,21479.56105389574,17246.18737911111,1452.3700251646037
0.0,2025-07-10,2025-07-09,2025-05-15,2025-07-09,9153.09993303704,3353.0995430061753,72249.95233419066,71212.82271823258,168.29475972777857,1205.424375685871,49.65599999999995,47500.40069886627,321.52765850931615,278.67421383005205,47457.547254187,334.57315241666635,47792.12040660367,15434.469107784633,17721.920328333334,696.3065554479424
0.0,2025-07-11,2025-07-10,2025-05-16,2025-07-10,3353.0995430061753,3417.158957765432,43001.11239381344,41650.70291288065,0.0,1350.4094809327835,168.24547481110898,26021.009256257254,606.3164748682399,0.0,25414.69278138901,659.944429713747,26074.63721110276,13948.884042009598,11240.942600744445,6592.229796426611
0.0,2025-07-12,2025-07-11,2025-05-17,2025-07-11,3417.158957765432,8968.746117037035,48117.10778382716,49124.62724278759,1008.6811089055567,1.1616499451307618,0.0,27568.58636597952,0.7286449280832703,1314.7985281202014,28882.656249171647,0.0,28882.656249171647,19601.71253293553,10880.958708333335,9319.630084852057
0.0,2025-07-13,2025-07-12,2025-05-18,2025-07-12,8968.746117037035,9124.553889222227,84896.06163821674,74796.21261183148,9.083182572220949,10108.932208957476,88.08293000000026,54561.91769875052,3396.1360320736153,18.25719697016411,51184.038863647074,593.1913280016685,51777.230191648734,20622.7832258642,16564.227417983333,1558.0193339506122
0.0,2025-07-14,2025-07-13,2025-05-19,2025-07-13,9124.553889222227,9035.899721018519,80702.29107640602,77133.46816532235,1002.7980600342929,4571.620971117965,32.12411333333307,50346.9269328585,1129.651406717975,1342.6561117082015,50559.93163784873,216.40064944749824,50776.33228729623,19470.2313460288,15850.676141666663,1738.3578576268847
0.0,2025-07-15,2025-07-14,2025-05-20,2025-07-14,9035.899721018519,10212.403715808645,88934.56759528807,81202.2193158642,52.503540000000385,7784.851819423871,0.0,56115.080460221296,2306.771520438251,97.33210393783419,53905.64104372088,0.0,53905.64104372088,20172.780207517146,15281.098372777775,3561.4868977914953
0.0,2025-07-16,2025-07-15,2025-05-21,2025-07-15,10212.403715808645,10028.601549888888,83902.40184880658,80176.81195038409,0.0,3725.589898422486,0.0,54089.048283062235,1202.0066369438707,0.0,52887.04164611838,0.0,52887.04164611838,18738.207774492454,15343.370246666667,4647.411039224968
0.0,2025-07-17,2025-07-16,2025-05-22,2025-07-16,10028.601549888888,4879.115791888892,76251.06152814814,75588.78158320987,2105.138201975308,2767.4181469135815,0.0,50012.68487335417,766.0217616897907,2468.2994199725017,51714.962531636884,0.0,51714.962531636884,14655.92231552812,16505.83425777778,4718.277458792865
0.0,2025-07-18,2025-07-17,2025-05-23,2025-07-17,4879.115791888892,5022.11039414815,46166.17457416557,43182.613158246495,12.796779444443587,2996.3581953635135,0.0,28633.450459910986,1151.3692856543207,24.13080184183169,27506.211976098497,0.0,27506.211976098497,13295.014835747603,10640.266874922225,9253.61709742112
0.0,2025-07-19,2025-07-18,2025-05-24,2025-07-18,5022.11039414815,9764.988244129627,52410.23594402523,49931.64501804444,43.14310777777689,2521.7340337585724,0.0,31523.456158617348,987.3268475308568,79.86639942491504,30615.995710511404,0.0,30615.995710511404,18937.547753422492,11070.823615288893,14882.10182991084
0.0,2025-07-20,2025-07-19,2025-05-25,2025-07-19,9764.988244129627,10041.742679512348,88264.42893155679,82235.30247861234,524.9232759888898,6554.049728933333,0.0,55784.44575746867,1869.550875499668,778.6085293599965,54693.503411328995,0.0,54693.503411328995,19109.155322235943,15229.336819166665,6265.505758876405
0.0,2025-07-21,2025-07-20,2025-05-26,2025-07-20,10041.742679512348,10202.841688623457,88966.48919187515,84587.10583465706,155.55717277777796,4534.940529995883,0.0,56794.014606091,1345.4633407098522,259.23356550750066,55707.78483088864,0.0,55707.78483088864,19762.229390781897,15862.416698333338,6697.543792208502
0.0,2025-07-22,2025-07-21,2025-05-27,2025-07-21,10202.841688623457,10555.619930611114,87273.72978673868,86341.50025120712,2172.0167797222207,3104.246315253773,0.0,56057.42843308773,833.0190607186602,1899.0962301982486,57123.50560256731,0.0,57123.50560256731,19002.789876556923,15074.75938222222,8618.325140205761
0.0,2025-07-23,2025-07-22,2025-05-28,2025-07-22,10555.619930611114,10383.745127734568,97012.2238120096,85147.62255453682,28.773417150000228,11893.374674622777,0.0,62971.75955093678,4045.966203074143,52.662581932172884,58978.45592979481,0.0,58978.45592979481,20514.623219711924,16771.532130555555,7187.984348713782
0.0,2025-07-24,2025-07-23,2025-05-29,2025-07-23,10383.745127734568,6210.904081450616,90365.50681664608,79684.51542944444,0.0,10680.991387201646,0.0,60070.71282854295,3492.603908209554,0.0,56578.1089203334,0.0,56578.1089203334,13925.738227722906,15035.40490611111,7177.710107832649
0.0,2025-07-25,2025-07-24,2025-05-30,2025-07-24,6210.904081450616,6012.0729171604935,44674.15614432819,44010.45559433724,23.24764317777698,686.9481931687242,0.0,27774.28280170996,279.3634186140276,37.34283157494867,27532.26221467088,0.0,27532.26221467088,14109.224176165982,11607.419630555556,15003.331482060152
0.0,2025-07-26,2025-07-25,2025-05-31,2025-07-25,6012.0729171604935,10475.5836818642,51084.1164981701,50910.00000177778,297.71174777777645,471.8282441700958,0.0,30280.63471777282,171.90957897021497,473.3032299762477,30582.028368778854,0.0,30582.028368778854,19062.072025253772,11423.11865222222,14801.955062079556
0.0,2025-07-27,2025-07-26,2025-06-01,2025-07-26,10475.5836818642,10686.375780567905,88200.71743570644,84624.61428167448,1424.1457301714713,5000.248884203422,0.0,56531.74469867439,1454.2818553933362,1779.0983661697585,56856.56120945082,0.0,56856.56120945082,19657.67384633745,15733.0029267,7014.753562037036
0.0,2025-07-28,2025-07-27,2025-06-02,2025-07-27,10686.375780567905,10621.32838777778,91086.45612783366,88774.30462320405,590.7615122222227,2902.913016851855,0.0,58539.779384201356,946.426098434592,891.3976767780008,58484.75096254477,0.0,58484.75096254477,19661.630483902605,15984.46334547222,7142.260251440323
0.0,2025-07-29,2025-07-28,2025-06-03,2025-07-28,10621.32838777778,10676.309814759261,89214.84140547873,89540.07666792448,3364.78106542929,3039.5458029835386,0.0,57273.33576339099,727.8568381394258,3508.977923275119,60054.456848526694,0.0,60054.456848526694,18116.341892119344,14624.753648333333,9979.242474138477
0.0,2025-07-30,2025-07-29,2025-06-04,2025-07-29,10676.309814759261,10800.0,82030.13407672838,87255.62583586905,6453.413942377981,1227.9221832373107,0.0,52792.9316191043,275.2560603879889,6734.043111304208,59251.71867002052,0.0,59251.71867002052,18247.03608791495,14668.778064494447,9574.113762448556
0.0,2025-07-31,2025-07-30,2025-06-05,2025-07-30,10800.0,6369.807236314817,80753.79050697183,80991.06610258149,2321.683991384704,2084.4083957750313,0.0,52844.03933841002,515.0262675846147,2759.8313516451694,55088.84442247057,0.0,55088.84442247057,14347.674200171474,15608.789589455555,7557.185225198902
0.0,2025-08-01,2025-07-31,2025-06-06,2025-07-31,6369.807236314817,6294.491667919753,44819.18378347963,43214.44820510816,1.9561872222230932,1606.6917655936904,0.0,27859.946770205403,695.0077609446422,3.6790872030849724,27168.61809646384,0.0,27168.61809646384,14262.02440811386,11620.02378212778,19321.087912455412
0.0,2025-08-02,2025-08-01,2025-06-07,2025-08-01,6294.491667919753,10713.319531777779,52089.332079496504,50203.756643892935,27.58379611110854,1913.159231714676,0.0,31280.22718378003,736.503336402669,51.129201842078515,30594.85304921944,0.0,30594.85304921944,18845.281755871056,11287.733144783333,21719.183099471877
0.0,2025-08-03,2025-08-02,2025-06-08,2025-08-02,10713.319531777779,10014.348158240744,74810.08240381084,72514.15021556804,23.24222455555355,2319.174412798353,0.0,48348.547186183874,593.2771360318268,43.60832963289627,47798.87837978495,0.0,47798.87837978495,17450.001043792865,14763.575081655554,6988.244270097388
0.0,2025-08-04,2025-08-03,2025-06-09,2025-08-03,10014.348158240744,10619.99969988889,80916.72875965707,77304.31957839505,1545.1226984705029,5157.531879732509,0.0,52306.48997116514,1696.8339201065892,1104.3157156015093,51713.971766660055,0.0,51713.971766660055,17762.083749979414,13842.201449999997,7968.782195082307
0.0,2025-08-05,2025-08-04,2025-06-10,2025-08-04,10619.99969988889,10533.761443623458,78633.99813656378,77833.96656544889,1958.2362323350465,2758.2678034499286,0.0,50752.66825936071,801.6928453523378,1477.7043538282232,51428.67976783659,0.0,51428.67976783659,17354.249187139918,14134.556272222222,9461.963917197863
0.0,2025-08-06,2025-08-05,2025-06-11,2025-08-05,10533.761443623458,10464.812635074073,86453.74690306584,79519.88442462275,0.0,6933.862478443074,0.0,56544.70978785768,2353.6174025348614,0.0,54191.09238532283,0.0,54191.09238532283,17487.747725068584,14227.129584999999,8144.8670178875145
0.0,2025-08-07,2025-08-06,2025-06-12,2025-08-06,10464.812635074073,5486.913025660495,81902.21661954733,70190.05262711248,784.1355038888878,12496.29949632373,0.0,53297.18086746557,3475.037265062714,1108.1706199600812,50930.31422236294,0.0,50930.31422236294,12409.811508744855,14532.056970555554,8924.312838923182
0.0,2025-08-08,2025-08-07,2025-06-13,2025-08-07,5486.913025660495,5635.361222574079,43659.98268135,43389.01578545089,13.603275061112981,284.5701709602209,0.0,26547.862331095857,123.26171690164742,25.454742276789467,26450.055356471006,0.0,26450.055356471006,13233.440154026066,10585.483147538886,24965.887528963714
0.0,2025-08-09,2025-08-08,2025-06-14,2025-08-08,5635.361222574079,10508.63167469136,49504.882111349994,49360.74676660377,1.6907722222218808,145.82611696845237,0.0,29220.30698013158,70.3506720711544,3.1757774649993586,29153.132085525423,0.0,29153.132085525423,18764.17114540466,10813.035220872225,22487.68184207133
0.0,2025-08-10,2025-08-09,2025-06-15,2025-08-09,10508.63167469136,10304.02200119753,81219.73544758573,74560.0949926063,0.0,6659.640454979422,0.0,52712.674121270604,2054.7619331004216,0.0,50657.91218817018,0.0,50657.91218817018,16714.559307914955,13722.941745555556,6263.858380246913
0.0,2025-08-11,2025-08-10,2025-06-16,2025-08-10,10304.02200119753,10121.404454185185,79785.30307246913,77643.46402145404,1090.9676301646068,3232.8066811797016,0.0,50594.832093390054,762.2542223187054,1367.5520424902102,51200.129913561555,0.0,51200.129913561555,18478.614879862827,15132.033845000002,9735.629653257878
0.0,2025-08-12,2025-08-11,2025-06-17,2025-08-11,10121.404454185185,10135.131397500001,85900.75263347737,79330.03798026062,396.51201611111003,6967.226669327845,0.0,54557.62060247054,1893.3571199053745,571.9058052603316,53236.1692878255,0.0,53236.1692878255,17429.504383518517,14105.544301666667,8245.534248408781
0.0,2025-08-13,2025-08-12,2025-06-18,2025-08-12,10135.131397500001,10315.257993388892,78129.54189030864,77095.37700783265,1605.8936258573442,2640.0585083333317,0.0,49520.68930171749,579.6028011731663,1526.012283093315,50467.098783637644,0.0,50467.098783637644,17617.85087403292,14108.345271666665,7464.891955466397
0.0,2025-08-14,2025-08-13,2025-06-19,2025-08-13,10315.257993388892,5039.153792395066,73355.9412618107,72425.46542823731,2947.031063868308,3877.5068974417027,0.0,48621.81894834604,1148.2520532654562,2457.695559140053,49931.26245422063,0.0,49931.26245422063,12854.65824100823,15160.76695611111,8805.283160006851
0.0,2025-08-15,2025-08-14,2025-06-20,2025-08-14,5039.153792395066,5049.603857407411,44857.286483593416,42863.83267702963,0.0,1993.453806563784,0.0,27678.54173307534,872.6404873352985,0.0,26805.901245740046,0.0,26805.901245740046,13300.409213991768,10763.926404822225,23167.62298452675
0.0,2025-08-16,2025-08-15,2025-06-21,2025-08-15,5049.603857407411,10243.02475848148,52257.52005564472,48575.40579833333,0.0,3682.1142573113866,0.0,31609.36815205096,1554.866893896702,0.0,30054.501258154258,0.0,30054.501258154258,19520.27597170096,11137.344726111114,23263.19418607682
0.0,2025-08-17,2025-08-16,2025-06-22,2025-08-16,10243.02475848148,10173.951466722221,83296.56361426448,76706.94095550067,494.74596611111144,7084.368624874897,0.0,52648.66834102606,1838.1583464902,735.3180901990839,51545.82808473494,0.0,51545.82808473494,18034.02936306584,14669.729746666666,10177.24772243484
0.0,2025-08-18,2025-08-17,2025-06-23,2025-08-17,10173.951466722221,10021.348458,80581.88508098079,76880.2298636694,0.0,3701.655217311384,0.0,51930.30955792415,1163.906145135416,0.0,50766.403412788735,0.0,50766.403412788735,18050.88262611111,14758.557634999997,9193.789255891636
0.0,2025-08-19,2025-08-18,2025-06-24,2025-08-18,10021.348458,9924.825100537038,79286.71193520576,75802.70716846365,3.4483200000000807,3487.453086742121,4.538833333333173,50817.699073251875,896.3544403666072,6.485561487000149,49927.83019437227,30.59854491666559,49958.42873928893,17319.092718045264,14115.33612333333,8285.829357085044
0.0,2025-08-20,2025-08-19,2025-06-25,2025-08-19,9924.825100537038,9940.398657629628,88407.92687529656,80633.94093294238,782.7144160888915,8556.700358443082,0.0,55967.43589743228,2379.2988581596915,1029.3321789514732,54617.46921822407,0.0,54617.46921822407,19252.896004451293,15580.829562222221,6311.183424046638
0.0,2025-08-21,2025-08-20,2025-06-26,2025-08-20,9940.398657629628,5516.779659524693,78529.9943744033,70733.35226858401,20.754005305554074,7817.396111124836,0.0,50949.06917738395,2057.779611879072,36.699134351987084,48927.98869985687,0.0,48927.98869985687,12550.3363800823,14147.02956616111,6485.626971329491
0.0,2025-08-22,2025-08-21,2025-06-27,2025-08-21,5516.779659524693,5329.788072962961,44306.775166496365,42757.02804296413,4.12580333333392,1553.8729268655684,0.0,27241.888226966028,646.0328629780828,7.7548792021677695,26603.610243190113,0.0,26603.610243190113,14026.405089164928,11529.68055012915,19029.734103928353
0.0,2025-08-23,2025-08-22,2025-06-28,2025-08-22,5329.788072962961,10062.596711481481,48488.438197111114,49238.27091933334,749.8327222222222,0.0,0.0,28146.044505677924,0.0,1097.4463204395001,29243.49082611742,0.0,29243.49082611742,18296.097866666667,10560.311497333332,18972.4784
0.0,2025-08-24,2025-08-23,2025-06-29,2025-08-23,10062.596711481481,10356.592463925928,78821.17203438959,75658.54151570494,17.438254100000904,3180.068772784643,0.0,51278.62902944391,870.8208756984052,32.000814077093324,50439.808967822595,0.0,50439.808967822595,18892.39073316872,15038.240316666666,8070.801615869552
0.0,2025-08-25,2025-08-24,2025-06-30,2025-08-24,10356.592463925928,10231.960161111112,100381.552658834,82075.55123733086,9.236129633333121,18315.237551136488,0.0,64835.920798250525,6080.871560204203,17.38615849597793,58772.4353965423,0.0,58772.4353965423,19235.57376758573,15692.983824277777,7759.8742773562435
0.0,2025-08-26,2025-08-25,2025-07-01,2025-08-25,10231.960161111112,10377.514342240744,78837.34139131002,77454.90155580934,1433.485128319613,2815.9249638203028,0.0,51339.60403810932,860.8113993330612,1041.0978039094023,51519.89044268565,0.0,51519.89044268565,18834.665312366255,15125.080139999998,8216.49800010974
0.0,2025-08-27,2025-08-26,2025-07-02,2025-08-26,10377.514342240744,9982.605879611116,79379.82130587776,81243.27539437509,3330.17763905288,1466.7235505555548,0.0,51464.3084288041,321.69667322019427,3110.870210203714,54253.481965787614,0.0,54253.481965787614,17955.63805798353,14899.484443333331,10272.972913058227
0.0,2025-08-28,2025-08-27,2025-07-03,2025-08-27,9982.605879611116,5433.887744635806,73137.29249961591,76072.48815785322,3620.181205377231,684.9855471399155,0.0,47568.30744187899,155.6106475402166,3950.8206823195414,51363.517476658315,0.0,51363.517476658315,14307.331310246907,15682.78468277778,6680.1465470507555
0.0,2025-08-29,2025-08-28,2025-07-04,2025-08-28,5433.887744635806,5436.1033049135785,45547.387655575374,44268.474902242044,0.0,1278.912753333333,0.0,27981.045831387826,540.9029128098333,0.0,27440.142918577993,0.0,27440.142918577993,13951.936709163236,11299.074730172224,19060.392573251032
0.0,2025-08-30,2025-08-29,2025-07-05,2025-08-29,5436.1033049135785,9677.729253851854,49504.17725944609,47966.748291688884,0.0,1537.4289677572042,0.0,29271.606654519528,584.5660575504052,0.0,28687.040596969124,0.0,28687.040596969124,18200.20371141289,10924.701652199998,22178.526399142665
0.0,2025-08-31,2025-08-30,2025-07-06,2025-08-30,9677.729253851854,9961.148262314813,76729.56984229898,76046.36507695603,2207.078193134432,2890.282958477371,0.0,49582.491347475494,924.6731371360806,1558.892315609235,50216.71052594864,0.0,50216.71052594864,20322.24246825788,16205.93929167222,5283.4388170370385
0.0,2025-09-01,2025-08-31,2025-07-07,2025-08-31,9961.148262314813,10800.0,85997.93991731132,75089.03922951868,131.85916123333368,11040.759849025988,0.0,54509.79509883925,3133.692579276675,168.7808580805368,51544.88337764311,0.0,51544.88337764311,16537.67496779835,12640.55016,17617.779888386984
0.0,2025-09-02,2025-09-01,2025-07-08,2025-09-01,10800.0,10800.0,74846.9441612963,75351.29662926221,2299.650491299243,1795.2980233333333,0.0,47888.325259596895,395.8876082319999,2017.8507566735866,49510.28840803848,0.0,49510.28840803848,17128.188264060354,13873.832493888889,18039.185009090743
0.0,2025-09-03,2025-09-02,2025-07-09,2025-09-02,10800.0,10800.0,79270.91973016462,73663.91536658505,379.47724394444515,5986.481607524001,0.0,50721.6440129291,1482.29542141622,493.8191466522927,49733.16773816517,0.0,49733.16773816517,15705.72842798354,12721.640026666668,15132.109715268178
0.0,2025-09-04,2025-09-03,2025-07-10,2025-09-03,10800.0,8257.841060388888,71849.67699218106,66398.93381588478,0.0,5450.743176296289,0.0,48030.61690458902,1520.0675750342252,0.0,46510.549329554786,0.0,46510.549329554786,14375.902558868307,13932.424118333332,12029.889825349805
0.0,2025-09-05,2025-09-04,2025-07-11,2025-09-04,8257.841060388888,8217.92290488889,39222.80879797511,37901.005002419544,0.0,1321.8037955555558,0.0,24415.20144222654,620.0848869846944,0.0,23795.116555241842,0.0,23795.116555241842,14684.476752345676,11930.352509349997,28322.619092757202
0.0,2025-09-06,2025-09-05,2025-07-12,2025-09-05,8217.92290488889,10800.0,44565.1742506,43781.448471155556,0.0,783.725779444446,0.0,26465.516211070903,360.74844483675076,0.0,26104.767766234152,0.0,26104.767766234152,17454.66501920439,11814.409279955556,30420.109031906723
0.0,2025-09-07,2025-09-06,2025-07-13,2025-09-06,10800.0,10800.0,72359.70947193415,73915.47244153313,3810.1115884878586,2254.3486188888887,0.0,46828.53255702919,507.3786057596112,2912.5789715391625,49233.73292280873,0.0,49233.73292280873,17436.52224897118,14123.583021666665,15641.549597561945
0.0,2025-09-08,2025-09-07,2025-07-14,2025-09-07,10800.0,10800.0,75838.07965659362,72051.21625922495,1539.2850496982173,5326.148447066875,0.0,47854.19693597936,1398.773682052774,1588.2405339576253,48043.6637878842,0.0,48043.6637878842,18084.67085185185,14648.58339,9219.559264039775
0.0,2025-09-09,2025-09-08,2025-07-15,2025-09-08,10800.0,10800.0,64542.76600004801,66036.27217493902,2160.163748265493,666.6575733744862,0.0,41647.547690592335,146.68636402711573,2190.6668008903343,43691.52812745555,0.0,43691.52812745555,18649.76878600823,15106.312716666667,9389.981838930791
0.0,2025-09-10,2025-09-09,2025-07-16,2025-09-09,10800.0,10671.699982777778,77138.85787277222,73443.87857134506,400.780548505557,4095.759849932713,0.0,48709.64579557942,1202.5241394439818,492.9762390088543,48000.097895144296,0.0,48000.097895144296,19993.317194170093,16310.056942777777,8444.619669952743
0.0,2025-09-11,2025-09-10,2025-07-17,2025-09-10,10671.699982777778,6824.672861024693,70988.72874506857,59946.788673861454,0.0,11041.94007120713,0.0,46334.84791804974,3078.008207840472,0.0,43256.83971020927,0.0,43256.83971020927,14523.115907928668,15226.048295,7153.635277599452
0.0,2025-09-12,2025-09-11,2025-07-18,2025-09-11,6824.672861024693,7090.8665597716035,36385.16265229314,36400.62533532092,26.816735250001436,11.35405222222198,0.0,21712.643562480014,7.096360276027626,30.88454766186419,21736.431749865853,0.0,21736.431749865853,14464.026419636484,11476.287071033334,21861.22978671777
0.0,2025-09-13,2025-09-12,2025-07-19,2025-09-12,7090.8665597716035,10800.0,41317.71593620555,41228.78086525219,0.0,88.93507095336025,0.0,23701.302183264324,44.71913830184023,0.0,23656.58304496248,0.0,23656.58304496248,18624.59454058299,11747.701481666667,26344.78632300254
0.0,2025-09-14,2025-09-13,2025-07-20,2025-09-13,10800.0,10547.118515111111,79726.83174421125,70771.63171849109,0.6832805555554842,8955.883306275722,0.0,51154.72953251923,2886.501073035569,1.3202005254165288,48269.54866000908,0.0,48269.54866000908,18036.575959862825,14837.219863888888,7472.950872517142
0.0,2025-09-15,2025-09-14,2025-07-21,2025-09-14,10547.118515111111,9788.098690296298,62075.77131010974,62494.26360174671,418.49229163696344,0.0,114.9690111111104,39808.14892357658,0.0,463.28413994039266,40271.43306351697,592.1936467222187,40863.62671023919,20049.91539246913,16923.549310233335,4415.835897288684
0.0,2025-09-16,2025-09-15,2025-07-22,2025-09-15,9788.098690296298,9497.277933203703,76780.67717494293,68065.29192268745,66.71098579444708,8782.096238049931,0.0,47876.69530703391,2595.3159993551712,94.19507572142552,45375.57438340016,0.0,45375.57438340016,19641.86719033606,16171.651105555553,5103.305854573612
0.0,2025-09-17,2025-09-16,2025-07-23,2025-09-16,9497.277933203703,9680.984184759262,72518.46783769547,67997.37950297669,64.86633388888629,4585.954668607681,7.62916666666672,45980.73089195306,1566.3540889591009,77.00573035441349,44491.38253334838,34.70889375000024,44526.09142709838,20084.51133506173,16103.118555,4063.497489581622
0.0,2025-09-18,2025-09-17,2025-07-24,2025-09-17,9680.984184759262,5216.613171703705,59390.208911399175,63613.05226661501,4877.418192705549,654.5748374897139,0.0,38886.23242541213,152.25883347556527,3943.80168859168,42677.77528052824,0.0,42677.77528052824,14976.967658559672,16149.277715183332,5829.311206572011
0.0,2025-09-19,2025-09-18,2025-07-25,2025-09-18,5216.613171703705,6284.23575870988,35104.32085547353,34532.46210714019,0.0,571.8587483333345,0.0,20388.167537095207,262.376948214834,0.0,20125.790588880373,0.0,20125.790588880373,15028.165773738001,11211.953948422224,14614.89796515775
0.0,2025-09-20,2025-09-19,2025-07-26,2025-09-19,6284.23575870988,10283.46447857408,39381.75776938333,38565.79424493889,0.0,815.963524444444,0.0,22162.00801039527,367.34460289227775,0.0,21794.663407502994,0.0,21794.663407502994,19754.96280198216,12402.214021727777,15567.61173135117
0.0,2025-09-21,2025-09-20,2025-07-27,2025-09-20,10283.46447857408,9521.801492703702,71277.736191941,67807.00937679574,0.0,3470.7268151452668,0.0,44800.01496307722,934.391129480637,0.0,43865.623833596575,0.0,43865.623833596575,17807.410148758565,15109.49890777778,6821.610652481622
0.0,2025-09-22,2025-09-21,2025-07-28,2025-09-21,9521.801492703702,8959.896903179013,73867.0703204664,65593.574711619,109.21301169444547,8382.708620541838,19.555900000000065,46235.71709024825,2645.497079159971,219.4434136168354,43809.66342470511,131.78740035000044,43941.450825055115,20792.67475303155,17347.780680527776,1554.216655781895
0.0,2025-09-23,2025-09-22,2025-07-29,2025-09-22,8959.896903179013,8869.78477505556,72965.04243251028,68587.1219742524,5.835280000000466,4383.755738257887,6.375000000000114,45553.9053356061,1319.8015411524152,11.007086467250874,44245.110880920925,42.99618750000077,44288.107068420926,21596.74984255144,17574.468287777774,2454.5998361454017
0.0,2025-09-24,2025-09-23,2025-07-30,2025-09-23,8869.78477505556,9121.355860555557,62744.82877160494,66747.30812094163,4008.79695711447,6.3176077777781074,0.0,39720.807248047386,3.951629353500206,3264.87973162666,42981.735350320545,0.0,42981.735350320545,21061.552865919057,16833.443844444446,1455.9739994670122
0.0,2025-09-25,2025-09-24,2025-07-31,2025-09-24,9121.355860555557,4908.654375191358,64056.42744860083,63946.93735242921,2126.6527310506103,2236.142827222222,15.37166666666667,41116.841228513826,490.97516578941656,1816.5560228424354,42442.42208556684,103.4974316666667,42545.91951723351,15417.536438909458,16279.635852344445,4488.9595325308655
0.0,2025-09-26,2025-09-25,2025-08-01,2025-09-25,4908.654375191358,5520.469426401237,34595.511278374484,33407.54070726338,0.0,1187.9705711111098,0.0,19604.980246286363,507.3699063881937,0.0,19097.61033989817,0.0,19097.61033989817,14947.673636460904,11556.982099444445,12322.605670246918
0.0,2025-09-27,2025-09-26,2025-08-02,2025-09-26,5520.469426401237,8925.538427888892,37557.98764457222,37985.559480183336,427.57183561111776,0.0,0.0,20472.88949475916,0.0,567.9081664806525,21040.797661239816,0.0,21040.797661239816,19455.414938737988,12694.323999038888,13423.166290484234
0.0,2025-09-28,2025-09-27,2025-08-03,2025-09-27,8925.538427888892,9056.176010333334,69383.29274511659,70771.53555288314,2721.73884405597,1333.4960362894337,5.868333333333453,43272.22788828774,325.1916076613481,2602.431208160893,45549.4674887873,39.561369166667475,45589.02885795396,20480.524784821668,16471.65125150555,3280.9011862336797
0.0,2025-09-29,2025-09-28,2025-08-04,2025-09-28,9056.176010333334,8599.558341277778,71750.83894224279,66664.25562327057,7.92068965603346,5094.504008628255,453.4522662328528,44941.26042237063,1484.0894210922504,15.35254377862722,43472.52354505702,2355.8101462059394,45828.333691262946,21597.985640645307,17905.324271072703,665.1549199308208
0.0,2025-09-30,2025-09-29,2025-08-05,2025-09-29,8599.558341277778,8820.86570716667,70983.85527400549,71856.09347139053,980.9426479406061,108.70445055555592,70.42720523333278,44776.85232437501,36.123753478333455,1081.5412645607548,45822.26983545743,396.979095183981,46219.24893064141,22669.949683662555,18163.482614466662,1997.8788407613142
0.0,2025-10-01,2025-09-30,2025-08-06,2025-09-30,8820.86570716667,10272.833100185184,66933.43874914953,62113.59982842146,52.523685472221246,4872.362606200276,0.0,41302.733030631905,1226.2058230458051,76.12559760619007,40152.652805192294,0.0,40152.652805192294,21425.69920143346,16048.045699444443,7074.424793099113
0.0,2025-10-02,2025-10-01,2025-08-07,2025-10-01,10272.833100185184,7085.259521944444,67717.38197227023,56880.96149255514,36.78707463333308,10873.20755434842,0.0,43587.707391882715,3461.115402733444,73.51202695524945,40200.104016104524,0.0,40200.104016104524,16317.444147400553,16085.945979811113,4918.680208299038
0.0,2025-10-03,2025-10-02,2025-08-08,2025-10-02,7085.259521944444,7132.554270901238,30056.923151210223,30265.929813988,268.5265772222226,59.519914444443316,0.0,16531.701418765093,36.3845236998882,365.2578067634172,16860.57470182862,0.0,16860.57470182862,15491.707095240055,12505.717473083327,19462.786491831277
0.0,2025-10-04,2025-10-03,2025-08-09,2025-10-03,7132.554270901238,10496.3776192037,36187.63229563333,35751.152591744445,7.08599444444485,443.56569833333333,0.0,19720.388575303117,195.6088781472222,13.117215824667419,19537.896912980563,0.0,19537.896912980563,19163.364871817554,12494.884532700002,15986.689819293555
0.0,2025-10-05,2025-10-04,2025-08-10,2025-10-04,10496.3776192037,10200.910917777777,70655.82900004802,60664.225148856654,264.92484572222384,10256.528696913589,0.0,44131.42336903472,2921.8459183633054,341.31951626363576,41550.896966935055,0.0,41550.896966935055,19862.73370897805,16354.734335555553,2420.264708767487
0.0,2025-10-06,2025-10-05,2025-08-11,2025-10-05,10200.910917777777,10000.065678425926,60358.86052672153,62764.650590070705,2405.790063349176,0.0,0.0,38446.70338336965,0.0,1852.6200685943209,40299.32345196397,0.0,40299.32345196397,20011.417166632375,16390.00862038889,1410.1327938272243
0.0,2025-10-07,2025-10-06,2025-08-12,2025-10-06,10000.065678425926,10195.36856622222,65386.04279920439,65110.14338610775,1438.2343060048706,1714.1337191015177,0.0,40789.862474642185,394.494658901201,1701.5609164223888,42096.92873216337,0.0,42096.92873216337,20101.381899334694,16106.346739444441,3343.545226217492
0.0,2025-10-08,2025-10-07,2025-08-13,2025-10-07,10195.36856622222,9625.536025691357,61623.94382937586,60998.850504214206,238.68150890555467,863.7748340672105,59.255387222222,38124.76479646535,226.0324678997352,392.8918356065817,38291.6241641722,299.68607269694326,38591.31023686914,20260.424418635117,16923.793065572223,1242.9788717068623
0.0,2025-10-09,2025-10-08,2025-08-14,2025-10-08,9625.536025691357,6126.200544438274,68045.19515860082,56560.262893724626,174.82784891666654,11659.760113792867,189.36798986111125,42949.271822879484,3497.07404366,336.21837006533724,39788.41614928482,955.4107676555562,40743.82691694038,17076.30816062228,16981.211543231824,894.5525828619492
0.0,2025-10-10,2025-10-09,2025-08-15,2025-10-09,6126.200544438274,6280.631660265434,31616.753043469205,31293.916206146983,239.2110243444472,562.0478616666667,0.0,16942.680590450567,239.97421409775004,438.6890975452817,17141.3954738981,0.0,17141.3954738981,15538.020575315497,12446.808661761112,18859.09337592593
0.0,2025-10-11,2025-10-10,2025-08-16,2025-10-10,6280.631660265434,9554.464773796299,35832.93536903292,35822.403092105145,86.54463584999974,97.07691277777744,0.0,18767.017573773424,40.66204897597207,156.7438833205215,18883.099408117974,0.0,18883.099408117974,18799.196823285318,12280.899624683334,15197.792310169825
0.0,2025-10-12,2025-10-11,2025-08-17,2025-10-11,9554.464773796299,9400.115567518518,65500.68301313443,63812.14463353745,760.2099881055567,2448.7483677025352,20.92993333333345,40206.952404120755,592.3261787112095,1313.8440626261213,40928.47028803566,98.0358077333339,41026.506095769,19757.71009181755,16142.659460022218,1703.0679517421208
0.0,2025-10-13,2025-10-12,2025-08-18,2025-10-12,9400.115567518518,9496.718329037038,68140.54736149519,61877.30013466276,1210.691292461111,7473.93851929355,0.0,41939.92947190132,2021.2494512101123,2019.5003390144152,41938.18035970563,0.0,41938.18035970563,20506.813118127575,16523.57614031667,866.6678568518477
0.0,2025-10-14,2025-10-13,2025-08-19,2025-10-13,9496.718329037038,9215.440136907408,70943.25543903292,65948.129707331,340.0848400333347,5335.210571735253,88.8002259944439,43944.45782367907,1403.6760261730033,420.81934023572484,42961.60113774179,423.554017023053,43385.15515476484,20857.633875144034,17147.833811783334,1553.3005866314093
0.0,2025-10-15,2025-10-14,2025-08-20,2025-10-14,9215.440136907408,8779.107847574074,72978.70173090123,66412.23720756953,126.28591413333169,6692.75043746502,0.0,44872.17984007424,2164.3161345751296,243.91782109938347,42951.7815265985,0.0,42951.7815265985,21375.373344883395,17706.751469755556,823.591682441704
0.0,2025-10-16,2025-10-15,2025-08-21,2025-10-15,8779.107847574074,5819.4579040493845,66124.32019804527,64316.06054888567,855.6629978499982,2663.922647009603,0.0,41394.00301437377,781.6790393136405,1314.4244201122065,41926.74839517233,0.0,41926.74839517233,18523.459323292176,17667.68700103889,493.815276632375
0.0,2025-10-17,2025-10-16,2025-08-22,2025-10-16,5819.4579040493845,5717.177404030863,30320.18385653388,31241.570415422768,921.3865588888881,0.0,0.0,15491.13218759312,0.0,1256.440805963915,16747.572993557034,0.0,16747.572993557034,15913.23058952675,12981.769227533336,12305.909736762691
0.0,2025-10-18,2025-10-17,2025-08-23,2025-10-17,5717.177404030863,9072.221715444444,36140.78948502744,35257.199357027435,101.16459366666697,984.7547216666663,0.0,18905.5682368413,409.3216776871109,185.52574832530055,18681.77230747949,0.0,18681.77230747949,19289.58222420439,12605.02172133333,12496.04558748971
0.0,2025-10-19,2025-10-18,2025-08-24,2025-10-18,9072.221715444444,8573.250983092592,71275.2234903155,68130.15751325563,376.69473495541445,3521.7607120152934,22.915077533332852,44067.03981899043,1120.6786186735244,727.4056903582707,43673.76689067517,116.00459056993051,43789.7714812451,21785.728498600824,18095.513742983334,577.1353018381351
0.0,2025-10-20,2025-10-19,2025-08-25,2025-10-19,8573.250983092592,8602.230237537038,76242.84488703115,70426.80258144959,47.39865186111177,5863.4409574426645,0.0,47575.81888308123,2118.2199757764442,91.15626340761376,45548.75517071239,0.0,45548.75517071239,22224.095399759943,17975.435944805555,1737.3607598285353
0.0,2025-10-21,2025-10-20,2025-08-26,2025-10-20,8602.230237537038,8800.264734753087,75012.38915490398,72215.56382969237,86.64993119444432,2883.475256406042,0.0,46200.649845086504,1016.9255923477895,164.10405410904573,45347.82830684776,0.0,45347.82830684776,22302.308521598083,17886.638854999997,1337.3128130942941
0.0,2025-10-22,2025-10-21,2025-08-27,2025-10-21,8800.264734753087,8440.710564407409,70762.10743258572,69929.72786298025,209.15322384444562,1041.5327934499282,356.9701898722225,43585.38632084372,392.11018723278175,346.2839346493614,43539.5600682603,2290.15674709974,45829.71681536004,21894.64389581619,18058.260308922225,895.4177659585066
0.0,2025-10-23,2025-10-22,2025-08-28,2025-10-22,8440.710564407409,5943.652101820989,79219.2432786214,65382.30038644032,723.6863311111097,14560.62922329218,53.80251609999971,49432.297080166616,4624.877920837969,1029.3686242520807,45836.78778358073,375.32635231359797,46212.11413589433,19516.63872265431,18055.829981677776,595.7971282304574
0.0,2025-10-24,2025-10-23,2025-08-29,2025-10-23,5943.652101820989,6111.746003691358,32365.338625054865,32821.49390179376,456.1552767388905,0.0,399.9148783333318,16555.83811316923,0.0,621.470456742938,17177.308569912166,2169.1030078766994,19346.411577788866,17060.88844917695,13668.035132149998,11408.50474643347
0.0,2025-10-25,2025-10-24,2025-08-30,2025-10-24,6111.746003691358,8441.47743724074,35040.33151766118,35364.57975356653,332.4157194444442,8.167483539093823,297.3890966666666,17746.63409864593,3.308875215370039,477.08092649399964,18220.406149924558,1555.6032619299988,19776.009411854553,19084.723895987652,13361.868065555554,10540.680286467765
0.0,2025-10-26,2025-10-25,2025-08-31,2025-10-25,8441.47743724074,8637.41816274074,76406.78477879973,69546.9790460535,485.97528725377333,7345.781019999997,0.0,47096.03333053591,2433.3088400409433,753.4368519152815,45416.16134241024,0.0,45416.16134241024,22071.29890309328,17701.405458555557,632.7735848491088
0.0,2025-10-27,2025-10-26,2025-09-01,2025-10-26,8637.41816274074,8450.156076907406,69579.7183554664,70467.2659656422,2654.0556546202542,1766.508044444444,112.74154360094568,42980.81520259089,387.3074761754443,2484.8549373629858,45078.36266377843,654.1094255224966,45732.47208930092,21536.21993132373,17612.87402162222,3104.079932874968
0.0,2025-10-28,2025-10-27,2025-09-02,2025-10-27,8450.156076907406,8502.677431259259,69799.15293268861,71220.12573177525,1918.602588853441,497.6297897667979,105.1069573499982,43120.48715300417,119.40470536390538,2164.849830182826,45165.932277823085,692.1055235310871,45858.03780135418,21045.543884463656,16999.62132749889,1306.8884321604885
0.0,2025-10-29,2025-10-28,2025-09-03,2025-10-28,8502.677431259259,8456.116085277778,77868.16188196206,74771.84116394789,225.47063000666833,3321.791348020857,379.1700145277808,47925.93126708429,1010.5659497697643,372.77113994138045,47288.13645725591,2433.914585477465,49722.05104273338,22254.099487598076,18067.72579633777,1652.38068721536
0.0,2025-10-30,2025-10-29,2025-09-04,2025-10-29,8456.116085277778,6319.130616825713,66766.08804676268,67342.57007991604,1684.1408678584403,1107.6588347050738,176.54715687222028,41569.31502768022,391.7256354407385,1924.999919357004,43102.58931159647,980.3708547232259,44082.9601663197,19721.576243340194,17897.763678712414,907.4870221604933
0.0,2025-10-31,2025-10-30,2025-09-05,2025-10-30,6319.130616825713,6515.90127087037,34810.57339900023,33955.104384505794,12.887071616668663,868.3560861111113,234.44575499999797,18368.34040885902,340.8073865126667,19.081242589220455,18046.61426493558,1175.097667655282,19221.71193259086,17347.389628012577,13874.292010050001,6812.160454876548
0.0,2025-11-01,2025-10-31,2025-09-06,2025-10-31,6515.90127087037,8529.434363240742,35965.269322990396,35950.07014408484,43.90398665000072,59.10316555555488,0.0,18517.860571707053,22.596258268499735,62.49270301387373,18557.75701645243,0.0,18557.75701645243,19347.100499087792,13858.971621127777,7917.902832791498
0.0,2025-11-02,2025-11-01,2025-09-07,2025-11-01,8529.434363240742,8572.461023074076,75742.61648554013,74901.47977890157,1719.0921122777736,2560.228818916325,363.9605063333327,46995.19318338618,900.1459881835791,1624.4913601169828,47719.53855531958,2473.1540867929957,50192.69264211258,22444.79082076817,18141.55657097223,2165.8221021056265
0.0,2025-11-03,2025-11-02,2025-09-08,2025-11-02,8572.461023074076,8601.081377518516,80786.43220199588,75442.51957065339,76.98101355838855,5420.893644900892,0.0,49988.13800671192,1845.4890408073663,144.67440185704845,48287.3233677616,0.0,48287.3233677616,22465.342394811312,18171.169020797166,1643.415913305898
0.0,2025-11-04,2025-11-03,2025-09-09,2025-11-03,8601.081377518516,8584.508968851853,74855.16922779835,72946.50573294582,477.90634694444134,2386.5698417969825,427.05053601110785,46229.21959846854,575.5249585396928,654.0132306455017,46307.70787057435,2735.632422336155,49043.34029291049,21072.62450146777,17083.74101398889,1804.6007481447132
0.0,2025-11-05,2025-11-04,2025-09-10,2025-11-04,8584.508968851853,8630.436973277776,83190.38505788065,75322.96849976681,16.650833333333253,7884.067391447185,3.227683333333289,51837.5620585846,2696.173444046498,31.37266762499985,49172.761282163105,13.880652174999808,49186.6419343381,23361.439083106998,18881.430453333334,1168.1674866598096
0.0,2025-11-06,2025-11-05,2025-09-11,2025-11-05,8630.436973277776,6755.143435543209,75918.59442017146,75475.50164326248,911.3202639277806,1354.4130408367703,173.9248293621398,47385.05896711901,421.8262957936643,1163.9810977939946,48127.21376911934,878.48457998612,49005.69834910546,20143.804572853223,18004.245887972218,2140.283237743615
0.0,2025-11-07,2025-11-06,2025-09-12,2025-11-06,6755.143435543209,6957.715904969136,34939.07679395062,35315.11882161728,376.0420276666648,0.0,31.97236166666562,18069.08177872569,0.0,534.2143339353635,18603.296112661053,195.4470468683269,18798.74315952938,18428.491774670783,14744.763115000005,8344.900740279836
0.0,2025-11-08,2025-11-07,2025-09-13,2025-11-07,6957.715904969136,8676.390319098766,36940.296514691356,37018.077611769135,77.78109707777675,0.0,0.0,19069.00965943648,0.0,95.61432211321701,19164.623981549696,0.0,19164.623981549696,19266.791036961593,14059.293767222222,8019.373242029763
0.0,2025-11-09,2025-11-08,2025-09-14,2025-11-08,8676.390319098766,8577.335033314814,80347.92461917008,76941.75281764174,248.72772470066303,3654.8995262290155,55.89911656600314,50132.767997157134,1151.7076619312393,315.41660037037644,49296.47693559628,256.19543620947064,49552.67237180575,22309.04389480795,18159.475312000002,1501.266168066461
0.0,2025-11-10,2025-11-09,2025-09-15,2025-11-09,8577.335033314814,8618.458659,81397.98411883568,80312.82969051125,1735.0029212777795,2820.1573496021956,175.30104229999534,50884.46492612726,947.5322292834563,1570.5641761681463,51507.49687301194,1029.9344938869012,52537.43136689885,22609.293269636488,18276.51628528889,2296.9106484636495
0.0,2025-11-11,2025-11-10,2025-09-16,2025-11-10,8618.458659,8547.465378759263,83445.70666759946,77628.47269386728,21.51016666666601,5838.744140398834,0.0,52518.332180758975,2046.9201208051595,41.56086852499873,50512.97292847881,0.0,50512.97292847881,22168.391260054872,18020.29087286111,1921.3526400068565
0.0,2025-11-12,2025-11-11,2025-09-17,2025-11-11,8547.465378759263,8642.38143212963,80125.14382966817,77870.91787324348,1063.8337521555563,3318.0597085802424,65.17544166666539,49978.361635586545,917.7524693905691,1139.9848362224827,50200.59400241845,454.6638810666578,50655.257883485116,21777.23058997256,17554.132329844448,2757.0073047820315
0.0,2025-11-13,2025-11-12,2025-09-18,2025-11-12,8642.38143212963,7541.146851141977,76259.43838360082,75908.50726069513,1985.1866937184438,2336.117816624143,89.9595710333341,47939.73702735132,671.4826142973936,2350.733655687548,49618.98806874148,627.5579675285387,50246.54603627001,20204.473378319617,17356.73455932778,754.856696069957
0.0,2025-11-14,2025-11-13,2025-09-19,2025-11-13,7541.146851141977,7680.792802833337,35776.08186764746,35693.07118739705,4.130834605555663,87.14151485596531,0.0,19030.188031044905,34.15668527880164,6.110743631998491,19002.142089398105,0.0,19002.142089398105,17709.76564454046,14219.228815555554,4604.079058412145
0.0,2025-11-15,2025-11-14,2025-09-20,2025-11-14,7680.792802833337,8672.274581580246,40821.26888727709,39772.93132061043,0.0,1048.3375666666668,0.0,21200.96819321588,333.5614040525835,0.0,20867.406789163295,0.0,20867.406789163295,19266.22345100823,14713.307394444444,7008.128347379971
0.0,2025-11-16,2025-11-15,2025-09-21,2025-11-15,8672.274581580246,8708.058703462964,80453.53574604972,80713.41382670384,1359.1232067995188,1099.2451261454112,0.0,50369.65725789274,287.92049317386056,1691.5903763001463,51773.32714101902,0.0,51773.32714101902,22618.927309074068,18289.125410655557,1949.0675449519883
0.0,2025-11-17,2025-11-16,2025-09-22,2025-11-16,8708.058703462964,8851.597074944444,77564.16335868998,80470.24376996572,3897.047144478738,990.9667332030164,0.0,48650.85022736406,260.13945360301307,3918.2053391496256,52308.91611291068,0.0,52308.91611291068,21877.37667750343,17591.490574444444,3488.6033335733864
0.0,2025-11-18,2025-11-17,2025-09-23,2025-11-17,8851.597074944444,8724.261002925925,81388.28229123491,80620.20229746413,7.806934233332413,775.8869280041127,0.0,50993.20825422989,286.60926264170274,10.348416698868611,50716.94740828706,0.0,50716.94740828706,23675.995243676265,19292.158612194442,1345.8138326489727
0.0,2025-11-19,2025-11-18,2025-09-24,2025-11-18,8724.261002925925,8534.383296018517,80731.2372111594,82190.53285674712,2853.4975074944427,1394.201861906719,48.19804833333192,50563.52497337759,366.17330807609613,3126.1266820453375,53323.47834734684,221.13354390332674,53544.61189125017,22312.685214972567,18244.164960344446,2801.8990504523313
0.0,2025-11-20,2025-11-19,2025-09-25,2025-11-19,8534.383296018517,8036.14118319136,79870.79128996661,80575.08951654233,1397.4357664385418,693.1375398628256,0.0,50073.86937944091,199.13987206391766,1564.3398670616064,51439.06937443859,0.0,51439.06937443859,22633.151458497952,18781.270582927777,1930.1326076388104
0.0,2025-11-21,2025-11-20,2025-09-26,2025-11-20,8036.14118319136,8325.933839475307,36721.61829886831,37386.53075862297,664.9124597546564,0.0,0.0,19516.26710846554,0.0,509.0485050270592,20025.3156134926,0.0,20025.3156134926,18279.9268732373,14545.927376666668,4788.147195385671
0.0,2025-11-22,2025-11-21,2025-09-27,2025-11-21,8325.933839475307,8725.42025808025,42288.241357359395,39551.107551744106,4.967629494443884,2742.101435109731,0.0,21883.62590461321,646.0701069822194,7.348614311130836,21244.904411942123,0.0,21244.904411942123,19000.781990493826,15031.095635555554,5361.591713472495
0.0,2025-11-23,2025-11-22,2025-09-28,2025-11-22,8725.42025808025,8747.748742111115,81320.87455233862,81603.79106112942,1537.8280653888862,1254.9115565980842,0.0,51141.302975360064,337.1525995072124,1788.5042525028725,52592.654628355725,0.0,52592.654628355725,22461.972428072695,18174.102031111106,2083.824380834495
0.0,2025-11-24,2025-11-23,2025-09-29,2025-11-23,8747.748742111115,8510.074489574074,80126.79360790987,79747.64272307337,627.2512925160498,1006.4021773525359,57.02757722221918,50314.17514358612,269.8057108503473,642.2054030742328,50686.57483581,328.93055512220144,51015.50539093221,22557.07552567214,18485.13800307778,1570.7890777012403
0.0,2025-11-25,2025-11-24,2025-09-30,2025-11-24,8510.074489574074,8719.085431907408,91904.18282631689,83002.70819833566,0.7503739666678939,8902.225001947878,0.0,58580.31074329322,3022.053922359908,1.1100282088918154,55559.366849142214,0.0,55559.366849142214,22431.051142373115,17981.04157722222,2384.0381665181067
0.0,2025-11-26,2025-11-25,2025-10-01,2025-11-25,8719.085431907408,8850.326129074077,86717.13759621399,84092.60554054877,841.076048449997,3465.6081041152247,0.0,54614.07471772703,1101.420210550737,1043.8588277395547,54556.51333491586,0.0,54556.51333491586,23099.6998740032,18592.640270492593,2827.879053704826
0.0,2025-11-27,2025-11-26,2025-10-02,2025-11-26,8850.326129074077,8322.464724962963,83366.50045794924,82085.50436193017,642.2958087888863,1923.2919048079593,0.0,52755.64307871711,520.6005524480568,670.8355582627067,52905.87808453175,0.0,52905.87808453175,21938.0586109172,18244.902738542936,2611.4557562225746
0.0,2025-11-28,2025-11-27,2025-10-03,2025-11-27,8322.464724962963,8166.547541679013,37759.90574728395,37926.4857186522,416.47830914601866,249.89833777778037,0.0,20026.87075272376,83.84196716550069,279.24475966149845,20222.27354521976,0.0,20222.27354521976,18793.844004855957,15363.339108888887,3574.742272685122
0.0,2025-11-29,2025-11-28,2025-10-04,2025-11-28,8166.547541679013,8802.010128123457,49472.79164514403,41820.46445871735,3.117597661110949,7655.444784087794,0.0,25612.79330452396,1818.411118205515,4.611862220081426,23798.994048538523,0.0,23798.994048538523,18796.691473278457,14653.403765555555,2747.7266509944475
0.0,2025-11-30,2025-11-29,2025-10-05,2025-11-29,8802.010128123457,8701.415692888893,87507.67945479424,87118.47813197065,715.6510992683136,1104.852422091907,0.0,55202.31049944666,294.72555729617204,832.4320655626135,55740.017007713104,0.0,55740.017007713104,24147.82745947874,19650.27523388889,2376.0977897141324
0.0,2025-12-01,2025-11-30,2025-10-06,2025-11-30,8701.415692888893,8638.52793418518,91051.29697449245,88549.52192448749,551.4716469223378,3053.2466969272996,2481.8631917055586,58311.11981116138,1019.6656969817082,967.1565193338571,58258.610633513534,12091.61485070152,70350.22548421504,24622.68347733182,20000.97259947211,110.74650500000018
0.0,2025-12-02,2025-12-01,2025-10-07,2025-12-01,8638.52793418518,8522.976644685183,94129.65273442387,91634.70857928152,1366.988428750249,3861.9325838925965,2013.1548352444483,60035.58019829978,1239.2287700362099,1965.1874957990644,60761.53892406264,10103.929576476508,70865.46850053914,24860.704886364747,20241.16711850544,390.5156966666668
0.0,2025-12-03,2025-12-02,2025-10-08,2025-12-02,8522.976644685183,8680.41057609259,84518.88055698217,91313.06283851873,6821.7584676476745,27.576186111111383,1230.3286501777811,53448.45910469693,9.512405399027871,7330.13467522711,60769.08137452501,6080.2187747001935,66849.30014922521,25641.75394414267,20628.130156488885,367.01913437605845
0.0,2025-12-04,2025-12-03,2025-10-09,2025-12-03,8680.41057609259,8601.921187407404,92062.86528878601,89477.65785233496,1763.8503087272848,4349.05774517833,2110.996952438889,59129.28817021613,1639.8876744792883,2473.564721176406,59962.965216913246,10385.81395741192,70348.77917432517,24919.39960310802,20255.35412833417,153.4005799999992
0.0,2025-12-05,2025-12-04,2025-10-10,2025-12-04,8601.921187407404,8631.715366185186,44126.32586257888,44700.07664932636,1732.4361677968545,1158.685381049369,942.6732048833305,23143.886137287904,258.88996718266054,1521.3357287199833,24406.331898825225,4885.019073864626,29291.35097268985,21155.2089852557,17108.904517157116,284.8177027777775
0.0,2025-12-06,2025-12-05,2025-10-11,2025-12-05,8631.715366185186,8613.966980685185,47247.30657533608,47023.48525694266,732.6420950222151,956.4634134156354,850.3937477777741,24754.640130200547,298.40674949321436,975.7587242291706,25431.992104936504,4300.157980186092,29732.150085122594,21242.78781580933,17222.631677755562,189.0920500000002
0.0,2025-12-07,2025-12-06,2025-10-12,2025-12-06,8613.966980685185,8601.841109333332,95421.5012653498,91077.88420029424,8.03256187777663,4351.649626933333,1550.508877777775,61197.120324764765,1339.6205199369854,11.480040201373606,59868.97984502914,7752.059274438148,67621.0391194673,25271.183158930035,20480.571642950003,185.10031209197874
0.0,2025-12-08,2025-12-07,2025-10-13,2025-12-07,8601.841109333332,8844.187595592595,97945.66716476681,94694.15872814266,14.874007333330383,3266.382443957479,7.200816666666469,62843.610329743184,1009.652568237082,19.809251389876035,61853.76701289598,41.82594360833218,61895.59295650431,24808.40625908093,19876.69723222222,1922.4394012839468
0.0,2025-12-09,2025-12-08,2025-10-14,2025-12-08,8844.187595592595,8748.676717178645,96856.58197820302,92864.35439758992,45.273099527446334,4037.50068014054,125.18022222222214,62209.59811471624,1396.8454041436125,60.73243919107756,60873.48514976371,725.8790369277773,61599.364186691484,25687.015870624142,20892.44264577811,806.5071282994465
0.0,2025-12-10,2025-12-09,2025-10-15,2025-12-09,8748.676717178645,8789.725194074077,92998.64348942428,94013.72203224135,1467.7850318500014,452.70648903292033,375.04350101110845,59375.69536613341,177.41669478582975,1469.5638450905599,60667.842516438155,1823.5862723808145,62491.42878881897,25342.571788553214,20490.539519522223,1149.1147975548056
0.0,2025-12-11,2025-12-10,2025-10-16,2025-12-10,8789.725194074077,8862.421246000005,96576.27672989026,91966.4836497524,2.410543555555023,4612.203623693413,5.755966666666836,61906.681986803196,1673.9109862420519,3.5476746282325475,60236.31867518938,33.43353238333432,60269.75220757271,24987.183667091886,20174.19232361111,1197.9935729382855
0.0,2025-12-12,2025-12-11,2025-10-17,2025-12-11,8862.421246000005,8885.196055166669,49216.09035473937,49546.08659216481,1599.6296771373752,1269.6334397119324,0.0,25602.204915040238,285.02975820605104,1421.0330198634147,26738.208176697597,0.0,26738.208176697597,20851.050033347048,16868.853198761113,1849.4762742455396
0.0,2025-12-13,2025-12-12,2025-10-18,2025-12-12,8885.196055166669,8995.80852640123,50423.84266814815,49191.51629414066,423.126383356514,1655.4527573639919,0.0,26367.386502755,495.3516996702135,456.1072166015755,26328.142019686362,0.0,26328.142019686362,21351.524398827154,17195.183538938883,1236.642050919067
0.0,2025-12-14,2025-12-13,2025-10-19,2025-12-13,8995.80852640123,8842.244547944443,92092.17892879288,94796.79472396434,2704.615795171464,0.0,461.789754616667,58809.61991004976,0.0,2727.603965352855,61537.22387540262,2248.92662425061,63786.150499653224,25108.41298531551,20476.02209871667,1847.471791982163
0.0,2025-12-15,2025-12-14,2025-10-20,2025-12-14,8842.244547944443,9010.153166555554,94281.49000265432,96889.18472595474,2628.3494178888895,20.654694588478378,0.0,60194.27767673282,9.743483421727808,2821.5467342224665,63006.08092753355,0.0,63006.08092753355,24537.098679801093,19723.932173888894,2606.460253375862
0.0,2025-12-16,2025-12-15,2025-10-21,2025-12-15,9010.153166555554,8905.055152537041,99453.0436521605,96164.30857096708,0.0,3288.735081193413,0.0,64454.72078617878,1327.835137383488,0.0,63126.885648795294,0.0,63126.885648795294,24316.237592105626,19790.74066222222,2220.7203077503464
0.0,2025-12-17,2025-12-16,2025-10-22,2025-12-16,8905.055152537041,8950.443271962966,100018.64641469136,94594.58626266118,0.0,5424.060152030181,5.046022777778035,64290.26388743271,2021.5883149517842,0.0,62268.67557248093,28.58779053972364,62297.263363020655,24756.263036673514,20011.72375222222,1663.2459343209946
0.0,2025-12-18,2025-12-17,2025-10-23,2025-12-17,8950.443271962966,8970.934866685186,95288.61554261316,94373.48240359273,173.14369456666827,1088.2768335871062,0.0,61492.00503857323,378.9791981844595,143.37633464252178,61256.4021750313,0.0,61256.4021750313,24647.74569372428,19946.231576666665,2305.701319868443
0.0,2025-12-19,2025-12-18,2025-10-24,2025-12-18,8970.934866685186,8856.942242944442,49221.156143971195,48374.814169231824,1612.8605019684546,2459.202476707823,0.0,26114.058549939604,657.7213768519675,1170.5845834452227,26626.921756532858,0.0,26626.921756532858,20151.20469310013,16425.069162777778,1740.28733890947
0.0,2025-12-20,2025-12-19,2025-10-25,2025-12-19,8856.942242944442,9067.937862851852,52477.75521403292,48567.304094958854,0.0,3910.451119074064,0.0,27873.939060648987,1158.2257159412056,0.0,26715.71334470778,0.0,26715.71334470778,20788.970344478745,16649.16992111111,1571.151421591223
0.0,2025-12-21,2025-12-20,2025-10-26,2025-12-20,9067.937862851852,8990.216271462965,98420.06624427983,96847.47158368252,389.90890434156137,1962.5035649388874,4.298783333333404,63319.79648817717,679.3671062143998,436.2796264252316,63076.709008388,24.969482991667075,63101.67849137967,24562.36434694101,19965.46455327222,3217.0887066803894
0.0,2025-12-22,2025-12-21,2025-10-27,2025-12-21,8990.216271462965,8744.265260314813,97799.13616839505,96176.49527755144,11.991036666666105,1634.6319275102871,0.0,63078.45778572137,620.4412585467101,22.585977356498958,62480.602504531154,0.0,62480.602504531154,24023.553761961586,19680.43445722222,2895.948889478738
0.0,2025-12-23,2025-12-22,2025-10-28,2025-12-22,8744.265260314813,9112.836182685185,100654.94508211935,95739.71892785927,0.0,4915.226154260081,0.0,64881.85405334881,1790.1394824836866,0.0,63091.71457086514,0.0,63091.71457086514,24566.831752235932,19567.419889177778,3482.2145314677673
0.0,2025-12-24,2025-12-23,2025-10-29,2025-12-23,9112.836182685185,8837.754214537037,98763.83112312757,95519.21397737997,9.138502222222769,3253.7556479698237,0.0,63872.434532606036,1179.4119957910743,16.243378202167737,62709.265915017124,0.0,62709.265915017124,23650.560943484223,19404.528135555556,3418.6218527846354
0.0,2025-12-25,2025-12-24,2025-10-30,2025-12-24,8837.754214537037,8871.451701333335,95564.26086706447,96242.25287876447,791.8888305888908,113.89681888888836,0.0,61185.50246957534,44.97615552599979,714.1577186884215,61854.684032737765,0.0,61854.684032737765,24086.290782997265,19479.56779611111,3823.0813585449855
0.0,2025-12-26,2025-12-25,2025-10-31,2025-12-25,8871.451701333335,9418.622999493828,51171.350850610426,49383.709370932775,451.54369499999984,2239.1851746776406,0.0,27042.660283823265,563.3023848689734,525.4834418874163,27004.84134084171,0.0,27004.84134084171,20070.741329231823,15764.846308333337,2070.1919167009564
0.0,2025-12-27,2025-12-26,2025-11-01,2025-12-26,9418.622999493828,9194.403715851855,52469.172338919816,49891.94742670782,273.6617634944462,2850.8866757064498,0.0,27651.842300118147,725.2681061790805,323.65637528314824,27250.230569222214,0.0,27250.230569222214,19335.193424211247,15863.304028888886,3081.248964718791
0.0,2025-12-28,2025-12-27,2025-11-02,2025-12-27,9194.403715851855,9266.042809598765,98086.49621650204,95056.044205,44.07969055555657,3074.5317020576117,0.0,63273.08280919906,1153.82144289755,85.16857410691863,62204.42994040843,0.0,62204.42994040843,23164.3224059465,18698.625964444444,3781.093013497946
0.0,2025-12-29,2025-12-28,2025-11-03,2025-12-28,9266.042809598765,8931.852020425924,97505.2582478738,97415.77647026927,1008.5947985888878,1098.0765761934115,0.0,62376.993930782955,333.9268658094889,946.6309046631912,62989.69796963666,0.0,62989.69796963666,23092.36286799726,19005.585633333336,5805.232968938677
0.0,2025-12-30,2025-12-29,2025-11-04,2025-12-29,8931.852020425924,9069.18401992593,98903.03965265432,95259.9426909321,140.78249105555508,3783.8794527777723,0.0,63591.523373056,1336.264917993235,213.1548062050992,62468.41326126786,0.0,62468.41326126786,23600.9330975926,18993.1570095,4427.764002839508
0.0,2025-12-31,2025-12-30,2025-11-05,2025-12-30,9069.18401992593,8687.221395111112,100474.64041964334,97642.45774807998,1.4789284555557742,2833.661600018924,0.0,64522.893918027694,886.5475204778248,2.081431484924467,63638.42782903479,0.0,63638.42782903479,23386.683069108363,19286.97964831111,4896.331393949382
0.25,2025-02-01,2025-01-31,2025-01-02,2025-01-31,6000.0,9558.561057463874,51247.516323716874,46779.117571490235,0.0,4468.3987522266325,0.0,26892.026562188967,1315.574142386303,0.0,25576.452419802663,0.0,25576.452419802663,22511.810824503686,15031.8618161305,4920.99262978372
0.25,2025-02-02,2025-02-01,2025-01-02,2025-02-01,9558.561057463874,9397.015920372702,93246.4095391142,87683.69920916873,0.0,5562.710329945491,0.0,59253.17483959966,1894.9679845895312,0.0,57358.20685501013,0.0,57358.20685501013,21864.317610033257,17855.487887508993,5318.591536644457
0.25,2025-02-03,2025-02-02,2025-01-02,2025-02-02,9397.015920372702,9322.342564878716,95831.10325803033,88510.54258324925,0.0,7320.560674781066,0.0,60922.73308794061,2599.867023632163,0.0,58322.86606430844,0.0,58322.86606430844,22457.358156889823,18257.666127025346,4093.9340533847835
0.25,2025-02-04,2025-02-03,2025-01-02,2025-02-03,9322.342564878716,9348.71561324319,98033.29658524587,90461.16081338834,0.0,7572.13577185753,0.0,62839.696157403916,2835.5607052519963,0.0,60004.135452151924,0.0,60004.135452151924,23015.8798360479,18619.126923670774,4869.543951011214
0.25,2025-02-05,2025-02-04,2025-01-02,2025-02-04,9348.71561324319,9381.156440860274,92688.95693867217,89419.49666198005,133.348396423216,3402.8086731153426,0.0,58948.22907662579,1305.2038435273494,183.171172002124,57826.19640510055,0.0,57826.19640510055,22692.73341014942,18351.91731736566,4330.253585862957
0.25,2025-02-06,2025-02-05,2025-01-02,2025-02-05,9381.156440860274,9339.67637448275,98404.92172682192,88706.74723796324,0.0,9698.174488858673,21.05286666666666,63041.735317699684,3609.9566422583493,0.0,59431.77867544134,122.98032063333329,59554.75899607467,22825.461760121278,18525.956085438003,4157.23721327997
0.25,2025-02-07,2025-02-06,2025-01-02,2025-02-06,9339.67637448275,9116.579589526964,47891.07040108913,42247.815096309976,0.0,5643.255304779146,0.0,25096.63728940505,1586.6628508380197,0.0,23509.97443856703,0.0,23509.97443856703,18605.743718247402,15271.439518240602,7107.831229636514
0.25,2025-02-08,2025-02-07,2025-01-02,2025-02-07,9116.579589526964,9349.697066737841,39195.94124516345,39409.82901203596,269.16435479780694,55.27658792529303,0.0,20408.158753820397,18.028004092772612,315.2150922231531,20705.34584195078,0.0,20705.34584195078,18788.29534847421,15008.71350277431,4053.0844496693994
0.25,2025-02-09,2025-02-08,2025-01-02,2025-02-08,9349.697066737841,9113.037501147657,92369.89775073573,88351.99961571864,0.0,4017.898135017096,0.0,58650.23331901259,1376.9120784042798,0.0,57273.3212406083,0.0,57273.3212406083,21649.05286590069,17748.72643041073,4896.257213562012
0.25,2025-02-10,2025-02-09,2025-01-02,2025-02-09,9113.037501147657,9051.594489598516,88659.3586462804,82071.97835614625,0.0,6587.380290134132,0.0,55855.7905663601,2346.5675820182037,0.0,53509.22298434189,0.0,53509.22298434189,22555.22441922051,18325.030489962835,3515.146843555248
0.25,2025-02-11,2025-02-10,2025-01-02,2025-02-10,9051.594489598516,8909.063619845905,89280.69089407435,82436.16170758239,0.0,6844.52918649195,0.0,56516.46598232591,2621.870331927771,0.0,53894.59565039814,0.0,53894.59565039814,22544.478830443906,18389.30563543691,3060.391379242072
0.25,2025-02-12,2025-02-11,2025-01-02,2025-02-11,8909.063619845905,9048.122656990829,89460.29832294899,82274.76589901856,0.0,7185.5324239304155,12.722156069589687,56409.01279578617,2594.8767280938214,0.0,53814.13606769235,55.71668250676804,53869.85275019912,23222.273136699085,18684.888107295832,2483.36689235157
0.25,2025-02-13,2025-02-12,2025-01-02,2025-02-12,9048.122656990829,8518.542333402573,83527.60596182775,78957.68165873678,108.17591553636936,4678.1002186273345,4.632338022424847,52174.967097350454,1660.2905038118245,132.69186665541167,50647.36846019404,20.287324369209617,50667.65578456325,21558.201307539777,17938.76535033665,4013.399022889411
0.25,2025-02-14,2025-02-13,2025-01-02,2025-02-13,8518.542333402573,8512.733660323884,39885.82257976668,40104.57358170589,629.9131746322929,411.1621726930923,0.0,20464.864086393543,88.94759870503088,850.5146199325277,21226.43110762104,0.0,21226.43110762104,18134.984233179865,14694.565034646512,6862.352566505864
0.25,2025-02-15,2025-02-14,2025-01-02,2025-02-14,8512.733660323884,8869.685796856165,40478.54946208045,39383.95077900047,55.81623899573657,1150.414922075719,0.0,21050.567544747508,365.44388355348576,102.13858860840135,20787.262249802425,0.0,20787.262249802425,18201.299876576195,14421.795977147667,6324.355779571949
0.25,2025-02-16,2025-02-15,2025-01-02,2025-02-15,8869.685796856165,9010.445600087325,89083.1965811598,81232.52527625916,119.4875262654092,7970.158831166068,14.83257941923398,55937.387795964445,2875.2074606845,230.2695326634378,53292.44986794339,64.95928156653521,53357.40914950993,22998.730019375842,18502.287492786392,1373.5362290889393
0.25,2025-02-17,2025-02-16,2025-01-02,2025-02-16,9010.445600087325,8835.499290445068,88904.98576218006,77001.75683080722,0.0,11903.228931372827,0.0,55348.49939423372,3853.055409821014,0.0,51495.4439844127,0.0,51495.4439844127,21014.89499358736,17179.516623483793,1982.5152940369976
0.25,2025-02-18,2025-02-17,2025-01-02,2025-02-17,8835.499290445068,9067.203141069613,79751.79257884156,78067.48808710714,282.87964739798,1967.1841391323971,12.7897999999999,49476.50608140903,631.9731688677248,402.05069247762253,49246.583605018925,56.35232843333287,49302.93593345226,21688.109928067104,17358.83557617226,1659.6157518789637
0.25,2025-02-19,2025-02-18,2025-01-02,2025-02-18,9067.203141069613,8643.002244097128,79788.16303791865,79149.41036137112,200.3899607760078,839.1426373235365,70.12707679535015,49665.961339394824,316.85494345078484,256.247009061179,49605.35340500522,307.121532825236,49912.474937830455,22506.763656410352,18612.25936896762,2445.7057673903983
0.25,2025-02-20,2025-02-19,2025-01-02,2025-02-19,8643.002244097128,8167.179402324096,82491.16155416505,77599.1931804102,195.53700559223938,5087.50537934709,21.946730159271738,51161.565747734974,1695.3680907402081,290.2674315265451,49756.465088521305,102.79848406602882,49859.26357258733,20962.199547404285,17407.6221909932,3073.4288208250573
0.25,2025-02-21,2025-02-20,2025-01-02,2025-02-20,8167.179402324096,7916.671670323003,35488.94072049724,35710.54619538237,232.7689248235727,11.163449938436372,0.0,18322.215382476345,3.3675768588951027,365.4109490525122,18684.25875466996,0.0,18684.25875466996,17179.05135214729,14140.488554040287,7111.721363942035
0.25,2025-02-22,2025-02-21,2025-01-02,2025-02-21,7916.671670323003,9061.700220537308,37049.60322293701,36894.54358777162,291.89715734103765,446.9567925064238,0.0,19282.181529597212,156.96130892092026,497.7688191661115,19622.989039842403,0.0,19622.989039842403,18864.332553479468,14249.583673125495,4435.031824084315
0.25,2025-02-23,2025-02-22,2025-01-02,2025-02-22,9061.700220537308,8789.30372955523,81416.11257861729,77093.7953983914,82.48246712119766,4404.799647347097,17.177655770192928,50335.21659933866,1520.1227802279045,142.38513073886017,48957.478949849625,80.00104559823035,49037.47999544785,22386.863882937272,18378.51658706306,1570.7720749540447
0.25,2025-02-24,2025-02-23,2025-01-02,2025-02-23,8789.30372955523,9007.88231929283,78371.59224874247,74615.78627591522,145.22892749180477,3901.034900319066,52.39974177777788,48687.5362730428,1266.5041172321512,280.239806436557,47701.27196224721,237.51779958100047,47938.7897618282,21022.105381251597,16831.18462804996,2274.231647824682
0.25,2025-02-25,2025-02-24,2025-01-02,2025-02-24,9007.88231929283,8816.758330690242,80757.64991403565,72514.79724413523,56.61499780660904,8299.467667707031,60.8036455396674,49949.159804684154,2788.570551990022,95.6819054590903,47256.27115815322,269.9094701015369,47526.180628254755,21274.374299871844,17404.254772638524,2884.1581291082393
0.25,2025-02-26,2025-02-25,2025-01-02,2025-02-25,8816.758330690242,9063.33989396462,74146.68608707395,75624.0386402035,1494.863309187915,17.510756058366155,26.264404910903636,45278.96411201283,4.0521512419686285,1475.3823268255953,46750.29428759646,115.02438032856931,46865.31866792503,22404.860949299204,17926.013961985416,2356.608024467274
0.25,2025-02-27,2025-02-26,2025-01-02,2025-02-26,9063.33989396462,7400.304332894598,73431.20600574577,71951.67376963997,150.64714431053233,1630.1793804163176,27.68467914229575,45469.91679984244,465.0875784744871,233.57408205751074,45238.40330342547,124.6433879401351,45363.046691365606,20994.87616177454,18502.5816960004,2530.47978300813
0.25,2025-02-28,2025-02-27,2025-01-03,2025-02-27,7400.304332894598,7174.403757469193,34185.36936792573,34025.32232225361,3.9620220870071137,164.00906775912046,0.0,17816.268993710255,76.38709451752445,6.3840061887945625,17746.265905381522,0.0,17746.265905381522,17007.743421848994,13979.582689580553,7704.56803998517
0.25,2025-03-01,2025-02-28,2025-01-04,2025-02-28,7174.403757469193,8791.552027901866,41584.16158438951,40164.28574042597,6.764910856709946,1426.640754820249,0.0,21160.44211905026,484.63799548196914,12.406170020120369,20688.21029358841,0.0,20688.21029358841,18188.792452596088,13277.488443213422,11594.215797709972
0.25,2025-03-02,2025-03-01,2025-01-05,2025-03-01,8791.552027901866,8637.414079655824,84241.18411899792,79679.92597659818,600.366032803277,5161.624175203015,0.0,52246.53426690259,1681.7466200533659,803.283824999367,51368.0714718486,0.0,51368.0714718486,22290.321364318126,18193.88445851912,3225.182004132509
0.25,2025-03-03,2025-03-02,2025-01-06,2025-03-02,8637.414079655824,8656.40407415815,86294.84862760463,78563.5881609818,534.2089831404284,8265.469449763255,0.0,53508.32265960034,2772.09151864034,699.0321129474069,51435.26325390741,0.0,51435.26325390741,23077.988815834506,18676.07994577386,2144.532657587828
0.25,2025-03-04,2025-03-03,2025-01-07,2025-03-03,8656.40407415815,8673.266644423185,77056.55989179958,74869.1094194705,541.3855171889738,2728.8359895180565,0.0,47445.75291829907,833.4271256826588,764.9295669649355,47377.255359581344,0.0,47377.255359581344,21478.4630421201,17382.37875087875,1573.5671948958104
0.25,2025-03-05,2025-03-04,2025-01-08,2025-03-04,8673.266644423185,8770.855967702188,80864.33239088781,72393.3202216106,391.2897592877175,8862.301928564933,0.0,49818.59566598051,2890.9663350431892,756.0305084077634,47683.659839345084,0.0,47683.659839345084,21255.752600986467,17129.32921584793,2136.4248198053997
0.25,2025-03-06,2025-03-05,2025-01-09,2025-03-05,8770.855967702188,7119.344323740494,73749.05933712103,70227.15400715132,119.14262768750632,3641.047957657208,0.0,45495.91388359776,1070.4235219571417,218.72736131354404,44644.21772295416,0.0,44644.21772295416,19615.867661028864,17375.21328499891,2045.8454977880353
0.25,2025-03-07,2025-03-06,2025-01-10,2025-03-06,7119.344323740494,6493.531513947326,34206.18030707662,32637.22123884421,30.930551452285158,1599.8896196846995,0.0,18122.501898124297,653.0544108905056,56.723538308345745,17526.171025542135,0.0,17526.171025542135,15062.577733618306,12763.91949304468,9416.277464937253
0.25,2025-03-08,2025-03-07,2025-01-11,2025-03-07,6493.531513947326,8971.999921559503,35280.558314114074,35222.335881754516,11.807515583909833,70.02994794346883,0.0,18101.859066836798,30.48196681372176,20.005421676950753,18091.382521700027,0.0,18091.382521700027,18338.200945792232,12623.321199240752,10444.316618536368
0.25,2025-03-09,2025-03-08,2025-01-12,2025-03-08,8971.999921559503,8792.639726810074,78315.01711557861,69167.36397218925,0.0,9147.653143389347,0.0,47886.04106582413,2718.669401016705,0.0,45167.371664807426,0.0,45167.371664807426,20904.704703295454,17094.234984943803,2023.3692038376034
0.25,2025-03-10,2025-03-09,2025-01-13,2025-03-09,8792.639726810074,8847.472644650568,75131.96635536879,74028.39810090576,702.9825907482019,1806.550845211208,0.0,45561.23272251748,571.007007328125,759.4032463640596,45749.62896155341,0.0,45749.62896155341,21975.980523828766,17751.194598244852,1761.5407253218614
0.25,2025-03-11,2025-03-10,2025-01-14,2025-03-10,8847.472644650568,8961.916515306553,66634.34970195888,70241.75789497921,3635.945315990747,28.53712297044399,0.0,40707.635020120884,13.516770288329386,3081.366725772718,43775.48497560527,0.0,43775.48497560527,21176.686841967392,17050.11685840321,2176.2691114150175
0.25,2025-03-12,2025-03-11,2025-01-15,2025-03-11,8961.916515306553,8805.817334619496,76265.21316577049,67779.9882467493,31.25854669350258,8516.483465714693,0.0,46729.63115626158,2642.2779957043704,60.13959466382366,44147.492755221036,0.0,44147.492755221036,20714.80468252692,16919.481055465163,1549.12993635421
0.25,2025-03-13,2025-03-12,2025-01-16,2025-03-12,8805.817334619496,5774.122870901516,72841.06230302223,70849.0410477897,558.4729620456872,2550.494217278223,76.7695952215621,44938.57953058929,814.3599363732274,592.6200834054281,44716.839677621494,526.8370130816076,45243.6766907031,18047.135300217,17346.70461052194,2679.761936649539
0.25,2025-03-14,2025-03-13,2025-01-17,2025-03-13,5774.122870901516,5671.350607602093,31259.631132400238,31566.626959549838,309.819698580253,2.823871430650911,0.0,16074.487140507981,0.651020643758712,429.50464255983366,16503.340762424057,0.0,16503.340762424057,15182.313401707233,12390.168892352343,12745.056466861612
0.25,2025-03-15,2025-03-14,2025-01-18,2025-03-14,5671.350607602093,8537.441252327711,34494.33045064102,34963.93562200466,469.7835081043071,0.17833674066946514,0.0,17359.64530581407,0.03753096707388894,640.2187086393166,17999.826483486308,0.0,17999.826483486308,18892.72422022465,12723.625038128912,7870.711289908922
0.25,2025-03-16,2025-03-15,2025-01-19,2025-03-15,8537.441252327711,9090.986941428402,72493.07267152888,70642.31361744652,853.2102345457247,2703.9692886281,1.6400000000001,44338.03849452219,941.9127729954356,732.5658802880016,44128.691601814746,7.461180000000455,44136.15278181475,21437.41845715705,16866.117830106592,2721.606057062714
0.25,2025-03-17,2025-03-16,2025-01-20,2025-03-16,9090.986941428402,9034.838293350094,67416.94835069121,63371.3564980109,687.9506411511436,4733.542493831451,0.0,40258.11669125823,1150.7241870719536,859.1316418079095,39966.52414599419,0.0,39966.52414599419,21092.809475327922,17135.709458286103,1556.1250476357473
0.25,2025-03-18,2025-03-17,2025-01-21,2025-03-17,9034.838293350094,8912.960075921812,76027.36399516655,67149.31780290762,18.559848122143876,8896.606040381079,0.0,46593.56296910742,2880.847723447445,31.02084044504791,43743.736086105026,0.0,43743.736086105026,20882.487854804844,17024.505558077384,2165.3771395134954
0.25,2025-03-19,2025-03-18,2025-01-22,2025-03-18,8912.960075921812,9039.943274663532,62751.16969169867,66325.71433358866,3575.476674141985,0.932032251990222,0.0,38400.06965375113,0.1956335696927476,3066.9966788406778,41466.87069902212,0.0,41466.87069902212,20955.71500943815,16859.84427877736,2764.3731529278703
0.25,2025-03-20,2025-03-19,2025-01-23,2025-03-19,9039.943274663532,5252.48028001415,67079.0601804973,62934.61973488154,514.7252241527349,4659.165669768504,0.0,41783.689433092666,1501.8514313276003,632.5006321131527,40914.338633878215,0.0,40914.338633878215,17770.192825897328,17802.572884161276,758.0379764788195
0.25,2025-03-21,2025-03-20,2025-01-24,2025-03-20,5252.48028001415,4848.845980359397,29430.66266034666,29342.290521252995,211.69074766071304,300.0628867543814,0.0,15231.745046996766,130.93174184975663,285.78786113153274,15386.601166278542,0.0,15386.601166278542,14824.375212565614,12371.014791867425,14855.465583888139
0.25,2025-03-22,2025-03-21,2025-01-25,2025-03-21,4848.845980359397,9223.216278299573,35260.87778010821,35004.264930800084,49.07434074585777,305.6871900539862,0.0,18000.872406702845,133.0271762435032,79.07348524380062,17946.918715703145,0.0,17946.918715703145,19202.182402140294,11616.834477587476,11537.717272913933
0.25,2025-03-23,2025-03-22,2025-01-26,2025-03-22,9223.216278299573,8784.252901142145,71679.54889891953,64872.88363870094,73.60414860292519,6880.26940882152,0.0,43730.7599150999,2217.4596083440206,129.47048565111055,41642.770792407,0.0,41642.770792407,20150.13821687705,16716.678995112095,2669.70430026932
0.25,2025-03-24,2025-03-23,2025-01-27,2025-03-23,8784.252901142145,9021.019667777306,68085.73618692711,64617.281623248135,690.576669160092,4159.031232839062,0.0,41016.7192144898,1139.7731128952883,896.2197894049942,40773.16589099952,0.0,40773.16589099952,21813.682933883283,17455.993086473813,2261.0946925053368
0.25,2025-03-25,2025-03-24,2025-01-28,2025-03-24,9021.019667777306,8684.414616483427,74900.03036608419,65409.55745400644,113.42592170402247,9603.898833781766,0.0,45598.67144643995,3038.4719582628695,192.26828051181133,42752.46776868889,0.0,42752.46776868889,21156.624469139446,17439.810366167432,742.6186343677715
0.25,2025-03-26,2025-03-25,2025-01-29,2025-03-25,8684.414616483427,8823.50415615407,64870.52736907191,61261.78922847003,986.0946408764348,4594.832781478313,0.0,39302.76410315679,1361.9880277427812,1188.9156243851899,39129.691699799194,0.0,39129.691699799194,20976.964970709323,16866.161040570987,1558.4304316650264
0.25,2025-03-27,2025-03-26,2025-01-30,2025-03-26,8823.50415615407,4728.642262939754,64059.83919198932,59432.56903143376,119.49390727158033,4746.764067827126,0.0,39803.681904575875,1570.463838624327,197.80826053527943,38431.026326486826,0.0,38431.026326486826,16995.240044961414,17451.52014031163,1171.859726783981
0.25,2025-03-28,2025-03-27,2025-01-31,2025-03-27,4728.642262939754,4701.597293033679,29632.705124840606,29712.18387638441,79.47875154380571,0.0,0.0,15163.155436640383,0.0,127.47801425361295,15290.633450893998,0.0,15290.633450893998,14714.780852973217,11943.312963823773,16118.835220568302
0.25,2025-03-29,2025-03-28,2025-02-01,2025-03-28,4701.597293033679,9016.798841699094,33330.70711634804,33954.04188120087,623.3347648528412,0.0,0.0,16508.808385614248,0.0,868.7887686476711,17377.59715426192,0.0,17377.59715426192,19020.673668578358,11523.064277749598,18749.22330703879
0.25,2025-03-30,2025-03-29,2025-02-02,2025-03-29,9016.798841699094,8988.583446426876,67041.90136536863,59568.34916823075,160.26525312305455,7633.8174502609345,0.0,40164.03597079927,2132.0292408412424,294.6951018998328,38326.70183185786,0.0,38326.70183185786,21349.728028194353,17318.673558582414,191.67499861881117
0.25,2025-03-31,2025-03-30,2025-02-03,2025-03-30,8988.583446426876,9091.518393000917,58153.10970931307,61888.06502203946,4068.9864462980836,334.03113357169406,0.0,35394.170431886065,74.26937356373506,3185.7573606301867,38505.65841895252,0.0,38505.65841895252,21134.940355248247,17026.66023583445,828.3954192923277
0.25,2025-04-01,2025-03-31,2025-02-04,2025-03-31,9091.518393000917,8824.137988424969,71239.66014504014,65556.68004805407,405.8997480452292,6088.879845031295,0.0,42369.030636189615,1629.0781666788753,555.7898398456206,41295.74230935636,0.0,41295.74230935636,19459.132200182077,16002.53944626584,1891.2357774711604
0.25,2025-04-02,2025-04-01,2025-02-05,2025-04-01,8824.137988424969,8777.867429932281,67913.94331730559,66344.13773519806,401.2724991096586,1971.0780812171895,0.0,40642.60532161464,444.38014499283463,501.0475129800005,40699.2726896018,0.0,40699.2726896018,20362.177082338872,16535.0069393379,2081.6321921970944
0.25,2025-04-03,2025-04-02,2025-02-06,2025-04-02,8777.867429932281,4263.37887184811,63967.64523960884,57063.425332187646,60.455212056696894,6964.675119477901,0.0,40001.884416670975,2171.739620066266,102.99904518073274,37933.143841785444,0.0,37933.143841785444,15799.388938685017,16860.544742610622,2261.050869446584
0.25,2025-04-04,2025-04-03,2025-02-07,2025-04-03,4263.37887184811,4381.639001388407,27928.364252487012,28090.40875800347,163.3590212875578,1.314515771102453,0.0,14141.001179746287,0.5281456741737933,241.4875819439957,14381.96061601611,0.0,14381.96061601611,14255.1012314925,11440.197880922658,18844.70315743363
0.25,2025-04-05,2025-04-04,2025-02-08,2025-04-04,4381.639001388407,8939.338535935689,32773.9547804171,33272.32597643619,498.37119601908887,0.0,0.0,16152.049436013927,0.0,675.1207967885537,16827.17023280248,0.0,16827.17023280248,19176.916943043558,11431.373142772729,13482.667192832021
0.25,2025-04-06,2025-04-05,2025-02-09,2025-04-05,8939.338535935689,8778.311101204936,65626.3702327052,60612.665980368096,813.5280812018032,5827.2323335389065,0.0,38764.94554762107,1455.9386651927616,1129.711277330175,38438.718159758486,0.0,38438.718159758486,20632.852954770493,16857.53558462177,2427.272343552707
0.25,2025-04-07,2025-04-06,2025-02-10,2025-04-06,8778.311101204936,8930.513143949618,57625.73056426118,58807.978274841415,2322.461081081353,1140.2133705011302,0.0,34308.84783453508,256.1412724657801,2368.9479217173075,36421.65448378662,0.0,36421.65448378662,20325.10919285339,16326.356607741034,1566.5064063957195
0.25,2025-04-08,2025-04-07,2025-02-11,2025-04-07,8930.513143949618,8704.963226674294,66783.53047140029,59790.56801973005,155.00770044798776,7147.970152118223,0.0,40211.34810598266,2050.067500105395,238.5015581980337,38399.782164075295,0.0,38399.782164075295,20543.718583184847,16843.406977927516,1737.062797806056
0.25,2025-04-09,2025-04-08,2025-02-12,2025-04-08,8704.963226674294,8818.42574868868,65420.148751130066,65572.73510600037,1756.6066257841876,1604.0202709138914,0.0,39067.04230760822,576.0734147879177,1468.3702421108026,39959.33913493111,0.0,39959.33913493111,21193.76443962869,17064.832926286286,2309.492575991293
0.25,2025-04-10,2025-04-09,2025-02-13,2025-04-09,8818.42574868868,4165.684942022169,58201.277293103114,55981.83798781002,1572.8067496511737,3792.246054944266,0.0,36323.329880939404,1227.1490983696408,1191.7707501087566,36287.95153267852,0.0,36287.95153267852,15732.158907720564,16930.515441253512,2719.5566213429665
0.25,2025-04-11,2025-04-10,2025-02-14,2025-04-10,4165.684942022169,3987.0264065888136,26405.303737838483,26887.664824911968,482.361087073486,0.0,36.48953912748742,13170.69398331521,0.0,633.0800639887614,13803.77404730397,152.05190954424006,13955.82595684821,14118.366303088136,11596.669387391408,19085.807281676065
0.25,2025-04-12,2025-04-11,2025-02-15,2025-04-11,3987.0264065888136,9109.273523526903,33669.83314295896,33114.724187008185,66.3672568692042,621.4762128199766,0.0,16827.79666778909,274.0407771824962,108.02555536133322,16661.78144596793,0.0,16661.78144596793,18946.280598299312,10736.464879378163,15879.747918087036
0.25,2025-04-13,2025-04-12,2025-02-16,2025-04-12,9109.273523526903,8964.279655977765,60840.21260941455,59509.319653827544,246.05788077815592,1576.9508363651669,0.0,36174.25590629364,378.66018162194007,294.5550305781421,36090.15075524984,0.0,36090.15075524984,20227.138223139926,16514.476441537565,1520.2993888918527
0.25,2025-04-14,2025-04-13,2025-02-17,2025-04-13,8964.279655977765,8712.319132214983,64276.60273714405,56373.09173598455,348.0875063285578,8251.598507488052,1.42233147735476,38647.11863962954,2666.5143196109784,656.1621406873744,36636.766460705934,9.922184386026805,36646.688645091956,19902.700842459526,16347.952153778715,291.733578781097
0.25,2025-04-15,2025-04-14,2025-02-18,2025-04-14,8712.319132214983,8919.52034568308,56433.70638640036,56524.401543471715,1470.0272653772488,1379.3321083058968,0.0,33521.612040952095,299.0923423780068,1603.1798597271286,34825.69955830122,0.0,34825.69955830122,19980.371829644544,15997.620089890792,2402.220970384623
0.25,2025-04-16,2025-04-15,2025-02-19,2025-04-15,8919.52034568308,8854.877042767883,62814.088609721126,61462.063686851456,1051.2708422104124,2403.2957650800886,0.0,36814.65137743231,550.4822524275543,1394.9137199365616,37659.082844941324,0.0,37659.082844941324,19822.05233492853,16114.041363915785,1974.4607658387101
0.25,2025-04-17,2025-04-16,2025-02-20,2025-04-16,8854.877042767883,3916.723343413394,50630.044969496594,52755.5850655384,3043.5284473807224,917.9883513389074,0.0,31920.090547472377,304.79424487413326,2181.0513676817395,33796.34767027998,0.0,33796.34767027998,14895.74089296812,16509.888452723215,1501.3902752934955
0.25,2025-04-18,2025-04-17,2025-02-21,2025-04-17,3916.723343413394,3938.2964772962973,26408.505949316146,26508.17347806875,109.22907717317136,9.56154842056795,0.0,13199.845803003114,4.231586871247773,140.8158952078079,13336.430111339676,0.0,13336.430111339676,13308.051905531338,10760.10622298577,17606.11061218985
0.25,2025-04-19,2025-04-18,2025-02-22,2025-04-18,3938.2964772962973,8940.580994430964,32058.756935211106,32690.652419590853,631.8954843797453,0.0,0.0,15317.264281259679,0.0,878.940699454756,16196.204980714432,0.0,16196.204980714432,18828.133209869466,10748.731834573065,17826.571794294454
0.25,2025-04-20,2025-04-19,2025-02-23,2025-04-19,8940.580994430964,9170.741930512128,57817.75680216861,57964.85326121574,1281.9409044982363,1134.8444454511036,0.0,34597.24047073799,254.16268579701867,1321.2752366297332,35664.353021570714,0.0,35664.353021570714,20146.94447932938,16111.880185783753,1972.0440843367828
0.25,2025-04-21,2025-04-20,2025-02-24,2025-04-20,9170.741930512128,8747.776170572963,61331.11525519914,54799.13569789429,61.528954265496736,6593.508511570344,0.0,36411.4220818917,1820.8238540600669,104.35462698102472,34694.952854812655,0.0,34694.952854812655,18378.91721054101,15267.592124483475,3170.9002285034244
0.25,2025-04-22,2025-04-21,2025-02-25,2025-04-21,8747.776170572963,8923.264629804686,54763.40574549507,57390.05364488003,2626.647899384965,0.0,0.0,32743.453133215422,0.0,2516.3630033878553,35259.81613660327,0.0,35259.81613660327,19752.187402030977,15841.332182336539,1326.2691085189213
0.25,2025-04-23,2025-04-22,2025-02-26,2025-04-22,8923.264629804686,9048.593527099494,52718.40100117038,56824.0667125394,4105.6657113690235,0.0,0.0,31685.043212059674,0.0,3362.0845008679235,35047.1277129276,0.0,35047.1277129276,19427.256660581566,15623.281887505747,1620.1752227969118
0.25,2025-04-24,2025-04-23,2025-02-27,2025-04-23,9048.593527099494,3312.710962217601,48136.08652331195,48650.86850821702,971.3235877148268,456.5416028097487,0.0,29945.415039061227,96.44124608452074,1293.4312428826995,31142.40503585941,0.0,31142.40503585941,12709.280984947065,15456.81190620083,4308.29272947079
0.25,2025-04-25,2025-04-24,2025-02-28,2025-04-24,3312.710962217601,3075.9082166774374,25900.09439746781,25324.49467559118,0.0,575.5997218766252,0.0,12994.202046864331,271.4316961681674,0.0,12722.770350696164,0.0,12722.770350696164,12776.980298209877,10562.476512536146,21109.633239917453
0.25,2025-04-26,2025-04-25,2025-03-01,2025-04-25,3075.9082166774374,8906.631001197535,32429.630792212534,32603.645704086142,175.51899812734587,1.5040862537318844,0.0,15674.138872410364,0.3169513495245589,241.01327836378502,15914.835199424626,0.0,15914.835199424626,19172.02236415638,10281.68760889858,23643.117315495016
0.25,2025-04-27,2025-04-26,2025-03-02,2025-04-26,8906.631001197535,8843.93042730585,53639.30869793553,55213.74386437812,2215.0184158389684,640.5832493963794,0.0,32108.895058289876,161.18735961923574,2168.9801358794775,34116.68783455012,0.0,34116.68783455012,20028.376108157354,16279.415164109978,2891.311736997399
0.25,2025-04-28,2025-04-27,2025-03-03,2025-04-27,8843.93042730585,8950.034844539647,65821.55658413205,63600.410470978066,1669.8085629926081,3890.9546761465867,0.0,38594.59368562282,1035.8146574253606,1422.0785800110893,38980.85760820855,0.0,38980.85760820855,19710.4918355844,15870.00441131295,3137.9557300399533
0.25,2025-04-29,2025-04-28,2025-03-04,2025-04-28,8950.034844539647,9075.696588273726,55486.085867548536,55732.64002372929,1029.0381163473266,782.4839601665745,0.0,33167.32410746263,176.30818520308287,1393.1122560238628,34384.1281782834,0.0,34384.1281782834,17971.528552398253,14443.842558081913,4771.740312746282
0.25,2025-04-30,2025-04-29,2025-03-05,2025-04-29,9075.696588273726,8751.271927487353,52470.31843471475,52547.2604503561,270.56469703771387,193.62268139636262,0.0,31922.321097590208,107.19852030879719,189.41245471132248,32004.535031992735,0.0,32004.535031992735,18460.837752184612,15245.260773977274,1074.829038815435
0.25,2025-05-01,2025-04-30,2025-03-06,2025-04-30,8751.271927487353,1890.333938728394,48854.45848349142,48527.77546214057,303.45730160410704,630.1403229549545,1320.5156833461033,30701.369741498824,156.5553146684597,580.7934627644299,31125.60788959479,8242.28854962493,39367.89643921972,12970.99266406755,16681.34824777778,2547.267929196908
0.25,2025-05-02,2025-05-01,2025-03-07,2025-05-01,1890.333938728394,2166.4537123518508,28802.998618539095,28815.516958737564,242.61909971532052,230.10075951685155,1044.6682944164784,14535.248855417874,109.73284336727255,432.71425381714175,14858.230265867744,6057.839305364623,20916.06957123237,14051.287334097537,11133.034944357894,12651.612780081065
0.25,2025-05-03,2025-05-02,2025-03-08,2025-05-02,2166.4537123518508,8379.859683592591,34243.49380476681,34313.20475482672,107.87483649635294,38.16388643643723,1364.904665466119,16388.770214686345,17.71352555655438,157.07264725147843,16528.129336381266,7745.966973812154,24274.096310193418,19940.16288642661,10559.466563888891,17430.24144775512
0.25,2025-05-04,2025-05-03,2025-03-09,2025-05-03,8379.859683592591,8209.303464407407,60255.65351048697,55576.215788730624,775.5915139303644,5455.029235686712,1243.0979472776094,35585.72645944389,1526.7715793209477,1504.3917738906102,35563.346654013556,7755.925028512372,43319.27168252593,17256.460973196154,14131.233985555555,1959.4194150343005
0.25,2025-05-05,2025-05-04,2025-03-10,2025-05-04,8209.303464407407,8251.943890557757,62428.55783510287,59310.89907391288,610.8260627979495,3728.4848239879534,960.9818761808377,37457.24162776753,1299.2138676895283,1176.6948562371135,37334.72261631511,6226.7480684239845,43561.4706847391,19574.774093213993,15817.19063196802,1438.2906888477373
0.25,2025-05-06,2025-05-05,2025-03-11,2025-05-05,8251.943890557757,8056.609096407406,53258.2882695929,57158.45705940916,4198.661981866371,298.49319205011017,982.8306500919545,32034.44388215801,88.07457509527663,4226.466253683656,36172.83556074639,6181.832860462073,42354.668421208466,19448.428596539685,15929.028477932461,1751.8052242272233
0.25,2025-05-07,2025-05-06,2025-03-12,2025-05-06,8056.609096407406,8229.161317611113,57165.5576090535,59763.9006770534,2598.343067999903,0.0,1021.3276175566752,34520.12779490206,0.0,2201.6671320894966,36721.794926991555,6621.967124955585,43343.76205194714,20472.841791529485,16427.704852055555,1672.2454051361472
0.25,2025-05-08,2025-05-07,2025-03-13,2025-05-07,8229.161317611113,2690.3671977346994,58495.096686700956,54173.49872972732,451.539219803996,4773.137176777633,414.3128555053335,35400.95289633961,1138.985525168621,741.3453340804817,35003.31270525147,2310.959891188271,37314.27259643974,13264.423364970717,15729.097633515055,1225.9734537769884
0.25,2025-05-09,2025-05-08,2025-03-14,2025-05-08,2690.3671977346994,3047.573884044038,27778.95323305198,28124.71847036407,433.7839723211215,88.01873500903238,344.9433281837271,14014.594719139042,38.0503885949976,697.8569563006507,14674.401286844695,1907.6571074221888,16582.05839426688,13572.380056802973,10672.141828332009,17070.03772007683
0.25,2025-05-10,2025-05-09,2025-03-15,2025-05-09,3047.573884044038,8423.872423393084,33792.67178745519,34251.82778387953,462.1497322989826,2.993735874637423,312.3295005293546,16557.95440252812,0.6319655649313387,644.2586563331132,17201.5810932963,1665.558967541729,18867.140060838028,18927.748579882842,10492.807664290955,14008.171085483667
0.25,2025-05-11,2025-05-10,2025-03-16,2025-05-10,8423.872423393084,8448.93471100788,62716.87241359616,59812.13937057831,711.0185553049929,3615.7515983228413,553.8670528084099,36935.19115171861,869.606351138192,1063.376883203909,37128.96168378433,3853.860920383134,40982.822604167464,18847.470486636685,15243.895035322399,1278.3518887391
0.25,2025-05-12,2025-05-11,2025-03-17,2025-05-11,8448.93471100788,8678.941327242504,55214.98592657562,57472.27593774865,2811.009490615136,553.7194794420934,131.74251266914496,33249.719515080185,113.87296258939047,2934.59019346642,36070.43674595721,814.915191419633,36885.35193737684,17490.650603829145,13960.421034490446,2142.5936477457667
0.25,2025-05-13,2025-05-12,2025-03-18,2025-05-12,8678.941327242504,8717.300215500532,64892.14074885263,59288.56704224758,1046.0293520108662,6649.603058615915,153.76849076983007,38119.000085426815,1722.6782274083628,1405.2806374420165,37801.602495460465,920.2016166886922,38721.80411214916,18612.00368435031,15041.19998489153,2742.3190668919597
0.25,2025-05-14,2025-05-13,2025-03-19,2025-05-13,8717.300215500532,8503.425496786758,62657.89802314899,59117.714407903026,1611.7714156396669,5151.9550308856415,7.567037681268085,37989.2006439783,1568.4601368505346,1165.2595255156045,37586.000032643366,46.2573013455918,37632.25733398895,18269.294713804615,14990.615965024133,2832.4539134704764
0.25,2025-05-15,2025-05-14,2025-03-20,2025-05-14,8503.425496786758,3158.324912971093,54738.65991878975,52993.71641966999,1544.777210064752,3289.720709184514,0.0,35483.85010262266,1178.4227342803401,1072.7928265851667,35378.22019492748,0.0,35378.22019492748,12861.044465576966,15228.036542551443,2595.6502133111285
0.25,2025-05-16,2025-05-15,2025-03-21,2025-05-15,3158.324912971093,2566.601343917208,27402.726445349337,26642.34180942917,0.0,760.3846359201696,0.0,14745.877799652559,393.4759569305051,0.0,14352.401842722054,0.0,14352.401842722054,12133.626970410493,10360.789058180992,22153.997363866336
0.25,2025-05-17,2025-05-16,2025-03-22,2025-05-16,2566.601343917208,8808.279356801648,34900.62902546922,34757.00663599992,82.22815134478674,225.8505408140878,0.0,17770.59992606272,100.53119145051296,146.87913040980504,17816.94786502201,0.0,17816.94786502201,19232.610365715154,9960.904184633286,15036.50137158471
0.25,2025-05-18,2025-05-17,2025-03-23,2025-05-17,8808.279356801648,9097.0428263941,66727.33001806676,60367.71731865748,81.84165711560263,6441.454356524886,5.2366666666667925,39828.64434976784,1646.7848709829586,139.46955075510883,38321.329029539986,35.31869833333418,38356.64772787332,18676.51512203804,14868.090126217608,2888.36088950371
0.25,2025-05-19,2025-05-18,2025-03-24,2025-05-18,9097.0428263941,8796.48188759428,59657.44609266911,57124.26357264409,499.2754955859207,3032.4580156109337,67.00333333333344,35863.44227775974,676.6750605310051,633.5767984839683,35820.34401571271,451.90398166666745,36272.247997379374,17087.672236867973,14111.519356782897,6699.89747589235
0.25,2025-05-20,2025-05-19,2025-03-25,2025-05-19,8796.48188759428,8721.278721288136,59619.631360011634,59963.079789085525,1667.408259870604,1323.959830796709,0.0,35988.73139481025,311.6956909878258,1420.6663705072256,37097.70207432966,0.0,37097.70207432966,18286.509114832574,14879.75523268992,2028.9310902762024
0.25,2025-05-21,2025-05-20,2025-03-26,2025-05-20,8721.278721288136,8876.846195344951,55807.23601634651,58338.36250757026,2553.80892443342,22.68243320967349,0.0,34527.910363531235,9.772438339680829,2241.325964320899,36759.46388951245,0.0,36759.46388951245,17484.35302178494,14022.315220994667,3513.7094234466563
0.25,2025-05-22,2025-05-21,2025-03-27,2025-05-21,8876.846195344951,3340.476486045828,51678.826078958286,50364.92009127885,0.0,1313.9059876794372,2.57000000000005,33440.21035196495,447.50744290505804,0.0,32992.7029090599,17.333365000000338,33010.0362740599,11524.878378713725,14317.884225127327,2343.8651210257867
0.25,2025-05-23,2025-05-22,2025-03-28,2025-05-22,3340.476486045828,3383.338287111627,27019.62169072748,27890.473673835535,926.1061584072238,55.25417529916979,0.0,14372.124066495911,33.776877360382485,1320.1662181782303,15658.513407313758,0.0,15658.513407313758,12270.379306303155,9900.43161714634,19099.577101345385
0.25,2025-05-24,2025-05-23,2025-03-29,2025-05-23,3383.338287111627,9595.566618794976,34847.18408493287,34341.39149841943,0.0,505.7925865134372,0.0,18147.113122715928,262.5223932309897,0.0,17884.590729484935,0.0,17884.590729484935,19084.941243105524,9867.796908400464,21369.74578038104
0.25,2025-05-25,2025-05-24,2025-03-30,2025-05-24,9595.566618794976,9304.194683071264,60541.541546908185,57763.50655511981,346.9994897868605,3125.0344815752387,0.0,36682.77121124271,707.5676647550708,458.332826869692,36433.53637335733,0.0,36433.53637335733,16020.266729669209,13238.650793183398,6436.880435300665
0.25,2025-05-26,2025-05-25,2025-03-31,2025-05-25,9304.194683071264,9341.510081576034,58543.875758933165,61411.48221344204,2940.415370806648,72.80891629777597,0.0,36066.71728269009,38.918890478764304,2043.1026078489533,38070.90100006028,0.0,38070.90100006028,18717.657158888127,15127.718440045086,3241.710544598996
0.25,2025-05-27,2025-05-26,2025-04-01,2025-05-26,9341.510081576034,9174.132728740937,55204.85441167046,56311.726330043384,1162.1423895683959,55.27047119546444,0.0,34509.82428356607,26.079851903369367,797.6378305538216,35281.382262216524,0.0,35281.382262216524,17326.26427990592,14184.913684275383,3780.0084344128522
0.25,2025-05-28,2025-05-27,2025-04-02,2025-05-27,9174.132728740937,9451.988990153224,63967.79807145383,60017.26528976992,445.78168598898253,4396.314467672883,0.0,38428.320342742096,1017.005650188822,604.1440250550435,38015.458717608315,0.0,38015.458717608315,18176.259164087693,14472.699287639975,4039.8813133222075
0.25,2025-05-29,2025-05-28,2025-04-03,2025-05-28,9451.988990153224,3288.529571828783,55136.046177545795,54820.66006677772,1799.8430556944022,2115.2291664624836,17.817433333333497,34751.01489984257,497.15015843769424,1335.7180411329684,35589.58278253785,119.77769558333443,35709.360478121176,11945.282592299065,15222.792376254241,4005.8637840662277
0.25,2025-05-30,2025-05-29,2025-04-04,2025-05-29,3288.529571828783,3854.9117314264836,27923.167089503615,28053.792808257516,131.53923484870057,0.9135160947963641,0.0,15293.166785302405,0.18660719705049617,184.7914731580247,15477.771651263378,0.0,15477.771651263378,12667.4313140271,9750.875420724024,18541.003648287773
0.25,2025-05-31,2025-05-30,2025-04-05,2025-05-30,3854.9117314264836,9746.29640768789,36951.36406671617,35391.45769846823,0.0,1559.9063682479396,0.0,19743.391001683973,715.5809042374696,0.0,19027.810097446505,0.0,19027.810097446505,18584.033619903974,9750.821023486953,18169.063552051208
0.25,2025-06-01,2025-05-31,2025-04-06,2025-05-31,9746.29640768789,7780.912138777779,78291.739274414,73198.37405957634,3694.210771025559,8787.57598586322,949.1549348017193,48079.60741797301,2963.5063774502737,5858.578972305465,50974.680012828205,5797.052854028775,56771.73286685698,18709.293950599502,16923.37394200469,1136.7826857832501
0.25,2025-06-02,2025-06-01,2025-04-07,2025-06-01,7780.912138777779,7713.998595796296,81491.41994486284,72311.80034692955,1395.246142862809,10574.865740796082,738.6637175085225,50226.23315425409,3375.449489335563,2763.6817075152558,49614.46537243379,4551.379548256118,54165.84492068991,22173.55317203301,18020.800258030078,256.9037004351393
0.25,2025-06-03,2025-06-02,2025-04-08,2025-06-02,7713.998595796296,7933.69700088889,75481.94229783189,73401.59540733352,2516.502322220194,4596.849212718575,683.0862562421123,46037.24830492417,1191.8316792585945,4055.6441170467333,48901.06074271231,4055.089092248055,52956.14983496036,20337.084348848195,16275.309757983701,1830.5402393777974
0.25,2025-06-04,2025-06-03,2025-04-09,2025-06-03,7933.69700088889,7907.232474432191,85859.36537982167,73793.49180356905,389.4059675288673,12455.279543781478,562.8929839965643,53181.44546304816,4149.785514607741,722.2806707480606,49753.94061918848,3490.7049617831462,53244.64558097163,21349.076979789173,17316.570427440267,678.6174185500499
0.25,2025-06-05,2025-06-04,2025-04-10,2025-06-04,7907.232474432191,1560.7542911296289,67937.92144413482,68133.50190108885,4123.226464883004,3927.6460079289586,755.4596009839898,42230.8281273289,991.9277352775106,5902.872916733086,47141.773308784475,4592.97372589478,51734.747034679254,14857.392144334723,17746.318001883432,628.5693429548874
0.25,2025-06-06,2025-06-05,2025-04-11,2025-06-05,1560.7542911296289,1950.449848969135,35102.93342185872,35813.874999756394,2169.2161806447666,1458.274602747085,659.5175105468585,19693.443318676065,536.8596025100296,3530.2419568885603,22686.8256730546,4122.0342337771435,26808.85990683174,14708.340356592853,11563.029686784657,2473.086440495057
0.25,2025-06-07,2025-06-06,2025-04-12,2025-06-06,1950.449848969135,8128.174450680428,46620.06392465706,46714.3449268692,1031.4555169987912,937.1745147866469,429.80249965749897,23969.97412804183,247.4375380604504,1716.7749905149713,25439.311580496353,2991.6110297125156,28430.922610208872,20744.115501589713,11242.781414747507,6516.3001730178285
0.25,2025-06-08,2025-06-07,2025-04-13,2025-06-07,8128.174450680428,8805.508107251226,75779.61315631207,70391.20971640295,1713.3943818546763,7101.797821763796,97.03743915751636,46424.72506129109,1905.233290559901,1982.7460868071453,46502.23785753833,654.8875518145771,47157.1254093529,20012.32315953844,15600.381468312418,891.3821976677866
0.25,2025-06-09,2025-06-08,2025-04-14,2025-06-08,8805.508107251226,8598.246684325952,83771.16623867833,76375.7668098441,50.83689208867304,7446.236320922904,77.78319118437378,52732.72861865256,2573.656989259747,91.03629607362761,50250.107925466444,524.2260175314609,50774.33394299791,22049.301432628137,18046.46944106154,1518.0052761285465
0.25,2025-06-10,2025-06-09,2025-04-15,2025-06-09,8598.246684325952,8688.436577073357,78418.54727528064,77804.31573078595,499.5015499681223,1113.7330944627952,4.668731638050531,48586.52492101443,280.255174978764,675.287720615964,48981.557466651626,31.567628970678662,49013.12509562231,22309.01203430599,17989.128844315186,1870.6570390998727
0.25,2025-06-11,2025-06-10,2025-04-16,2025-06-10,8688.436577073357,8935.241193222086,83917.61142996849,82149.87667968663,1259.7268892962993,3027.4616395781813,40.25352518898546,53162.25009590558,1205.331393525602,1429.2321863749664,53386.15088875494,271.5347271541516,53657.6856159091,24069.171535106827,19273.904788902684,1310.4171420047787
0.25,2025-06-12,2025-06-11,2025-04-17,2025-06-11,8935.241193222086,3596.583138330377,75705.00922049397,72222.68999435709,219.79211268082054,3702.1113388177137,0.0,48890.178980892146,1320.9041046306868,436.0005019761247,48005.275378237595,0.0,48005.275378237595,15941.794417955392,17717.645727946405,1546.1498710147598
0.25,2025-06-13,2025-06-12,2025-04-18,2025-06-12,3596.583138330377,3565.765790986328,35253.60749384416,35084.616679782994,232.33671777829977,401.327531839468,0.0,20349.276080723004,162.61533387445044,427.4017102869325,20614.062457135486,0.0,20614.062457135486,13339.15837133947,10832.453893394611,4232.598501838136
0.25,2025-06-14,2025-06-13,2025-04-19,2025-06-13,3565.765790986328,9081.246884288366,42476.086294740846,41816.04576212319,425.81919596690943,1085.8597285845638,0.0,23641.48308405452,439.532267882597,801.0403768993408,24002.991193071262,0.0,24002.991193071262,18898.310572420665,10343.698579688908,7068.09101939143
0.25,2025-06-15,2025-06-14,2025-04-20,2025-06-14,9081.246884288366,9844.841459325122,78541.96587766998,79649.73152280624,1486.055595990384,378.2899508541433,0.0,49232.487339048166,170.20854899410122,1296.1559878023954,50358.434777856455,0.0,50358.434777856455,22319.662297192477,17391.69134319283,4094.7862354732497
0.25,2025-06-16,2025-06-15,2025-04-21,2025-06-15,9844.841459325122,9637.14529196548,81079.61602679499,79248.7827444601,906.074586169074,2736.907868503963,0.0,51084.95574045528,989.5215546700705,1085.5990814799377,51181.03326726514,0.0,51181.03326726514,21784.030814765523,17831.991510583757,2602.6906236116665
0.25,2025-06-17,2025-06-16,2025-04-22,2025-06-16,9637.14529196548,9426.907530370869,82997.37837336483,81854.72056305157,948.2323868021534,2090.8901971154155,22.080400887710425,52336.67462246677,746.1589620052678,1120.2395196819148,52710.755180143424,148.85502258449984,52859.61020272792,21964.975983292723,17980.844531902247,3255.658295882134
0.25,2025-06-18,2025-06-17,2025-04-23,2025-06-17,9426.907530370869,9700.868476690748,84068.06200018463,79966.78320324655,646.9401541255663,4748.218951063639,0.0,52735.11777105104,1556.2479602429967,667.0157390805447,51845.88554988859,0.0,51845.88554988859,19966.88077489229,15926.608575974871,4998.120104329135
0.25,2025-06-19,2025-06-18,2025-04-24,2025-06-18,9700.868476690748,4090.662364764754,72797.04824721605,70724.24137142011,2647.0702509982184,4719.877126794149,30.32339166666668,46912.9801659044,1614.9227745559037,3001.247625077803,48299.305016426304,204.42514492083342,48503.730161347135,15021.064435376087,17216.247693388028,4690.2438210987175
0.25,2025-06-20,2025-06-19,2025-04-25,2025-06-19,4090.662364764754,4534.570611795369,36115.02536787769,35261.50749793416,0.0,853.517869943536,0.0,21763.965192399344,419.03502285190666,0.0,21344.93016954744,0.0,21344.93016954744,12728.519866809811,9910.583669788393,10042.990450912748
0.25,2025-06-21,2025-06-20,2025-04-26,2025-06-20,4534.570611795369,10491.750402512,41996.88462549528,41606.49494922968,0.0,390.3896762656,0.0,23841.8078990942,174.92516326240934,0.0,23666.882735831787,0.0,23666.882735831787,19390.30645327007,10344.686415503787,13226.134511463402
0.25,2025-06-22,2025-06-21,2025-04-27,2025-06-21,10491.750402512,10093.091765926427,77441.56316470545,75476.45463991491,1901.6175043815178,3866.7260291720677,0.0,48304.173207319924,996.4342328808777,2263.7792455685144,49571.51822000756,0.0,49571.51822000756,19556.32743888026,16199.417998420025,4662.204099454668
0.25,2025-06-23,2025-06-22,2025-04-28,2025-06-22,10093.091765926427,9966.084309516164,78856.36702333395,75032.12724220828,0.0,3824.2397811256624,0.0,50265.909849366784,1233.6144753911724,0.0,49032.295373975605,0.0,49032.295373975605,20169.87865122747,16451.90841826349,4252.871009244301
0.25,2025-06-24,2025-06-23,2025-04-29,2025-06-23,9966.084309516164,10057.937717952476,90330.17710331536,85037.80433326724,0.0,5292.372770048136,0.0,57908.89152445454,1835.978713350236,0.0,56072.9128111043,0.0,56072.9128111043,22083.54369601532,17805.002326179732,4490.470713431644
0.25,2025-06-25,2025-06-24,2025-04-30,2025-06-24,10057.937717952476,10043.122238793741,81200.63196833812,79765.48166841269,2004.5177450145193,3439.6680449399605,0.0,50811.040248327576,1095.865550440311,2386.3911224379904,52101.56582032525,0.0,52101.56582032525,19950.7816431903,16173.467062227013,5550.7457207827265
0.25,2025-06-26,2025-06-25,2025-05-01,2025-06-25,10043.122238793741,4115.008363050349,70962.96896317156,69634.43060753288,766.5661536080821,2095.104509246779,0.0,46656.84342765478,606.190293180509,778.4913034067331,46829.144437881,0.0,46829.144437881,12696.487417641762,15619.45729645888,5010.0166530166525
0.25,2025-06-27,2025-06-26,2025-05-02,2025-06-26,4115.008363050349,5025.316354466573,37820.17372512238,35681.27729190083,0.0,2138.8964332215523,0.0,22794.904541627977,934.8540266529362,0.0,21860.05051497504,0.0,21860.05051497504,12617.752423821777,9401.10227102104,12692.981272433428
0.25,2025-06-28,2025-06-27,2025-05-03,2025-06-27,5025.316354466573,10515.914487131491,42385.33656709119,41799.18318879189,0.0,586.1533782993075,0.0,24382.12565459647,296.45669237046263,0.0,24085.668962226006,0.0,24085.668962226006,19306.652100496023,10696.849882003356,11412.454853632553
0.25,2025-06-29,2025-06-28,2025-05-04,2025-06-28,10515.914487131491,10312.730741513133,76092.19986226132,78008.85101856528,3707.7764769949918,1791.1253206910155,0.0,47778.03288810848,642.8400591770762,4145.538553624865,51280.731382556274,0.0,51280.731382556274,19535.38756957026,16006.529302408435,5212.224218070129
0.25,2025-06-30,2025-06-29,2025-05-05,2025-06-29,10312.730741513133,9937.617521676071,82679.33141954645,79004.89000263374,103.09465662153957,3777.5360735342565,0.0,52527.66175434173,1369.6890057216706,158.38372563077132,51316.356474250824,0.0,51316.356474250824,19892.040708376244,16450.154871638115,5685.320182562272
0.25,2025-07-01,2025-06-30,2025-05-06,2025-06-30,9937.617521676071,8061.7476792222205,73368.31436272617,80639.50820743517,7302.500276396192,31.30643168720485,284.2701820469042,46003.7923627299,7.865740961410218,9790.456484507118,55786.38310627561,1656.1336612690131,57442.51676754463,19372.924190917453,17380.351452851603,64.66161808289075
0.25,2025-07-02,2025-07-01,2025-05-07,2025-07-01,8061.7476792222205,8039.776212446481,71239.18236844309,76329.79538588545,5090.613017442366,0.0,663.0002362206668,44890.292808011916,0.0,5447.30053301675,50337.59334102867,3916.049929994886,54253.64327102355,21025.953832129788,17050.7969241233,112.87234743295221
0.25,2025-07-03,2025-07-02,2025-05-08,2025-07-02,8039.776212446481,2019.3870279691355,73736.83818909925,76957.99378145914,5632.066984800376,2410.9113924404887,573.8914883543068,47378.12014166525,649.506235550243,7590.072999115801,54318.6869052308,3280.28964550145,57598.97655073225,15060.17823118417,17617.094633288787,328.38273858472155
0.25,2025-07-04,2025-07-03,2025-05-09,2025-07-03,2019.3870279691355,1955.7578965679018,36643.215673120714,38951.51272017944,2308.29704705872,0.0,2186.1974381552727,21109.85277096723,0.0,3395.294045847032,24505.146816814264,7985.807440236178,32490.95425705044,13341.209986572372,10863.646307384737,9779.279012480403
0.25,2025-07-05,2025-07-04,2025-05-10,2025-07-04,1955.7578965679018,8135.356376907408,44714.11064288066,47408.92214026044,2694.811497379775,0.0,1148.9639610443398,24673.46294077412,0.0,4081.137224097361,28754.60016487148,4633.8315591038745,33388.43172397536,20143.839880697655,10754.871671059547,10378.837924999998
0.25,2025-07-06,2025-07-05,2025-05-11,2025-07-05,8135.356376907408,8089.81197499312,74884.90456226372,84660.30606461137,9799.854203673285,24.45270132562746,519.8472602425555,47349.85304047553,8.184319133687511,9747.311204828886,57088.979926170745,3426.949476122486,60515.92940229322,23941.871550706783,19433.905917795353,878.2061419424979
0.25,2025-07-07,2025-07-06,2025-05-12,2025-07-06,8089.81197499312,8137.535865666667,76166.17221146169,78137.33220129712,2525.3778209106113,554.2178310751754,1039.4017147014094,47773.8190693653,134.65525687060745,2919.7254348532097,50558.889247347906,5703.05281007904,56261.942057426946,21675.449396862547,17514.162509852467,1605.9642623217828
0.25,2025-07-08,2025-07-07,2025-05-13,2025-07-07,8137.535865666667,9024.437117585872,86479.73204189815,82731.54808671186,968.8614410446089,4717.045396230893,61.485443998621236,54619.69854924931,1413.5831172412302,1341.174711699136,54547.290143707214,418.42747341042445,54965.71761711764,23033.417647322196,17858.857167603688,2047.086034325314
0.25,2025-07-09,2025-07-08,2025-05-14,2025-07-08,9024.437117585872,9145.789740601234,85762.26963175314,79977.56986114985,519.429225583182,6304.128996186473,63.059264405161684,53884.07818954377,1941.1721282718586,824.5118500779257,52767.41791134984,425.20010932889693,53192.61802067874,21390.15606775109,17216.80905416456,1808.5570953018212
0.25,2025-07-10,2025-07-09,2025-05-15,2025-07-09,9145.789740601234,3362.2865044438818,72258.07477023045,71406.23571666001,202.859995331701,1054.6990489021305,46.88785904142935,47503.85110969597,274.0456524714954,329.2291992924868,47559.03465651696,315.91173014446264,47874.946386661424,15402.833155538168,17681.44776852754,878.1148053574894
0.25,2025-07-11,2025-07-10,2025-05-16,2025-07-10,3362.2865044438818,3452.9983616604277,42990.90465888266,41798.50661363547,69.46787234501573,1261.8659175922012,125.29437703063563,26017.219124277453,563.6471796990896,102.23364713357323,25555.80559171193,491.9215368249584,26047.72712853689,13928.415567100026,11200.375937856132,6676.984211422208
0.25,2025-07-12,2025-07-11,2025-05-17,2025-07-11,3452.9983616604277,8984.208434719485,48077.286223943825,49197.53010168167,1134.317175437909,14.073297700066178,0.0,27553.800620794842,2.967966006311064,1495.9677844517228,29046.800439240258,0.0,29046.800439240258,19548.652319801477,10856.31931328604,9420.953761832907
0.25,2025-07-13,2025-07-12,2025-05-18,2025-07-12,8984.208434719485,9080.23244987451,84878.88128523623,74843.51377280557,8.450615184196295,10043.818127614855,83.58713900096177,54554.619484804396,3397.110160725568,17.201192692136587,51174.71051677097,562.6568287021927,51737.36734547316,20577.536870827564,16581.383251730804,1663.2268927097805
0.25,2025-07-14,2025-07-13,2025-05-19,2025-07-13,9080.23244987451,9041.140934935816,80751.53712012572,77413.15641867122,1162.209820292022,4500.590521746513,21.81686358859804,50367.846652230626,1121.9103815379176,1534.9961871854234,50780.93245787812,146.93827973713593,50927.87073761526,19520.575338543935,15846.84838766541,1953.5671147146309
0.25,2025-07-15,2025-07-14,2025-05-20,2025-07-14,9041.140934935816,10038.389629562991,88928.74402426885,80662.42007986607,0.0,8266.323944402764,0.0,56112.60660725233,2510.27768045427,0.0,53602.32892679806,0.0,53602.32892679806,20146.890864178105,15421.457774819813,3187.936407174456
0.25,2025-07-16,2025-07-15,2025-05-21,2025-07-15,10038.389629562991,9886.864406902994,84095.75083352397,79959.75270593881,0.0,4135.998127585156,0.0,54161.52506298475,1350.0812599954866,0.0,52811.44380298926,0.0,52811.44380298926,18878.301436962643,15427.796864333735,4374.68474997657
0.25,2025-07-17,2025-07-16,2025-05-22,2025-07-16,9886.864406902994,4720.974110192922,76408.54724257693,75204.79176365798,1827.1104209807115,3030.8658998996452,0.0,50079.53755912919,887.5727446621862,2065.5133293896515,51257.47814385664,0.0,51257.47814385664,14757.461501121545,16602.84508294752,4329.759278817295
0.25,2025-07-18,2025-07-17,2025-05-23,2025-07-17,4720.974110192922,4859.955795386336,46308.502087691944,43034.00885287573,0.0,3274.493234816206,0.0,28696.387686392347,1301.9531854577283,0.0,27394.434500934618,0.0,27394.434500934618,13258.285809068073,10614.127988671065,9115.602932478727
0.25,2025-07-19,2025-07-18,2025-05-24,2025-07-18,4859.955795386336,9602.799310270982,52556.175082910864,49721.07085762979,0.0,2835.1042252810757,0.0,31587.683973640917,1139.0758919888528,0.0,30448.608081652063,0.0,30448.608081652063,18880.371231224148,11024.541533895379,14682.422110301024
0.25,2025-07-20,2025-07-19,2025-05-25,2025-07-19,9602.799310270982,9924.518939749216,88444.6388580664,81706.39772920083,235.97857727245184,6974.219706138025,0.0,55860.944871272,2038.2629735522848,329.9561394943494,54152.638037214056,0.0,54152.638037214056,19412.27485480941,15434.394965865213,5638.5396235899625
0.25,2025-07-21,2025-07-20,2025-05-26,2025-07-20,9924.518939749216,10009.934433282902,89096.73779161197,84000.0202439306,0.0,5096.717547681374,0.0,56849.30513667928,1587.8615797800026,0.0,55261.44355689927,0.0,55261.44355689927,19878.53673147611,16024.74080831533,6156.474970769829
0.25,2025-07-22,2025-07-21,2025-05-27,2025-07-21,10009.934433282902,10311.64612817924,87488.07118156152,85622.41331055466,1775.4291229253527,3641.0869939322083,0.0,56139.381713151386,1151.889469207994,1483.455206653815,56470.94745059721,0.0,56470.94745059721,19195.34374872753,15276.687911062596,7908.612856223068
0.25,2025-07-23,2025-07-22,2025-05-28,2025-07-22,10311.64612817924,10138.221763358582,97283.30581471168,84585.55192495446,0.0,12697.753889757229,0.0,63072.41229854006,4397.241954647287,0.0,58675.17034389277,0.0,58675.17034389277,20692.95524786502,16917.37567910926,6593.425239532026
0.25,2025-07-24,2025-07-23,2025-05-29,2025-07-23,10138.221763358582,5989.930331143057,90638.31055484162,79173.35907346233,0.0,11464.951481379308,0.0,60172.00485653496,3853.9077784435785,0.0,56318.09707809138,0.0,56318.09707809138,14120.363617145202,15170.956818881588,6607.480275198708
0.25,2025-07-25,2025-07-24,2025-05-30,2025-07-24,5989.930331143057,5811.572344979124,44873.032519604996,43627.15907771844,0.0,1245.8734418865579,0.0,27861.681833568233,575.9614198123023,0.0,27285.72041375593,0.0,27285.72041375593,14039.887765931033,11532.831277951675,14614.783023072414
0.25,2025-07-26,2025-07-25,2025-05-31,2025-07-25,5811.572344979124,10306.336175687573,51264.56701313333,50341.02633705207,0.0,923.5406760812621,0.0,30360.040186804537,381.0416722131196,0.0,29978.998514591418,0.0,29978.998514591418,18985.292808630107,11332.799727352784,14219.441689108075
0.25,2025-07-27,2025-07-26,2025-06-01,2025-07-26,10306.336175687573,10442.0078983045,88388.77022034713,83858.57785553398,862.4096173588138,5392.601982171961,0.0,56601.56869761148,1716.495791072181,1020.1887019841977,55905.26160852349,0.0,55905.26160852349,20219.731816519514,16255.878221025569,6209.534460040043
0.25,2025-07-28,2025-07-27,2025-06-02,2025-07-27,10442.0078983045,10404.532295852754,91357.97599701522,87973.41533417649,173.5408964819237,3558.1015593206557,0.0,58640.594711628466,1235.4954112769256,234.49038021019322,57639.58968056174,0.0,57639.58968056174,19916.211780059217,16165.859584054535,6268.185904838489
0.25,2025-07-29,2025-07-28,2025-06-03,2025-07-28,10404.532295852754,10375.712106800704,89455.72595206209,88118.92201379305,1467.1423787686408,2803.94631703768,0.0,57362.77619553739,851.8874956740123,1553.2297913182256,58064.11849118161,0.0,58064.11849118161,18685.784151893204,15161.423333180337,8525.315245080188
0.25,2025-07-30,2025-07-29,2025-06-04,2025-07-29,10375.712106800704,10609.846631489936,82364.13153001567,86351.49774586751,5180.739649319222,1193.3734334673813,0.0,52916.94487350987,369.6818897848284,5123.4723781406365,57670.73536186568,0.0,57670.73536186568,18905.919865313637,15103.074018683736,8445.397849237615
0.25,2025-07-31,2025-07-30,2025-06-05,2025-07-30,10609.846631489936,6083.5325631554015,80965.07202753855,79822.22861055403,759.9469958752046,1902.7904128597338,0.0,52922.488166996445,601.730709493073,880.5604038596567,53201.31786136303,0.0,53201.31786136303,14942.933886601279,16177.459109648118,6361.757566934195
0.25,2025-08-01,2025-07-31,2025-06-06,2025-07-31,6083.5325631554015,6083.138687557479,45076.830989323105,43025.0518806716,0.0,2051.779108651507,0.0,27973.13118773244,927.5324233846275,0.0,27045.598764347807,0.0,27045.598764347807,14189.455580334725,11493.813508109253,19078.05014177946
0.25,2025-08-02,2025-08-01,2025-06-07,2025-08-01,6083.138687557479,10482.73905522315,52279.54976182255,49687.12499277955,0.0,2592.4247690429984,0.0,31363.827855162326,1059.1958551710318,0.0,30304.631999991292,0.0,30304.631999991292,18745.953103541167,11224.581682969241,21238.728638874294
0.25,2025-08-03,2025-08-02,2025-06-08,2025-08-02,10482.73905522315,9801.125012326902,75066.28293331598,72019.75626464264,0.0,3046.5266686733457,0.0,48443.67444278914,896.1602772735229,0.0,47547.51416551561,0.0,47547.51416551561,17644.39993968331,14905.416589750104,6441.292931376094
0.25,2025-08-04,2025-08-03,2025-06-09,2025-08-03,9801.125012326902,10430.96296482356,81153.643366228,75377.51490915696,0.0,5776.12845707104,0.0,52407.060221654494,1977.7173303172615,0.0,50429.34289133723,0.0,50429.34289133723,17999.195504384905,14012.49420130478,5975.158522743503
0.25,2025-08-05,2025-08-04,2025-06-10,2025-08-04,10430.96296482356,10252.450188039364,78844.03895330304,75695.36698933053,376.75609349950423,3525.4280574720133,0.0,50830.656414615994,1154.0649590581602,267.24080227055356,49943.832257828384,0.0,49943.832257828384,17463.974182693353,14306.480587087393,7385.563660391229
0.25,2025-08-06,2025-08-05,2025-06-11,2025-08-05,10252.450188039364,10183.247588841701,86766.31496482596,78714.33342489063,0.0,8051.981539935304,0.0,56660.76630918921,2820.9978622827134,0.0,53839.7684469065,0.0,53839.7684469065,17703.97990974419,14402.506066170688,7298.460314650474
0.25,2025-08-07,2025-08-06,2025-06-12,2025-08-06,10183.247588841701,5230.155183771682,82215.06667091663,69009.0063436031,431.53151414838163,13637.591841461901,0.0,53413.342091538994,3851.7257755069013,573.9711065477634,50135.587422579854,0.0,50135.587422579854,12635.788965398187,14692.772226535553,7678.004354740473
0.25,2025-08-08,2025-08-07,2025-06-13,2025-08-07,5230.155183771682,5360.678264186864,43891.06473904993,43085.91732830205,0.0,805.1474107478821,0.0,26650.04681701077,399.131728441703,0.0,26250.91508856907,0.0,26250.91508856907,13153.949413415852,10537.228252493176,24694.024917379375
0.25,2025-08-09,2025-08-08,2025-06-14,2025-08-08,5360.678264186864,10193.11203576295,49752.096773898484,48898.8225451738,0.0,853.274228724684,0.0,29329.10615311917,417.71091152526856,0.0,28911.395241593902,0.0,28911.395241593902,18674.505657064637,10777.159187803883,22079.54707591305
0.25,2025-08-10,2025-08-09,2025-06-15,2025-08-09,10193.11203576295,10068.81927340364,81570.31282417286,73978.6558687254,0.0,7591.656955447456,0.0,52842.8435011974,2441.0376646145373,0.0,50401.80583658286,0.0,50401.80583658286,16991.290472201552,13874.808768606632,5557.5551151304835
0.25,2025-08-11,2025-08-10,2025-06-16,2025-08-10,10068.81927340364,9885.668746912015,80046.63943668458,76156.16862660789,548.7091137534976,4439.179923830183,11.716062476877028,50691.86628542324,1149.5037514928465,596.1564714308607,50138.51900536125,78.98383518786649,50217.50284054912,18670.038400623278,15287.56657834732,8224.159533475464
0.25,2025-08-12,2025-08-11,2025-06-17,2025-08-11,9885.668746912015,9925.663367395588,86162.68119711423,78099.91347324761,4.347502183284348,8067.115226049901,0.0,54664.58848110922,2252.4424813606743,4.913112217329641,52417.05911196588,0.0,52417.05911196588,17627.053072132796,14241.917829992351,6954.234581107159
0.25,2025-08-13,2025-08-12,2025-06-18,2025-08-12,9925.663367395588,10107.753154964135,78362.28414598021,76225.77402747219,237.92450022291317,2374.4346187309247,0.0,49614.45617775341,611.1754694743998,239.9946371436531,49243.275345422655,0.0,49243.275345422655,17785.117899831814,14242.064690052073,6561.741367692461
0.25,2025-08-14,2025-08-13,2025-06-19,2025-08-13,10107.753154964135,4787.410241410187,73586.50219339377,70630.5165673541,1268.3065380232376,4224.292164062901,0.0,48707.42622224283,1411.3929578990064,1051.3865181250098,48347.41978246883,0.0,48347.41978246883,13265.850431226061,15533.647471491657,6972.022624286361
0.25,2025-08-15,2025-08-14,2025-06-20,2025-08-14,4787.410241410187,4752.726772394747,45083.855679479806,42529.278045615785,0.0,2554.57763386402,0.0,27778.730631496303,1171.79140191457,0.0,26606.939229581734,0.0,26606.939229581734,13238.559902713434,10754.448643311778,22885.439902880797
0.25,2025-08-16,2025-08-15,2025-06-21,2025-08-15,4752.726772394747,9968.399087137723,52524.709432156116,48273.57874100174,0.0,4251.1306911543825,0.0,31726.958196653628,1838.2698407193784,0.0,29888.688355934246,0.0,29888.688355934246,19492.115864106563,11094.50876665764,22946.691276886144
0.25,2025-08-17,2025-08-16,2025-06-22,2025-08-16,9968.399087137723,9902.87754517343,83601.70324909088,75244.41567049129,50.878780601093126,8408.166359200672,12.481359566068477,52766.79020806407,2278.957083068771,69.3439821737894,50557.17710716909,83.90593968289534,50641.083046851985,18259.43487030219,14849.111632712635,8681.180175801139
0.25,2025-08-18,2025-08-17,2025-06-23,2025-08-17,9902.87754517343,9791.103132034601,80883.07832714613,75949.10106111076,0.0,4933.9772660353565,17.616788118206614,52050.83918199953,1695.58172235875,0.0,50355.25745964078,118.77037536706031,50474.027835007844,18772.266498873378,15306.132835912384,8106.468569601307
0.25,2025-08-19,2025-08-18,2025-06-24,2025-08-18,9791.103132034601,9696.450018198879,79542.54007516732,74670.38078167729,0.0,4872.159293490029,31.58841402469045,50926.29811866555,1390.896173075148,0.0,49535.401945590405,212.95880647224223,49748.360752062654,17521.883622883215,14277.913536987555,7140.339059806317
0.25,2025-08-20,2025-08-19,2025-06-25,2025-08-19,9696.450018198879,9697.31815950139,88661.6769667834,79768.07790274217,184.64747918380505,9078.246543225036,0.0,56075.15281126845,2652.5556593888246,223.75065965860875,53646.34781153823,0.0,53646.34781153823,19826.99401145111,16059.083822103143,5349.476646727548
0.25,2025-08-21,2025-08-20,2025-06-26,2025-08-20,9697.31815950139,5265.400301182397,78800.08381676802,69644.39694323445,0.0,9155.686873533563,0.0,51063.72214566777,2547.4565647777877,0.0,48516.26558088999,0.0,48516.26558088999,12765.823435890572,14329.04305555846,5363.198079568998
0.25,2025-08-22,2025-08-21,2025-06-27,2025-08-21,5265.400301182397,5107.19022038974,44533.01658900443,42529.43815522909,0.0,2003.5784337753453,0.0,27341.45707701183,884.3289258418733,0.0,26457.128151169956,0.0,26457.128151169956,13973.311255669747,11460.771189805884,18786.328689365222
0.25,2025-08-23,2025-08-22,2025-06-28,2025-08-22,5107.19022038974,9851.376471893142,48688.77626442702,48793.23387171231,382.2412403712797,277.78363308598557,0.0,28234.633999045014,132.75510208182948,513.8806072297417,28615.75950419293,0.0,28615.75950419293,18294.40138030769,10548.69749169617,18517.523833100786
0.25,2025-08-24,2025-08-23,2025-06-29,2025-08-23,9851.376471893142,10112.869031232953,79055.86118948774,74867.51494639498,0.0,4188.346243092763,0.0,51377.50997017106,1265.1879503544378,0.0,50112.32201981662,0.0,50112.32201981662,19061.515946825446,15204.484613522782,7276.894129758977
0.25,2025-08-25,2025-08-24,2025-06-30,2025-08-24,10112.869031232953,9972.913560190917,100652.35647293732,81258.22691533665,0.0,19394.129557600674,0.0,64936.470254427084,6545.465027006352,0.0,58391.00522742073,0.0,58391.00522742073,19527.06836485531,15942.885299470632,6900.956833285305
0.25,2025-08-26,2025-08-25,2025-07-01,2025-08-25,9972.913560190917,10142.512034555155,79125.17094788802,75734.39834250294,29.585486288262814,3420.3580916733263,0.0,51451.031817575444,1179.7432428114164,20.794287587320284,50292.082862351344,0.0,50292.082862351344,19039.796169347435,15269.596270243612,6435.380060065789
0.25,2025-08-27,2025-08-26,2025-07-02,2025-08-26,10142.512034555155,9737.89573900644,79640.93498108398,79884.68461635655,2077.581608696434,1833.8319734238612,0.0,51561.25993640816,515.2734134166159,1975.994157150335,53021.98068014188,0.0,53021.98068014188,18150.63957755015,15066.172723809468,8886.068895949204
0.25,2025-08-28,2025-08-27,2025-07-03,2025-08-27,9737.89573900644,5308.60307103324,73409.19265584333,75543.55189185083,2773.8045270394878,639.4452910319762,0.0,47683.729058197525,191.82144827018817,3016.759165980959,50508.66677590829,0.0,50508.66677590829,14577.065919360377,15793.786795857792,5992.477785014911
0.25,2025-08-29,2025-08-28,2025-07-04,2025-08-28,5308.60307103324,5314.523522358451,45660.14386181768,43954.68409219576,0.0,1705.4597696219178,0.0,28031.09831133879,760.9462883163171,0.0,27270.15202302247,0.0,27270.15202302247,13900.614271756302,11254.169153929914,18753.01862436938
0.25,2025-08-30,2025-08-29,2025-07-05,2025-08-29,5314.523522358451,9598.981032308006,49613.599063745714,47739.22601580987,0.0,1874.3730479358355,0.0,29319.992976380818,745.9316605932219,0.0,28574.061315787596,0.0,28574.061315787596,18220.065189823934,10902.241044802791,21908.6820374554
0.25,2025-08-31,2025-08-30,2025-07-06,2025-08-30,9598.981032308006,9838.485111806287,76817.06786623658,75218.65631369865,913.160769065623,2511.57232160355,0.0,49619.63425863701,937.8181867696156,638.5733258075902,49320.38939767498,0.0,49320.38939767498,20424.98138301987,16328.681248697645,4475.733096043095
0.25,2025-09-01,2025-08-31,2025-07-07,2025-08-31,9838.485111806287,10800.0,86134.23230676525,71818.60843428117,0.0,14315.623872484079,0.0,54567.651218162435,4178.003373665101,0.0,50389.64784449733,0.0,50389.64784449733,16997.242300783248,12902.402864260095,14149.634464424675
0.25,2025-09-02,2025-09-01,2025-07-08,2025-09-01,10800.0,10800.0,74846.9441612963,72394.0651393936,0.0,2452.8790219026982,0.0,47888.325259596895,729.9626252923241,0.0,47158.36263430457,0.0,47158.36263430457,17433.26006429808,14120.940652081446,15023.989877176966
0.25,2025-09-03,2025-09-02,2025-07-09,2025-09-02,10800.0,10800.0,79270.91973016462,70913.59426903723,0.0,8357.32546112738,0.0,50721.6440129291,2248.3918330824117,0.0,48473.25217984668,0.0,48473.25217984668,16007.649115033411,12966.195783177063,12324.423687180879
0.25,2025-09-04,2025-09-03,2025-07-10,2025-09-03,10800.0,7878.832326925476,71849.67699218106,64936.271863116504,0.0,6913.405129064564,0.0,48030.61690458902,2146.726547963062,0.0,45883.890356625954,0.0,45883.890356625954,14241.44674872359,14164.622772233186,10933.8823366261
0.25,2025-09-05,2025-09-04,2025-07-11,2025-09-04,7878.832326925476,8043.293107588022,39563.916658092174,37339.01634361205,0.0,2224.900314480128,0.0,24564.627557719803,1087.9428198135563,0.0,23476.68473790625,0.0,23476.68473790625,15046.500416295803,12039.650634603313,27507.90489525289
0.25,2025-09-06,2025-09-05,2025-07-12,2025-09-05,8043.293107588022,10800.0,44722.341068170776,43032.24902274452,0.0,1690.0920454262598,0.0,26534.32384380339,794.1127022370416,0.0,25740.21114156635,0.0,25740.21114156635,17888.91937591844,12008.988491323158,29431.234438149233
0.25,2025-09-07,2025-09-06,2025-07-13,2025-09-06,10800.0,10800.0,72359.70947193415,71905.91260802845,2526.2268476286135,2980.0237115343302,0.0,46828.53255702919,872.854318545367,1823.0816528230357,47778.75989130686,0.0,47778.75989130686,17817.57544404535,14432.236109676734,13559.589656993165
0.25,2025-09-08,2025-09-07,2025-07-14,2025-09-07,10800.0,10722.965490261731,75838.07965659362,70975.29436895484,1030.1315369132753,5892.916824552042,0.0,47854.19693597936,1634.8034690299417,1069.6954339930085,47289.08890094242,0.0,47289.08890094242,18132.214257119747,14756.42460703144,8203.935185533212
0.25,2025-09-09,2025-09-08,2025-07-15,2025-09-08,10722.965490261731,10630.335140612082,64628.3598997572,65109.02587006957,1457.0677643603467,976.4017940479778,0.0,41679.32870555436,307.6509845181086,1458.9869646117622,42830.66468564801,0.0,42830.66468564801,18759.83637089089,15278.834775106308,8525.190007618321
0.25,2025-09-10,2025-09-09,2025-07-16,2025-09-09,10630.335140612082,10493.038299464792,77327.37438320323,72795.06073386452,135.44739248684908,4667.7610418255545,67.77425767447036,48779.64197590246,1464.2669724110485,151.1533433132626,47466.52834680467,325.44843300451464,47791.97677980919,20410.88636247671,16656.3851106387,7792.335089700988
0.25,2025-09-11,2025-09-10,2025-07-17,2025-09-10,10493.038299464792,6634.556067574005,71187.24172652746,59671.251551943526,0.0,11515.990174583923,0.0,46408.55578806542,3319.80675516783,0.0,43088.7490328976,0.0,43088.7490328976,14656.214733292369,15344.16794266853,6863.11897798636
0.25,2025-09-12,2025-09-11,2025-07-18,2025-09-11,6634.556067574005,6838.700210164198,36556.267766398756,36178.93651680101,0.0,377.33124959774614,0.0,21787.90500956928,203.89934709462392,0.0,21584.005662474658,0.0,21584.005662474658,14409.146116083586,11487.67862569653,21705.81282641396
0.25,2025-09-13,2025-09-12,2025-07-19,2025-09-12,6838.700210164198,10800.0,41544.66565085222,40953.0642290825,0.0,591.6014217697227,0.0,23801.044453876442,287.47761533425546,0.0,23513.566838542185,0.0,23513.566838542185,18857.829923834324,11709.67242745358,25797.805249368426
0.25,2025-09-14,2025-09-13,2025-07-20,2025-09-13,10800.0,10393.712384878956,79726.83174421125,70143.06681819595,0.0,9583.764926015305,0.0,51154.72953251923,3209.269673636052,0.0,47945.45985888317,0.0,47945.45985888317,18284.492793171925,15176.098016078202,6935.347291102218
0.25,2025-09-15,2025-09-14,2025-07-21,2025-09-14,10393.712384878956,9729.648988357818,62246.22256592325,62459.46302997222,331.56790843777577,118.32744438880286,114.9690111111104,39871.437474860126,60.7557989872068,358.64566948816815,40169.32734536109,592.1936467222187,40761.52099208331,20197.84451486716,16957.911113911425,4267.468006794264
0.25,2025-09-16,2025-09-15,2025-07-22,2025-09-15,9729.648988357818,9456.623453422664,76845.62128820791,68028.6444888543,46.57764158242401,8863.554440936037,0.0,47904.26408311489,2635.1593009088497,65.39038912120981,45334.495171327246,0.0,45334.495171327246,19669.2436262537,16177.810318707143,5045.441197974414
0.25,2025-09-17,2025-09-16,2025-07-23,2025-09-16,9456.623453422664,9616.888001090438,72563.63948189662,67867.05572537956,9.687580837817563,4706.271337354886,7.62916666666672,45999.90625491645,1638.4698176294748,10.218744273782562,44371.65518156075,34.70889375000024,44406.36407531076,20169.151514588193,16192.77463391544,3938.1896113734783
0.25,2025-09-18,2025-09-17,2025-07-24,2025-09-17,9616.888001090438,5148.104785844122,59461.426893253425,63474.938910932106,4650.816942839454,637.3049251607714,0.0,38916.464458709255,183.00923542057114,3700.4469801557807,42433.902203444464,0.0,42433.902203444464,15124.030419598013,16272.369533596077,5667.226908263505
0.25,2025-09-19,2025-09-18,2025-07-25,2025-09-18,5148.104785844122,6207.982672842331,35165.978402747154,34488.38798851063,0.0,677.5904142365265,0.0,20415.537322329972,318.46114025925243,0.0,20097.07618207072,0.0,20097.07618207072,15006.476069250708,11201.355517794684,14581.915120387934
0.25,2025-09-20,2025-09-19,2025-07-26,2025-09-19,6207.982672842331,10223.087104240589,39450.385546664125,38535.79221246406,0.0,914.5933342000674,0.0,22192.21109517655,414.88022868446996,0.0,21777.33086649208,0.0,21777.33086649208,19738.134023312658,12374.294570624825,15526.519026442891
0.25,2025-09-21,2025-09-20,2025-07-27,2025-09-20,10223.087104240589,9480.620140502968,71344.82216342266,67712.42771076948,0.0,3632.394452653179,0.0,44824.923984288354,1010.2960245987083,0.0,43814.62795968965,0.0,43814.62795968965,17867.4268074192,15140.83598137341,6698.349401390363
0.25,2025-09-22,2025-09-21,2025-07-28,2025-09-21,9480.620140502968,8976.94012193219,73912.82737846722,65723.60478569244,128.28289550518429,8317.50548827996,19.555900000000065,46255.140961369594,2611.3895063473346,248.98710123300484,43892.738556255266,131.78740035000044,44024.52595660527,20660.250636927703,17188.115032625137,1657.0051980565386
0.25,2025-09-23,2025-09-22,2025-07-29,2025-09-22,8976.94012193219,8889.792542416828,72946.10552278454,68646.35130499385,26.145830605981075,4325.900048396659,6.375000000000114,45545.8609363546,1293.1795689423643,46.309180194116365,44298.99054760634,42.99618750000077,44341.986735106344,21515.077212888667,17505.645364003645,2526.678872775499
0.25,2025-09-24,2025-09-23,2025-07-30,2025-09-23,8889.792542416828,9165.60180670029,62722.5979189813,66933.01803517857,4213.898371710056,3.4782555127791284,0.0,39711.36358185287,2.167515154299962,3454.1907202683674,43163.386786966934,0.0,43163.386786966934,21033.13007974821,16788.607026740938,1625.2698821713093
0.25,2025-09-25,2025-09-24,2025-07-31,2025-09-24,9165.60180670029,4930.5241861113545,64007.26528621779,64132.3391828819,2358.822464173715,2233.7485675096123,15.37166666666667,41095.95714193351,490.43152771638574,2089.312688560649,42694.838302777775,103.4974316666667,42798.33573444444,15220.576346190259,16140.236698944154,4731.922302302455
0.25,2025-09-26,2025-09-25,2025-08-01,2025-09-25,4930.5241861113545,5509.214325279459,34571.21148846338,33386.342141674526,0.0,1184.8693467888497,0.0,19595.95773429237,506.26027415113396,0.0,19089.697460141237,0.0,19089.697460141237,14908.874984196405,11555.367611947795,12338.591269425919
0.25,2025-09-27,2025-09-26,2025-08-02,2025-09-26,5509.214325279459,8980.6931807491,37568.11723558182,38097.63766306892,529.5204274871029,0.0,0.0,20477.386020208323,0.0,721.6597280592368,21199.045748267563,0.0,21199.045748267563,19452.93568423958,12632.546934311385,13475.94666314073
0.25,2025-09-28,2025-09-27,2025-08-03,2025-09-27,8980.6931807491,9085.039972435037,69322.00968638303,70841.68409132551,3018.4994180136214,1498.825013071144,5.868333333333453,43246.19484493773,361.82877179231286,2970.5782864633848,45854.9443596088,39.561369166667475,45894.505728775475,20223.10466998211,16286.802670168167,3423.6212581782274
0.25,2025-09-29,2025-09-28,2025-08-04,2025-09-28,9085.039972435037,8635.422262312333,71718.7678732409,67073.11815945711,122.82219808072227,4768.471911864518,200.9781791256544,44927.636632258625,1414.8088187817345,229.08748040868653,43741.915293885584,971.6426036590385,44713.557897544626,21635.35243168885,17929.291408778405,808.1437156723152
0.25,2025-09-30,2025-09-29,2025-08-05,2025-09-29,8635.422262312333,8882.684007581012,70944.00647285598,72098.43370349934,1254.8551076065348,100.42787696318305,31.411150000000134,44759.924553646706,33.373372350239705,1471.899137546351,46198.45031884281,212.2294349750009,46410.679753817814,22453.289866333667,17964.629220988456,2219.009441487456
0.25,2025-10-01,2025-09-30,2025-08-06,2025-09-30,8882.684007581012,10281.079532185673,66864.75174868913,62321.36110675442,67.4359336345791,4610.8265755692955,0.0,41273.55479283634,1161.783983987803,102.22389704403881,40213.994705892575,0.0,40213.994705892575,21357.471119144637,16040.99563436296,7343.364088639415
0.25,2025-10-02,2025-10-01,2025-08-07,2025-10-01,10281.079532185673,7107.743535742997,67708.21927004747,57393.9364489421,63.40537072809764,10377.688191833473,0.0,43584.3052805474,3303.35893762613,118.19836086228227,40399.14470378355,0.0,40399.14470378355,16105.46799268105,15901.431470870053,5459.116810464431
0.25,2025-10-03,2025-10-02,2025-08-08,2025-10-02,7107.743535742997,7161.268013338012,30036.687538791528,30308.0828351977,334.09481824799036,62.69952184181875,0.0,16522.807867107073,38.167254337552585,469.85328601116566,16954.493898780685,0.0,16954.493898780685,15483.703966312329,12493.628182877474,19500.853351762842
0.25,2025-10-04,2025-10-03,2025-08-09,2025-10-03,7161.268013338012,10516.14042333494,36161.78992744023,35793.547543727465,26.938762602290012,395.1811463150582,0.0,19709.015349061337,173.26206084736748,46.69843512197871,19582.451723335947,0.0,19582.451723335947,19170.573726548653,12508.779549507171,16035.770933352647
0.25,2025-10-05,2025-10-04,2025-08-10,2025-10-04,10516.14042333494,10235.528494867354,70633.87032879108,60812.18075207816,390.62554629070075,10212.315123003626,0.0,44123.27011439702,2872.0030030633407,526.2984702187852,41777.565581552466,0.0,41777.565581552466,19619.618190532754,16144.441469952362,2601.042964831099
0.25,2025-10-06,2025-10-05,2025-08-11,2025-10-05,10235.528494867354,10024.534789841766,60320.39655217755,62849.69083111317,2529.294278935612,0.0,0.0,38432.42170962147,0.0,2063.6284293031804,40496.05013892465,0.0,40496.05013892465,19835.63944714824,16256.762286713107,1537.7044206780351
0.25,2025-10-07,2025-10-06,2025-08-12,2025-10-06,10024.534789841766,10211.69727558564,65358.85489763124,65191.5250365608,1649.0835517612193,1816.4134128316482,0.0,40778.32121042438,413.9241802310578,1973.1069277360352,42337.50395792936,0.0,42337.50395792936,19933.916778849147,15978.026353698326,3464.07161140999
0.25,2025-10-08,2025-10-07,2025-08-13,2025-10-07,10211.69727558564,9669.566381107901,61605.80081897206,61183.355724461515,406.07498153816755,828.5200760487148,0.0,38118.02829670242,205.45822288712952,617.8355138621232,38530.40558767741,0.0,38530.40558767741,20156.0801828188,16814.342753113197,1363.1226280892356
0.25,2025-10-09,2025-10-08,2025-08-14,2025-10-08,9669.566381107901,6176.757500147003,67996.27254147132,56848.529758401804,234.5880926397782,11382.330875709315,36.54379937321155,42928.50417190801,3397.5802417040504,441.2220738375573,39972.14600404152,181.2937886905025,40153.439792732024,17013.906586050136,16924.792327565425,1035.9776159569624
0.25,2025-10-10,2025-10-09,2025-08-15,2025-10-09,6176.757500147003,6369.813913067947,31571.251783331347,31364.290355920122,308.6376205741583,515.5990479853825,0.0,16922.482581075375,218.93952387261174,555.2426858456472,17258.785743048407,0.0,17258.785743048407,15547.234762903652,12419.509386323112,18892.954062672918
0.25,2025-10-11,2025-10-10,2025-08-16,2025-10-10,6369.813913067947,9568.867683464367,35733.84397703013,35754.1806712309,107.83140907304613,87.4947148722727,0.0,18730.224939922788,35.392882693424895,189.93905052677823,18884.77110775614,0.0,18884.77110775614,18705.7723212293,12272.527186838955,15214.621953507227
0.25,2025-10-12,2025-10-11,2025-08-17,2025-10-11,9568.867683464367,9443.029725890883,65484.679780169914,64042.68592643116,800.8268748503776,2242.820728589133,20.92993333333345,40200.15903172732,512.8393238609467,1358.2332587860826,41045.55296665245,98.0358077333339,41143.58877438579,19685.798633385308,16058.751054858232,1921.6122979040813
0.25,2025-10-13,2025-10-12,2025-08-18,2025-10-12,9443.029725890883,9530.753280628242,68092.86496330367,61908.21003029044,1076.079411050965,7260.734344064209,0.0,41919.688293869025,1961.610559697077,1627.7350840861718,41585.81281825812,0.0,41585.81281825812,20682.750772873915,16674.07692676426,872.1408841807721
0.25,2025-10-14,2025-10-13,2025-08-19,2025-10-13,9530.753280628242,9262.572250950225,70905.4388261538,66194.9808201509,556.0069248827065,5266.464930885612,0.0,43928.40467151188,1403.0637310802204,713.7754069347191,43239.11634736638,0.0,43239.11634736638,20731.273222203665,17033.69423669518,1723.5725513090806
0.25,2025-10-15,2025-10-14,2025-08-20,2025-10-14,9262.572250950225,8852.987680844339,72926.33271529811,66506.78952138226,189.13490918188597,6608.678103097721,0.0,44849.93348224603,2126.080194669736,353.3875687363665,43077.24085631266,0.0,43077.24085631266,21129.885907112897,17483.833697856742,940.7136621261137
0.25,2025-10-16,2025-10-15,2025-08-21,2025-10-15,8852.987680844339,5895.517384640246,66042.23149441165,64339.92699134598,1038.045722815052,2740.3502258807134,0.0,41359.1317330702,781.0865768819824,1517.792033651204,42095.837189839425,0.0,42095.837189839425,18309.230369036704,17492.19986550342,556.4235378126962
0.25,2025-10-17,2025-10-16,2025-08-22,2025-10-16,5895.517384640246,5768.672777361291,30251.730324002103,31300.310491786408,1048.5801677843033,0.0,0.0,15460.745664502265,0.0,1416.1018646899997,16876.847529192266,0.0,16876.847529192266,15851.511704142249,12953.88462690628,12398.484097883771
0.25,2025-10-18,2025-10-17,2025-08-23,2025-10-17,5768.672777361291,9121.730053585412,36083.57240354919,35256.60635791175,134.3190463998327,961.2850920372721,0.0,18884.323534488423,398.23532213493024,232.78130693150615,18718.869519285,0.0,18718.869519285,19243.893357607005,12569.802071059967,12505.921804698035
0.25,2025-10-19,2025-10-18,2025-08-24,2025-10-18,9121.730053585412,8620.987751230856,71220.21422571443,68114.96382127519,344.4154583024738,3449.66586274171,0.0,44043.67188338789,1023.9571962645396,646.2943540095268,43666.00904113288,0.0,43666.00904113288,21468.592583719226,17840.228064931674,600.8767691543067
0.25,2025-10-20,2025-10-19,2025-08-25,2025-10-19,8620.987751230856,8646.504699706175,76189.80403354418,70541.8935459011,98.99564634601848,5746.9061339891105,0.0,47553.287128519965,2051.296363163085,178.3975772803774,45680.38834263726,0.0,45680.38834263726,22102.448054144,17880.01767022885,1878.6807953192765
0.25,2025-10-21,2025-10-20,2025-08-26,2025-10-20,8646.504699706175,8844.7222667993,74963.19530804938,72318.22693724924,288.94787070872496,2933.916241508855,0.0,46179.752298942665,1025.848760104752,418.69442500489276,45572.59796384281,0.0,45572.59796384281,22252.707454016854,17846.29722736984,1449.2353606022361
0.25,2025-10-22,2025-10-21,2025-08-27,2025-10-21,8844.7222667993,8440.710564407409,70712.7101747566,70004.30805092615,269.84028780238566,978.2424116328414,308.9182828398874,43564.402365717906,356.1047286470085,436.1144877158576,43644.41212478676,2005.7860150449471,45650.1981398317,21736.17563758429,17969.91279859598,992.0667947777273
0.25,2025-10-23,2025-10-22,2025-08-28,2025-10-22,8440.710564407409,5965.668077584997,79219.2432786214,65445.908476195174,777.9609674601819,14551.295769886397,31.44251377933847,49432.297080166616,4616.361742672267,1120.9120805184587,45936.84741801281,219.34297612466517,46156.19039413747,19426.776360351905,17963.227090025226,634.3046863145046
0.25,2025-10-24,2025-10-23,2025-08-29,2025-10-23,5965.668077584997,6113.135873049634,32340.876429761523,32847.87539860887,507.1264816192777,0.12751277193592614,352.7265625566157,16545.453911267203,0.026905194878480414,690.8594618470645,17236.286467919388,1914.164039913568,19150.450507832957,17049.75260483741,13677.578594000131,11408.377233661535
0.25,2025-10-25,2025-10-24,2025-08-30,2025-10-24,6113.135873049634,8441.47743724074,35038.7872183742,35422.4803969331,388.3913837228778,4.69820516398417,251.30356526163638,17746.060700320675,1.8774438595695122,556.4853174242764,18300.668573885385,1339.8993588539831,19640.567932739366,19078.137654396538,13357.7840922892,10554.997666754065
0.25,2025-10-26,2025-10-25,2025-08-31,2025-10-25,8441.47743724074,8683.003755524976,76406.78477879973,69640.84828993923,510.19957529584974,7276.136064156356,0.0,47096.03333053591,2407.580555873212,813.4952241845422,45501.94799884723,0.0,45501.94799884723,21958.9413881073,17569.368837911097,706.9637230763495
0.25,2025-10-27,2025-10-26,2025-09-01,2025-10-26,8683.003755524976,8452.048454298574,69529.06769681725,70543.57262335709,2781.012970984304,1766.508044444444,75.12577923603783,42959.29880279674,387.3074761754443,2637.1500811802603,45209.141407801544,420.2063923720212,45629.347800173564,21483.30334684454,17609.335482047834,3192.148871129768
0.25,2025-10-28,2025-10-27,2025-09-02,2025-10-27,8452.048454298574,8504.575683897196,69797.05029114286,71270.89691896521,2007.9099966142678,534.0633687919358,75.02721543635153,43119.5895353283,126.69013087669659,2261.7704524191463,45254.66985687075,503.0004930342957,45757.67034990504,21043.25465490213,16997.761763831968,1328.0095433313886
0.25,2025-10-29,2025-10-28,2025-09-03,2025-10-28,8504.575683897196,8458.754238080186,77866.05271236436,74869.78076435358,267.739873127764,3264.0118211385425,347.52994258802215,47925.03086258304,986.5126775208967,444.2160677571953,47382.73425281933,2225.9149205820922,49608.64917340143,22219.995228267187,18039.435436131727,1724.494114806148
0.25,2025-10-30,2025-10-29,2025-09-04,2025-10-29,8458.754238080186,6317.201611774181,66763.15676587113,67352.4688078816,1687.193226855232,1097.8811848447608,164.41323513252655,41568.06366386761,374.98441362479525,1948.3061917210416,43141.38544196385,895.1904872671117,44036.57592923097,19724.065164904758,17903.890147248258,908.8893753576206
0.25,2025-10-31,2025-10-30,2025-09-05,2025-10-30,6317.201611774181,6516.999498274117,34812.71673794638,33999.41364506792,33.979182172308526,847.2822750507735,204.7561702322601,18369.250256241663,331.852753235079,49.64007696092597,18087.03757996751,1017.7180562433302,19104.755636210837,17354.555974768373,13877.372241712445,6822.694015577585
0.25,2025-11-01,2025-10-31,2025-09-06,2025-10-31,6516.999498274117,8585.599548342607,35964.04907031957,36031.76708979628,109.87993245325805,42.16191297654128,0.0,18517.407491890375,15.98959006450456,155.5703856322819,18656.988287458153,0.0,18656.988287458153,19326.311878275614,13792.572576341612,7953.98935452895
0.25,2025-11-02,2025-11-01,2025-09-07,2025-11-01,8585.599548342607,8577.930927140707,75680.21072431584,74964.5251347613,1926.0261069489952,2641.7116965035366,332.5413663254795,46968.63522953233,907.1091166976516,1888.729016364915,47950.25512919959,2258.4822142907083,50208.7373434903,22199.14766345969,17988.21136648406,2289.7462707778072
0.25,2025-11-03,2025-11-02,2025-09-08,2025-11-02,8577.930927140707,8649.454331647486,80780.35453081073,75539.34919909907,123.4059335919411,5364.411265303594,0.0,49985.556211992465,1806.5562346215447,219.1952671840824,48398.195244555005,0.0,48398.195244555005,22299.4015224588,17998.14416913553,1733.1615624424767
0.25,2025-11-04,2025-11-03,2025-09-09,2025-11-03,8649.454331647486,8585.115206997998,74801.42150098839,72881.12254918594,471.65705555761485,2391.9560073600737,421.6832701637872,46206.387564119665,576.8581600084306,648.9999176870436,46278.52932179827,2698.1072547951007,48976.63657659337,21025.461311937714,17088.52887485409,1785.8013489327632
0.25,2025-11-05,2025-11-04,2025-09-10,2025-11-04,8585.115206997998,8670.955714310845,83189.71145994049,75438.70594100194,57.02126001257682,7808.026778951126,0.0,51837.27591417961,2655.2378421398553,99.63467588290514,49281.67274792267,0.0,49281.67274792267,23237.820443610555,18745.378102742987,1268.243533467712
0.25,2025-11-06,2025-11-05,2025-09-11,2025-11-05,8670.955714310845,6755.143435543209,75873.57359680139,75544.88659348429,1127.131342198529,1455.8183455156368,138.1938883797837,47365.9341213514,450.63478948927343,1458.3035874119487,48373.60291927408,665.9428473812516,49039.54576665533,19928.649156437798,17866.436867605487,2251.283643031754
0.25,2025-11-07,2025-11-06,2025-09-12,2025-11-06,6755.143435543209,6966.544388483457,34939.07679395062,35366.432868943244,427.3560749926237,0.0,5.649257327686712,18069.08177872569,0.0,608.1748570758544,18677.25663580154,34.53391004414887,18711.790545845688,18432.54167095705,14740.097895828989,8361.176567809538
0.25,2025-11-08,2025-11-07,2025-09-13,2025-11-07,6966.544388483457,8676.390319098766,36930.48708856433,37021.00222043299,90.63887953358167,0.12374766492393974,0.0,19064.845558045556,0.02624069234712142,113.12684010031228,19177.946157453523,0.0,19177.946157453523,19255.180968598037,14057.835247010631,8032.449398845585
0.25,2025-11-09,2025-11-08,2025-09-14,2025-11-08,8676.390319098766,8583.464825592748,80347.92461917008,76986.0538140136,282.12574470432224,3643.996549860811,36.697245767476645,50132.767997157134,1140.9349263323643,371.28438820406313,49363.11745902884,167.18539581232238,49530.30285484116,22269.04023548225,18121.555534896044,1528.4491758615413
0.25,2025-11-10,2025-11-09,2025-09-15,2025-11-09,8583.464825592748,8618.458659,81391.17323852686,80432.81878347861,1858.8357073425502,2817.1901623907956,131.03947457073872,50881.57166417207,936.4108284388066,1744.0941211486163,51689.25495688189,766.7441058088729,52455.99906269076,22523.643747297232,18212.656985244234,2394.4283959963495
0.25,2025-11-11,2025-11-10,2025-09-16,2025-11-10,8618.458659,8578.747188439445,83445.70666759946,77712.21877012496,51.06305804148849,5784.550955515978,0.0,52518.332180758975,2031.551939220416,93.05752186136152,50579.83776339992,0.0,50579.83776339992,22180.848407443773,18002.22753353395,1974.578229548474
0.25,2025-11-12,2025-11-11,2025-09-17,2025-11-11,8578.747188439445,8642.61415985133,80090.38626335685,77840.69726018986,1030.4127656476094,3280.1017688145994,65.17544166666539,49963.59070730127,908.7794746494021,1099.9766499891996,50154.78788264106,454.6638810666578,50609.45176370772,21773.596113278494,17579.132577484885,2755.421416062918
0.25,2025-11-13,2025-11-12,2025-09-18,2025-11-12,8642.61415985133,7546.874219808917,76259.17979724339,75946.52955095797,2019.2291442647402,2331.8793905501434,72.52934190251358,47939.62717986668,661.1028693039171,2368.751512913041,49647.27582347581,505.9646891119347,50153.24051258774,20182.22343386087,17333.766927465476,774.7310697984316
0.25,2025-11-14,2025-11-13,2025-09-19,2025-11-13,7546.874219808917,7680.16126709632,35769.718124684194,35676.570106114705,0.0,93.14801856949276,0.0,19027.825173282647,36.718121763011574,0.0,18991.107051519633,0.0,18991.107051519633,17704.35156074806,14220.566421647269,4594.3296670139125
0.25,2025-11-15,2025-11-14,2025-09-20,2025-11-14,7680.16126709632,8675.799556360804,40821.97059365155,39796.98615965941,3.172477302501477,1028.1569112946402,0.0,21201.26789200841,324.8407957022244,5.111812677520629,20881.538908983704,0.0,20881.538908983704,19260.68572564562,14705.080977434915,7029.494494782041
0.25,2025-11-16,2025-11-15,2025-09-21,2025-11-15,8675.799556360804,8732.321365302083,80449.61910740467,80768.1114854732,1399.8039476465312,1081.3115695779925,0.0,50367.99346979631,283.8140685544908,1743.6832307455707,51827.86263198739,0.0,51827.86263198739,22628.665017015555,18278.349035735453,1983.2511208597675
0.25,2025-11-17,2025-11-16,2025-09-22,2025-11-16,8732.321365302083,8833.548110483103,77537.2048455354,80345.08583302666,3825.513617695299,1017.6326302040418,0.0,48639.398250976,274.0297643957933,3841.7112493318905,52207.07973591209,0.0,52207.07973591209,21846.43148513283,17604.505432294678,3407.4054468551744
0.25,2025-11-18,2025-11-17,2025-09-23,2025-11-17,8833.548110483103,8740.412884553843,81408.33669619195,80696.86350370874,27.79792844361566,739.2711209268314,0.0,51001.72736545565,271.83683688020284,45.01433548349131,50774.90486405893,0.0,50774.90486405893,23688.393527221626,19271.420460385845,1389.3386035396288
0.25,2025-11-19,2025-11-18,2025-09-24,2025-11-18,8740.412884553843,8538.986932559,80713.29067601726,82275.52757021981,3055.051033157344,1492.814138954788,33.320009900452874,50555.901285249216,387.95879873800726,3387.33063041665,53555.27311692786,151.73867672768,53707.01179365555,22199.856522172708,18163.167139755253,2903.8465977028172
0.25,2025-11-20,2025-11-19,2025-09-25,2025-11-19,8538.986932559,8051.891624559703,79865.67613825496,80640.4536734173,1467.4906011983896,692.7130660360444,0.0,50071.68572117521,199.05218910820764,1647.479528807058,51520.11306087405,0.0,51520.11306087405,22628.691465700977,18767.625864417154,1986.312038800144
0.25,2025-11-21,2025-11-20,2025-09-26,2025-11-20,8051.891624559703,8341.537719519014,36704.11780845904,37467.808840612044,763.8525359450008,0.16150379200007592,0.0,19509.76917637658,0.034214578335216086,595.0665344562087,20104.80149625445,0.0,20104.80149625445,18260.493936695326,14530.318603259842,4873.249440509891
0.25,2025-11-22,2025-11-21,2025-09-27,2025-11-21,8341.537719519014,8749.499471768782,42270.903712866384,39574.31227805646,29.235835285693895,2725.8272700956177,0.0,21876.224464179144,639.3039132040312,46.120018001454895,21283.04056897657,0.0,21283.04056897657,18973.741863410563,15001.565332337765,5382.306263650326
0.25,2025-11-23,2025-11-22,2025-09-28,2025-11-22,8749.499471768782,8736.973691918156,81294.11987046247,81617.76857938507,1594.2232201152606,1270.5745111926649,0.0,51129.93758649907,345.26654929320614,1853.6965637739154,52638.36760097978,0.0,52638.36760097978,22393.238246898884,18149.796181853664,2142.2302310065097
0.25,2025-11-24,2025-11-23,2025-09-29,2025-11-23,8736.973691918156,8506.584732172747,80138.76588590204,79770.38959300202,643.0469706082351,1011.4232635082595,59.02939387165509,50319.260967277194,273.1745855556806,655.5424919125192,50701.628873634036,343.12890047251074,51044.75777410655,22561.492763308328,18482.15920205062,1588.1417256159693
0.25,2025-11-25,2025-11-24,2025-09-30,2025-11-24,8506.584732172747,8713.589392624586,91908.06033454058,83032.00982688856,0.0,8876.050507652006,0.0,58581.96605155392,3012.3712117212963,0.0,55569.59483983263,0.0,55569.59483983263,22429.038497346563,17981.216988444066,2415.5278513194025
0.25,2025-11-26,2025-11-25,2025-10-01,2025-11-25,8713.589392624586,8850.476106652199,86723.24430652824,84086.34131543167,766.2903247533413,3403.193315849911,0.0,54616.66884826853,1087.7161166015158,949.0919961356971,54478.04472780271,0.0,54478.04472780271,23168.782746989993,18643.51598243705,2803.4076675453916
0.25,2025-11-27,2025-11-26,2025-10-02,2025-11-26,8850.476106652199,8306.338008182182,83366.33381619578,82042.98496467942,619.2780203247171,1942.6268718410852,0.0,52755.57228930024,531.5971920494167,644.2072894540738,52868.182386704895,0.0,52868.182386704895,21946.087392151865,18266.05507626603,2582.059915460241
0.25,2025-11-28,2025-11-27,2025-10-03,2025-11-27,8306.338008182182,8168.090564346071,37777.82432148482,37960.67553402696,427.5733770027249,244.72216446059082,0.0,20034.477187472028,81.70539848954687,288.4648880835388,20241.236677066023,0.0,20241.236677066023,18808.772099299324,15359.528099884958,3590.192984612592
0.25,2025-11-29,2025-11-28,2025-10-04,2025-11-28,8168.090564346071,8785.268917130015,49471.077175513965,41777.803585466885,0.0,7693.273590047088,0.0,25612.061397438883,1833.8830631297747,0.0,23778.17833430911,0.0,23778.17833430911,18788.49473586663,14663.220218546421,2723.0789681466736
0.25,2025-11-30,2025-11-29,2025-10-05,2025-11-29,8785.268917130015,8694.70250555352,87526.2808003425,87110.62014445549,675.2410581393184,1090.9017140263418,0.0,55210.21235103557,292.48314222702686,779.9578894788484,55697.687098287395,0.0,55697.687098287395,24181.421080155218,19668.460845344576,2352.831792978179
0.25,2025-12-01,2025-11-30,2025-10-06,2025-11-30,8694.70250555352,8902.08528473226,91058.75607153175,90351.9852720984,1461.7904835269628,2168.5612829603065,1719.1236887532582,58314.28843558367,723.2823864092186,2144.8671602291856,59735.87320940364,8414.327621147742,68150.20083055139,24903.229852982375,19984.971679654856,853.9230541908148
0.25,2025-12-02,2025-12-01,2025-10-07,2025-12-01,8902.08528473226,8722.314807204804,93836.81123381601,93252.51685892064,2417.9374062448833,3002.2317811402468,1177.1877132459845,59911.18112884156,940.7902562528411,3286.825936526974,62257.21680911569,5848.321569742542,68105.53837885824,25220.582470113535,20590.46523056668,1161.7773826197695
0.25,2025-12-03,2025-12-02,2025-10-08,2025-12-02,8722.314807204804,8914.310090262914,84297.39370973816,92988.44144045391,8697.876116717733,6.828386001961007,537.2462627743898,53354.308437491934,2.3554517513764495,9739.467230896236,63091.42021663679,2669.2929623245273,65760.71317896132,25554.810365929625,20526.600641650697,1334.7294122827059
0.25,2025-12-04,2025-12-03,2025-10-09,2025-12-03,8914.310090262914,8845.921133065998,91802.97693970788,91092.21500198051,2880.557598437631,3591.3195361650005,1345.2111118136368,59018.88759952774,1355.6736589453149,3943.941476582554,61607.15541716498,6655.122732146194,68262.27814931117,25218.13423650349,20488.238793045053,936.3219203357011
0.25,2025-12-05,2025-12-04,2025-10-10,2025-12-04,8845.921133065998,8924.352062100523,43855.21481184711,45383.84721013579,2876.877148774667,1348.2447504859765,809.0473627128065,23028.718162937046,300.9850546313326,2586.1076425321608,25313.840750837873,4160.615246508105,29474.45599734598,21136.356499074624,17049.860928119375,794.7713185600218
0.25,2025-12-06,2025-12-05,2025-10-11,2025-12-05,8924.352062100523,8913.465939437485,46922.154690985706,47858.45930995865,1358.0803494744314,421.77573050147964,376.73721218328507,24616.515609728507,137.69293077235358,1677.7415531426502,26156.564232098804,1844.8455015368968,28001.4097336357,21106.338485980945,17105.9316840413,570.1589035356313
0.25,2025-12-07,2025-12-06,2025-10-12,2025-12-06,8913.465939437485,8798.402612450984,95088.7246445139,92405.00016422232,1070.13917262218,3753.863652913771,842.0895053592344,61055.756816233676,1135.6510082688944,1587.6595834379323,61507.7653914027,4115.1353235109045,65622.90071491362,24942.41262816437,20306.911223100993,958.9070145181681
0.25,2025-12-08,2025-12-07,2025-10-13,2025-12-07,8798.402612450984,8942.467970065309,97727.26549463609,95024.77309819064,335.0590718655776,3037.551468311023,0.2609219986960625,62750.83330027165,906.5236082032227,458.43996208996964,62302.7496541584,1.5155654294260787,62304.265219587825,24517.02043654022,19729.12773174469,2389.930198727135
0.25,2025-12-09,2025-12-08,2025-10-14,2025-12-08,8942.467970065309,8858.652198047228,96747.38156212222,93200.32754533959,287.8022624870936,3834.856279269734,91.38341263117889,62163.209777965116,1293.0839704425916,440.4076025425341,61310.53341006506,531.0616043850482,61841.59501445011,25122.810544215034,20424.910735630452,1205.356882719512
0.25,2025-12-10,2025-12-09,2025-10-15,2025-12-09,8858.652198047228,8879.331695702129,92876.4485106814,94612.4506895211,1962.259811939878,226.25763310017794,89.12064368979031,59323.786939163445,81.31236976399124,2164.4306699688514,61406.90523936831,424.09012612418496,61830.9953654925,25264.085315715056,20445.297557839785,1495.1651086689606
0.25,2025-12-11,2025-12-10,2025-10-16,2025-12-10,8879.331695702129,8928.558648132217,96476.71395030353,92123.59022059939,108.42022709715911,4461.543956801294,0.0,61864.387718034755,1599.5093837210532,183.97027503113037,60448.84860934484,0.0,60448.84860934484,24677.506206048376,19944.475769712117,1429.3050842631328
0.25,2025-12-12,2025-12-11,2025-10-17,2025-12-11,8928.558648132217,8992.42061362729,49142.60435237024,49757.06995027341,1958.6680573134458,1344.202459410269,0.0,25570.98806123383,302.86228640708936,1870.1996233088867,27138.32539813563,0.0,27138.32539813563,20625.703949359737,16649.344430035824,2066.2969476161697
0.25,2025-12-13,2025-12-12,2025-10-18,2025-12-12,8992.42061362729,9103.69888257407,50304.70426985857,49329.98631464634,652.2181828653665,1626.9361380775954,0.0,26316.776511161584,465.1728167940652,778.2783922559564,26629.882086623475,0.0,26629.882086623475,20960.371025112105,16877.750088288696,1448.8319944895984
0.25,2025-12-14,2025-12-13,2025-10-19,2025-12-13,9103.69888257407,8923.982224560965,91972.3007552675,95163.68256717452,3193.606780138317,2.224968231297453,320.8413988885357,58758.69566193618,0.5439751779004889,3386.164845983296,62144.316532741585,1575.9686998266473,63720.285232568225,24993.31865184902,20406.333100209504,2118.8166144235342
0.25,2025-12-15,2025-12-14,2025-10-20,2025-12-14,8923.982224560965,9019.659167858661,94190.6703619693,96726.92662872578,2555.8782755785355,19.622008822047633,0.0,60155.697493369815,8.42740519426698,2744.617107796598,62891.887195972144,0.0,62891.887195972144,24488.211667479954,19749.342201690837,2518.4991962700005
0.25,2025-12-16,2025-12-15,2025-10-21,2025-12-15,9019.659167858661,8918.093703507004,99442.48142849037,96199.82394655135,25.745812725005123,3268.40329466404,0.0,64450.233953563715,1320.7080989448093,45.53962131187236,63175.06547593078,0.0,63175.06547593078,24329.055518084206,19797.943887564696,2250.6209826985046
0.25,2025-12-17,2025-12-16,2025-10-22,2025-12-16,8918.093703507004,8961.796313297045,100004.15913583586,94586.37134034828,24.43641743957312,5442.224212927138,8.306179466655067,64284.10969137489,2021.009837822784,44.37684815090363,62307.47670170301,47.63199583779882,62355.10869754081,24679.015870978554,19950.6705066816,1674.485088851312
0.25,2025-12-18,2025-12-17,2025-10-23,2025-12-17,8961.796313297045,8991.409246895937,95276.00105224196,94401.91776002642,223.1597077030583,1097.2429999185936,0.0,61486.646403063554,380.9498103714362,220.2076490379996,61325.90424173011,0.0,61325.90424173011,24615.53861954347,19911.934641591208,2332.046815407503
0.25,2025-12-19,2025-12-18,2025-10-24,2025-12-18,8991.409246895937,8860.493972687453,49198.406832625915,48252.22677666576,1459.5716441185323,2405.75170007868,0.0,26104.39464248013,650.7914732353845,1065.2434667120224,26518.84663595677,0.0,26518.84663595677,20147.603501131114,16437.382582703838,1633.6145582384916
0.25,2025-12-20,2025-12-19,2025-10-25,2025-12-19,8860.493972687453,9063.741300853602,52473.808847651795,48501.555233325445,0.9676214927874867,3973.221235819142,0.0,27872.262644210285,1189.6499701648756,1.5591285113284772,26684.171802556735,0.0,26684.171802556735,20863.68353667019,16716.661069353322,1498.18051600857
0.25,2025-12-21,2025-12-20,2025-10-26,2025-12-20,9063.741300853602,9002.084706701029,98424.72909094456,96859.73518117584,474.4889651778897,2039.4828749466083,6.493770178126397,63321.777265440345,712.3074389941509,553.3310747244284,63162.80090117063,37.719064079647175,63200.51996525028,24573.55683027342,19960.07196725879,3214.962221672671
0.25,2025-12-22,2025-12-21,2025-10-27,2025-12-21,9002.084706701029,8697.872169701639,97785.94901813054,95932.49490598144,0.0,1853.4541121490988,0.0,63072.855884289005,727.8599881530747,0.0,62344.99589613593,0.0,62344.99589613593,24134.64447545552,19822.853308418424,2683.2766556110214
0.25,2025-12-23,2025-12-22,2025-10-28,2025-12-22,8697.872169701639,9058.56707815375,100706.49296057841,95316.49208362821,0.0,5390.000876950213,0.0,64903.751592118235,2023.7005162942417,0.0,62880.05107582399,0.0,62880.05107582399,24823.29198023084,19782.241086380083,3017.3486564441173
0.25,2025-12-24,2025-12-23,2025-10-29,2025-12-23,9058.56707815375,8795.859851847792,98824.1301281625,95149.96157807855,0.0,3674.1685500839367,12.060084332102292,63898.04954994487,1391.0962581672482,0.0,62506.95329177762,80.67638366436312,62587.62967544199,23980.893924183583,19660.960582264066,2987.5290038244802
0.25,2025-12-25,2025-12-24,2025-10-30,2025-12-24,8795.859851847792,8821.670138169702,95610.81015894141,95930.11045458389,823.8618935847846,504.5615979422998,0.0,61205.27660876467,224.9745793482199,768.4017252809231,61748.70375469737,0.0,61748.70375469737,24332.279472494953,19685.917115031192,3471.299563786802
0.25,2025-12-26,2025-12-25,2025-10-31,2025-12-25,8821.670138169702,9374.986090016215,51226.66369857002,49243.73290627729,290.54920444674667,2273.479996739466,0.0,27066.1571816365,596.3537620989584,334.02629323616145,26803.829712773702,0.0,26803.829712773702,20302.704490491386,15947.20628063616,1880.612263088731
0.25,2025-12-27,2025-12-26,2025-11-01,2025-12-26,9374.986090016215,9142.988791024796,52517.65779389495,49661.05915507527,73.07414214609457,2929.6727809657746,0.0,27672.424375755087,788.2391948104635,115.95040302489424,27000.135583969517,0.0,27000.135583969517,19663.200688844205,16135.990127056084,2795.0395266204782
0.25,2025-12-28,2025-12-27,2025-11-02,2025-12-27,9142.988791024796,9196.139646127343,98143.62391075434,94795.30545100963,4.969260868525225,3353.2877206132416,0.0,63297.35065371744,1281.112246053052,9.601357387121014,62025.839765051496,0.0,62025.839765051496,23344.28411126787,18861.034360534686,3502.8009502764417
0.25,2025-12-29,2025-12-28,2025-11-03,2025-12-28,9196.139646127343,8836.76001819519,97582.9284295087,96868.05499538415,704.669899990866,1419.543334115418,0.0,62409.988223941466,504.31521912479957,569.8454038220151,62475.51840863868,0.0,62475.51840863868,23370.760913592163,19253.758005148593,5227.285820273914
0.25,2025-12-30,2025-12-29,2025-11-04,2025-12-29,8836.76001819519,8990.44659154934,99008.6974329107,94890.41253249688,7.922659315959663,4126.207559729785,0.0,63636.4067981089,1480.3925188383814,13.564415738598083,62169.57869500913,0.0,62169.57869500913,23855.664021360477,19184.769941283248,3995.115852419643
0.25,2025-12-31,2025-12-30,2025-11-05,2025-12-30,8990.44659154934,8597.163909610212,100562.12645117288,97210.60043898462,0.0,3351.526012188262,0.0,64560.05798422144,1157.4558871281135,0.0,63402.60209709333,0.0,63402.60209709333,23797.929946390435,19630.27767032147,4396.525229582323
0.5,2025-02-01,2025-01-31,2025-01-02,2025-01-31,6000.0,9434.1388709485,51247.516323716874,46435.360585269875,0.0,4812.155738446996,0.0,26892.026562188967,1457.8437290550796,0.0,25434.18283313389,0.0,25434.18283313389,22479.96562875771,15118.047175440091,4695.266198618928
0.5,2025-02-02,2025-02-01,2025-01-02,2025-02-01,9434.1388709485,9256.564879302354,93384.65641302019,87000.39912197122,0.0,6384.257291048958,0.0,59311.86063757275,2236.4478489927005,0.0,57075.41278858005,0.0,57075.41278858005,22030.69110437546,18004.676387025655,4618.106454621418
0.5,2025-02-03,2025-02-02,2025-01-02,2025-02-02,9256.564879302354,9252.757213971769,95987.15997033071,88259.47430860906,0.0,7727.685661721647,0.0,60988.99364068569,2801.1849730110353,0.0,58187.808667674646,0.0,58187.808667674646,22886.651258126018,18541.614417879606,3697.520968362651
0.5,2025-02-04,2025-02-03,2025-01-02,2025-02-03,9252.757213971769,9222.48929983972,98110.61364180915,89711.67843677427,0.0,8398.935205034873,0.0,62872.532995510366,3227.5215704345483,0.0,59645.01142507582,0.0,59645.01142507582,23507.7801361675,19068.543033014517,4077.57738362129
0.5,2025-02-05,2025-02-04,2025-01-02,2025-02-04,9222.48929983972,9277.69586022225,92829.20839800936,89010.23956107319,4.623662644360593,3823.5924995805353,0.0,59007.791658014474,1502.129296962983,8.056963340930551,57513.71932439241,0.0,57513.71932439241,22930.094310317527,18523.690487012922,3855.408754435254
0.5,2025-02-06,2025-02-05,2025-01-02,2025-02-05,9277.69586022225,9297.721161347998,98519.87792753083,88178.30355443136,0.0,10341.57437309946,25.672684483286503,63090.541659613875,3859.6842361602176,0.0,59230.857423453665,149.81453242116964,59380.67195587483,23000.843472440625,18612.660441663735,3544.7359914710983
0.5,2025-02-07,2025-02-06,2025-01-02,2025-02-06,9297.721161347998,8946.832710302522,47937.68730457219,41860.53480948582,7.031382551365425,6084.183877637732,0.0,25116.426924546497,1755.900364379214,12.894852460949052,23373.42141262823,0.0,23373.42141262823,18629.156012045874,15405.415975698086,6831.115106471365
0.5,2025-02-08,2025-02-07,2025-01-02,2025-02-07,8946.832710302522,9240.846670992432,39384.54888874617,39387.767870335316,110.98110445837952,107.76212286922657,0.0,20478.18877188266,33.89823240903635,133.09818493451615,20577.38872440814,0.0,20577.38872440814,18956.025146010823,15089.767803647836,3944.347811305666
0.5,2025-02-09,2025-02-08,2025-01-02,2025-02-08,9240.846670992432,9050.585586318255,92490.8426348973,88139.12709199276,0.0,4351.7155429045415,0.0,58701.59414011551,1559.9232215263391,0.0,57141.67091858916,0.0,57141.67091858916,21849.692379984725,17869.48580399439,4603.504549335759
0.5,2025-02-10,2025-02-09,2025-01-02,2025-02-09,9050.585586318255,8975.213542044365,88728.7496627575,81818.79428516125,0.0,6909.955377596247,0.0,55885.26787015957,2507.8293521575188,0.0,53377.43851800205,0.0,53377.43851800205,22785.368548173028,18523.983363866653,3230.7715175215453
0.5,2025-02-11,2025-02-10,2025-01-02,2025-02-10,8975.213542044365,8844.871095823955,89365.55861357896,82240.8507852654,0.0,7124.707828313566,0.0,56552.51778957147,2776.682039039145,0.0,53775.83575053234,0.0,53775.83575053234,22924.181782589567,18685.895445495917,2781.9673148384113
0.5,2025-02-12,2025-02-11,2025-01-02,2025-02-11,8844.871095823955,8957.334446919229,89531.62334964005,82032.33230572203,0.0,7499.291043918023,18.907033597665645,56439.31166712454,2756.167948357203,0.0,53683.14371876733,82.8033536409767,53765.94707240831,23516.530856492067,18947.17297777283,2215.145327267116
0.5,2025-02-13,2025-02-12,2025-01-02,2025-02-12,8957.334446919229,8449.377505660132,83628.4817507962,78766.76256460167,3.8293840423262964,4865.548570236839,6.543326085251579,52217.81913250425,1764.7255123032842,4.3275869062329475,50457.421207107196,28.65649659035929,50486.077703697556,21771.802740787687,18092.321467171216,3764.3456004037894
0.5,2025-02-14,2025-02-13,2025-01-02,2025-02-13,8449.377505660132,8444.037120552068,39962.67238836939,40038.50607018465,523.8733989098871,448.039717094636,0.0,20497.509885087977,99.57388041935293,691.8095997264752,21089.7456043951,0.0,21089.7456043951,18195.909514532104,14743.49305336826,6784.28779235414
0.5,2025-02-15,2025-02-14,2025-01-02,2025-02-14,8444.037120552068,8851.403313577835,40554.87895071581,39431.36704575857,64.02142922303528,1187.5333341802757,0.0,21082.969412673214,382.06859873570943,116.48754891417158,20817.388362851678,0.0,20817.388362851678,18277.243859538095,14437.937952502667,6311.970038723141
0.5,2025-02-16,2025-02-15,2025-01-02,2025-02-15,8851.403313577835,8989.787301257955,89103.51045146908,81221.26943502417,166.70295790703022,8048.94397435194,12.125724569102204,55946.01712807181,2907.0965029131658,320.7578375816653,53359.67846274031,53.1046107503831,53412.783073490704,23007.996999381714,18511.931980587084,1359.9510407986322
0.5,2025-02-17,2025-02-16,2025-01-02,2025-02-16,8989.787301257955,8791.212907291072,88927.93942754602,76858.19221260048,0.0,12069.747214945557,0.0,55358.25011128117,3939.9404521101023,0.0,51418.30965917108,0.0,51418.30965917108,21138.809558701614,17301.152697118494,1836.6721843506868
0.5,2025-02-18,2025-02-17,2025-01-02,2025-02-17,8791.212907291072,9060.428186919187,79800.9996712349,78034.4320303094,184.40561553934975,1950.973256464843,11.5873776576816,49497.40925425772,636.9139429956042,347.9658298600369,49208.46114112215,51.086319785149875,49259.5474609073,21742.143078296285,17368.842141754685,1581.3306880921402
0.5,2025-02-19,2025-02-18,2025-01-02,2025-02-18,9060.428186919187,8640.756532575093,79795.69076475245,79154.27483719098,196.34317624268658,837.7591038041498,67.99942285871475,49669.15911775382,315.4298677778715,253.2685461265437,49606.9977961025,297.8034724097413,49904.80126851224,22509.284872402743,18610.225235555903,2443.8872398695275
0.5,2025-02-20,2025-02-19,2025-01-02,2025-02-19,8640.756532575093,8142.871977137736,82493.65678918954,77529.10202551927,168.8361862052185,5133.390949875489,23.211559130374212,51162.625723573365,1720.1686195178695,247.58133357072546,49690.03843762622,108.72294296667282,49798.7613805929,21034.04109315781,17485.669385351448,3010.808143509945
0.5,2025-02-21,2025-02-20,2025-01-02,2025-02-20,8142.871977137736,7909.417755481941,35515.948970704296,35734.7098124393,237.3089964814956,18.54815474649149,0.0,18332.243545778227,4.464350548624292,366.1129716267594,18693.892166856363,0.0,18693.892166856363,17204.915317024377,14146.090206279961,7115.622668361553
0.5,2025-02-22,2025-02-21,2025-01-02,2025-02-21,7909.417755481941,9082.533961189865,37056.13174629396,36947.10365881725,336.94259330425575,445.97068078097095,0.0,19285.079541115367,156.12493624268296,553.6343542029438,19682.588959075627,0.0,19682.588959075627,18864.286259167555,14224.267284788591,4462.32180110495
0.5,2025-02-23,2025-02-22,2025-01-02,2025-02-22,9082.533961189865,8781.704241495832,81392.96397789224,77131.07701344218,101.81139764895147,4363.698362099016,15.205583913850887,50325.38307375065,1507.070726686407,165.53536889101966,48983.84771595527,71.22295505247756,49055.07067100775,22353.280903079954,18376.90427921939,1638.052290162121
0.5,2025-02-24,2025-02-23,2025-01-02,2025-02-23,8781.704241495832,9000.78163426479,78380.03612436402,74590.24254408017,137.7219103607261,3927.5154906445796,52.39974177777788,48691.12323140683,1274.6056623958568,264.56309732219546,47681.080666333175,237.51779958100047,47918.59846591417,21031.044138914083,16837.97609902835,2246.540629305544
0.5,2025-02-25,2025-02-24,2025-01-02,2025-02-24,9000.78163426479,8814.29103624942,80765.5395640668,72609.79934595719,73.22899407725004,8228.969212186872,58.91244548808697,49952.51132801738,2761.814026020144,119.09159355572396,47309.78889555297,261.6279050756662,47571.416800628635,21270.55702904525,17396.99273174048,2973.824260807164
0.5,2025-02-26,2025-02-25,2025-01-02,2025-02-25,8814.29103624942,9062.88558660186,74149.42752534154,75694.25256999015,1565.9770117637079,21.151967115084403,24.94054050388752,45280.1286749889,4.783572539054259,1549.6135531272785,46824.958655577124,109.2270971367754,46934.18575271389,22395.768507443747,17916.837395712242,2425.4139654291967
0.5,2025-02-27,2025-02-26,2025-01-02,2025-02-26,9062.88558660186,7392.933863906739,73431.71079170439,71861.61573178956,97.97390800531366,1668.068967920135,34.2129983216945,45470.131232917665,485.12242567307896,161.41393028240654,45146.422737527,154.5590278860774,45300.981765413075,21040.253483201355,18545.56187181871,2444.5529187286074
0.5,2025-02-28,2025-02-27,2025-01-03,2025-02-27,7392.933863906739,7182.684547665327,34192.0027900148,34057.619671796165,12.30791473447158,146.6910329531047,0.0,17819.213569775595,68.17012538677486,19.83174301165406,17770.875187400474,0.0,17770.875187400474,17000.193518275948,13959.381134420793,7724.21373794101
0.5,2025-03-01,2025-02-28,2025-01-04,2025-02-28,7182.684547665327,8658.2435925909,41574.9607063938,39943.84405986915,60.644640959839535,1691.7612874844926,0.0,21156.512424058295,604.9458829309413,111.21620705624971,20662.782748183607,0.0,20662.782748183607,18159.05915284356,13380.834773370267,11506.853747062527
0.5,2025-03-02,2025-03-01,2025-01-05,2025-03-01,8658.2435925909,8560.472845562814,84389.30460267677,79400.446814233,329.28723763992775,5318.145026083697,35.60698781735243,52309.45584836937,1782.0457928141168,433.3780621912464,50960.7881177465,173.02563199434957,51133.81374974085,22593.748241952908,18388.92974830713,2872.9282417379127
0.5,2025-03-03,2025-03-02,2025-01-06,2025-03-02,8560.472845562814,8584.350356794492,86380.33888770799,78464.7268210822,568.0552827743555,8483.667349400144,26.15064154424433,53544.63892209224,2877.0712836200864,885.1633953413542,51552.73103381351,125.31327206044351,51678.044305873955,23209.482772040188,18778.191285244047,2042.4393424969683
0.5,2025-03-04,2025-03-03,2025-01-07,2025-03-03,8584.350356794492,8585.656077292648,77136.61957775921,74772.44599527458,579.5177146698383,2943.691297154453,0.0,47479.76227289472,922.9766071226986,894.8889076121189,47451.67457338414,0.0,47451.67457338414,21499.807170376556,17413.668659556664,1486.8495511213587
0.5,2025-03-05,2025-03-04,2025-01-08,2025-03-04,8585.656077292648,8687.728025186976,80961.6774654773,72354.64234559562,608.1023753962249,9215.137495277897,0.0,49859.94785366612,3071.2154347090222,1180.7162900354053,47969.44870899251,0.0,47969.44870899251,21449.333717968744,17282.09555844977,2056.9321694099967
0.5,2025-03-06,2025-03-05,2025-01-09,2025-03-05,8687.728025186976,7031.69726504918,73841.42371769348,69992.337194797,155.21621063446366,4004.3027335309343,0.0,45535.15027246494,1229.594117487216,299.901001377379,44605.4571563551,0.0,44605.4571563551,19680.980925630465,17432.022233884694,1802.7243697179078
0.5,2025-03-07,2025-03-06,2025-01-10,2025-03-06,7031.69726504918,6361.640253041018,34288.14438048719,32556.92939617682,33.67634296309012,1764.891327273467,0.0,18157.70820865484,723.7644346079206,61.75904536001097,17495.70281940693,0.0,17495.70281940693,15075.118447110406,12813.897252966772,9373.422668699848
0.5,2025-03-08,2025-03-07,2025-01-11,2025-03-07,6361.640253041018,8954.707937160378,35408.71406444002,35331.18016306618,25.177630593871015,102.71153196771573,0.0,18155.13512816414,46.289310980155335,45.88718280981289,18154.732999993797,0.0,18154.732999993797,18428.111176972663,12593.00913764043,10432.938607067283
0.5,2025-03-09,2025-03-08,2025-01-12,2025-03-08,8954.707937160378,8767.913478182356,78334.23043157763,69074.86958097195,0.0,9259.360850605679,0.0,47894.20288246052,2773.619242550729,0.0,45120.58363990979,0.0,45120.58363990979,20923.355059146306,17116.032610988725,1934.0220828143733
0.5,2025-03-10,2025-03-09,2025-01-13,2025-03-09,8767.913478182356,8839.160770038898,75159.43996495513,74042.13783998461,730.7088832983917,1848.0110082689162,0.0,45572.903511869765,585.4191332404224,795.1362323799756,45782.62061100932,0.0,45782.62061100932,21996.263414313635,17752.850802923153,1756.6537785941246
0.5,2025-03-11,2025-03-10,2025-01-14,2025-03-10,8839.160770038898,8944.511302671863,66643.58511819408,70119.43151697199,3528.1213531470366,52.27495436912113,0.0,40711.558224937595,25.9664341509908,2934.5457053768573,43620.137496163465,0.0,43620.137496163465,21327.31604395692,17180.310516235437,2033.5071892505232
0.5,2025-03-12,2025-03-11,2025-01-15,2025-03-11,8944.511302671863,8801.79931071315,76284.55229092014,67740.26240600283,30.141509510098217,8574.431394427407,0.0,46737.84641662515,2669.041567755258,56.149197830693545,44124.954046700586,0.0,44124.954046700586,20767.381678612757,16950.01995243918,1487.3659964959288
0.5,2025-03-13,2025-03-12,2025-01-16,2025-03-12,8801.79931071315,5780.710926060617,72845.52677402929,70839.08227595477,537.6991654743545,2544.143663548865,67.43587615361457,44940.476037873086,819.228400763977,578.9214403428876,44700.169077451996,461.7188196476101,45161.8878970996,18097.659692351455,17378.08389699195,2641.3243400822184
0.5,2025-03-14,2025-03-13,2025-01-17,2025-03-13,5780.710926060617,5683.409440604286,31252.311071112345,31562.40831462718,314.54123915878904,4.443995643957123,0.0,16071.769201751787,0.935277775713056,445.8719041799866,16516.70582815606,0.0,16516.70582815606,15176.416600283766,12380.468783140554,12737.034514150628
0.5,2025-03-15,2025-03-14,2025-01-18,2025-03-14,5683.409440604286,8570.618512388879,34480.93174730525,35001.94278450074,521.0110371954846,0.0,0.0,17354.6703672655,0.0,717.3586673925038,18072.029034658,0.0,18072.029034658,18877.873013114575,12692.588976016674,7892.533597402835
0.5,2025-03-16,2025-03-15,2025-01-19,2025-03-15,8570.618512388879,9139.633515363124,72456.20904923869,70784.57628123864,940.2981261910072,2611.9308941910494,1.6400000000001,44322.349524028745,912.4863564640084,868.4438182051272,44278.30698576986,7.461180000000455,44285.76816576986,21412.759616726675,16832.22178687179,2854.6315180504344
0.5,2025-03-17,2025-03-16,2025-01-20,2025-03-16,9139.633515363124,9083.516456100479,67362.89660187485,63469.65350386596,775.6916330365871,4668.934731045476,0.0,40235.15550836104,1135.313491373227,1003.5963644239278,40103.43838141175,0.0,40103.43838141175,21031.152022868468,17085.738491859847,1666.108539524011
0.5,2025-03-18,2025-03-17,2025-01-21,2025-03-17,9083.516456100479,8937.694263860965,75973.27714766613,67143.09496048934,44.5449631830528,8874.727150359846,0.0,46570.586876289235,2883.23846177794,76.39532264511179,43763.74373715641,0.0,43763.74373715641,20885.61950430662,17048.591771503925,2180.1088610199804
0.5,2025-03-19,2025-03-18,2025-01-22,2025-03-18,8937.694263860965,9059.001802943461,62723.68726065516,66310.43286774159,3588.1279732761377,1.3823661897022248,0.0,38388.39511704385,0.290158663218497,3099.962406735749,41488.06736511638,0.0,41488.06736511638,20935.59553479642,16848.655598010853,2758.022480956035
0.5,2025-03-20,2025-03-19,2025-01-23,2025-03-19,9059.001802943461,5288.247682761543,67057.88403796405,63013.10041050017,638.6900516237155,4683.473679087592,0.0,41774.69380774454,1522.072818019696,807.2039868796808,41059.82497660453,0.0,41059.82497660453,17673.7566743028,17709.42161434899,839.8035338796992
0.5,2025-03-21,2025-03-20,2025-01-24,2025-03-20,5288.247682761543,4908.951673553543,29398.471997874007,29445.7616597381,332.17110687979175,284.8814450156976,0.0,15217.455611925154,124.37866614313265,454.80975769540953,15547.88670347743,0.0,15547.88670347743,14774.13199061456,12308.413320684995,14946.578473141868
0.5,2025-03-22,2025-03-21,2025-01-25,2025-03-21,4908.951673553543,9291.336983491887,35194.09367655916,35039.70542515315,110.23603358158945,264.62428498759687,0.0,17976.075469055082,114.26641599912244,177.62332091001508,18039.432373965974,0.0,18039.432373965974,19135.579708266985,11555.672784751745,11578.59876830458
0.5,2025-03-23,2025-03-22,2025-01-26,2025-03-22,9291.336983491887,8834.758659414525,71603.85922648363,65003.08431304505,143.45216188104257,6744.227075319633,0.0,43698.60694224913,2139.162524019578,251.92909724646464,41811.373515476014,0.0,41811.373515476014,19902.425588952396,16531.88521872106,2862.8238261470456
0.5,2025-03-24,2025-03-23,2025-01-27,2025-03-23,8834.758659414525,9071.47163982657,68029.61867773558,64789.90105934257,802.8286094846546,4042.5462278776563,0.0,40992.88049658524,1095.5755088249027,1069.9493806750884,40967.25436843543,0.0,40967.25436843543,21694.96113923321,17359.876840408062,2456.319677184092
0.5,2025-03-25,2025-03-24,2025-01-28,2025-03-24,9071.47163982657,8752.702509475781,74843.97261936279,65641.30319545532,224.52929371287007,9427.198717620338,0.0,45574.85811563269,2962.6096334098934,380.30297495516896,42992.551457177964,0.0,42992.551457177964,20950.068118216637,17256.44739307118,997.5577536431961
0.5,2025-03-26,2025-03-25,2025-01-29,2025-03-25,8752.702509475781,8876.320227651879,64794.65193241374,61424.63152589217,1151.799087305728,4521.8194938272945,0.0,39270.5322176644,1332.6324884832734,1425.823879461986,39363.72360864311,0.0,39363.72360864311,20852.980302610114,16779.658098755714,1758.754455371104
0.5,2025-03-27,2025-03-26,2025-01-30,2025-03-26,8876.320227651879,4794.464487815899,64001.154668102856,59659.11972176381,237.6251440608346,4579.660090399879,0.0,39778.75271882891,1499.5294221115664,392.982307519639,38672.20560423699,0.0,38672.20560423699,16762.598446317992,17251.374907369966,1430.9067828157772
0.5,2025-03-28,2025-03-27,2025-01-31,2025-03-27,4794.464487815899,4782.423540661273,29559.569319422662,29758.540980234306,198.97166081164178,0.0,0.0,15132.10928724047,0.0,308.3535765205889,15440.46286376106,0.0,15440.46286376106,14634.521397186723,11864.799184160409,16166.93800054133
0.5,2025-03-29,2025-03-28,2025-02-01,2025-03-28,4782.423540661273,9101.356082879189,33240.9001745396,33998.14425160756,757.2440770679593,0.0,0.0,16475.463068120775,0.0,1070.775862839199,17546.238930959975,0.0,17546.238930959975,18910.659599197694,11430.594987354012,18810.87045643054
0.5,2025-03-30,2025-03-29,2025-02-02,2025-03-29,9101.356082879189,9084.423624441435,66947.94887516851,59764.06923700237,210.6714095607593,7394.55104772692,0.0,40124.12495296226,2029.3534733094486,374.0889996287354,38468.86047928155,0.0,38468.86047928155,21150.984350779836,17147.536536725645,415.00172294817355
0.5,2025-03-31,2025-03-30,2025-02-03,2025-03-30,9084.423624441435,9116.957936420999,58046.620622630224,61992.713916828805,4352.990948143405,406.8976539448298,0.0,35348.93386786319,90.34008463203014,3514.0318628262626,38772.62564605742,0.0,38772.62564605742,20904.711296209232,16903.535269147877,1040.148406434113
0.5,2025-04-01,2025-03-31,2025-02-04,2025-03-31,9116.957936420999,8899.332180867064,71211.3939856845,65834.78328225561,580.4266511863801,5957.037354615256,0.0,42357.023171695335,1537.3764870678426,827.842212289926,41647.48889691742,0.0,41647.48889691742,19074.17160409003,15645.94217931147,2197.702340810384
0.5,2025-04-02,2025-04-01,2025-02-05,2025-04-01,8899.332180867064,8874.43339991158,67830.39421459215,66635.88052405206,703.6335359203233,1898.1472264604126,0.0,40607.113662781965,427.7125112921081,911.6388243365436,41091.03997582641,0.0,41091.03997582641,20231.915853420265,16410.260744130348,2378.8900147621457
0.5,2025-04-03,2025-04-02,2025-02-06,2025-04-02,8874.43339991158,4335.007377012175,63860.34971740963,57458.027678753744,136.7264931991748,6539.04853185506,0.0,39956.30527884075,2022.0675914385151,237.0485147344428,38171.286202136675,0.0,38171.286202136675,15556.1280674628,16685.947155254336,2724.3164998786156
0.5,2025-04-04,2025-04-03,2025-02-07,2025-04-03,4335.007377012175,4450.498105830439,27848.777024526942,28113.223582217153,264.446557690212,0.0,0.0,14111.45044200471,0.0,396.1240285311475,14507.574470535857,0.0,14507.574470535857,14175.514003532426,11378.22468692483,18885.132015609557
0.5,2025-04-05,2025-04-04,2025-02-08,2025-04-04,4450.498105830439,9025.891045788427,32711.98158641927,33370.02660903364,658.0450226143682,0.0,0.0,16124.539535198292,0.0,899.2780641118743,17023.81759931017,0.0,17023.81759931017,19160.106024334338,11401.832233748622,13567.637835114589
0.5,2025-04-06,2025-04-05,2025-02-09,2025-04-05,9025.891045788427,8809.571425950828,65530.200777313265,60737.61673546862,917.836356537892,5710.420398382551,0.0,38724.09276297058,1414.8499946994277,1286.0476732169693,38595.29044148812,0.0,38595.29044148812,20444.146596157698,16754.44640074157,2637.8402733858134
0.5,2025-04-07,2025-04-06,2025-02-10,2025-04-06,8809.571425950828,8985.416484477879,57590.99687009908,59034.68639847267,2781.2367370961765,1337.5472087225892,0.0,34294.092961255024,299.67350818987813,2800.1586968512506,36794.57814991639,0.0,36794.57814991639,20303.527708264388,16287.59689101981,1776.0362978947596
0.5,2025-04-08,2025-04-07,2025-02-11,2025-04-07,8985.416484477879,8753.186319705039,66722.52675970222,59992.302787415836,227.40179856375312,6957.625770850142,0.0,40185.433729253324,1989.6493909224541,357.81168214708134,38553.59602047795,0.0,38553.59602047795,20405.677951491154,16737.60628900339,1971.0375082614
0.5,2025-04-09,2025-04-08,2025-02-12,2025-04-08,8753.186319705039,8872.500905259714,65366.56753665146,65738.57785071793,1873.4029749171752,1501.3926608507002,0.0,39044.28100769771,540.1550719364695,1633.4385956602653,40137.56453142151,0.0,40137.56453142151,21131.671948780306,17009.271151512832,2481.8660367838024
0.5,2025-04-10,2025-04-09,2025-02-13,2025-04-09,8872.500905259714,4226.48747235796,58141.19378580197,56400.20714799113,1938.307945928494,3679.294583739319,0.0,36297.806407037875,1178.2913615258822,1517.6563619570945,36637.17140746908,0.0,36637.17140746908,15648.631539358825,16856.80363649223,3147.7413451245384
0.5,2025-04-11,2025-04-10,2025-02-14,2025-04-10,4226.48747235796,4057.3374769302295,26350.581460536272,26940.703267764125,590.1218072278511,0.0,9.902222429716922,13146.495792292171,0.0,782.2856219184703,13928.781414210642,41.26256086463041,13970.043975075272,14140.716765812009,11606.215576192684,19099.45413390785
0.5,2025-04-12,2025-04-11,2025-02-15,2025-04-11,4057.3374769302295,9163.24218866219,33606.55317965169,33138.377870462406,118.28151695059785,586.4568261398731,0.0,16799.706692076994,257.5294464389694,184.68507162880834,16726.86231726683,0.0,16726.86231726683,18957.242182718182,10760.051927442966,15916.027065187187
0.5,2025-04-13,2025-04-12,2025-02-16,2025-04-12,9163.24218866219,9012.855261802115,60780.247425930895,59624.3384962508,352.9895248795732,1508.8984545596695,0.0,36148.78269634978,360.05904392488975,451.9905045676247,36240.714156992515,0.0,36240.714156992515,20152.718958131438,16459.05059026053,1654.3116450465675
0.5,2025-04-14,2025-04-13,2025-02-17,2025-04-13,9012.855261802115,8795.270186343998,64222.629841783666,56446.14863638148,226.81532183818115,8003.2965272403635,0.0,38624.190953680445,2583.2830165168707,407.30058221451253,36448.20851937808,0.0,36448.20851937808,20072.12348327149,16454.246589362217,300.23994247219684
0.5,2025-04-15,2025-04-14,2025-02-18,2025-04-14,8795.270186343998,8935.728819831746,56341.538548479235,56451.64039582722,1489.7105978133668,1379.6087504653779,0.0,33482.4591434032,299.15100434792475,1662.7724616819326,34846.08060073721,0.0,34846.08060073721,19894.646218385806,15988.25066675353,2405.8160108616075
0.5,2025-04-16,2025-04-15,2025-02-19,2025-04-15,8935.728819831746,8909.680555824994,62796.079194000384,61678.63446132728,1200.1130611589615,2317.557793832072,0.0,36807.00097763415,525.5694723563265,1608.1681172866467,37889.59962256446,0.0,37889.59962256446,19821.24713607422,16078.653617826194,2156.4489930792524
0.5,2025-04-17,2025-04-16,2025-02-20,2025-04-16,8909.680555824994,3964.1745985300367,50569.15217721091,52899.223541766725,3159.595440034888,829.5240754790674,0.0,31894.241557147107,265.85933704098625,2308.3958923813134,33936.77811248743,0.0,33936.77811248743,14847.017327443617,16477.039396794786,1660.9032611178964
0.5,2025-04-18,2025-04-17,2025-02-21,2025-04-17,3964.1745985300367,3938.2964772962973,26365.799819711166,26534.344999962483,170.79357010323804,2.2483898519249905,0.0,13180.888552071465,0.9882797594136296,221.23665620851366,13401.136928520566,0.0,13401.136928520566,13272.007170573137,10773.616117274607,17681.83676333062
0.5,2025-04-19,2025-04-18,2025-02-22,2025-04-18,3938.2964772962973,8983.578328238367,32058.756935211106,32775.05469441533,716.2977592042173,0.0,0.0,15317.264281259679,0.0,998.4755321778707,16315.739813437549,0.0,16315.739813437549,18839.357736439284,10719.126100667954,17870.143808643996
0.5,2025-04-20,2025-04-19,2025-02-23,2025-04-19,8983.578328238367,9222.887692750612,57769.98198682705,58176.329349933294,1633.541097656156,1227.1937345499034,0.0,34576.9457291809,274.53032150775897,1684.110206231422,35986.52561390457,0.0,35986.52561390457,20122.38837799741,16083.756158116885,2179.9522467194474
0.5,2025-04-21,2025-04-20,2025-02-24,2025-04-20,9222.887692750612,8846.511313979026,61273.17551937861,54961.89358841328,150.07901461786366,6461.360945583182,0.0,36386.80928211514,1762.507558450405,259.055550087658,34883.35727375238,0.0,34883.35727375238,18342.13429994966,15195.867523853656,3298.7164289839498
0.5,2025-04-22,2025-04-21,2025-02-25,2025-04-21,8846.511313979026,8996.35067273466,54653.70003059944,57700.03229470127,3046.332264101835,0.0,0.0,32696.85014552776,0.0,2951.391851189684,35648.24199671744,0.0,35648.24199671744,19649.985897453236,15781.633154057055,1678.7502346384204
0.5,2025-04-23,2025-04-22,2025-02-26,2025-04-22,8996.35067273466,9118.839212556939,52637.194286803744,57031.86807837806,4394.673791574315,0.0,0.0,31654.89115901534,0.0,3754.3967681778986,35409.28792719323,0.0,35409.28792719323,19319.439392588014,15538.506222156244,1851.0181912796177
0.5,2025-04-24,2025-04-23,2025-02-27,2025-04-23,9118.839212556939,3353.690780509729,48058.03576169256,48690.928179515686,1089.8390672380197,456.94664941489657,0.0,29912.259075525315,96.69555142450633,1468.524627400971,31284.08815150178,0.0,31284.08815150178,12638.84884064901,15426.10114976819,4388.073788634867
0.5,2025-04-25,2025-04-24,2025-02-28,2025-04-24,3353.690780509729,3114.754426283884,25863.212561004897,25351.51358918521,0.0,511.6989718196811,0.0,12977.830199658443,240.30829753157997,0.0,12737.521902126864,0.0,12737.521902126864,12776.980298209877,10564.39676035326,21138.572401328594
0.5,2025-04-26,2025-04-25,2025-03-01,2025-04-25,3114.754426283884,8906.631001197535,32394.66920356673,32610.531157375815,216.60457378842995,0.742619979345136,0.0,15658.619423210494,0.1564905989494196,299.2293632359663,15957.692295847512,0.0,15957.692295847512,19172.02236415638,10316.649197544382,23684.964357430483
0.5,2025-04-27,2025-04-26,2025-03-02,2025-04-26,8906.631001197535,8874.227985671068,53639.30869793553,55335.49243374981,2322.6556230269825,626.4718872126887,0.0,32108.895058289876,155.75517992134533,2249.4831243864805,34202.62300275501,0.0,34202.62300275501,20065.452257878685,16282.179042855558,2978.7480353933543
0.5,2025-04-28,2025-04-27,2025-03-03,2025-04-27,8874.227985671068,8992.567308350268,65787.89263039292,63729.487313222664,1759.389987323863,3817.7953044941214,0.0,38580.293238074446,1011.4795873453893,1544.592846336975,39113.406497066026,0.0,39113.406497066026,19687.356656742977,15840.25350155054,3260.416841363552
0.5,2025-04-29,2025-04-28,2025-03-04,2025-04-28,8992.567308350268,9112.294842893205,55438.827574425624,55809.162366281074,1132.1605152433426,761.8257233878926,0.0,33147.24878454401,169.56387756244598,1544.708345529514,34522.39325251108,0.0,34522.39325251108,17924.13741546389,14410.796525437107,4862.607759587623
0.5,2025-04-30,2025-04-29,2025-03-05,2025-04-29,9112.294842893205,8774.060387525904,52437.38000555722,52622.12692307465,246.86009877616272,62.11318125873265,0.0,31907.69972888718,38.50273909141424,188.63629550020215,32057.833285295972,0.0,32057.833285295972,18464.593879750588,15260.732052428546,1161.4106624192793
0.5,2025-05-01,2025-04-30,2025-03-06,2025-04-30,8774.060387525904,1890.333938728394,48829.13797233748,48555.85187909535,330.3765784234681,603.6626716655953,1279.280319843941,30690.613588360626,145.04477745958346,620.235259827416,31165.804070728456,8006.763106068074,39172.567176796525,12943.627242281189,16679.691870165523,2559.818026823621
0.5,2025-05-02,2025-05-01,2025-03-07,2025-05-01,1890.333938728394,2166.4537123518508,28802.998618539095,28882.97087101378,238.77247861482942,158.80022614014652,980.5415234715413,14535.248855417874,73.213093510718,414.62597300246114,14876.66173490962,5643.951191837987,20520.612926747603,14055.504760904263,11136.45106007134,12654.138610319063
0.5,2025-05-03,2025-05-02,2025-03-08,2025-05-02,2166.4537123518508,8379.859683592591,34243.49380476681,34366.92010411342,141.4889668841384,18.062667537525442,1323.862433741404,16388.770214686345,8.360209020961518,204.93990006505484,16585.349905730436,7522.160293098948,24107.510198829383,19940.16288642661,10559.466563888895,17442.914565317107
0.5,2025-05-04,2025-05-03,2025-03-09,2025-05-03,8379.859683592591,8209.303464407407,60255.65351048697,55641.3750914823,785.4147167058101,5399.693135710478,1177.938644525924,35585.72645944389,1501.7256286474278,1511.1782033582429,35595.1790341547,7352.797653696973,42947.976687851675,17256.460973196154,14131.233985555558,1959.4194150343005
0.5,2025-05-05,2025-05-04,2025-03-10,2025-05-04,8209.303464407407,8254.245800735496,62428.55783510287,59350.861841925165,615.5762488232218,3693.2722420009313,924.2723723179363,37457.24162776753,1283.661086582692,1180.3325756666627,37353.9131168515,5986.363047061943,43340.27616391345,19580.992751053087,15820.156025657721,1438.2906888477373
0.5,2025-05-06,2025-05-05,2025-03-11,2025-05-05,8254.245800735496,8056.609096407406,53255.730591617634,57603.126452707715,4609.520523142723,262.124662052641,914.5143046050481,32033.391909206784,75.27135213079154,4654.1596978544585,36612.28025493045,5755.833607187167,42368.11386211762,19290.642146233255,15803.293172344213,2160.2094167570526
0.5,2025-05-07,2025-05-06,2025-03-12,2025-05-06,8056.609096407406,8229.161317611113,57165.5576090535,59932.15428226187,2766.596673208369,0.0,961.1442513117677,34520.12779490206,0.0,2388.0715664378486,36908.1993613399,6253.937074296293,43162.1364356362,20472.841791529485,16427.704852055555,1780.3156440997072
0.5,2025-05-08,2025-05-07,2025-03-13,2025-05-07,8229.161317611113,2690.00484949127,58495.096686700956,54232.98608454494,502.44533740855616,4764.555939564574,379.9188022432464,35400.95289633961,1135.6687081784357,822.2070079198131,35087.491196080984,2105.7159433780876,37193.207139459075,13259.66697001691,15725.57106702156,1252.2965837928327
0.5,2025-05-09,2025-05-08,2025-03-14,2025-05-08,2690.00484949127,3051.6215546511808,27779.355842211346,28162.069002166463,466.0726027606823,83.35944280556684,320.19483437940926,14014.744207919914,35.99887472201952,745.803574227542,14724.548907425436,1765.8032213478582,16490.352128773295,13584.330065349743,10677.852318289373,17076.4002394855
0.5,2025-05-10,2025-05-09,2025-03-15,2025-05-09,3051.6215546511808,8424.419254550263,33788.17437566948,34243.963493404866,460.01238178383085,4.2232640484310195,310.70776981032134,16556.284513532082,0.8905199040721691,640.3742986035395,17195.768292231547,1658.117816880147,18853.886109111696,18920.463238690194,10490.05729342988,14003.220034621543
0.5,2025-05-11,2025-05-10,2025-03-16,2025-05-10,8424.419254550263,8453.45655599925,62716.264823421516,60028.26412716532,745.7367955690038,3433.7374918252044,537.893222852364,36934.93177147306,825.6628448345899,1116.0839208980217,37225.352847536495,3742.4274826097585,40967.78033014625,18853.95791287252,15245.572338122656,1473.6926919344792
0.5,2025-05-12,2025-05-11,2025-03-17,2025-05-11,8453.45655599925,8680.357431594959,55209.96165436298,57551.80282320683,2895.88252272804,554.0413538841872,115.68947931327364,33247.58671152592,113.94119997111434,3012.070590397178,36145.716101951984,707.2310859387519,36852.947187890735,17480.319973673744,13954.848390639589,2210.825486152617
0.5,2025-05-13,2025-05-12,2025-03-18,2025-05-12,8680.357431594959,8716.290828001065,64890.567299572125,59318.26468448995,1073.807151663286,6646.109766745466,154.01071297893105,38118.33168417245,1721.8887689377302,1442.8962043170332,37839.33911955176,929.1582937517401,38768.4974133035,18595.59388778875,15030.090992343394,2777.559735356852
0.5,2025-05-14,2025-05-13,2025-03-19,2025-05-13,8716.290828001065,8499.156825676793,62659.01956481507,59023.96773633323,1528.0870270866221,5163.138855568464,8.021314680573505,37989.67707487805,1573.510381383829,1107.8487855157136,37524.015479009926,49.034296642345836,37573.04977565227,18268.190735311626,14992.655097694262,2742.3046300631067
0.5,2025-05-15,2025-05-14,2025-03-20,2025-05-14,8499.156825676793,3147.200129151565,54743.40288668971,52930.240960760886,1501.829827686157,3314.991753614987,0.0,35485.87487561915,1191.5947313093307,1042.0331376764948,35336.31328198632,0.0,35336.31328198632,12872.943826902514,15243.845526663743,2536.0843771887744
0.5,2025-05-16,2025-05-15,2025-03-21,2025-05-15,3147.200129151565,2557.2479699426335,27412.738750786913,26650.626008284256,0.0,762.112742502658,0.0,14750.305241117054,395.5380430029294,0.0,14354.767198114125,0.0,14354.767198114125,12133.967188934093,10359.470366324655,22160.622652341484
0.5,2025-05-17,2025-05-16,2025-03-22,2025-05-16,2557.2479699426335,8816.785656750282,34911.021663218744,34777.55740153268,82.26957391554782,215.7338356016181,0.0,17774.45871245912,95.8431115702518,143.82285062718984,17822.438451516056,0.0,17822.438451516056,19251.872215174208,9960.432576164227,15037.318679189362
0.5,2025-05-18,2025-05-17,2025-03-23,2025-05-17,8816.785656750282,9112.528360070108,66717.87857367938,60675.726005299905,116.79764157206739,6158.950209951552,5.2366666666667925,39824.62937619208,1572.2982154319025,197.86721782235662,38450.198378582536,35.31869833333418,38485.51707691587,18670.86151201815,14857.229391746861,3191.162451695275
0.5,2025-05-19,2025-05-18,2025-03-24,2025-05-18,9112.528360070108,8772.964835372932,59640.239944140216,57024.2223681876,430.0421674113812,3046.059743363993,67.00333333333344,35856.13310586466,681.2400034261847,528.7167153375788,35703.60981777606,451.90398166666745,36155.513799442735,17063.592796543664,14127.11733742783,6639.533692405092
0.5,2025-05-20,2025-05-19,2025-03-25,2025-05-19,8772.964835372932,8706.077416226317,59645.761418035356,59923.32193638159,1562.5866990239433,1285.026180677714,0.0,35999.83144345874,309.69677698849455,1336.7662074207537,37026.90087389099,0.0,37026.90087389099,18312.213672080823,14893.09175161742,1976.805199251512
0.5,2025-05-21,2025-05-20,2025-03-26,2025-05-20,8706.077416226317,8845.17367628671,55824.12635530409,58215.96099100153,2451.6877444742317,59.8531087767999,0.0,34534.18174638618,29.20749045492583,2147.099631230733,36652.073887162,0.0,36652.073887162,17495.297697703198,14046.004501085237,3404.0525110502294
0.5,2025-05-22,2025-05-21,2025-03-27,2025-05-21,8845.17367628671,3331.597992124446,51714.01776680078,50414.20856000214,0.0,1299.8092067986395,2.57000000000005,33455.15978096044,443.0635312373953,0.0,33012.09624972305,17.333365000000338,33029.42961472305,11558.151517467453,14324.320844894675,2366.3170707626923
0.5,2025-05-23,2025-05-22,2025-03-28,2025-05-22,3331.597992124446,3404.3974055736276,27027.612335256723,27943.767056608493,978.1549675516502,62.00024619988153,0.0,14375.657529506741,37.900750501987574,1403.729043382757,15741.485822387513,0.0,15741.485822387513,12270.379306303155,9873.487766001295,19125.9266329733
0.5,2025-05-24,2025-05-23,2025-03-29,2025-05-23,3404.3974055736276,9581.213063627061,34828.230878317074,34315.758913093785,0.0,512.4719652232872,0.0,18138.73201475042,265.6662572914406,0.0,17873.06575745898,0.0,17873.06575745898,19080.63561212282,9896.180753571394,21376.802671209025
0.5,2025-05-25,2025-05-24,2025-03-30,2025-05-24,9581.213063627061,9301.528911812133,60557.4899415392,57703.29186887167,343.72376201880377,3197.9218346863445,0.0,36689.541304763574,723.8468113015454,447.2591198795842,36412.95361334162,0.0,36412.95361334162,16031.77759136051,13237.455585635445,6363.959679813265
0.5,2025-05-26,2025-05-25,2025-03-31,2025-05-25,9301.528911812133,9296.629170632139,58546.83772699887,61251.438991027746,2839.85249939557,135.25123536668866,0.0,36067.97463813398,71.5926679615633,1948.9028164887377,37945.284786661156,0.0,37945.284786661156,18730.080021067595,15175.774584126748,3117.3006040868977
0.5,2025-05-27,2025-05-26,2025-04-01,2025-05-26,9296.629170632139,9150.144801634553,55245.24723151996,56321.0762602069,1158.2621061172958,82.43307743035473,0.0,34527.75465629727,41.138212069737506,795.7492129953889,35282.365657222916,0.0,35282.365657222916,17321.196074731975,14162.004752630724,3771.5176381056576
0.5,2025-05-28,2025-05-27,2025-04-02,2025-05-27,9150.144801634553,9433.889688341244,63994.45132379426,60012.20328612764,442.6408503439277,4424.8888880105405,0.0,38439.642644336316,1031.8521299887168,599.3863378139802,38007.176852161574,0.0,38007.176852161574,18200.467706938212,14487.008444583931,4024.919923773359
0.5,2025-05-29,2025-05-28,2025-04-03,2025-05-28,9433.889688341244,3299.9471629908935,55156.15651289244,55015.39342239873,1946.9336057844218,2087.696696278139,17.817433333333497,34759.551737197224,483.4679123481869,1456.569676511198,35732.65350136023,119.77769558333443,35852.431196943566,11972.14309615408,15217.984180700118,4168.928440278102
0.5,2025-05-30,2025-05-29,2025-04-04,2025-05-29,3299.9471629908935,3852.0293614208667,27912.891257457715,28029.77794548572,118.638652971159,1.751964943151961,0.0,15288.622812371708,0.3380416357811709,165.01625580494596,15453.30102654087,0.0,15453.30102654087,12678.250142297482,9772.508636673987,18527.803173195563
0.5,2025-05-31,2025-05-30,2025-04-05,2025-05-30,3852.0293614208667,9745.425310007131,36953.95819972122,35402.0246803405,0.0,1551.9335193807206,0.0,19744.542537324916,711.4533941151611,0.0,19033.089143209756,0.0,19033.089143209756,18584.033619903974,9749.010878394582,18177.82038883111
0.5,2025-06-01,2025-05-31,2025-04-06,2025-05-31,9745.425310007131,7780.912138777779,78292.70716072596,73635.82617983778,4150.2326454953845,8807.113626383556,757.3553331281079,48080.01828571244,2916.212125140314,6268.4470437465625,51432.25320431869,4603.453101970362,56035.70630628905,18697.059710953967,16912.680219979127,1383.9757219910516
0.5,2025-06-02,2025-06-01,2025-04-07,2025-06-01,7780.912138777779,7713.998595796296,81491.41994486284,72721.92265233936,1463.089376415573,10232.58666893904,531.9786894050696,50226.23315425409,3184.810520639115,2848.047148007317,49889.4697816223,3255.6305245758494,53145.10030619815,21789.60440037428,17709.8017529865,533.2912443566445
0.5,2025-06-03,2025-06-02,2025-04-08,2025-06-02,7713.998595796296,7933.69700088889,75481.94229783189,74412.47448246958,3418.221804908695,4487.689620271009,482.44775813352015,46037.24830492417,1156.5436015912624,5129.207069722828,50009.911773055734,2813.430674121494,52823.34244717723,19767.016848024126,15813.555082316205,2749.0936415618444
0.5,2025-06-04,2025-06-03,2025-04-09,2025-06-03,7933.69700088889,7915.150248697718,85859.36537982167,74337.46497852984,594.5930517683062,12116.493453060142,392.2692141866039,53181.44546304816,3904.039063186106,1064.8664380166501,50342.2728378787,2413.1027371444043,52755.37557502311,20828.856582992303,16888.065909195822,1143.6827022532898
0.5,2025-06-05,2025-06-04,2025-04-10,2025-06-04,7915.150248697718,1560.7542911296289,67929.12391717311,68498.19383469337,4928.996115084224,4359.926197563946,571.2181380158385,42227.07246306895,1070.1851349552396,6825.866384005758,47982.75371211947,3461.9036760672425,51444.65738818671,14471.558668062708,17440.91888294208,889.4541709219322
0.5,2025-06-06,2025-06-05,2025-04-11,2025-06-05,1560.7542911296289,1950.449848969135,35102.93342185872,36144.7037344925,2438.819118966257,1397.048806332474,481.68688887880666,19693.443318676065,509.5554055033763,3902.2782128552503,23086.166126027943,3054.6966665976133,26140.862792625558,14677.310884398416,11537.895814307161,2631.9801532800493
0.5,2025-06-07,2025-06-06,2025-04-12,2025-06-06,1950.449848969135,8185.587951285517,46620.06392465706,46928.99889373679,1216.2465958942662,907.3116268145362,282.8377706886739,23969.97412804183,235.23352846985978,2006.7197059077607,25741.460305479734,1973.0762883241891,27714.536593803925,20828.415961348528,11259.392636607563,6516.3001730178285
0.5,2025-06-08,2025-06-07,2025-04-13,2025-06-07,8185.587951285517,8836.968369118107,75715.82037786196,70471.06925669417,1751.7438405079783,6996.494961675786,87.58273896806361,46397.49192417074,1875.468028398547,2036.510397140475,46558.53429291267,591.0007753986978,47149.535068311365,19980.297780594257,15597.798826232023,991.2297746333337
0.5,2025-06-09,2025-06-08,2025-04-14,2025-06-08,8836.968369118107,8617.154502124231,83736.21039215957,76497.24502602665,88.4723810910449,7327.437747223965,63.5684573990344,52717.87937505139,2471.680637484252,160.67969581293752,50406.87843338008,428.4338586188732,50835.312291998955,21673.564665319835,17753.419859203557,1707.9559439760765
0.5,2025-06-10,2025-06-09,2025-04-15,2025-06-09,8617.154502124231,8696.067600199229,78397.5385888381,77859.98728956845,765.0220312111996,1302.5733304808475,7.373496666666824,48577.60043101365,334.4748538785948,998.8772700009636,49242.002847136,49.85589771166773,49291.858744847676,22091.651362795274,17823.215815596675,1980.4810057031832
0.5,2025-06-11,2025-06-10,2025-04-16,2025-06-10,8696.067600199229,8940.406065984429,83909.13251538418,82204.43833463914,1472.8359910099502,3177.530171755006,29.64852891587475,53158.64825299018,1240.6255238384485,1708.0186496881513,53626.04137883987,199.9879537406123,53826.02933258048,23855.34291331281,19102.92314057669,1397.2207741522234
0.5,2025-06-12,2025-06-11,2025-04-17,2025-06-11,8940.406065984429,3634.4836588654584,75699.27047298025,72241.32844215128,211.7465507463337,3669.6885815753094,0.0,48887.741160948324,1273.0066669981775,405.3976440435445,48020.13213799369,0.0,48020.13213799369,15795.001255979801,17569.28118375071,1563.2169365888592
0.5,2025-06-13,2025-06-12,2025-04-18,2025-06-12,3634.4836588654584,3591.7542759213084,35211.49580436074,35066.903892743816,248.17633755356843,392.76824917049333,0.0,20333.64001041781,158.9816610865704,448.5037523115258,20623.162101642767,0.0,20623.162101642767,13302.358608186389,10813.36691728071,4232.598501838136
0.5,2025-06-14,2025-06-13,2025-04-19,2025-06-13,3591.7542759213084,9112.785444350302,42447.210200368645,41845.08028636916,447.56766676838583,1049.69758076787,0.0,23629.606346439235,431.19384362049686,837.0460592991491,24035.458562117885,0.0,24035.458562117885,18886.13521538301,10328.841472874143,7094.4437938602905
0.5,2025-06-15,2025-06-14,2025-04-20,2025-06-14,9112.785444350302,9809.879147054964,78506.92303315672,79305.75088428585,1247.1374269302457,448.309575801125,0.0,49217.601138698934,206.49840775524956,1006.8675699138065,50017.97030085749,0.0,50017.97030085749,22567.42241465802,17652.227823438803,3763.581959733301
0.5,2025-06-16,2025-06-15,2025-04-21,2025-06-15,9809.879147054964,9639.358116837073,81118.4630404285,79244.23941809055,933.8059664808382,2808.029588818781,0.0,51101.44629774271,1008.9954100324152,1123.7202983174996,51216.171186027794,0.0,51216.171186027794,21756.318843621404,17776.08719052944,2569.954948331927
0.5,2025-06-17,2025-06-16,2025-04-22,2025-06-16,9639.358116837073,9394.571912519834,82994.91967906305,81694.312672063,923.6117261069767,2224.218733107046,25.16868238882455,52335.63090673567,800.7359684150749,1086.8924897577276,52621.78742807833,169.6746723242607,52791.46210040258,21954.111414736588,18003.13782982215,3131.496552870706
0.5,2025-06-18,2025-06-17,2025-04-23,2025-06-17,9394.571912519834,9648.04130465403,84103.99046446355,79713.63029383392,499.1136334681849,4889.473804097807,0.0,52750.36940413744,1646.3050804174914,506.9536597165795,51611.017983436526,0.0,51611.017983436526,20151.76545779205,16094.807567890792,4728.281503932672
0.5,2025-06-19,2025-06-18,2025-04-24,2025-06-18,9648.04130465403,4079.2290866566336,72855.74510503461,70663.39965540655,2556.021200603919,4748.36665023199,30.32339166666668,46937.89698204839,1622.6523012238088,2867.012054424161,48182.256735248746,204.42514492083342,48386.68188016958,15036.960641464622,17191.869115784,4589.127321392593
0.5,2025-06-20,2025-06-19,2025-04-25,2025-06-19,4079.2290866566336,4461.212810364872,36125.31531817501,35155.87001140363,0.0,969.4453067713748,0.0,21768.515408420815,481.71495641265795,0.0,21286.800452008156,0.0,21286.800452008156,12697.834148777034,9941.460309171984,9998.915321798586
0.5,2025-06-21,2025-06-20,2025-04-26,2025-06-20,4461.212810364872,10453.673947620553,42062.90664678273,41593.025440553305,0.0,469.88120622941994,0.0,23870.977319549547,214.18907610475975,0.0,23656.788243444786,0.0,23656.788243444786,19381.789456424784,10306.034436173963,13182.530020302489
0.5,2025-06-22,2025-06-21,2025-04-27,2025-06-21,10453.673947620553,9979.821081264066,77483.87033680706,75225.91615415219,1786.1800124366757,4044.134195091544,0.0,48319.88186032125,1081.8666589664954,2118.7380959959028,49356.753297350646,0.0,49356.753297350646,19577.823765641664,16284.504829890586,4475.256118401114
0.5,2025-06-23,2025-06-22,2025-04-28,2025-06-22,9979.821081264066,9877.95447858684,78982.22333962546,74850.3065682305,0.0,4131.916771394959,0.0,50316.78865346887,1439.9982713347326,0.0,48876.79038213414,0.0,48876.79038213414,20660.931391339403,16827.034369394423,3955.123546285516
0.5,2025-06-24,2025-06-23,2025-04-29,2025-06-23,9877.95447858684,10010.056241737242,90428.09913768129,84930.0281074763,0.0,5498.071030204972,0.0,57950.45942804287,1925.7600132985224,0.0,56024.69941474435,0.0,56024.69941474435,22167.92055439237,17837.124062222458,4330.4393653064035
0.5,2025-06-25,2025-06-24,2025-04-30,2025-06-24,10010.056241737242,9944.450301290659,81253.83360857726,79403.16091934303,1758.6089416056748,3609.281630839924,0.0,50833.15513728124,1227.2343632341176,2059.2646015728737,51665.18537562,0.0,51665.18537562,20229.079082625045,16444.59940332822,5181.25987337953
0.5,2025-06-26,2025-06-25,2025-05-01,2025-06-25,9944.450301290659,4023.4065914053845,71072.6044492861,69362.77802236119,532.1094746416204,2241.935901566527,0.0,46703.3836915104,686.8683455554718,543.352363891714,46559.86770984664,0.0,46559.86770984664,12790.783044015407,15689.473604549228,4714.084749561679
0.5,2025-06-27,2025-06-26,2025-05-02,2025-06-26,4023.4065914053845,4865.679934597171,37921.95347139456,35527.95603179252,0.0,2393.997439602046,0.0,22832.69536141884,1071.3803781474517,0.0,21761.314983271383,0.0,21761.314983271383,12668.294873345965,9503.272838537625,12591.288130317515
0.5,2025-06-28,2025-06-27,2025-05-03,2025-06-27,4865.679934597171,10387.060619386473,42529.00934497365,41711.25846223615,0.0,817.7508827375113,0.0,24445.269840475812,410.2253874503688,0.0,24035.044453025443,0.0,24035.044453025443,19260.677358582667,10631.906044141593,11305.561031128404
0.5,2025-06-29,2025-06-28,2025-05-04,2025-06-28,10387.060619386473,10229.813342045303,76235.37082642244,77932.32943614396,3719.253883901623,2022.2952741801014,0.0,47831.192267101505,742.0744286506097,4061.175394398762,51150.29323284967,0.0,51150.29323284967,19772.06301211467,16156.893589419939,5049.391480115895
0.5,2025-06-30,2025-06-29,2025-05-05,2025-06-29,10229.813342045303,9808.106726263399,82771.46186339959,78634.98311725308,0.0,4136.478746146514,0.0,52561.8697881444,1542.395533183475,0.0,51019.47425496092,0.0,51019.47425496092,20142.471440402478,16694.93782092972,5309.765514446992
0.5,2025-07-01,2025-06-30,2025-05-06,2025-06-30,9808.106726263399,8322.87848045669,73512.21524651804,81148.16421830078,8098.628061804563,462.6790900218168,78.7311669707824,46064.87828789955,113.94887978188115,10607.634319387842,56558.56372750551,530.6451492228663,57089.208876728386,19389.491788583888,17042.19376997899,13.05333333333374
0.5,2025-07-02,2025-07-01,2025-05-07,2025-07-01,8322.87848045669,8127.179141889661,70949.03703373812,76861.16792477405,6254.295788149152,342.164897113206,206.31422261081627,44766.42976462637,77.85962233811003,6252.69041870548,50941.260560993745,1394.2322733277806,52335.492834321514,21028.32000523562,17209.068608951184,343.4643844337697
0.5,2025-07-03,2025-07-02,2025-05-08,2025-07-02,8127.179141889661,2019.3870279691355,73639.72382305127,77767.50347394447,6515.472139517708,2387.692488624518,138.1344157773288,47336.66201879937,575.6847238581613,8382.735163115549,55143.71245805675,837.7142066242948,55981.42666468105,15152.937940850927,17770.89263461772,763.1736501552465
0.5,2025-07-04,2025-07-03,2025-05-09,2025-07-03,2019.3870279691355,1955.7578965679018,36643.215673120714,39754.664498451675,3111.448825330959,0.0,1506.17144018062,21109.85277096723,0.0,4503.6000121760335,25613.452783143264,4200.450171734604,29813.902954877867,13528.74276756045,11015.547859985072,9866.773564390247
0.5,2025-07-05,2025-07-04,2025-05-10,2025-07-04,1955.7578965679018,8136.138392838553,44714.11064288066,48128.28172277484,3414.1710798941767,0.0,614.114486333988,24673.46294077412,0.0,5104.345613571793,29777.808554345913,1617.84797119186,31395.65652553777,20199.0604314585,10798.896502837799,10552.152313821454
0.5,2025-07-06,2025-07-05,2025-05-11,2025-07-05,8136.138392838553,8160.750531038788,74884.03565567356,85935.30070400645,11656.419114236167,605.1540659032711,269.07555428418635,47349.482104252194,137.6460488273121,12422.325730813356,59634.16178623824,1766.6229183248142,61400.78470456306,22793.649323574053,18440.70502771477,2057.4504124313557
0.5,2025-07-07,2025-07-06,2025-05-12,2025-07-06,8160.750531038788,8172.904784254704,76087.35159363317,80118.2015242695,4345.745514694774,314.89558405844025,175.81006791689055,47740.17054761431,72.5344219192863,4752.86849040653,52420.50461610155,1070.4792644326756,53490.98388053422,21657.96573956959,17532.013421157033,2758.576507107172
0.5,2025-07-08,2025-07-07,2025-05-13,2025-07-07,8172.904784254704,9078.792146119056,86440.43324346699,83030.16734663305,1198.5333249964588,4608.799221830395,47.12398284946528,54602.921892199054,1332.3870232295048,1690.7902455181443,54961.325114487685,319.9178944979468,55281.243008985635,22579.48091782214,17474.08091775802,2400.5043127517356
0.5,2025-07-09,2025-07-08,2025-05-14,2025-07-08,9078.792146119056,9190.601866693893,85701.87515560516,80329.4882877488,657.8917114785377,6030.278579334902,59.2118275991395,53858.42261607611,1840.1498234986625,1041.1669559700897,53059.439748547535,399.26373432288426,53458.70348287042,21183.142491712348,17057.716669769656,2204.549276738574
0.5,2025-07-10,2025-07-09,2025-05-15,2025-07-09,9190.601866693893,3403.314874315501,72208.28351901638,71639.75021098997,791.0198372506617,1359.5531452770788,40.530516052749476,47482.69978618024,379.84429161533694,850.9235546828868,47953.77904924779,273.0856820831622,48226.86473133095,15279.396212051688,17584.869224902417,1132.1303565601156
0.5,2025-07-11,2025-07-10,2025-05-16,2025-07-10,3403.314874315501,3537.132724632839,42945.317581247524,42038.149454955244,235.79954335921985,1142.9676696515035,41.611299656480625,26000.292642351527,504.8547036865169,339.9772772589056,25835.415215923913,160.03217236402705,25995.44738828794,13892.945385402154,11132.84969689014,6800.887916099705
0.5,2025-07-12,2025-07-11,2025-05-17,2025-07-11,3537.132724632839,9049.651040644028,47983.803598418934,49304.57587059658,1328.5941008614802,7.821828683833701,0.0,27519.090521937447,1.6489688579752528,1785.0952274802726,29302.536780559745,0.0,29302.536780559745,19475.105370713194,10813.568865867615,9558.796032417664
0.5,2025-07-13,2025-07-12,2025-05-18,2025-07-12,9049.651040644028,9052.809590922485,84806.16727865342,74798.7132289588,18.707243201108213,10026.161292895717,76.83990298826996,54523.73057480801,3411.2553869702206,38.05877333634393,51150.53396117413,517.1725548454865,51667.70651601963,20503.00302284159,16604.58975325107,1709.4194623565536
0.5,2025-07-14,2025-07-13,2025-05-19,2025-07-13,9052.809590922485,9093.859223348854,80782.00696340574,77770.90448290571,1378.7240179424234,4389.826498442462,14.192243955095478,50380.79024165598,1088.3539828111857,1822.2012833109518,51114.637542155746,95.58066702861959,51210.21820918437,19578.562274511496,15821.69077317058,2220.546008853217
0.5,2025-07-15,2025-07-14,2025-05-20,2025-07-14,9093.859223348854,9903.911666684426,88870.16814825435,80171.58600422437,0.0,8698.582144029995,0.0,56087.72357512138,2687.72831242963,0.0,53399.99526269175,0.0,53399.99526269175,20096.97657289815,15549.503825045489,2875.06267303837
0.5,2025-07-16,2025-07-15,2025-05-21,2025-07-15,9903.911666684426,9786.655777666569,84245.17079227793,79832.26680895645,0.0,4412.90398332148,0.0,54224.95383547581,1464.7389715143083,0.0,52760.21486396149,0.0,52760.21486396149,18980.584322694962,15479.803601498992,4196.9227044271465
0.5,2025-07-17,2025-07-16,2025-05-22,2025-07-16,9786.655777666569,4581.030341077333,76519.89016395072,74850.00512394772,1591.7408968633035,3261.6259368663214,0.0,50126.80262925237,1003.4229261132284,1757.7683837285872,50881.14808686773,0.0,50881.14808686773,14835.236577227337,16701.604520484463,3995.9570005381656
0.5,2025-07-18,2025-07-17,2025-05-23,2025-07-17,4581.030341077333,4734.2046530193375,46434.45147989597,42939.202624949525,0.0,3495.2488549464424,0.0,28752.082507624968,1420.5317966277255,0.0,27331.550710997246,0.0,27331.550710997246,13225.9357387745,10575.15106765954,9014.16985383457
0.5,2025-07-19,2025-07-18,2025-05-24,2025-07-18,4734.2046530193375,9476.528823107112,52669.351111041164,49589.130917335715,0.0,3080.220193705452,0.0,31637.49274362106,1262.028126902932,0.0,30375.46461671813,0.0,30375.46461671813,18838.63585535666,10991.203289759898,14558.879301738954
0.5,2025-07-20,2025-07-19,2025-05-25,2025-07-19,9476.528823107112,9767.797328116338,88584.9393993596,81214.30206630913,31.52097347082986,7402.158306521296,0.0,55920.502451050954,2213.9923650454257,42.18416218792903,53748.69424819347,0.0,53748.69424819347,19505.770984231207,15537.532842718974,5156.085708130224
0.5,2025-07-21,2025-07-20,2025-05-26,2025-07-20,9767.797328116338,9844.995467682364,89270.8729156485,83759.45408303305,0.0,5511.41883261546,0.0,56923.22549683278,1802.2597309021826,0.0,55120.965765930596,0.0,55120.965765930596,20185.92462581494,16281.120621300677,5864.900728518788
0.5,2025-07-22,2025-07-21,2025-05-27,2025-07-21,9844.995467682364,10109.509116112846,87671.33669889545,85127.44189447726,1412.5244715531885,3956.419275971376,0.0,56217.177925259646,1375.4040966094349,1092.7385104309794,55934.51233908119,0.0,55934.51233908119,19678.659700523567,15701.652073836656,7355.28965112369
0.5,2025-07-23,2025-07-22,2025-05-28,2025-07-22,10109.509116112846,9934.835567397324,97507.90249478545,84151.12677299598,0.0,13356.775721789476,0.0,63155.80504585145,4658.9243038759005,0.0,58496.88074197555,0.0,58496.88074197555,20845.803136147828,17042.30673412372,6131.083254305198
0.5,2025-07-24,2025-07-23,2025-05-29,2025-07-23,9934.835567397324,5802.500176560991,90864.2952170208,78750.41049727565,0.0,12113.88471974516,0.0,60262.72045917371,4147.885464560596,0.0,56114.834994613106,0.0,56114.834994613106,14281.570332954885,15287.173821446158,6139.54198576692
0.5,2025-07-25,2025-07-24,2025-05-30,2025-07-24,5802.500176560991,5542.890692433868,45041.71965872885,43298.94477270712,0.0,1742.7748860217373,0.0,27935.819831213168,842.3732747660372,0.0,27093.446556447132,0.0,27093.446556447132,13950.810440675245,11533.804992661358,14376.619758026563
0.5,2025-07-26,2025-07-25,2025-05-31,2025-07-25,5542.890692433868,10039.440139237653,51506.38050042406,50096.61925048195,0.0,1409.7612499421098,0.0,30466.46230256119,619.4163796049729,0.0,29847.04592295622,0.0,29847.04592295622,18907.28719534061,11268.008126102486,13988.248614577158
0.5,2025-07-27,2025-07-26,2025-06-01,2025-07-26,10039.440139237653,10217.98541399504,88685.32137195815,83198.49626623292,420.66572050469966,5907.490826229949,0.0,56712.302345307486,1952.2626813281177,477.5950179886215,55237.63468196799,0.0,55237.63468196799,20532.149780726744,16470.35057510701,5451.507260613178
0.5,2025-07-28,2025-07-27,2025-06-02,2025-07-27,10217.98541399504,10135.046289947792,91606.88986847019,87366.42883739217,0.0,4240.461031078016,0.0,58733.0164320997,1573.2888342726808,0.0,57159.72759782701,0.0,57159.72759782701,20454.645807716588,16642.90831589296,5599.814112235212
0.5,2025-07-29,2025-07-28,2025-06-03,2025-07-28,10135.046289947792,10142.160090797066,89755.15484751205,87141.95649898564,527.4203984796249,3140.618747006025,0.0,57473.95414441796,1136.4548282885191,640.2735548826354,56977.77287101209,0.0,56977.77287101209,19337.127600654745,15656.670935765997,7392.2538840969055
0.5,2025-07-30,2025-07-29,2025-06-04,2025-07-29,10142.160090797066,10353.195710340895,82623.63377001972,85323.45412187479,4013.1659608251994,1313.3456089701308,0.0,53013.29805522337,512.1278946618067,3889.9821562934967,56391.15231685506,0.0,56391.15231685506,19360.6880753764,15492.225283465435,7351.7372799638215
0.5,2025-07-31,2025-07-30,2025-06-05,2025-07-30,10353.195710340895,5799.777010026774,81250.23971770416,78869.70412962792,2.7063332958888395,2383.24192137212,0.0,53028.37093035493,897.4483825649833,2.966682558953346,52133.889230348905,0.0,52133.889230348905,15754.777689809176,16859.446759028142,5279.376932180224
0.5,2025-08-01,2025-07-31,2025-06-06,2025-07-31,5799.777010026774,5841.35931571248,45332.21098713887,42839.84691161569,0.0,2492.3640755231736,0.0,28085.36444840599,1159.664070627184,0.0,26925.700377778805,0.0,26925.700377778805,14147.963948165041,11422.426722896545,18862.95001968053
0.5,2025-08-02,2025-08-01,2025-06-07,2025-08-01,5841.35931571248,10172.398326591878,52497.15119648305,49219.407700712094,0.0,3277.7434957709534,0.0,31459.463685695613,1390.8910865580183,0.0,30068.572599137595,0.0,30068.572599137595,18768.820933833365,11304.80984661357,20828.37168015897
0.5,2025-08-03,2025-08-02,2025-06-08,2025-08-02,10172.398326591878,9575.957640248067,75411.1059651285,71386.74158030542,0.0,4024.3643848230877,12.516060229715094,48571.707234501126,1275.9557641133667,0.0,47295.75147038776,84.31443973747572,47380.06591012523,17933.756480324053,15063.139366771915,5689.1605436496575
0.5,2025-08-04,2025-08-03,2025-06-09,2025-08-03,9575.957640248067,10225.983318806084,81403.82933520449,75008.47797305204,0.0,6395.351362152443,0.0,52513.264165485016,2267.1684977731616,0.0,50246.09566771185,0.0,50246.09566771185,18326.141903803167,14259.151831378354,5525.8328172938955
0.5,2025-08-05,2025-08-04,2025-06-10,2025-08-04,10225.983318806084,9988.1863497167,79071.79411554468,74758.96569142152,0.0,4312.828424123161,0.0,50915.22190635632,1522.0934744688575,0.0,49393.12843188746,0.0,49393.12843188746,17617.41955391303,14484.127110849997,6473.363515025147
0.5,2025-08-06,2025-08-05,2025-06-11,2025-08-05,9988.1863497167,9915.658009514764,87059.94145185113,77754.82490575034,0.0,9305.116546100786,0.0,56773.44369737174,3314.0988408635994,0.0,53459.344856508134,0.0,53459.344856508134,17914.763609410817,14576.234029804498,6301.896059477358
0.5,2025-08-07,2025-08-06,2025-06-12,2025-08-06,9915.658009514764,4976.9416160416995,82512.38842572433,68086.84125614299,95.65623817523584,14521.20340775658,0.0,53531.67876342555,4176.14704374097,118.81557109364991,49474.347290778234,0.0,49474.347290778234,12844.341874209898,14848.761672235776,6703.275804168869
0.5,2025-08-08,2025-08-07,2025-06-13,2025-08-07,4976.9416160416995,5051.953151288741,44118.95695000691,42767.766492664174,0.0,1351.1904573427378,0.0,26750.82075269595,687.7451098764334,0.0,26063.075642819516,0.0,26063.075642819516,13117.893524275534,10557.983372940846,24432.68509132949
0.5,2025-08-09,2025-08-08,2025-06-14,2025-08-08,5051.953151288741,9915.786563595744,50029.949375506796,48532.7604787118,0.0,1497.1888967949953,0.0,29451.71467255972,732.2121182670062,0.0,28719.50255429271,0.0,28719.50255429271,18705.21219619284,10773.771807839898,21679.391090358862
0.5,2025-08-10,2025-08-09,2025-06-15,2025-08-09,9915.786563595744,9868.722631892395,81878.45223769196,73447.25343849797,0.0,8431.198799194008,0.0,52965.189170788944,2792.7912977124365,0.0,50172.39787307651,0.0,50172.39787307651,17231.867301587663,14000.170052819016,4910.937139729322
0.5,2025-08-11,2025-08-10,2025-06-16,2025-08-10,9868.722631892395,9656.935605815876,80268.96903836374,74736.7098429747,40.73855295152879,5572.997748340561,26.394896005454598,50785.13277317485,1520.9007009624627,40.90558101863006,49305.13765323102,177.94119142077218,49483.07884465179,18834.120181793718,15446.245670721775,6813.976894574878
0.5,2025-08-12,2025-08-11,2025-06-17,2025-08-11,9656.935605815876,9737.289612182842,86416.8291316655,77296.1583335869,0.0,9120.670798078581,11.215558914212693,54772.47427932623,2620.99582951376,0.0,52151.478449812465,75.39659480079483,52226.87504461326,17836.402242903532,14375.167211021593,6085.59521061918
0.5,2025-08-13,2025-08-12,2025-06-18,2025-08-12,9737.289612182842,9910.535605815327,78571.58831843882,75723.51058252194,0.0,2848.0777359168683,4.960698827925853,49703.30579896209,812.375629722228,0.0,48890.93016923986,33.40223617388712,48924.332405413734,17933.33830250135,14370.082630756859,6044.236159605383
0.5,2025-08-14,2025-08-13,2025-06-19,2025-08-13,9910.535605815327,4603.42568918066,73805.6328035591,69656.96334939191,124.22165018237447,4272.89110434956,13.52000558676616,48797.03331309791,1593.0299412708177,128.55077469123023,47332.55414651833,94.31555897328073,47426.869705491605,13694.355893896063,15868.827199027004,5918.663676776296
0.5,2025-08-15,2025-08-14,2025-06-20,2025-08-14,4603.42568918066,4577.518628688063,45249.44177648638,42228.96645598364,0.0,3020.475320502748,0.0,27852.188966578775,1416.8193526161208,0.0,26435.369613962655,0.0,26435.369613962655,13211.85590012767,10724.919633546753,22582.303306069378
0.5,2025-08-16,2025-08-15,2025-06-21,2025-08-15,4577.518628688063,9772.228193456149,52682.396761492135,47968.34132984814,0.0,4714.055431643992,0.0,31796.588328125854,2068.4919319703777,0.0,29728.096396155473,0.0,29728.096396155473,19481.178717816067,11104.516153139739,22662.39839850514
0.5,2025-08-17,2025-08-16,2025-06-22,2025-08-16,9772.228193456149,9672.963568010538,83819.67090873705,74147.29068281001,0.0,9672.380225927056,20.771928505597202,52859.31747958388,2701.0891109610766,0.0,50158.2283686228,139.6392893788772,50297.86765800168,18395.20782396329,14989.456500311313,7596.917670996958
0.5,2025-08-18,2025-08-17,2025-06-23,2025-08-17,9672.963568010538,9630.950684291294,81138.53830177155,75064.53791363521,0.0,6074.000388136339,40.116948973328476,52159.28194122802,2123.418319815754,0.0,50035.863621412274,270.49550059428987,50306.35912200656,19085.69001190918,15497.220504993753,7122.069739026452
0.5,2025-08-19,2025-08-18,2025-06-24,2025-08-18,9630.950684291294,9507.065260935788,79720.48723932655,73660.9366756529,0.0,6059.550563673643,48.61920428780968,51001.836689851145,1818.572501023298,0.0,49183.26418882785,327.80643701163854,49511.07062583949,17660.609393937437,14416.59049010928,6147.876926112555
0.5,2025-08-20,2025-08-19,2025-06-25,2025-08-19,9507.065260935788,9487.172921331325,88872.1044748535,78871.27054036988,0.0,10000.833934483619,5.768325076341171,56164.47928844421,3067.5503588308784,0.0,53096.928929613336,38.973688378299116,53135.902617991625,20304.197192732267,16464.30283175716,4386.45343780446
0.5,2025-08-21,2025-08-20,2025-06-26,2025-08-20,9487.172921331325,5037.51563844275,79033.57852584586,68643.5330608963,0.0,10390.045464949575,0.0,51162.840649671314,2996.190166919152,0.0,48166.65048275217,0.0,48166.65048275217,12933.544262393913,14480.86240713879,4346.432722307827
0.5,2025-08-22,2025-08-21,2025-06-27,2025-08-21,5037.51563844275,4938.977001650602,44738.11278547012,42348.04965406203,0.0,2390.063131408084,0.0,27431.78690897355,1084.904384592347,0.0,26346.882524381206,0.0,26346.882524381206,14003.405127414366,11431.44292631857,18545.518052966232
0.5,2025-08-23,2025-08-22,2025-06-28,2025-08-22,4938.977001650602,9643.918361291206,48840.16816129224,48357.53944462139,72.97907164524788,555.607788316093,0.0,28301.83091155818,274.2566732405958,91.40062174367065,28118.97486006126,0.0,28118.97486006126,18242.837306817226,10542.25099484541,18126.946982649577
0.5,2025-08-24,2025-08-23,2025-06-29,2025-08-23,9643.918361291206,9914.774869691779,79286.37020126767,74503.61458687957,0.0,4782.755614388098,0.0,51475.36104567164,1539.7828513818713,0.0,49935.57819428976,0.0,49935.57819428976,19238.05463513364,15339.053396897734,6871.023865310326
0.5,2025-08-25,2025-08-24,2025-06-30,2025-08-24,9914.774869691779,9760.947320755718,100872.46109687195,80406.13548226611,0.0,20466.32561460585,0.0,65026.18840899668,6975.220559239753,0.0,58050.967849756926,0.0,58050.967849756926,19685.49466210427,16083.695470346915,6031.249273842093
0.5,2025-08-26,2025-08-25,2025-07-01,2025-08-25,9760.947320755718,9944.034935071013,79360.6889917049,75092.46536365835,0.0,4268.223628046539,0.0,51551.00922717572,1532.4818354965842,0.0,50018.527391679134,0.0,50018.527391679134,19209.96786173459,15395.295115121255,5748.974233711691
0.5,2025-08-27,2025-08-26,2025-07-02,2025-08-26,9944.034935071013,9524.597722813784,79861.46509162191,78838.03618819709,1159.7050492302142,2183.1339526550328,0.0,51649.406479177815,694.1479519403772,1136.6744070170041,52091.93293425444,0.0,52091.93293425444,18306.95335538884,15206.12570889647,7823.05967503806
0.5,2025-08-28,2025-08-27,2025-07-03,2025-08-27,9524.597722813784,5169.167570503887,73646.19045161294,74938.67690581812,1803.4357741715276,510.94931996633346,18.243056173966693,47784.33462250173,228.8984080665226,2069.712588675191,49625.14880311041,122.91539037972514,49748.064193490136,14902.20728280499,15990.675036150953,5277.5927320047285
0.5,2025-08-29,2025-08-28,2025-07-04,2025-08-28,5169.167570503887,5199.118326639246,45785.6358122941,43655.25475859287,0.0,2130.3810537012287,0.0,28086.80418815527,977.9751980791643,0.0,27108.828990076105,0.0,27108.828990076105,13918.28125477391,11246.852135845045,18428.605289664007
0.5,2025-08-30,2025-08-29,2025-07-05,2025-08-29,5199.118326639246,9518.27699911552,49717.46373989299,47486.72233800262,0.0,2230.7414018903783,0.0,29365.921936173145,913.2776467595309,0.0,28452.64428941362,0.0,28452.64428941362,18264.147464475336,10906.716640996377,21616.571681190326
0.5,2025-08-31,2025-08-30,2025-07-06,2025-08-30,9518.27699911552,9743.6612247574,76906.73901422822,74572.37959034336,0.0,2334.3594238848764,0.44540697851800815,49657.699660959464,944.7993493524651,0.0,48712.900311606994,3.009392250356922,48715.90970385735,20557.291043619683,16448.559942254247,3817.4708126231053
0.5,2025-09-01,2025-08-31,2025-07-07,2025-08-31,9743.6612247574,10800.0,86239.59218126402,69736.55399482424,0.0,16503.038186439764,0.0,54612.376484887165,4993.939225927356,0.0,49618.4372589598,0.0,49618.4372589598,17398.34185024001,13141.95200097607,11906.029612226965
0.5,2025-09-02,2025-09-01,2025-07-08,2025-09-01,10800.0,10800.0,74846.9441612963,69918.77749386062,0.0,4928.1666674356875,0.0,47888.325259596895,1672.2180706070587,0.0,46216.10718898984,0.0,46216.10718898984,18327.883376050515,14845.58553460092,12378.723802411014
0.5,2025-09-03,2025-09-02,2025-07-09,2025-09-02,10800.0,10800.0,79270.91973016462,69382.4793373856,0.0,9888.440392779024,0.0,50721.6440129291,2877.842185094186,0.0,47843.80182783492,0.0,47843.80182783492,16303.653310700518,13205.959181667418,10737.067958352483
0.5,2025-09-04,2025-09-03,2025-07-10,2025-09-03,10800.0,7487.778500779037,71849.67699218106,63861.11011088413,0.0,7988.566881296938,0.0,48030.61690458902,2678.7917938894398,0.0,45351.825110699574,0.0,45351.825110699574,14106.969953724096,14407.64501181539,10236.219618975427
0.5,2025-09-05,2025-09-04,2025-07-11,2025-09-04,7487.778500779037,7486.77306223227,39915.865101623975,36782.05731726582,0.0,3133.8077843581514,0.0,24719.09772958591,1562.5924849951975,0.0,23156.505244590713,0.0,23156.505244590713,14658.534102010362,11874.317517320489,27173.57906590928
0.5,2025-09-06,2025-09-05,2025-07-12,2025-09-05,7486.77306223227,10800.0,45223.20910899095,42638.85674057858,0.0,2584.352368412374,0.0,26754.133325845578,1230.8261498250727,0.0,25523.307176020506,0.0,25523.307176020506,18181.834202551698,11745.381460075918,28481.320298102808
0.5,2025-09-07,2025-09-06,2025-07-13,2025-09-06,10800.0,10800.0,72359.70947193415,69329.64834471926,145.5681776429989,3175.6293048578964,0.0,46828.53255702919,1180.823751419649,100.59570300407387,45748.30450861362,0.0,45748.30450861362,18082.013751787068,14646.431138947526,10933.082115213057
0.5,2025-09-08,2025-09-07,2025-07-14,2025-09-07,10800.0,10531.076294260301,75838.07965659362,69746.77651718071,543.5305175953616,6634.83365700827,0.0,47854.19693597936,1902.6023602936953,578.0213754966859,46529.61595118235,0.0,46529.61595118235,18054.41012647417,14866.103537609806,7162.900394983016
0.5,2025-09-09,2025-09-08,2025-07-15,2025-09-08,10531.076294260301,10425.041059892865,64841.57011753657,64236.471743424714,800.6567680900412,1405.7551422018973,0.0,41758.493659415835,501.0025043047127,857.7479057917751,42115.239060902895,0.0,42115.239060902895,18899.34368593844,15403.90009654083,7638.193887360437
0.5,2025-09-10,2025-09-09,2025-07-16,2025-09-09,10425.041059892865,10335.510067032192,77555.4789173357,72113.95910702471,0.0,5441.519810310994,296.376016666666,48864.33718942584,1758.2364577206004,0.0,47106.10073170524,1462.1306876416631,48568.23141934691,20584.11442683568,16753.710579311508,7263.932626167198
0.5,2025-09-11,2025-09-10,2025-07-17,2025-09-10,10335.510067032192,6455.263321806349,71362.273095897,59385.88102395206,0.0,11976.392071944952,0.0,46473.544935512335,3555.493233340713,0.0,42918.05170217163,0.0,42918.05170217163,14770.047196146737,15455.960299582119,6575.708344054106
0.5,2025-09-12,2025-09-11,2025-07-18,2025-09-11,6455.263321806349,6592.805298957789,36717.631237589645,35940.03072986469,0.0,777.6005077249599,0.0,21858.921073240388,414.5311660973721,0.0,21444.38990714302,0.0,21444.38990714302,14326.967176031205,11481.055633148982,21542.462986982464
0.5,2025-09-13,2025-09-12,2025-07-19,2025-09-12,6592.805298957789,10800.0,41765.97107093799,40668.40478975695,0.0,1097.5662811810444,0.0,23898.308186004135,535.5264371850103,0.0,23362.78174881912,0.0,23362.78174881912,18987.33189880933,11593.263607097568,25267.23501471185
0.5,2025-09-14,2025-09-13,2025-07-20,2025-09-13,10800.0,10236.026749254384,79726.83174421125,69339.34855485504,0.0,10387.483189356202,0.0,51154.72953251923,3561.1448573482703,0.0,47593.58467517096,0.0,47593.58467517096,18323.44618106939,15349.567332337265,6266.144956122918
0.5,2025-09-15,2025-09-14,2025-07-21,2025-09-14,10236.026749254384,9664.071947508775,62421.42882772833,62445.72522179449,261.5405244104984,237.24413034433155,114.9690111111104,39936.49155986836,122.63576050865527,286.65177534183,40100.50757470152,592.1936467222187,40692.70122142375,20347.40805589757,16996.15984684808,4142.415390522783
0.5,2025-09-16,2025-09-15,2025-07-22,2025-09-15,9664.071947508775,9422.81049245496,76918.48466692907,68135.1755931409,26.654979950287043,8809.964053738455,0.0,47935.19458738202,2629.202222963793,37.14401916802643,45343.13638358625,0.0,45343.13638358625,19592.397942310257,16086.977642819755,5137.985310317065
0.5,2025-09-17,2025-09-16,2025-07-23,2025-09-16,9422.81049245496,9562.746617091901,72601.20943852741,67720.80223200974,40.81340226553965,4921.220608783226,7.62916666666672,46015.854701506214,1728.065047222218,48.43532601239638,44336.2249802964,34.70889375000024,44370.9338740464,20151.700936113517,16196.935246078705,3813.547308641584
0.5,2025-09-18,2025-09-17,2025-07-24,2025-09-17,9562.746617091901,5095.8716857547,59521.58398658513,63368.855640449925,4604.2743045491225,757.0026506843292,0.0,38942.001144828566,249.24675752453726,3662.89426631467,42355.6486536187,0.0,42355.6486536187,15178.472745135387,16314.750361763145,5549.08214041102
0.5,2025-09-19,2025-09-18,2025-07-25,2025-09-18,5095.8716857547,6144.992424143171,35212.98819282763,34449.34234152149,0.0,763.6458513061431,0.0,20436.404968146697,365.2227944728112,0.0,20071.182173673886,0.0,20071.182173673886,14993.304488130983,11200.367970836473,14555.053507560311
0.5,2025-09-20,2025-09-19,2025-07-26,2025-09-19,6144.992424143171,10178.235401071035,39507.07677049337,38521.126622399766,0.0,985.9501480936007,0.0,22217.160902783802,450.0254150570065,0.0,21767.135487726795,0.0,21767.135487726795,19731.746698396233,12352.796146465877,15496.742337136078
0.5,2025-09-21,2025-09-20,2025-07-27,2025-09-20,10178.235401071035,9440.929054626009,71394.65738916662,67696.20706530492,0.0,3698.4503238616976,0.0,44843.42780360708,1048.1364842196385,0.0,43795.29131938745,0.0,43795.29131938745,17906.168553867083,15167.572240432866,6670.123268537364
0.5,2025-09-22,2025-09-21,2025-07-28,2025-09-21,9440.929054626009,8993.602031428385,73956.92858499716,65849.56791414879,163.12204149577423,8270.482712344154,19.555900000000065,46273.86192354156,2555.5130493854876,296.5679467152942,44014.91682087137,131.78740035000044,44146.704221221364,20450.698035231748,16967.659729415576,1772.0656249992815
0.5,2025-09-23,2025-09-22,2025-07-29,2025-09-22,8993.602031428385,8920.088198483114,72927.59229001099,68699.34012821675,58.2504852483508,4286.502647042582,6.375000000000114,45537.996515072395,1251.795831277237,102.33879559234572,44388.5394793875,42.99618750000077,44431.5356668875,21329.913829972644,17343.39265192858,2602.5783668393574
0.5,2025-09-24,2025-09-23,2025-07-30,2025-09-23,8920.088198483114,9217.214038538625,62688.93607890765,67195.61751411736,4507.674345194539,0.9929099848325222,0.0,39697.06403218958,0.6179375290605201,3777.513069355153,43473.95916401567,0.0,43473.95916401567,20996.72919153355,16739.937389092225,1875.600611676029
0.5,2025-09-25,2025-09-24,2025-07-31,2025-09-24,9217.214038538625,4962.616620345356,63949.91836195298,64418.872413707235,2694.1592879799828,2225.2052362257136,15.37166666666667,41071.596168505814,488.5400485362571,2498.1529898535923,43081.209109823154,103.4974316666667,43184.70654148982,14919.552959517037,15913.975573582748,5093.217794439615
0.5,2025-09-26,2025-09-25,2025-08-01,2025-09-25,4962.616620345356,5507.037557333207,34535.55322820338,33369.178538405984,0.0,1166.374689797392,0.0,19582.71782225783,497.8719996636645,0.0,19084.845822594165,0.0,19084.845822594165,14855.763658769098,11543.189720313909,12362.361099950796
0.5,2025-09-27,2025-09-26,2025-08-02,2025-09-26,5507.037557333207,9046.655972941602,37570.07632673345,38213.70383301983,643.6275062863829,0.0,0.0,20478.255660770534,0.0,892.2773393413987,21370.53300011193,0.0,21370.53300011193,19446.327065163296,12565.868348734715,13531.942866591251
0.5,2025-09-28,2025-09-27,2025-08-03,2025-09-27,9046.655972941602,9110.105611386216,69248.71769505803,70901.80063408912,3389.642232229712,1736.559293198629,5.868333333333453,43215.06040702287,414.2610672744297,3429.4703893332744,46230.269729081716,39.561369166667475,46269.83109824838,19888.148240513154,16052.295400215507,3584.186960458126
0.5,2025-09-29,2025-09-28,2025-08-04,2025-09-28,9110.105611386216,8691.113371778038,71690.91716329515,67437.80285607482,190.3195585132197,4443.433865733539,26.015016666666952,44915.805650673676,1345.2214320526068,348.003238571828,43918.587457192894,134.7362566666684,44053.323713859565,21615.15718127866,17885.37033248308,974.1394239459116
0.5,2025-09-30,2025-09-29,2025-08-05,2025-09-29,8691.113371778038,8946.749666297565,70882.12746233854,72261.338265882,1596.8268516151313,217.61604807165736,31.411150000000134,44733.63834997889,91.34965411625019,1966.4398134829842,46608.72850934562,212.2294349750009,46820.95794432062,22078.51936628874,17653.528021626305,2445.5833045529034
0.5,2025-10-01,2025-09-30,2025-08-06,2025-09-30,8946.749666297565,10292.510893403698,66793.56768344852,62568.05043554216,95.71264015294639,4321.229888059316,0.0,41243.31580192212,1079.699285666938,148.73736324509656,40312.35387950028,0.0,40312.35387950028,21153.021702670623,15922.762474767682,7676.269674305886
0.5,2025-10-02,2025-10-01,2025-08-07,2025-10-01,10292.510893403698,7130.948643038006,67695.517757583,57976.61150551197,97.75284617037403,9816.659098241395,0.0,43579.589208969344,3120.746460823575,172.1901063727555,40631.032854518526,0.0,40631.032854518526,15896.044539209423,15721.202102088751,6070.985951724642
0.5,2025-10-03,2025-10-02,2025-08-08,2025-10-02,7130.948643038006,7208.957386723469,30015.80294222602,30372.701641962078,406.37201716271744,49.47331742665688,0.0,16513.62908691653,30.243038942915348,586.096162265389,17069.482210239006,0.0,17069.482210239006,15479.964381966225,12468.563280075725,19544.14684007158
0.5,2025-10-04,2025-10-03,2025-08-09,2025-10-03,7208.957386723469,10542.441150566974,36118.86949139332,35833.73813990064,54.20428359890889,339.33563509159285,0.0,19690.126065157092,147.86810910206148,90.49396491963464,19632.751920974664,0.0,19632.751920974664,19185.904588052083,12540.44732886303,16092.298447378253
0.5,2025-10-05,2025-10-04,2025-08-10,2025-10-04,10542.441150566974,10269.666271217702,70604.64729853327,61000.38028073905,514.6145719754638,10118.881589769679,0.0,44112.41960326229,2790.1078240282395,706.8413362750597,42029.153115509114,0.0,42029.153115509114,19288.22113513369,15868.956510872635,2845.1545898113327
0.5,2025-10-06,2025-10-05,2025-08-11,2025-10-05,10269.666271217702,10050.797911083213,60282.46568956606,62939.071497539364,2657.611193659131,1.0053856858255585,0.0,38418.33798033382,0.21314176539501842,2326.7976790682055,40744.92251763663,0.0,40744.92251763663,19629.894328177616,16097.195929944915,1673.263849306662
0.5,2025-10-07,2025-10-06,2025-08-12,2025-10-06,10050.797911083213,10232.691276875052,65329.6736518074,65289.30383447931,1924.2586578426074,1964.6284751707021,0.0,40765.98093698286,439.20966863472637,2325.884379684946,42652.65564803308,0.0,42652.65564803308,19715.39665915721,15805.76726470469,3608.111440026795
0.5,2025-10-08,2025-10-07,2025-08-13,2025-10-07,10232.691276875052,9699.397700790107,61582.4741508727,61273.666516369674,676.7490680999979,985.5567026030308,0.0,38109.36710483713,239.2545688487502,968.4480697554288,38838.56060574381,0.0,38838.56060574381,19906.204900556782,16603.990187927444,1492.9561370736756
0.5,2025-10-09,2025-10-08,2025-08-14,2025-10-08,9699.397700790107,6221.857058251129,67963.12663071332,57029.62384542172,289.15355474079547,11222.656340032401,0.0,42914.433732791236,3315.579047876203,535.0608513538068,40133.91553626884,0.0,40133.91553626884,16846.621907198092,16775.550323115534,1198.5705780058302
0.5,2025-10-10,2025-10-09,2025-08-15,2025-10-09,6221.857058251129,6447.798287446962,31530.662181037635,31441.261855411427,364.7981428908248,454.19846851703153,0.0,16904.464856617196,190.99570454243008,650.0606869136407,17363.529838988405,0.0,17363.529838988405,15566.225026343223,12405.295165061765,18936.721077463302
0.5,2025-10-11,2025-10-10,2025-08-16,2025-10-10,6447.798287446962,9581.641238738197,35659.205049075514,35697.54947474949,125.0932672127023,86.74884153873042,0.0,18698.794231106785,33.49487975280631,218.409788505918,18883.709139859897,0.0,18883.709139859897,18672.780984729743,12304.49394146898,15222.948848155393
0.5,2025-10-12,2025-10-11,2025-08-17,2025-10-11,9581.641238738197,9479.75022558864,65470.48694097677,64160.09914847651,834.8213933645554,2145.2091858648146,20.92993333333345,40194.13417148983,473.6715645981409,1390.8547391853103,41111.317346077,98.0358077333339,41209.35315381033,19696.097447117507,16045.540843999788,2015.5164953587844
0.5,2025-10-13,2025-10-12,2025-08-18,2025-10-12,9479.75022558864,9470.523825403157,68052.06440808394,61940.46090852388,1014.6938998886906,7126.297399448758,0.0,41902.36845817824,1924.0031260282426,1382.0089948415828,41360.37432699159,0.0,41360.37432699159,20670.210257095656,16751.174068414417,994.0294198426403
0.5,2025-10-14,2025-10-13,2025-08-19,2025-10-13,9470.523825403157,9311.941102472054,70972.36044307056,66426.07393700286,802.0875464827475,5348.374052550463,0.0,43956.81289789305,1442.8496535584527,1052.188390562811,43566.151634897404,0.0,43566.151634897404,20628.600178661927,16851.890595354154,1875.5350703617414
0.5,2025-10-15,2025-10-14,2025-08-20,2025-10-14,9311.941102472054,8901.580069233221,72871.4784358294,66553.79069069872,235.84346318456846,6553.531208315249,0.0,44826.63536469522,2085.037701754989,434.63503231840673,43176.23269525864,0.0,43176.23269525864,20885.543010870162,17286.614768719788,1034.8387985483432
0.5,2025-10-16,2025-10-15,2025-08-21,2025-10-15,8901.580069233221,5986.4950988359315,65988.23995175734,64434.97828598491,1333.9770046671845,2887.2386704395994,0.0,41336.19612575065,795.3539760700468,1896.5845454776168,42437.42669515822,0.0,42437.42669515822,18096.939595284442,17282.097545537963,653.6632862384317
0.5,2025-10-17,2025-10-16,2025-08-22,2025-10-16,5986.4950988359315,5816.895974563535,30169.850381225988,31371.098672225104,1201.2482909991215,0.0,0.0,15424.399157903947,0.0,1597.4916420096513,17021.8907999136,0.0,17021.8907999136,15797.558689263022,12948.661750148209,12518.00241644363
0.5,2025-10-18,2025-10-17,2025-08-23,2025-10-17,5816.895974563535,9170.263668321992,36029.99107332447,35328.62140235964,241.82813805258576,943.1978090174186,0.0,18864.428786575987,390.18964189951146,359.01131414732083,18833.250458823797,0.0,18833.250458823797,19111.867504705995,12462.581754429244,12602.742385416215
0.5,2025-10-19,2025-10-18,2025-08-24,2025-10-18,9170.263668321992,8702.23578046936,71166.28798711824,68107.85283165757,351.78805729837615,3410.2232127590382,0.0,44020.76401723223,940.3999822712449,640.6180255917329,43720.98206055271,0.0,43720.98206055271,21144.43483202155,17548.21731300482,625.9127793075031
0.5,2025-10-20,2025-10-19,2025-08-25,2025-10-19,8702.23578046936,8701.120544112486,76099.5284455014,70526.83274946433,159.08319485593256,5731.778890892998,0.0,47514.938058719395,1985.161436404364,285.923334146824,45815.699956461845,0.0,45815.699956461845,21717.089267399257,17591.846019314587,1960.8071347129974
0.5,2025-10-21,2025-10-20,2025-08-26,2025-10-20,8701.120544112486,8896.63898681921,74902.51103648682,72386.74853836314,628.137664624586,3143.9001627482485,0.0,46153.973620382894,1082.8505365352119,819.9949613211688,45891.11804516884,0.0,45891.11804516884,22206.2333236997,17811.0823937607,1529.0162584241525
0.5,2025-10-22,2025-10-21,2025-08-27,2025-10-21,8896.63898681921,8440.710564407409,70655.02493029003,70063.19621453848,358.131640069278,949.9603558208271,235.94589297620402,43539.89767386851,306.5114212001164,580.0921935278484,43813.47844619624,1537.727652961029,45351.20609915727,21459.817669480944,17792.787892450193,1077.2156304839382
0.5,2025-10-23,2025-10-22,2025-08-28,2025-10-22,8440.710564407409,5982.6283077319695,79219.2432786214,65478.29814525935,834.9365384698187,14575.881671831865,0.0,49432.297080166616,4605.869017530643,1221.829831132308,46048.257893768285,0.0,46048.257893768285,19273.419753401766,17823.744031263333,649.1253897875828
0.5,2025-10-24,2025-10-23,2025-08-29,2025-10-23,5982.6283077319695,6114.730340907909,32322.03172959822,32897.781783344355,575.7500537461301,0.0,301.36754493695975,16537.454336047882,0.0,784.3219777675463,17321.77631381543,1639.0696448876188,18960.84595870305,17028.823002376987,13674.454802067019,11424.730411304672
0.5,2025-10-25,2025-10-24,2025-08-30,2025-10-24,6114.730340907909,8441.47743724074,35037.01558742057,35493.45568565211,459.17477134844387,2.7346731168972838,201.78159270493643,17745.40289374759,1.0386105653561883,667.4427490510088,18411.807032233242,1067.473131607703,19479.280163840944,19070.147518838006,13352.747103559243,10579.404129744948
0.5,2025-10-26,2025-10-25,2025-08-31,2025-10-25,8441.47743724074,8734.790878125677,76406.78477879973,69743.71435635563,587.8699971175823,7250.9404195616735,0.0,47096.03333053591,2378.2191539676323,939.2549803530727,45657.069156921345,0.0,45657.069156921345,21748.77541831655,17352.525992039962,803.1529134123815
0.5,2025-10-27,2025-10-26,2025-09-01,2025-10-26,8734.790878125677,8454.205420129423,69471.52644948312,70622.30143552902,2917.283030490337,1766.508044444444,36.50396783571157,42934.8552809292,387.3074761754443,2809.446042076828,45356.993846830585,184.39384760052872,45541.38769443111,21415.965605874866,17599.45905295527,3289.7171837784645
0.5,2025-10-28,2025-10-27,2025-09-02,2025-10-27,8454.205420129423,8507.9258465193,69794.65366244192,71491.32838852165,2360.874152679331,664.1994265996146,45.16441640678363,43118.56641453586,154.71179111296897,2558.2057284289676,45522.06035185186,301.59904768212107,45823.65939953398,21041.32512087146,16995.124964155,1517.8709482119607
0.5,2025-10-29,2025-10-28,2025-09-03,2025-10-28,8507.9258465193,8461.493888904926,77862.33030945092,75021.80301634505,337.2505031511379,3177.77779625699,295.28146846070206,47923.44176877928,956.3184955830942,557.4431114680954,47524.566384664286,1878.7621027208093,49403.32848738509,22213.615797791834,18034.81755806432,1826.0294450782517
0.5,2025-10-30,2025-10-29,2025-09-04,2025-10-29,8461.493888904926,6315.913201811839,66760.1127093992,67376.10693282401,1699.872891855186,1083.8786684303543,144.23817276197548,41566.76415615974,350.36369279607726,1983.6836446136303,43200.08410797729,775.3016596885668,43975.38576766585,19740.35189503459,17920.70765336179,912.8832139131958
0.5,2025-10-31,2025-10-30,2025-09-05,2025-10-30,6315.913201811839,6518.302493677864,34814.14830457121,34037.21189180135,45.558096546326624,822.4945093161829,177.2235021883292,18369.8579562739,321.010256120137,65.59270774988674,18114.44040790365,865.1440269911933,18979.584434894845,17364.761227132127,13883.306231297605,6828.688331488493
0.5,2025-11-01,2025-10-31,2025-09-06,2025-10-31,6518.302493677864,8644.790648931843,35962.60129764874,36108.97981338387,179.21960055887376,32.84108482374486,0.0,18516.8699338977,12.364630810520335,253.76016614817223,18758.26546923535,0.0,18758.26546923535,19328.259089378727,13742.050522668189,7978.732813339999
0.5,2025-11-02,2025-11-01,2025-09-07,2025-11-01,8644.790648931843,8590.910556836501,75614.44283477224,75030.58038932674,2215.4944754974767,2799.3569209429734,302.70793248741353,46940.69703005421,930.8956591089609,2257.750935766483,48267.55230671173,2056.4124094556387,50323.964716167364,21895.246735797715,17783.641938881963,2425.2995915650667
0.5,2025-11-03,2025-11-02,2025-09-08,2025-11-02,8590.910556836501,8697.853988758096,80765.93272003763,75647.00712276739,180.29961913588113,5299.225216406131,0.0,49979.42982677605,1753.4170236313525,313.1167940651645,48539.12959720987,0.0,48539.12959720987,22129.076915268088,17828.303212637722,1841.3031368036757
0.5,2025-11-04,2025-11-03,2025-09-09,2025-11-03,8697.853988758096,8583.382991363696,74747.64410419883,72841.18486415502,503.5479572230649,2410.007197266866,400.93851301662374,46183.542925963455,581.976482277387,690.2461440607907,46291.812587746856,2575.869661864018,48867.68224961087,20970.235775217552,17088.914875581177,1780.730444201943
0.5,2025-11-05,2025-11-04,2025-09-10,2025-11-04,8583.382991363696,8723.979471324023,83191.6361439786,75580.82438865052,114.67374239792514,7725.485497726014,0.0,51838.093519959,2611.57359421188,200.3476194031047,49426.867545150235,0.0,49426.867545150235,23102.133129411264,18586.191002858825,1386.8621954314149
0.5,2025-11-06,2025-11-05,2025-09-11,2025-11-05,8723.979471324023,6756.346767236977,75814.6583112312,75636.42874569657,1359.2363270920364,1537.4658926266577,92.27059125031296,47340.90690804118,468.5532519025971,1772.8788838690984,48645.23254000768,435.46270010637204,49080.69524011406,19722.57944714192,17746.158785863296,2382.694125668261
0.5,2025-11-07,2025-11-06,2025-09-12,2025-11-06,6756.346767236977,7005.504404352072,34937.73975873532,35427.177810888956,489.4380521536368,0.0,0.0,18068.51380616623,0.0,697.4248584769902,18765.938664643218,0.0,18765.938664643218,18441.027623831065,14712.99050189958,8380.678905624138
0.5,2025-11-08,2025-11-07,2025-09-13,2025-11-07,7005.504404352072,8676.390319098766,36887.19818204365,36998.491614718725,111.54092800492324,0.24749532984787947,0.0,19046.469417227527,0.05248138469424284,140.2741936491439,19186.691129491977,0.0,19186.691129491977,19209.539776094673,14055.92989536466,8053.67463398871
0.5,2025-11-09,2025-11-08,2025-09-14,2025-11-08,8676.390319098766,8585.80501656445,80347.92461917008,77052.77942789838,317.9852584620342,3613.1304497337387,17.40131442102445,50132.767997157134,1129.1487810841998,425.69772690178297,49429.31694297472,79.41746850780805,49508.734411482525,22246.263299814542,18101.000045130666,1578.1003043022013
0.5,2025-11-10,2025-11-09,2025-09-15,2025-11-09,8585.80501656445,8618.458659,81388.57302633607,80570.43030106198,1969.030796132864,2787.173521406963,99.25277726179638,50880.46709403343,918.9048098339974,1887.7541864606383,51849.316470660066,576.1877447750996,52425.50421543517,22467.821961025536,18169.547510238688,2512.965527536923
0.5,2025-11-11,2025-11-10,2025-09-16,2025-11-10,8618.458659,8606.145104232668,83445.70666759946,77807.93957319121,80.84868009012916,5718.615774498382,0.0,52518.332180758975,2009.638372198047,142.32041947186497,50651.014228032785,0.0,50651.014228032785,22168.919718645135,17967.907171393163,2047.90735927256
0.5,2025-11-12,2025-11-11,2025-09-17,2025-11-11,8606.145104232668,8647.585602119136,80059.94413469771,77835.5597659623,1020.9713522629669,3245.355720998384,65.17544166666539,49950.65889104687,900.7826069600602,1085.208037833132,50135.08432191994,454.6638810666578,50589.74820298659,21761.257318229695,17589.32197966823,2772.812119067501
0.5,2025-11-13,2025-11-12,2025-09-18,2025-11-12,8647.585602119136,7554.725881313954,76253.65597250138,75988.55092194385,2059.4710777981695,2324.5761283556853,56.58064510411339,47937.28065911627,650.2510613515545,2403.3635151388353,49690.39311290355,394.706580246295,50085.09969314985,20163.548895125638,17316.04835377643,801.7597090320982
0.5,2025-11-14,2025-11-13,2025-09-19,2025-11-13,7554.725881313954,7678.906412758903,35760.99405634527,35648.99761614419,0.0,111.99644020107361,0.0,19024.5859267084,45.25362070283327,0.0,18979.332306005566,0.0,18979.332306005566,17697.893276896997,14223.53107598612,4576.180115233315
0.5,2025-11-15,2025-11-14,2025-09-20,2025-11-14,7678.906412758903,8699.140007694152,40823.364876248685,39846.698625831465,24.178883502515134,1000.8451339197309,0.0,21201.863390105646,312.9432871470804,38.959434987602634,20927.879537946166,0.0,20927.879537946166,19253.51296797894,14677.135268621209,7058.434009807075
0.5,2025-11-16,2025-11-15,2025-09-21,2025-11-15,8699.140007694152,8756.565336054466,80423.68527258982,80793.57330986043,1448.2914108586992,1078.4033735881076,0.0,50356.97677676698,283.111518634846,1804.2781564531779,51878.143414585305,0.0,51878.143414585305,22624.048906451608,18273.79681870152,2008.7768387770097
0.5,2025-11-17,2025-11-16,2025-09-22,2025-11-16,8756.565336054466,8816.023701110078,77510.26710025498,80225.5947235956,3760.0697304985624,1044.7421071579552,0.0,48627.955096780875,287.32483902944904,3767.054585456036,52107.684843207455,0.0,52107.684843207455,21816.657442566342,17617.979999928688,3331.1629476246017
0.5,2025-11-18,2025-11-17,2025-09-23,2025-11-17,8816.023701110078,8754.169660913145,81427.80826216198,80764.22039000085,46.51896655784776,710.1068387189905,0.0,51009.998886679714,260.2651545183614,77.45591759209199,50827.18964975345,0.0,50827.18964975345,23705.644484864315,19257.240668917333,1425.2647407205254
0.5,2025-11-19,2025-11-18,2025-09-24,2025-11-18,8754.169660913145,8542.625593308614,80698.00536895137,82478.75279634549,3259.8456488676106,1479.098221473495,19.327265379361346,50549.40808680763,384.27518328103207,3652.53333225738,53817.66623578398,87.65128873002436,53905.317524514,22113.516698353902,18102.33818651074,3118.5899498816866
0.5,2025-11-20,2025-11-19,2025-09-25,2025-11-19,8542.625593308614,8062.1393345269835,79861.6331818665,80693.3955093567,1523.5106252913547,691.7482978011425,0.0,50069.95978309297,198.81100851115048,1714.028282991671,51585.1770575735,0.0,51585.1770575735,22625.005892827343,18758.69240609361,2034.0059892896415
0.5,2025-11-21,2025-11-20,2025-09-26,2025-11-20,8062.1393345269835,8357.49946031043,36692.73146405095,37486.59932035611,794.3270305558254,0.45917425066659234,0.0,19505.541426697855,0.09727606500371759,635.5852866178539,20141.029437250705,0.0,20141.029437250705,18247.175146154535,14514.38775518008,4889.427862714986
0.5,2025-11-22,2025-11-21,2025-09-27,2025-11-21,8357.49946031043,8772.860276721227,42253.16844532036,39593.49589992508,52.80204708562047,2712.4745924809035,0.0,21868.65327846375,633.7147334071287,83.74526970935482,21318.683814765976,0.0,21318.683814765976,18947.752547860757,14973.854828997491,5399.768697728483
0.5,2025-11-23,2025-11-22,2025-09-28,2025-11-22,8772.860276721227,8723.070985992306,81268.16342051531,81633.7199676348,1652.2603906004551,1286.7038434809613,0.0,51118.911286561524,355.2119178201197,1923.4219461041175,52687.12131484551,0.0,52687.12131484551,22322.93066136779,18126.384197363943,2205.077220297617
0.5,2025-11-24,2025-11-23,2025-09-29,2025-11-23,8723.070985992306,8504.801146437894,80154.21333693076,79793.85643987407,689.0611069610193,1049.4180040177134,59.67017974436453,50325.82304447419,284.21538349955944,706.415305825847,50748.022966800476,352.35617084626904,51100.37913764675,22558.928163585646,18469.17466810335,1601.8294241361418
0.5,2025-11-25,2025-11-24,2025-09-30,2025-11-24,8504.801146437894,8707.993640791456,91910.04209646818,83072.3431692071,0.0,8837.698927261088,0.0,58582.81206572082,2997.987292989695,0.0,55584.824772731125,0.0,55584.824772731125,22421.95213746081,17978.907986425053,2460.6385515046786
0.5,2025-11-26,2025-11-25,2025-10-01,2025-11-25,8707.993640791456,8850.720268766085,86729.46180856504,84077.84686676919,696.4501563909017,3348.0650981867707,0.0,54619.310043133766,1076.2430789672862,858.6664295188954,54401.73339368538,0.0,54401.73339368538,23237.006499147228,18693.521299132095,2776.694783420713
0.5,2025-11-27,2025-11-26,2025-10-02,2025-11-26,8850.720268766085,8293.494229424403,83366.06252495814,82002.35027368352,598.2045030860195,1961.916754360633,0.0,52755.45704478248,542.7504410774308,621.6254131707396,52834.332016875785,0.0,52834.332016875785,21950.919075047652,18281.74788619612,2552.2863514986475
0.5,2025-11-28,2025-11-27,2025-10-03,2025-11-27,8293.494229424403,8170.641412811946,37792.09518677124,37987.203625903334,439.207910855419,244.09947172332542,0.0,20040.53516978611,81.4274932568079,298.45060000221076,20257.55827653152,0.0,20257.55827653152,18822.542967545145,15356.827338662786,3600.249447020977
0.5,2025-11-29,2025-11-28,2025-10-04,2025-11-28,8170.641412811946,8763.85774128529,49468.242899440775,41739.46232489294,0.0,7728.780574547834,0.0,25610.851444983236,1849.1266191122154,0.0,23761.72482587102,0.0,23761.72482587102,18780.424386469185,14678.249057414032,2707.8368958377873
0.5,2025-11-30,2025-11-29,2025-10-05,2025-11-29,8763.85774128529,8688.886003542633,87550.07099572555,87105.92027692814,636.3398696923441,1080.4905884897275,0.0,55220.318426034275,291.40674918375055,732.2241216127404,55661.13579846327,0.0,55661.13579846327,24222.176622747575,19687.437628393927,2326.3531659078435
0.5,2025-12-01,2025-11-30,2025-10-06,2025-11-30,8688.886003542633,9167.568876011277,91065.21885154385,92706.97601491067,2969.875531761615,1328.1183683947932,962.3556674588164,58317.03382453282,447.801024957194,4181.1062660440575,62050.33906561967,4642.005885140686,66692.34495076037,25521.217453816178,20241.371552369324,2090.5580475892966
0.5,2025-12-02,2025-12-01,2025-10-07,2025-12-01,9167.568876011277,9013.705314131172,93541.82946572821,95115.49597681314,3764.9656137086176,2191.2991026236778,462.8438129529935,59785.872873757864,673.783648829223,5289.7107308438435,64401.79995577248,2310.088916144554,66711.88887191704,25061.978953577724,20438.68015809005,2317.23104427847
0.5,2025-12-03,2025-12-02,2025-10-08,2025-12-02,9013.705314131172,9163.48313436906,83973.62647981997,94433.32828001305,10459.70180019311,0.0,6.377333524921596,53216.77211822269,0.0,12082.581285406603,65299.3534036293,37.04274177950709,65336.396145408806,25143.92883806681,20231.782320620012,2364.8105294245215
0.5,2025-12-04,2025-12-03,2025-10-09,2025-12-03,9163.48313436906,9105.866025885163,91526.11800181215,92783.59748534666,4163.975028343619,2906.4955448091187,608.2503645046544,58901.27792270964,1100.7857350971299,5859.124463825279,63659.616651437784,3012.2396801933446,66671.85633163113,25069.44929743047,20358.109328554194,1909.2991309750269
0.5,2025-12-05,2025-12-04,2025-10-10,2025-12-04,9105.866025885163,9216.654464648904,43566.38715315914,46453.41994133996,4155.786389143133,1268.7536009623213,480.7344279285127,22906.0241735264,283.71026231217945,4065.7966187597217,26688.110529973943,2431.8437269638603,29119.954256937803,20908.981038977287,16836.565046684238,1550.1106936420902
0.5,2025-12-06,2025-12-05,2025-10-11,2025-12-05,9216.654464648904,9221.431205439641,46597.374243709724,48965.46629143389,2716.340335918465,348.24828819429985,0.0,24478.54887572567,109.50322534634219,3256.9723491075038,27626.01799948683,0.0,27626.01799948683,20631.88947789786,16707.531410385607,1376.4774072549676
0.5,2025-12-07,2025-12-06,2025-10-12,2025-12-06,9221.431205439641,9050.640797732201,94746.54101562261,93785.0439714958,2263.211826326648,3224.708870453469,186.69684550727715,60910.39721068066,961.5720304031183,3326.4171728991414,63275.242353176676,894.9100035861859,64170.15235676286,24822.03005984653,20259.555715412385,1756.585222568931
0.5,2025-12-08,2025-12-07,2025-10-13,2025-12-07,9050.640797732201,9061.94062427764,97447.00084432363,95313.8906358896,761.8422889223687,2894.9524973563807,0.0,62631.77687681891,841.5810438224296,1035.158951958772,62825.354784955256,0.0,62825.354784955256,24094.1726179852,19506.10997667712,2878.6168779148566
0.5,2025-12-09,2025-12-08,2025-10-14,2025-12-08,9061.94062427764,8988.900939162811,96614.63416855296,93596.4008045569,575.278532028327,3593.511896024388,67.89246184183776,62106.8186851769,1140.0309293964192,892.4293899578416,61859.21714573833,395.6240024555155,62254.841148193846,24757.763750493526,20119.524354503104,1637.5996037416555
0.5,2025-12-10,2025-12-09,2025-10-15,2025-12-09,8988.900939162811,8991.699788791428,92731.72768721965,95106.63241161813,2540.5723788178875,165.66765441938674,10.014505865066212,59262.30953335689,57.68502993900975,2966.1841185440626,62170.80862196194,58.16925731723709,62228.97787927918,24947.603865551806,20205.040166431212,1986.4647516959499
0.5,2025-12-11,2025-12-10,2025-10-16,2025-12-10,8991.699788791428,9018.15174566043,96351.86051353764,92328.62980362112,276.51121171256386,4299.741921629078,0.0,61811.34997809661,1511.4949926200788,466.502880413944,60766.35786589047,0.0,60766.35786589047,24342.314248354844,19693.467779985338,1718.5286352516164
0.5,2025-12-12,2025-12-11,2025-10-17,2025-12-11,9018.15174566043,9017.449702041085,49043.056466227776,49982.85594686832,2199.3270651647967,1259.5275845242463,0.0,25528.700119200515,282.900307520712,2183.9442293180937,27429.744040997895,0.0,27429.744040997895,20496.410265706407,16602.724154479605,2374.7563523081963
0.5,2025-12-13,2025-12-12,2025-10-18,2025-12-12,9017.449702041085,9144.278862846997,50276.89417162102,49599.69787578618,892.7298172738524,1569.926113108695,0.0,26304.962781430273,433.15342247933637,1095.159176322306,26966.96853527324,0.0,26966.96853527324,20765.373589876388,16705.806363074546,1741.5972656510016
0.5,2025-12-14,2025-12-13,2025-10-19,2025-12-13,9144.278862846997,9024.446292821554,91927.21188829758,95664.0471002215,3737.0806507160337,0.2454387920984118,225.2234498572036,58739.54191124736,0.0520330239248633,4139.169132398959,62878.659010622396,1107.9867615725132,63986.64577219491,24936.22536943079,20306.191862261832,2480.5152429097575
0.5,2025-12-15,2025-12-14,2025-10-20,2025-12-14,9024.446292821554,9049.917127796276,94079.04361945753,96645.7210722721,2590.2187344158633,23.541281601281185,0.0,60108.27845315082,8.530419718356798,2790.436320674523,62890.18435410698,0.0,62890.18435410698,24397.93580623721,19739.404251574895,2517.6315509431297
0.5,2025-12-16,2025-12-15,2025-10-21,2025-12-15,9049.917127796276,8952.222126310262,99408.86147300414,96280.74124379572,92.07119587132439,3220.19142507974,0.0,64435.95219647316,1301.4106175190245,156.56988610024774,63291.11146505438,0.0,63291.11146505438,24320.62239747698,19787.629643293767,2329.65715627918
0.5,2025-12-17,2025-12-16,2025-10-22,2025-12-16,8952.222126310262,9003.982128565916,99966.23866605444,94666.58299893227,98.65557201734202,5398.311239139517,9.096534792847024,64268.00107581175,1992.5317209234556,167.51326401248176,62442.98261890077,52.248856475749136,62495.231475376524,24608.149856010677,19886.017381338563,1761.699992386334
0.5,2025-12-18,2025-12-17,2025-10-23,2025-12-17,9003.982128565916,9036.456172039321,95229.12792416543,94492.29156448907,316.0548753823664,1052.891235058737,0.0,61466.734698256645,360.77873436087845,368.6507192008702,61474.60668309663,0.0,61474.60668309663,24555.542786769976,19860.76301815761,2431.2448292100394
0.5,2025-12-19,2025-12-18,2025-10-24,2025-12-18,9036.456172039321,8874.066128613178,49148.35469357771,48179.926896481156,1311.2292451607464,2279.6570422572977,0.0,26083.132493812453,623.4817033906777,969.6946778801275,26429.345468301904,0.0,26429.345468301904,20097.293287275104,16424.958601776365,1599.200910982416
0.5,2025-12-20,2025-12-19,2025-10-25,2025-12-19,8874.066128613178,9074.934088856033,52458.72867440099,48465.09710373076,13.520828463709961,4007.1523991339395,0.0,27865.856586613343,1212.0156478449953,21.51623413472994,26675.357172903074,0.0,26675.357172903074,20955.702524076347,16793.337880283274,1446.3802099376844
0.5,2025-12-21,2025-12-20,2025-10-26,2025-12-20,9074.934088856033,9032.304743888219,98412.29265983074,96923.94625935957,631.9621059142374,2120.3085063854123,1.6724675383427439,63316.49426950319,738.0884718252842,786.5039907799774,63364.9097884579,9.714527696463827,63374.62431615436,24510.74432164989,19892.06931100745,3269.161849588807
0.5,2025-12-22,2025-12-21,2025-10-27,2025-12-21,9032.304743888219,8682.8539140913,97752.37119903366,95724.09029022485,0.0,2028.2809088088168,0.0,63058.59202673665,803.8154550657673,0.0,62254.77657167088,0.0,62254.77657167088,24158.753489069826,19883.09607296378,2511.005790785473
0.5,2025-12-23,2025-12-22,2025-10-28,2025-12-22,8682.8539140913,9016.950659146982,100723.17991125658,94917.47841844606,0.0,5805.701492810526,0.0,64910.84020876631,2208.643096402694,0.0,62702.19711236362,0.0,62702.19711236362,25063.33690960481,20000.615826229783,2596.664801737689
0.5,2025-12-24,2025-12-23,2025-10-29,2025-12-23,9016.950659146982,8779.21571820304,98870.37059372557,94866.31150241818,0.0,4004.0590913074075,28.68604140810305,63917.69249971607,1547.7036313655967,0.0,62369.988868350476,194.22723446699487,62564.21610281746,24214.208134045854,19827.470035426686,2653.700128540442
0.5,2025-12-25,2025-12-24,2025-10-30,2025-12-24,8779.21571820304,8789.877715633098,95629.30364076892,95672.96786918474,910.8960311171461,867.2318027013198,0.0,61213.13263984499,391.24215265127236,887.929332283699,61709.819819477416,0.0,61709.819819477416,24625.938410567334,19937.414314872487,3171.995240156558
0.5,2025-12-26,2025-12-25,2025-10-31,2025-12-25,8789.877715633098,9343.773247638914,51261.98861249957,49114.76894232824,142.9757363246676,2290.1954064959914,0.0,27081.163205073775,620.3048776147784,163.93323730384077,26624.79156476284,0.0,26624.79156476284,20466.804632996267,16079.60577392174,1719.9476499203854
0.5,2025-12-27,2025-12-26,2025-11-01,2025-12-26,9343.773247638914,9106.723446080305,52552.33872986973,49443.650867142,79.35703265733338,3188.0448953850514,0.0,27687.14643307638,917.7332129425337,145.53286219028368,26914.94608232413,0.0,26914.94608232413,19983.078944259803,16399.63876625319,2521.4016224687252
0.5,2025-12-28,2025-12-27,2025-11-02,2025-12-27,9106.723446080305,9138.700899517618,98183.91873847044,94558.51550691866,0.0,3625.4032315517875,0.0,63314.467896531234,1407.453181059036,0.0,61907.01471547219,0.0,61907.01471547219,23440.698585471793,18958.18614613857,3266.748317585436
0.5,2025-12-29,2025-12-28,2025-11-03,2025-12-28,9138.700899517618,8745.960275359997,97646.74925907506,96069.15181144676,254.59263566648178,1832.190083294782,0.0,62437.099312341255,687.7837759456264,177.75613459490452,61927.07167099053,0.0,61927.07167099053,23448.7832358449,19346.98098277623,4443.583291711429
0.5,2025-12-30,2025-12-29,2025-11-04,2025-12-29,8745.960275359997,8936.078913668325,99109.58603606091,94526.23147811237,0.0,4583.354557948542,0.0,63679.26427672712,1672.76937595105,0.0,62006.494900776066,0.0,62006.494900776066,24075.856339764963,19330.336860732117,3556.3093990795223
0.5,2025-12-31,2025-12-30,2025-11-05,2025-12-30,8936.078913668325,8531.119211052304,100622.53498215179,96781.81008873301,0.0,3840.7248934187783,7.540558793341663,64585.71952818128,1410.832275183915,0.0,63174.88725299736,35.33128822620237,63210.21854122357,24219.402949647745,19982.180121569094,3905.704886114366
0.75,2025-02-01,2025-01-31,2025-01-02,2025-01-31,6000.0,9240.168576974189,51247.516323716874,46062.87019824583,0.0,5184.64612547104,0.0,26892.026562188967,1614.3727294169662,0.0,25277.653832772,0.0,25277.653832772,22445.557875926064,15264.750160223339,4503.8865492097775
0.75,2025-02-02,2025-02-01,2025-01-02,2025-02-01,9240.168576974189,9117.769357475849,93600.17896188052,86410.98772950038,0.0,7189.191232380148,0.0,59403.36990337164,2595.134156166528,0.0,56808.235747205115,0.0,56808.235747205115,22544.018271670375,18370.81409760151,3881.505605431516
0.75,2025-02-03,2025-02-02,2025-01-02,2025-02-02,9117.769357475849,9139.41355286738,96141.37721680461,88036.76774943175,0.0,8104.6094673728585,0.0,61054.5051269878,2979.425976918983,0.0,58075.079150068814,0.0,58075.079150068814,23245.326118036337,18809.234379757057,3383.759511152469
0.75,2025-02-04,2025-02-03,2025-01-02,2025-02-03,9139.41355286738,9100.980126886567,98236.55104303625,89108.14869262288,0.0,9128.402350413362,0.0,62926.03120355164,3546.442776352418,0.0,59379.588427199225,0.0,59379.588427199225,24007.978307397643,19481.05251237482,3386.358947600061
0.75,2025-02-05,2025-02-04,2025-01-02,2025-02-04,9100.980126886567,9161.03992569831,92964.21859017955,88641.89890743114,0.0,4322.319682748398,0.0,59065.143987648364,1707.7223231597698,0.0,57357.42166448859,0.0,57357.42166448859,23086.159236988453,18645.735163030084,3453.0478501394373
0.75,2025-02-06,2025-02-05,2025-01-02,2025-02-05,9161.03992569831,9237.690539390655,98649.49563255743,87662.56456656841,0.0,10986.93106598901,39.72439505826287,63145.60326070918,4102.864762036422,0.0,59042.73849867274,231.4338932959199,59274.17239196866,23203.809097222846,18726.09981642739,2953.52246416456
0.75,2025-02-07,2025-02-06,2025-01-02,2025-02-06,9237.690539390655,8807.011700452036,48004.3879956359,41641.333904802246,17.187746588503217,6380.241837422153,0.0,25144.76137811036,1876.2833072183048,31.520608468656047,23299.99867936071,0.0,23299.99867936071,18680.51882867089,15518.831206268174,6673.966615732868
0.75,2025-02-08,2025-02-07,2025-01-02,2025-02-07,8807.011700452036,9166.72531286602,39539.90556635782,39330.53584954772,0.0,209.36971681009658,0.0,20535.872706279864,71.64153375540242,0.0,20464.231172524465,0.0,20464.231172524465,19089.549888083282,15138.793158174865,3802.6164029726383
0.75,2025-02-09,2025-02-08,2025-01-02,2025-02-08,9166.72531286602,8990.358404073942,92573.19969948221,87924.33420815745,0.0,4648.865491324759,0.0,58736.57942115117,1736.847044301383,0.0,56999.73237684979,0.0,56999.73237684979,22179.730285704307,18124.31174933336,4313.499705119828
0.75,2025-02-10,2025-02-09,2025-01-02,2025-02-09,8990.358404073942,8904.845584937078,88795.66875414008,81597.10284184435,0.0,7198.565912295715,0.0,55913.69510017889,2648.755389574486,0.0,53264.9397106044,0.0,53264.9397106044,23001.975877596244,18708.561998076137,2977.051378990913
0.75,2025-02-11,2025-02-10,2025-01-02,2025-02-10,8904.845584937078,8778.008522214148,89443.74523258705,82056.84381587512,0.0,7386.901416711921,6.27298526497259,56585.73146532611,2903.438445772965,0.0,53682.29301955315,29.382662981131613,53711.675682534275,23320.68527096077,19003.908425928857,2525.742822774868
0.75,2025-02-12,2025-02-11,2025-01-02,2025-02-11,8778.008522214148,8868.950594896309,89605.91509809539,81862.29139872125,0.0,7743.623699374135,57.03553368622681,56470.87080186837,2859.1634675983396,0.0,53611.70733427002,251.94161529190407,53863.648949561924,23742.495057071974,19149.57313081435,2059.6688728165236
0.75,2025-02-13,2025-02-12,2025-01-02,2025-02-12,8868.950594896309,8386.369935889987,83726.68603082166,78670.19303406919,0.0,5056.492996752464,10.247837250954944,52259.53631065907,1868.568970473327,0.0,50390.96734018574,44.88040324055718,50435.847743426304,21976.166116124616,18235.017147166625,3609.8128856954936
0.75,2025-02-14,2025-02-13,2025-01-02,2025-02-13,8386.369935889987,8379.939198875203,40032.68079922511,39970.2008135893,420.27450682201015,482.75449245782363,0.0,20527.249458019483,109.36139079273619,531.9018867251573,20949.789953951906,0.0,20949.789953951906,18254.529874547006,14791.956861696377,6705.825984072009
0.75,2025-02-15,2025-02-14,2025-01-02,2025-02-14,8379.939198875203,8835.51285163338,40626.0988636901,39462.41113728365,51.27236210486353,1214.9600885113205,0.0,21113.202265730804,390.76110825767114,93.7421841265509,20816.183341599684,0.0,20816.183341599684,18344.267325628985,14448.840246277116,6286.892957931779
0.75,2025-02-16,2025-02-15,2025-01-02,2025-02-15,8835.51285163338,8969.089408227865,89121.16652029625,81189.28128127221,207.62495271488632,8139.510191738914,13.817504490318242,55953.517426109596,2940.9351632890844,400.7727568226305,53413.355019643146,60.51376091534875,53473.86878055849,23021.41713502064,18527.128978431683,1331.4315291735797
0.75,2025-02-17,2025-02-16,2025-01-02,2025-02-16,8969.089408227865,8795.113859211031,88950.93708646834,76776.64373492966,0.0,12174.29335153868,0.0,55368.01951679138,3976.573683728465,0.0,51391.44583306291,0.0,51391.44583306291,21245.632255970188,17365.540121451,1712.6884337438141
0.75,2025-02-18,2025-02-17,2025-01-02,2025-02-17,8795.113859211031,9045.719210079385,79796.6652802127,77991.30217125823,204.57243784302295,2009.9355467975051,12.606915743634659,49495.5680049515,656.0753021232777,390.6897545162302,49230.18245734445,55.551386832581294,49285.733844177026,21708.810937918573,17358.592043932524,1562.302409682478
0.75,2025-02-19,2025-02-18,2025-01-02,2025-02-18,9045.719210079385,8630.126411893443,79812.03407235222,79166.75497362827,223.7087277141634,868.9878264381208,66.26524474086591,49676.10175482221,325.2030460596961,263.11958668304,49614.01829544556,290.2086393426223,49904.22693478818,22525.697668526915,18619.848629874148,2447.8437963830374
0.75,2025-02-20,2025-02-19,2025-01-02,2025-02-19,8630.126411893443,8106.369553953526,82505.46803439138,77479.03475720147,140.67283893102825,5167.106116120944,26.06843116783307,51167.6431405351,1745.1701218556032,198.93448417523211,49621.40750285474,122.1045315901301,49743.512034444866,21151.88785860579,17604.410337616617,2964.4919340467814
0.75,2025-02-21,2025-02-20,2025-01-02,2025-02-20,8106.369553953526,7894.942055939069,35556.507218686755,35762.61783318593,235.62881904087365,29.518204541705302,0.0,18347.302823254115,6.360411816765465,357.24453600617045,18698.18694744352,0.0,18698.18694744352,17241.485244253076,14155.887796058,7116.758351657516
0.75,2025-02-22,2025-02-21,2025-01-02,2025-02-21,7894.942055939069,9104.432162543586,37069.15987588255,36994.54969415568,376.29756751443597,450.90774924130744,0.0,19290.862727839736,156.91392732945968,599.73624143269,19733.68504194297,0.0,19733.68504194297,18871.940738852893,14197.730902526784,4475.576974496232
0.75,2025-02-23,2025-02-22,2025-01-02,2025-02-22,9104.432162543586,8777.348429263342,81368.63264305476,77150.03888630497,120.62728878785697,4339.2210455376435,14.695314789341182,50315.0471227117,1497.084727195877,188.3133871285044,49006.27578264433,68.8328544732741,49075.1086371176,22315.709107959505,18370.099737399414,1687.2711472008993
0.75,2025-02-24,2025-02-23,2025-01-02,2025-02-23,8777.348429263342,9000.238557426874,78384.87591573346,74554.13969526222,135.0198195318905,3965.756040003124,52.39974177777788,48693.17917478057,1289.9131813516667,257.71536088974943,47660.981354318654,237.51779958100047,47898.499153899655,21045.313922989313,16846.103162274165,2204.295059658185
0.75,2025-02-25,2025-02-24,2025-01-02,2025-02-24,9000.238557426874,8812.479412160123,80766.1429827756,72679.80178202034,90.69814791597264,8177.039348671226,57.408297548199926,49952.76766028488,2741.149719122463,143.55612756266763,47355.17406872509,255.04124124690082,47610.21530997199,21262.57545746863,17391.669351289664,3044.980740056246
0.75,2025-02-26,2025-02-25,2025-01-02,2025-02-25,8812.479412160123,9063.158674210446,74151.4404409963,75758.76719199397,1630.3575316705708,23.030780672905394,20.761207075040147,45280.983761559044,5.226201138167218,1624.8044228556453,46900.56198327653,90.92370638513833,46991.48568966167,22389.930830099493,17910.2326365353,2484.982172171479
0.75,2025-02-27,2025-02-26,2025-01-02,2025-02-26,9063.158674210446,7394.8606986197765,73431.40736102816,71693.1880177433,70.8053199260143,1809.0246632108779,110.91069479152867,45470.002335566416,537.9203491920007,127.28710339026082,45059.369089764674,528.233727096624,45587.6028168613,21043.129420018442,18546.403008246543,2350.7881007629403
0.75,2025-02-28,2025-02-27,2025-01-03,2025-02-27,7394.8606986197765,7202.768429371305,34190.268638773065,34090.30058477925,29.928711706383893,129.89676570019967,0.0,17818.44378003939,59.49336867282481,48.224133172496366,17807.174544539062,0.0,17807.174544539062,16980.93034439768,13927.43662128575,7744.213311667319
0.75,2025-03-01,2025-02-28,2025-01-04,2025-02-28,7202.768429371305,8626.414583860273,41552.645282276055,39726.05857179627,19.969954442318453,1846.5566649221116,88.92596557067219,21146.9815064176,665.4284735511246,36.62289945176781,20518.175932318245,441.9661444712909,20960.142076789536,18137.00363798786,13409.691407730093,11428.906373775835
0.75,2025-03-02,2025-03-01,2025-01-05,2025-03-01,8626.414583860273,8555.719916430427,84424.67016793303,78984.41192720676,54.71987140851931,5494.978112134788,126.73229672210057,52324.47914049022,1886.5626831538132,76.4596602120569,50514.37611754847,598.636506610572,51113.01262415903,22836.78317047344,18561.419568770347,2477.4735555590983
0.75,2025-03-03,2025-03-02,2025-01-06,2025-03-02,8555.719916430427,8579.625195464247,86385.6199200773,78285.104591429,615.6219192525753,8716.13724790088,100.00906946849852,53546.88230464273,2982.4514947640623,1110.3979459779525,51674.82875585662,469.85093665728925,52144.679692513906,23307.471372656702,18857.5370607215,1918.0327156289607
0.75,2025-03-04,2025-03-03,2025-01-07,2025-03-03,8579.625195464247,8505.077945818017,77141.86975701503,74621.19613537221,598.800189031,3119.473810673817,0.0,47481.99254904259,1003.7605151440986,1005.2518661685261,47483.48390006702,0.0,47483.48390006702,21494.67390633849,17477.778388815772,1404.84268451616
0.75,2025-03-05,2025-03-04,2025-01-08,2025-03-04,8505.077945818017,8632.801772210658,81051.20872267133,72241.41435615667,824.400973022746,9634.195339537404,26.342191983274915,49898.085549848576,3255.228985487028,1615.615176360885,48258.47174072242,165.46167994380298,48423.93342066623,21546.583103491277,17337.78087007455,1928.4822980565634
0.75,2025-03-06,2025-03-05,2025-01-09,2025-03-05,8632.801772210658,6949.492892047233,73902.45288766717,69732.69047171972,205.43097662335202,4375.193392570797,0.0,45561.07546386976,1387.2364550829298,396.9234614828096,44570.76247026964,0.0,44570.76247026964,19712.25455814343,17481.90418424326,1561.6859644862197
0.75,2025-03-07,2025-03-06,2025-01-10,2025-03-06,6949.492892047233,6243.315600418415,34379.482572711575,32523.163875003134,20.831792495180764,1877.1504902036238,0.0,18191.622079427754,768.412946345519,38.203424256912,17461.41255733915,0.0,17461.41255733915,15114.56942776652,12878.36079895682,9364.669712860099
0.75,2025-03-08,2025-03-07,2025-01-11,2025-03-07,6243.315600418415,8940.854953616004,35540.18590068736,35457.04689846145,20.155853118715243,103.29485534462555,0.0,18203.950620962773,45.84976036969764,36.7962268837071,18194.897087476784,0.0,18194.897087476784,18554.567242454446,12601.414048510273,10440.754187850607
0.75,2025-03-09,2025-03-08,2025-01-12,2025-03-08,8940.854953616004,8741.413307032013,78349.62263551583,68977.93742112113,0.0,9371.685214394707,0.0,47900.74149069346,2829.458789861067,0.0,45071.282700832395,0.0,45071.282700832395,20932.92356844527,17135.165572366262,1846.6543750421101
0.75,2025-03-10,2025-03-09,2025-01-13,2025-03-09,8741.413307032013,8824.315250746296,75188.88459956663,74063.96647526626,742.0042566991692,1866.922380999542,0.0,45585.41159265272,591.4925531486338,798.4864922998337,45792.405531803925,0.0,45792.405531803925,22023.820267556504,17764.682667377907,1762.757425087656
0.75,2025-03-11,2025-03-10,2025-01-14,2025-03-10,8824.315250746296,8910.491561113759,66660.0801396303,70030.30749233016,3456.4158221916714,86.18846949182307,0.0,40718.565310043705,45.783476715930874,2818.392606924494,43491.174440252275,0.0,43491.174440252275,21475.38925509381,17317.50661729528,1933.5060545316248
0.75,2025-03-12,2025-03-11,2025-01-15,2025-03-11,8910.491561113759,8786.097994350457,76322.35200376248,67713.5095420167,17.13321158764944,8625.975673333425,0.0,46753.903734640575,2689.2467805728966,32.07713298345837,44096.73408705114,0.0,44096.73408705114,20835.770207458656,16988.92807812849,1431.1327293532117
0.75,2025-03-13,2025-03-12,2025-01-16,2025-03-12,8786.097994350457,5784.586846793799,72862.97268109894,70833.55560860035,520.2645912050444,2549.6816637036422,70.99281138072558,44947.88705919628,821.9141791631052,561.2278298197025,44687.20070985288,485.8636840215062,45173.06439387438,18130.28761405647,17386.89300018673,2615.535789444664
0.75,2025-03-14,2025-03-13,2025-01-17,2025-03-13,5784.586846793799,5682.806839000663,31248.00449251992,31558.451819141483,314.30681564007875,3.859489018516797,0.0,16070.170169120422,0.8121559802933178,444.18868252016773,16513.546695660294,0.0,16513.546695660294,15168.850748587882,12378.371113370007,12738.546200590275
0.75,2025-03-15,2025-03-14,2025-01-18,2025-03-14,5682.806839000663,8596.113414244905,34481.60130464261,35066.09046491771,584.4891602750988,0.0,0.0,17354.91897390486,0.0,809.3405109986178,18164.25948490348,0.0,18164.25948490348,18878.542570451933,12669.64356434625,7933.066308812025
0.75,2025-03-16,2025-03-15,2025-01-19,2025-03-15,8596.113414244905,9178.581456198039,72427.88138050977,70948.03523799579,1105.9879194669966,2585.834061980973,1.6400000000001,44310.315930352706,895.9881042484851,1089.805956685753,44504.13378278997,7.461180000000455,44511.59496278997,21334.138224510058,16756.43072409533,3020.920804247744
0.75,2025-03-17,2025-03-16,2025-01-20,2025-03-16,9178.581456198039,9117.935352073277,67319.62111205827,63587.40435878157,868.5295147613158,4600.74626803803,0.0,40216.77208028696,1117.3110545929358,1145.4342150054872,40244.89524069951,0.0,40244.89524069951,20957.290218969196,17029.986571077345,1801.969277556379
0.75,2025-03-18,2025-03-17,2025-01-21,2025-03-17,9117.935352073277,8964.390175034203,75935.03392991857,67171.66055292662,70.5249865790895,8833.898363571047,0.0,46554.34115739008,2874.7088359674103,122.92887863348571,43802.56120005615,0.0,43802.56120005615,20867.871437813992,17041.166523964497,2218.9972724104605
0.75,2025-03-19,2025-03-18,2025-01-22,2025-03-18,8964.390175034203,9085.857595493293,62694.02513712934,66319.45267876706,3625.775692617384,0.348150979665661,0.0,38375.794646970084,0.0737293867167073,3173.5306216182053,41549.25153920157,0.0,41549.25153920157,20907.858682488375,16826.044854402408,2772.168400681093
0.75,2025-03-20,2025-03-19,2025-01-23,2025-03-19,9085.857595493293,5324.313507270466,67028.04426846423,63104.6676185159,774.0101545968237,4697.386804545156,0.0,41762.017873661025,1536.1786984853431,996.9057186124004,41222.744893788076,0.0,41222.744893788076,17546.033599502378,17597.676894997465,947.3490973443265
0.75,2025-03-21,2025-03-20,2025-01-24,2025-03-20,5324.313507270466,4971.632356389972,29366.012755815977,29568.29077097156,468.1707335682902,265.8927184127044,0.0,15203.046954375595,116.108536630891,644.0025239647626,15730.940941709465,0.0,15730.940941709465,14713.946878101251,12235.710007054455,15056.589383258099
0.75,2025-03-22,2025-03-21,2025-01-25,2025-03-21,4971.632356389972,9355.46743198148,35124.448473407574,35090.91837289547,177.19274919830727,210.72284971041802,0.0,17950.216205124896,90.14723671809307,285.3592171281434,18145.428185534947,0.0,18145.428185534947,19065.934505115394,11497.955381111111,11641.739515557845
0.75,2025-03-23,2025-03-22,2025-01-26,2025-03-22,9355.46743198148,8897.11344260776,71532.60317260631,65155.70941960813,223.5179390184819,6600.411692016656,0.0,43668.35585970603,2053.661544333085,394.3147631581586,42009.00907853111,0.0,42009.00907853111,19652.091623049873,16330.712805106741,3064.610484998335
0.75,2025-03-24,2025-03-23,2025-01-27,2025-03-23,8897.11344260776,9117.042119194244,67960.33558529864,64967.16069392747,929.6847442614542,3922.8596356326334,0.0,40963.449038918036,1050.2220021147546,1265.1384197060006,41178.36545650928,0.0,41178.36545650928,21553.723142992007,17260.579936895694,2675.52040449782
0.75,2025-03-25,2025-03-24,2025-01-28,2025-03-24,9117.042119194244,8817.831092788248,74793.33875339871,65902.55721611004,340.16012212137,9230.941659410035,0.0,45553.34884937115,2873.281721338081,576.5412693748309,43256.6083974079,0.0,43256.6083974079,20743.047804260284,17071.15864521622,1280.5433403993125
0.75,2025-03-26,2025-03-25,2025-01-29,2025-03-25,8817.831092788248,8934.147954485057,64722.28683984433,61620.30937732658,1335.3212693104933,4437.298731828243,0.0,39239.79152634091,1299.3427215487386,1692.2101017186544,39632.65890651083,0.0,39632.65890651083,20682.718676376684,16648.316952338,1993.3527866212257
0.75,2025-03-27,2025-03-26,2025-01-30,2025-03-26,8934.147954485057,4862.87627813129,63936.90163828822,59939.95141423722,358.4305232520152,4355.38074730301,0.0,39751.45803176366,1409.6345141537565,597.0050775015504,38938.82859511145,0.0,38938.82859511145,16516.293829827016,17042.34251087828,1749.0106952884753
0.75,2025-03-28,2025-03-27,2025-01-31,2025-03-27,4862.87627813129,4878.26649409586,29483.55621907223,29819.962177686168,336.405958613934,0.0,0.0,15101.742569095391,0.0,517.8301480991298,15619.572717194522,0.0,15619.572717194522,14558.508296836288,11778.540526069282,16218.113640252492
0.75,2025-03-29,2025-03-28,2025-02-01,2025-03-28,4878.26649409586,9193.390879770806,33139.926514758175,34040.2660526742,900.339537916031,0.0,0.0,16436.26354013704,0.0,1286.2350347978177,17722.498574934856,0.0,17722.498574934856,18825.983753702927,11365.434893391925,18872.50800902986
0.75,2025-03-30,2025-03-29,2025-02-02,2025-03-29,9193.390879770806,9179.193044442329,66845.68798973339,60037.68231011971,321.9905488800375,7129.996228493727,0.0,40080.68452882942,1915.6656059040738,568.8088394083361,38733.82776233368,0.0,38733.82776233368,20887.522365115256,16931.671167538985,736.2114125434362
0.75,2025-03-31,2025-03-30,2025-02-03,2025-03-30,9179.193044442329,9171.06754667629,57941.321267073676,62174.26476497823,4710.418254794352,477.47475688979495,0.0,35304.202701622766,105.9058646865422,3931.5267083930803,39129.8235453293,0.0,39129.8235453293,20664.79686860489,16745.7984115594,1303.876824599411
0.75,2025-04-01,2025-03-31,2025-02-04,2025-03-31,9171.06754667629,8967.505414889047,71151.27219651194,66145.96709849597,852.2671567476802,5857.572254763659,0.0,42331.48343565484,1458.7172534443057,1210.6647146040523,42083.43089681459,0.0,42083.43089681459,18840.270004144117,15443.824621965261,2540.670199650437
0.75,2025-04-02,2025-04-01,2025-02-05,2025-04-01,8967.505414889047,8963.78135303545,67754.64617678995,67016.28792947638,1133.9783971149827,1872.3366444285361,0.0,40574.93589632359,421.1786281025613,1471.0971848518757,41624.854453072905,0.0,41624.854453072905,20147.614417041186,16322.919333471596,2756.2574459068032
0.75,2025-04-03,2025-04-02,2025-02-06,2025-04-02,8963.78135303545,4398.1982387679745,63761.07421393866,57914.33535339275,214.59666223828282,6061.335522784192,0.0,39914.13304496628,1860.1243140046126,372.31612113249656,38426.32485209416,0.0,38426.32485209416,15311.995210361105,16511.74092323323,3250.550799598211
0.75,2025-04-04,2025-04-03,2025-02-07,2025-04-03,4398.1982387679745,4517.313110062111,27778.564955909387,28154.971157027063,376.4062011176777,0.0,0.0,14085.380700927013,0.0,564.5142648020351,14649.894965729049,0.0,14649.894965729049,14105.30193491487,11318.091183116321,18936.958155228513
0.75,2025-04-05,2025-04-04,2025-02-08,2025-04-04,4517.313110062111,9125.369260061068,32651.84808261077,33501.314198002285,849.4661153915192,0.0,0.0,16097.846272857696,0.0,1169.7625628685196,17267.608835726216,0.0,17267.608835726216,19163.78071728783,11375.411846004079,13668.830343385198
0.75,2025-04-06,2025-04-05,2025-02-09,2025-04-05,9125.369260061068,8855.713963000382,65419.669428121444,60874.13429241666,1033.6341598142253,5579.169295519008,0.0,38677.13904583389,1366.6918192411285,1458.6296503126007,38769.07687690536,0.0,38769.07687690536,20264.935313229224,16657.287371070284,2856.410083591055
0.75,2025-04-07,2025-04-06,2025-02-10,2025-04-06,8855.713963000382,9042.29063113901,57539.72738448846,59251.43181075639,3287.7045546506088,1576.000128382687,0.0,34272.31368376763,350.38905776928846,3274.8979216609187,37196.82254765926,0.0,37196.82254765926,20272.786969018664,16253.038443580352,1988.964001984747
0.75,2025-04-08,2025-04-07,2025-02-11,2025-04-07,9042.29063113901,8810.017894476408,66659.33326341207,60202.52257314928,306.8297766433628,6763.640466906154,0.0,40158.58913202927,1926.9770863386798,487.25864725430984,38718.870692944896,0.0,38718.870692944896,20275.20199540738,16631.95907927632,2206.0860403515544
0.75,2025-04-09,2025-04-08,2025-02-12,2025-04-08,8810.017894476408,8926.473057061523,65303.42134246105,65909.5507743579,2047.6369470621155,1441.5075151652736,0.0,39017.45650440562,518.1037414003063,1853.4494380554827,40352.802201060804,0.0,40352.802201060804,21017.751496925695,16919.56906618321,2677.0573269487363
0.75,2025-04-10,2025-04-09,2025-02-13,2025-04-09,8926.473057061523,4288.012988920293,58081.2247282444,56734.9800813147,2211.1731520559124,3557.4177989856153,0.0,36272.33155138742,1127.8996126844017,1777.2791390682737,36921.711077771295,0.0,36921.711077771295,15583.364023728096,16797.138920546866,3488.1170781334645
0.75,2025-04-11,2025-04-10,2025-02-14,2025-04-10,4288.012988920293,4121.670316386473,26295.20849563017,27028.679742705986,733.4712470758168,0.0,0.0,13122.009867210694,0.0,990.4510125331672,14112.460879743861,0.0,14112.460879743861,14092.628210808285,11564.737256035145,19184.138621266186
0.75,2025-04-12,2025-04-11,2025-02-15,2025-04-11,4121.670316386473,9218.543054709453,33548.653624141065,33168.572919942264,169.98239199066882,550.0630961894631,0.0,16774.005079385828,240.7985474372906,262.43792063334985,16795.644452581888,0.0,16795.644452581888,18946.94954648896,10759.843668165375,15956.306491618681
0.75,2025-04-13,2025-04-12,2025-02-16,2025-04-12,9218.543054709453,9065.525710099037,60718.80201921171,59730.310536767574,455.3155987578954,1443.807081202045,0.0,36122.68068757548,342.4512356060011,604.8854923881049,36385.11494435758,0.0,36385.11494435758,20079.945289874002,16402.471294947318,1776.4780585075548
0.75,2025-04-14,2025-04-13,2025-02-17,2025-04-13,9065.525710099037,8872.234804448679,64164.10712145375,56590.6561903684,220.44923037369472,7793.900161459037,0.0,38599.330502084296,2516.639804927592,379.8362823666229,36462.52697952333,0.0,36462.52697952333,20122.555446933628,16473.231727101556,413.3006705363265
0.75,2025-04-15,2025-04-14,2025-02-18,2025-04-14,8872.234804448679,8974.58046154659,56256.0223061407,56398.613685473356,1521.923487638555,1379.3321083058968,0.0,33446.131843657786,299.0923423780068,1737.2766082327084,34884.31610951249,0.0,34884.31610951249,19808.57177078815,15952.832042950284,2403.445124302153
0.75,2025-04-16,2025-04-15,2025-02-19,2025-04-15,8974.58046154659,8968.341039996434,62752.910703206115,61915.14945649642,1351.2672938382289,2189.028540547921,0.0,36788.66300274474,489.4193452929029,1824.0779423428849,38123.32159979472,0.0,38123.32159979472,19784.502560224028,16031.0625531766,2382.1174994490025
0.75,2025-04-17,2025-04-16,2025-02-20,2025-04-16,8968.341039996434,4009.4179386731685,50503.97386146487,53089.970226168516,3318.4830599646148,732.4866952609639,0.0,31866.57336211291,224.50562266481535,2465.9911965912415,34108.058936039335,0.0,34108.058936039335,14789.679438691172,16442.671136530786,1874.6195740081275
0.75,2025-04-18,2025-04-17,2025-02-21,2025-04-17,4009.4179386731685,3981.4204530401935,26325.08081358235,26610.47775596327,285.3969423809226,0.0,0.0,13162.813385250884,0.0,384.1376082085269,13546.95099345941,0.0,13546.95099345941,13259.443003580245,10765.346569969677,17762.26413901937
0.75,2025-04-19,2025-04-18,2025-02-22,2025-04-18,3981.4204530401935,9021.484487055122,32019.9453570416,32834.48871022751,814.5433531859131,0.0,0.0,15300.035821710235,0.0,1146.8007614219646,16446.8365831322,0.0,16446.8365831322,18849.39849384563,10731.955149401521,17932.36611578341
0.75,2025-04-20,2025-04-19,2025-02-23,2025-04-19,9021.484487055122,9265.702323714835,57727.86403258621,58374.129765736885,1954.5220639040679,1308.2563307533983,0.0,34559.054022219396,291.29480601732524,2013.6475832739338,36281.406799476004,0.0,36281.406799476004,20098.081362332938,16059.649850495942,2377.9533705665517
0.75,2025-04-21,2025-04-20,2025-02-24,2025-04-20,9265.702323714835,8926.143072334447,61225.60370719613,55137.60396255799,220.92946488741973,6308.929209525572,0.0,36366.60077630002,1694.8374603640398,380.4845062197766,35052.247822155754,0.0,35052.247822155754,18314.65516968215,15140.4740136849,3446.5124232273934
0.75,2025-04-22,2025-04-21,2025-02-25,2025-04-21,8926.143072334447,9045.068445795217,54565.22029909342,57992.98342203084,3427.7631229374274,0.0,0.0,32659.263955584,0.0,3336.9086489160554,35996.172604500054,0.0,35996.172604500054,19561.008484510232,15737.384036338595,2016.429657192533
0.75,2025-04-23,2025-04-22,2025-02-26,2025-04-22,9045.068445795217,9182.052053914278,52583.06342784756,57291.76871306707,4708.705285219505,0.0,0.0,31634.792371084914,0.0,4172.051049270258,35806.84342035517,0.0,35806.84342035517,19179.033263546888,15411.731696165829,2124.550429019341
0.75,2025-04-24,2025-04-23,2025-02-27,2025-04-23,9182.052053914278,3398.8370931129703,47987.799271295524,48740.416423292336,1209.8393473953583,457.2221953985445,0.0,29882.42261440465,96.86865608283884,1642.6722993154845,31428.2262576373,0.0,31428.2262576373,12580.176015451449,15394.836037236852,4464.9697450777385
0.75,2025-04-25,2025-04-24,2025-02-28,2025-04-24,3398.8370931129703,3155.0978023277744,25822.58087966198,25377.149418193578,0.0,445.4314614684027,0.0,12959.793796310321,208.09401608654596,0.0,12751.699780223775,0.0,12751.699780223775,12776.980298209877,10568.719403256677,21168.530873240376
0.75,2025-04-26,2025-04-25,2025-03-01,2025-04-25,3155.0978023277744,8906.631001197535,32358.36016512723,32625.970148269542,267.8309377454265,0.22095460310970338,0.0,15642.501841047198,0.04680923266879066,371.1954099038611,16013.650441718391,0.0,16013.650441718391,19172.02236415638,10352.958235983882,23736.712386763716
0.75,2025-04-27,2025-04-26,2025-03-02,2025-04-26,8906.631001197535,8893.342100863507,53639.30869793553,55423.68706955978,2398.88640356779,614.5080319435308,0.0,32108.895058289876,151.59230732443467,2297.6046389967664,34254.90738996221,0.0,34254.90738996221,20096.684131842874,16290.274157093354,3043.8059114769285
0.75,2025-04-28,2025-04-27,2025-03-03,2025-04-27,8893.342100863507,9011.760259312545,65766.65472462354,63839.2780334401,1811.27013644399,3738.646827627433,0.0,38571.27137570361,987.5353637854679,1608.5245574893147,39192.26056940746,0.0,39192.26056940746,19673.938034031606,15829.313464961473,3372.6861477032953
0.75,2025-04-29,2025-04-28,2025-03-04,2025-04-28,9011.760259312545,9140.8572823252,55417.50207335643,55890.4376071532,1222.5963250919172,749.6607912951488,0.0,33138.18971168982,165.54562153956576,1677.3333699403538,34649.97746009061,0.0,34649.97746009061,17908.810379889597,14389.949086999182,4938.362597596116
0.75,2025-04-30,2025-04-29,2025-03-05,2025-04-29,9140.8572823252,8797.011752434068,52411.67381006842,52731.24035769382,380.7326650690574,61.16611744365548,0.0,31896.288748709703,37.90629206878851,289.70553884653583,32148.087995487454,0.0,32148.087995487454,18469.731349146554,15269.943369710732,1274.5979449246724
0.75,2025-05-01,2025-04-30,2025-03-06,2025-04-30,8797.011752434068,1890.333938728394,48803.63645577285,48628.431488725764,406.928046750632,582.1330137977193,1231.6633632719509,30679.780544123973,136.36427295058274,722.770782554121,31266.18705372751,7725.471428488527,38991.65848221604,12881.27305890216,16649.84121004586,2617.2842031414075
0.75,2025-05-02,2025-05-01,2025-03-07,2025-05-01,1890.333938728394,2166.4537123518508,28802.998618539095,28954.135561255876,269.3772088674106,118.24026615062732,915.6196404696726,14535.248855417874,54.284939003004666,457.8607243947712,14938.824640809642,5251.033727276261,20189.858368085905,14066.378479035022,11145.258771757255,12658.31541111445
0.75,2025-05-03,2025-05-02,2025-03-08,2025-05-02,2166.4537123518508,8379.859683592591,34243.49380476681,34424.77964444627,185.4926438868432,4.206804207369601,1274.2389644623904,16388.770214686345,1.9072141627470176,268.5196286002023,16655.3826291238,7246.642736776612,23902.02536590041,19944.807453761776,10563.228663430375,17450.26816857727
0.75,2025-05-04,2025-05-03,2025-03-09,2025-05-03,8379.859683592591,8209.303464407407,60255.65351048697,55706.6766485716,799.5505555971444,5348.527417512513,1112.6370874366341,35585.72645944389,1478.6409522091435,1525.7254230202184,35632.81093025497,6949.488690753889,42582.29962100886,17256.460973196154,14131.23398555555,1959.4194150343005
0.75,2025-05-05,2025-05-04,2025-03-10,2025-05-04,8209.303464407407,8257.573442606292,62428.55783510287,59391.33228598841,620.6174520304095,3657.843001144879,888.4972559444019,37457.24162776753,1267.8067472826165,1182.0141453772617,37371.44902586217,5758.414667230383,43129.86369309256,19589.94248792673,15824.410434841664,1438.2906888477373
0.75,2025-05-06,2025-05-05,2025-03-11,2025-05-05,8257.573442606292,8056.609096407406,53252.0332117612,58087.00800271239,5049.760620992771,214.78583004157167,847.7280639253273,32031.871176871828,58.54021327036289,5108.672030413605,37082.00299401507,5344.71230106789,42426.71529508296,19107.75363186712,15658.148353391363,2615.0484214952985
0.75,2025-05-07,2025-05-06,2025-03-12,2025-05-06,8056.609096407406,8229.161317611113,57165.5576090535,60141.675249296575,3033.539859762808,57.422219519730504,898.9723993499086,34520.12779490206,25.417049169714055,2698.211810830966,37192.92255656331,5873.275996364232,43066.19855292754,20471.24900133689,16426.414691999555,1927.9673893091503
0.75,2025-05-08,2025-05-07,2025-03-13,2025-05-07,8229.161317611113,2689.642501247841,58495.096686700956,54286.740988374906,548.8089371247662,4757.1646354508175,349.0028776001708,35400.95289633961,1133.0858113729494,894.1082765437336,35161.9753615104,1913.743603562407,37075.718965072796,13259.646953800966,15725.880967305733,1275.4654794798405
0.75,2025-05-09,2025-05-08,2025-03-14,2025-05-08,2689.642501247841,3053.278977408736,27779.75845137071,28193.68967411083,493.1695908382728,79.238368098158,298.5889269023766,14014.893696700787,34.18393434943316,785.9030053845217,14766.612767735875,1640.6812486585495,16407.294016394426,13596.817795106761,10686.149585491676,17082.224541398118
0.75,2025-05-10,2025-05-09,2025-03-15,2025-05-09,3053.278977408736,8422.7103553335,33786.332794827744,34246.14726220193,465.980611365194,6.1661439910087665,312.9096778061453,16555.60073456555,1.299239839801048,648.833910843613,17203.13540556936,1668.3617715195342,18871.497177088895,18915.849018253917,10489.349464653384,14011.512103074208
0.75,2025-05-11,2025-05-10,2025-03-16,2025-05-10,8422.7103553335,8457.029993860926,62718.16360032903,60278.46870933076,782.8838556519959,3222.578746650275,523.2355116726307,36935.74235933488,772.8551601494996,1166.925895442477,37329.813094627854,3640.175289419938,40969.98838404779,18859.384256598634,15245.213573170211,1703.4544542416238
0.75,2025-05-12,2025-05-11,2025-03-17,2025-05-11,8457.029993860926,8681.233743318619,55205.99116785001,57621.611134334984,2969.252573151649,553.6326066666666,94.94156775110741,33245.90124000116,113.85454556099998,3087.52225158646,36219.56894602662,566.3095483414654,36785.87849436808,17475.339027523576,13953.241237782175,2263.2596790113607
0.75,2025-05-13,2025-05-12,2025-03-18,2025-05-12,8681.233743318619,8717.880950963627,64889.59361987917,59347.883800194606,1101.7163159493302,6643.426135633892,154.2681228956131,38117.91806503889,1721.2870454539814,1478.9879588641445,37875.618978449056,934.0613715293227,38809.68034997838,18586.71880011831,15022.259741215325,2808.480097520569
0.75,2025-05-14,2025-05-13,2025-03-19,2025-05-13,8717.880950963627,8498.807715900006,62657.252761523334,58929.47675793551,1443.1735776058586,5170.94958119369,5.976615188679307,37988.92653683972,1577.3765504814714,1052.1932930186963,37463.74327937693,36.5350486483966,37500.278328025335,18264.9408200856,14991.767975826591,2648.1317455318426
0.75,2025-05-15,2025-05-14,2025-03-20,2025-05-14,8498.807715900006,3135.0358481812873,54743.79078644169,52870.44790286031,1467.2474761787926,3340.5903597601805,0.0,35486.040470023276,1205.420333393659,1017.32056457783,35297.940701207444,0.0,35297.940701207444,12878.068583983892,15258.630233973796,2485.95126951688
0.75,2025-05-16,2025-05-15,2025-03-21,2025-05-15,3135.0358481812873,2545.6370712399316,27423.686603660164,26655.931849045934,0.0,767.7547546142274,0.0,14755.146381657605,399.4732977853938,0.0,14355.673083872212,0.0,14355.673083872212,12134.190231751136,10359.15298696564,22165.388070927103
0.75,2025-05-17,2025-05-16,2025-03-22,2025-05-16,2545.6370712399316,8830.590382425076,34923.9226617773,34805.53401592787,88.6270941835428,207.0157400329795,0.0,17779.248853223915,91.82856566773123,151.87763933188262,17839.297926888066,0.0,17839.297926888066,19273.016013138367,9954.684990575455,15038.403910031617
0.75,2025-05-18,2025-05-17,2025-03-23,2025-05-17,8830.590382425076,9131.217967032688,66702.53998959628,60972.502984010345,154.69358026827047,5884.730585854207,5.2366666666667925,39818.11354567358,1499.0369903404876,261.0365210623065,38580.1130763954,35.31869833333418,38615.43177472873,18658.002985488518,14842.417592098847,3485.9861572873424
0.75,2025-05-19,2025-05-18,2025-03-24,2025-05-18,9131.217967032688,8765.516922862556,59619.47371418179,56918.354144964804,367.4064403667508,3068.526009583734,67.00333333333344,35847.311611378325,692.415159288669,441.74492072649184,35596.64137281615,451.90398166666745,36048.54535448282,17040.28676053891,14131.763215789639,6561.617383548862
0.75,2025-05-20,2025-05-19,2025-03-25,2025-05-19,8765.516922862556,8692.981410096305,59654.03687638021,59851.696364202166,1434.7650401465748,1237.105552324624,0.0,36003.346858163626,305.1486057861188,1235.437172432862,36933.635424810374,0.0,36933.635424810374,18318.754882953064,14903.473416681612,1909.020081264044
0.75,2025-05-21,2025-05-20,2025-03-26,2025-05-20,8692.981410096305,8815.24494574791,55838.67747322633,58074.42349153799,2330.7406024653715,94.99458415371373,0.0,34539.58457647071,48.183087853260666,2041.9011809024378,36533.30266951989,0.0,36533.30266951989,17508.612019914755,14071.938554044502,3275.134742334399
0.75,2025-05-22,2025-05-21,2025-03-27,2025-05-21,8815.24494574791,3323.3457361709475,51747.27191184388,50458.17862822792,0.0,1289.0932836159632,2.57000000000005,33469.28614177476,439.80331452569555,0.0,33029.48282724906,17.333365000000338,33046.81619224907,11589.491548422586,14330.197442841561,2384.823705980234
0.75,2025-05-23,2025-05-22,2025-03-28,2025-05-22,3323.3457361709475,3426.078515934348,27035.039365614874,27993.864274083753,1029.5713491084143,70.74644063953633,0.0,14378.941762331116,43.24729916294856,1487.7892324700938,15823.48369563826,0.0,15823.48369563826,12270.379306303155,9846.547736318498,19149.083820765758
0.75,2025-05-24,2025-05-23,2025-03-29,2025-05-23,3426.078515934348,9567.656489903009,34808.71787899242,34290.41176394281,0.0,518.3061150496103,0.0,18130.10336644906,268.7152755695963,0.0,17861.388090879464,0.0,17861.388090879464,19079.37170727473,9926.870906320737,21383.409579655487
0.75,2025-05-25,2025-05-24,2025-03-30,2025-05-24,9567.656489903009,9286.086174480175,60572.552801232596,57587.06388885485,346.88189282618805,3332.3708052039265,0.0,36695.93548870341,759.5804148003239,450.2014349004538,36386.55650880355,0.0,36386.55650880355,16042.29330293953,13247.670859261569,6247.431261843562
0.75,2025-05-26,2025-05-25,2025-03-31,2025-05-25,9286.086174480175,9249.923560140298,58563.99632403438,61082.8797372045,2717.9175505206267,199.03413735050174,0.0,36075.26310051739,105.60106133122811,1856.8979620468795,37826.56000123305,0.0,37826.56000123305,18734.411586752693,15207.419738175571,2976.0549386273756
0.75,2025-05-27,2025-05-26,2025-04-01,2025-05-26,9249.923560140298,9122.830654476837,55287.28228096262,56313.37890277716,1144.214491599002,118.11786978445605,0.0,34546.41401474486,60.76840742095363,785.5702721044738,35271.21587942838,0.0,35271.21587942838,17312.779922752503,14137.73535252664,3747.9670325513043
0.75,2025-05-28,2025-05-27,2025-04-02,2025-05-27,9122.830654476837,9410.555930038596,64024.80037619172,60000.05426644496,437.36623746276064,4462.112347209514,0.0,38452.53492179475,1050.3680936092878,592.3914651794987,37994.55829336496,0.0,37994.55829336496,18224.8815983268,14503.201346639125,4004.549914757288
0.75,2025-05-29,2025-05-28,2025-04-03,2025-05-28,9410.555930038596,3308.2120143836014,55182.082911006495,55201.442959257925,2085.875078160224,2066.5150299087945,17.817433333333497,34770.55749319664,472.1803101405605,1568.1504076245478,35866.52759068063,119.77769558333443,35986.30528626396,12002.259279334488,15213.939540350428,4320.817153607204
0.75,2025-05-30,2025-05-29,2025-04-04,2025-05-29,3308.2120143836014,3845.245959449981,27905.45289120428,28007.73084119955,110.03551203557367,7.757562040301366,0.0,15285.33356681444,4.046510993176434,152.77664109866825,15434.06369691993,0.0,15434.06369691993,12680.24152047217,9787.665081022718,18518.92113508343
0.75,2025-05-31,2025-05-30,2025-04-05,2025-05-30,3845.245959449981,9740.561879221921,36960.063261495015,35414.635570262704,0.0,1545.4276912323144,0.0,19747.252574246304,708.9082979459749,0.0,19038.344276300333,0.0,19038.344276300333,18583.645454192847,9746.968490101457,18188.77705617131
0.75,2025-06-01,2025-05-31,2025-04-06,2025-05-31,9740.561879221921,7780.912138777779,78298.11097270952,73953.3763437535,4559.799687793955,8904.534316749985,571.4818571992938,48082.31220389946,2887.1993439459766,6685.255293668226,51880.36815362171,3441.0525397865267,55321.42069340824,18498.65767612224,16747.597484058737,1548.9717088892808
0.75,2025-06-02,2025-06-01,2025-04-07,2025-06-01,7780.912138777779,7723.164953538123,81491.41994486284,73143.81201630738,1569.6325842944148,9917.240512849865,337.11729154764873,50226.23315425409,2995.9650457841008,3000.4538314120928,50230.72193988209,2030.452095332089,52261.17403521418,21311.776615844985,17314.511525550133,842.8567675601674
0.75,2025-06-03,2025-06-02,2025-04-08,2025-06-02,7723.164953538123,7933.69700088889,75471.75745589653,75426.19052414387,4350.122746013835,4395.689677766494,296.9655645960138,46032.89835893358,1125.94578862058,6233.605934286253,51140.55850459925,1718.8119149263869,52859.370419525636,19223.217567089137,15381.327386726502,3688.8990750439225
0.75,2025-06-04,2025-06-03,2025-04-09,2025-06-03,7933.69700088889,7924.001793943823,85859.36537982167,75005.83806384959,831.0463328904048,11684.573648862488,219.61118592509484,53181.44546304816,3655.7850833506855,1458.687102613095,50984.347482310564,1422.043007422064,52406.39048973263,20747.943480511745,16814.559905465077,1646.8048580613465
0.75,2025-06-05,2025-06-04,2025-04-10,2025-06-04,7924.001793943823,1560.7542911296289,67919.28886689966,68949.78358884444,5740.107316540995,4709.612594596225,404.1615498177413,42222.87388010722,1122.4820076615324,7736.0261039936395,48836.41797643932,2499.4544685431356,51335.872444982466,14134.122878309103,17175.562283963158,1246.0665276495633
0.75,2025-06-06,2025-06-05,2025-04-11,2025-06-05,1560.7542911296289,1950.449848969135,35102.93342185872,36465.341903630004,2693.6596288624664,1331.25114709117,308.82460667406383,19693.443318676065,480.1742166362029,4247.228125314038,23460.497227353902,2068.9636123253385,25529.460839679246,14655.140989662814,11519.938199571323,2783.9683202125825
0.75,2025-06-07,2025-06-06,2025-04-12,2025-06-06,1950.449848969135,8251.736936742362,46620.06392465706,47155.83530066294,1412.437445589149,876.6660695832646,134.0648505380969,23969.97412804183,222.68615363734062,2326.0364614848813,26073.32443588937,935.2363973537639,27008.560833243137,20925.93911852967,11278.852307013125,6516.3001730178285
0.75,2025-06-08,2025-06-07,2025-04-13,2025-06-07,8251.736936742362,8857.781896829212,75642.32150513215,70497.84110163478,1814.7975016279909,6959.277905125358,71.55547982070925,46366.11525540238,1857.5479233570186,2130.557005484441,46639.1243375298,482.86706111185316,47121.99139864165,19921.154672818288,15590.694820904653,1054.0134628751907
0.75,2025-06-09,2025-06-08,2025-04-14,2025-06-08,8857.781896829212,8670.94890082698,83713.08425025834,76680.82110810434,154.84202796279635,7187.105170116806,53.62474297917436,52708.05538997175,2348.447029278702,279.73478274873213,50639.34314344178,361.4092210700302,51000.75236451181,21217.165090626135,17354.053419809185,1938.6214469332265
0.75,2025-06-10,2025-06-09,2025-04-15,2025-06-09,8670.94890082698,8716.74859702038,78337.76703472393,77897.94534362887,1178.2897050870565,1618.1113961821015,4.401290906485542,48552.20947482595,419.4740456758104,1519.8333405486583,49652.56876969879,29.759328464201992,49682.32809816299,21794.65994119287,17612.454825792167,2101.697285801338
0.75,2025-06-11,2025-06-10,2025-04-16,2025-06-10,8716.74859702038,8982.8443114688,83886.15363002734,82292.84534345148,1724.183758222023,3317.4920447979016,18.303655914296428,53148.88682249059,1273.3937203932737,2051.8960849199157,53927.38918701723,123.53400884090308,54050.92319585814,23647.616662713142,18915.083353794067,1494.1693737800306
0.75,2025-06-12,2025-06-11,2025-04-17,2025-06-11,8982.8443114688,3677.3371093065202,75652.11686688651,72223.0853811126,230.8073535371591,3659.8388393110754,0.0,48867.7103090797,1220.9786348096532,427.4308097024806,48074.16248397253,0.0,48074.16248397253,15546.12760999957,17367.3198460457,1591.8861838253883
0.75,2025-06-13,2025-06-12,2025-04-18,2025-06-12,3677.3371093065202,3632.4921317033964,35163.88085942622,35055.959363174494,292.43861480298614,400.36011105471516,0.0,20315.960581363623,162.54659666969064,519.2156705429329,20672.629655236866,0.0,20672.629655236866,13254.777058837753,10776.729897501395,4232.598501838138
0.75,2025-06-14,2025-06-13,2025-04-19,2025-06-13,3632.4921317033964,9142.158414930573,42401.945916166325,41882.61364847935,506.7539324795986,1026.0862001665632,0.0,23610.98914634682,433.0541258494292,941.1292372388527,24119.064257736245,0.0,24119.064257736245,18893.177751950498,10344.774324175443,7140.867470704301
0.75,2025-06-15,2025-06-14,2025-04-20,2025-06-14,9142.158414930573,9779.027371771419,78474.28639917864,79084.86444348373,1103.1294763740525,492.5514320689779,0.0,49203.73709658504,229.80605248316104,875.2813803403467,49849.21242444224,0.0,49849.21242444224,22592.99668411232,17727.14525297422,3592.0386790122925
0.75,2025-06-16,2025-06-15,2025-04-21,2025-06-15,9779.027371771419,9639.776481383635,81152.74279074355,79324.16591911542,1036.031808846468,2864.6086804746096,0.0,51115.99805175145,1022.555079289104,1247.303208665102,51340.74618112744,0.0,51340.74618112744,21689.213121780216,17693.58842999098,2634.4884106595105
0.75,2025-06-17,2025-06-16,2025-04-22,2025-06-16,9639.776481383635,9363.78290499673,82994.45482956688,81616.78811443396,906.7431318281857,2284.409846961083,29.30416123493592,52335.433578124546,829.4124165215939,1062.9878251454713,52569.00898674842,198.1827926235382,52767.19177937196,21925.333294432734,18007.914187238726,3091.6619518082425
0.75,2025-06-18,2025-06-17,2025-04-23,2025-06-17,9363.78290499673,9603.318848504188,84138.20047282256,79548.56709701549,364.63624686427465,4954.269622671357,0.9317401215606651,52764.89155268584,1705.1596673073761,352.95344578812905,51412.68533116659,6.280860159440444,51418.966191326035,20327.592745714595,16249.767774872116,4543.282966294557
0.75,2025-06-19,2025-06-18,2025-04-24,2025-06-18,9603.318848504188,4058.373088085989,72905.43672297889,70677.58627739799,2536.143839934648,4763.994285515535,30.32339166666668,46958.99107386573,1632.840743511936,2829.1602075477026,48155.3105379015,204.42514492083342,48359.73568282233,15069.075431242276,17196.40228368262,4575.73232150501
0.75,2025-06-20,2025-06-19,2025-04-25,2025-06-19,4058.373088085989,4408.176052490387,36144.085716888585,35090.51044631754,0.0,1053.575270571048,0.0,21776.81567873196,526.9859853842164,0.0,21249.829693347743,0.0,21249.829693347743,12681.914508209944,9957.528083686095,9965.543171793694
0.75,2025-06-21,2025-06-20,2025-04-26,2025-06-20,4408.176052490387,10436.638776474765,42110.63972886976,41603.462508379045,0.0,507.1772204907196,0.0,23892.084888448437,232.74260013102975,0.0,23659.342288317406,0.0,23659.342288317406,19381.61881882031,10273.494791658506,13160.598081217247
0.75,2025-06-22,2025-06-21,2025-04-27,2025-06-21,10436.638776474765,9887.244825019423,77502.79830474683,74980.69147783305,1681.369805273434,4203.476632187194,0.0,48326.909814817285,1154.7065927465205,1965.5429400070857,49137.74616207785,0.0,49137.74616207785,19576.4557833546,16351.38374082704,4298.278335305501
0.75,2025-06-23,2025-06-22,2025-04-28,2025-06-22,9887.244825019423,9797.774784587675,79085.08584656395,74627.52840376037,0.0,4457.557442803576,0.0,50360.45378766427,1593.2830884015248,0.0,48767.17069926273,0.0,48767.17069926273,20828.51652185663,16951.621419092447,3689.3473009961917
0.75,2025-06-24,2025-06-23,2025-04-29,2025-06-23,9797.774784587675,9970.124902452158,90517.18768656925,84889.87134258653,0.0,5627.316343982713,0.0,57988.27751704581,1996.893395350443,0.0,55991.384121695366,0.0,55991.384121695366,22343.67677381696,17943.263080713703,4220.665399483277
0.75,2025-06-25,2025-06-24,2025-04-30,2025-06-24,9970.124902452158,9857.61164673599,81298.20176333847,79082.27441346162,1549.626957211312,3765.5543070881577,0.0,50851.98941897737,1350.3566673235955,1780.848875015814,51282.481626669585,0.0,51282.481626669585,20491.22909531569,16699.157497350265,4852.781448829543
0.75,2025-06-26,2025-06-25,2025-05-01,2025-06-25,9857.61164673599,3939.8699277690994,71169.09184323574,69162.65198101164,337.09009889937147,2343.529961123447,0.0,46744.34259024202,812.3805330296145,349.31097767856915,46281.27303489097,0.0,46281.27303489097,13001.00237714794,15856.779472560032,4471.045243090417
0.75,2025-06-27,2025-06-26,2025-05-02,2025-06-26,3939.8699277690994,4704.058792192694,38014.771986545995,35379.10444134093,0.0,2635.6675452050617,0.0,22867.15887609456,1203.3272047621583,0.0,21663.831671332402,0.0,21663.831671332402,12720.565842428869,9615.888354386148,12502.781086631545
0.75,2025-06-28,2025-06-27,2025-05-03,2025-06-27,4704.058792192694,10279.59850082019,42674.46837313768,41651.62880162578,0.0,1022.8395715119002,0.0,24509.253135141786,508.4812850823045,0.0,24000.771850059482,0.0,24000.771850059482,19234.083944469636,10561.622257255663,11202.240997745146
0.75,2025-06-29,2025-06-28,2025-05-04,2025-06-28,10279.59850082019,10137.625402383277,76354.77318038497,77870.52019910909,3726.7183052598384,2210.9712865357296,0.0,47875.5263611278,829.3535647171354,4028.1502418090486,51074.32303821971,0.0,51074.32303821971,19935.685076585956,16275.680700627849,4942.747289817645
0.75,2025-06-30,2025-06-29,2025-05-05,2025-06-29,10137.625402383277,9697.5552078909,82873.89290746851,78359.9882856466,0.0,4513.904621821917,1.236554046479796,52599.90243480719,1703.6770987112805,0.0,50896.22533609591,8.340557043506223,50904.565893139414,20245.89977074261,16795.24198934465,5032.883074961782
0.75,2025-07-01,2025-06-30,2025-05-06,2025-06-30,9697.5552078909,8593.591058422926,73635.05026693192,82024.05253874419,9934.596860145823,1545.5945883335548,31.896669528555435,46117.021754065245,355.6733026704933,12548.574882961195,58309.923334355946,214.92394418098968,58524.84727853694,19251.233308535957,16587.066714435303,525.2385808387643
0.75,2025-07-02,2025-07-01,2025-05-07,2025-07-01,8593.591058422926,8349.041956967298,70648.2452804423,77996.1259527887,8398.085431606438,1050.2047592600336,104.38250421798125,44638.12347761404,236.62932820424484,8943.514094566548,53345.00824397635,703.8753850890596,54048.88362906541,20146.72847725437,16538.9442578861,1587.9578709717434
0.75,2025-07-03,2025-07-02,2025-05-08,2025-07-02,8349.041956967298,2356.4977347677427,73393.20958407612,79069.55260859663,8865.177587383285,3188.834562862763,55.879164191336486,47231.42509018087,731.0234649441009,11444.413128922624,57944.8147541594,386.23441326760104,58331.049167426994,14041.119219676471,16766.596367917544,2090.489987695708
0.75,2025-07-04,2025-07-03,2025-05-09,2025-07-03,2356.4977347677427,2256.579827039157,36268.64822112226,40452.297921520876,4183.649700398617,0.0,1264.7981724142905,20953.02504918622,0.0,6103.194550278273,27056.219599464494,3037.021995596913,30093.241595061405,13087.93439570482,10691.152977476633,10439.447209040314
0.75,2025-07-05,2025-07-04,2025-05-10,2025-07-04,2256.579827039157,8618.92636870859,44379.864053468154,48599.99858056616,4220.134527098012,0.0,549.9898129444441,24531.575263568513,0.0,6275.353652435095,30806.928916003606,1337.5988230427906,32144.527739046396,19967.098382430162,10447.237802265943,10840.047846679721
0.75,2025-07-06,2025-07-05,2025-05-11,2025-07-05,8618.92636870859,8302.424520774688,74347.60457137352,86745.72709544272,14074.61955575981,1676.4970316906051,119.86384592058846,47120.64050255816,375.44148477436295,15558.245598483732,62303.444616267545,812.0747518238377,63115.51936809138,21308.37645268816,17544.636589817914,3307.8695284930673
0.75,2025-07-07,2025-07-06,2025-05-12,2025-07-06,8302.424520774688,8452.003361515355,75929.93604948217,81476.68328172347,6434.223201170702,887.4759689293935,47.758429757976955,47672.96985181625,251.6658583652065,7342.625314782203,54763.92930823324,322.0237519030455,55085.953060136286,20683.483574619462,16619.00073877516,4050.4761089704807
0.75,2025-07-08,2025-07-07,2025-05-13,2025-07-07,8452.003361515355,9168.093323242845,86130.32371317738,83165.99708512463,1453.4537510582297,4417.780379110993,31.207160268867483,54470.536133718415,1208.7223475601304,2089.747622034073,55351.561408192356,211.67927028790115,55563.24067848026,21845.637578151403,17050.485472747896,2830.6651233233156
0.75,2025-07-09,2025-07-08,2025-05-14,2025-07-08,9168.093323242845,9251.367993217022,85602.65162546761,80634.68320564958,819.1848383846437,5787.153258202678,50.53863830437774,53816.27246047368,1687.2520631024772,1307.0508020976033,53436.0711994688,340.77297885832104,53776.84417832713,20557.778094030597,16576.853053188028,2645.571786444727
0.75,2025-07-10,2025-07-09,2025-05-15,2025-07-09,9251.367993217022,3460.7382841068797,72140.76560065735,71797.37946738557,1442.3206723403953,1785.7068056121807,38.64935741245779,47454.01817446132,476.9223005404729,1548.509615323805,48525.605489244655,260.41984095807834,48786.025330202734,14874.457796511397,17259.87755337336,1367.825198326656
0.75,2025-07-11,2025-07-10,2025-05-16,2025-07-10,3460.7382841068797,3667.549041699898,42881.513792590435,42293.415799405964,465.7944736256168,1053.8924668100908,0.0,25976.60229562315,464.0938190983183,690.3450740411776,26202.853550566007,0.0,26202.853550566007,13778.238416164795,10974.24343525977,6970.643668500932
0.75,2025-07-12,2025-07-11,2025-05-17,2025-07-11,3667.549041699898,9158.906198112492,47851.89234691454,49441.109293698006,1595.1883233841697,5.9713766006957485,0.0,27466.089615826528,1.2638073693861502,2176.068803709886,29640.89461216703,0.0,29640.89461216703,19367.883870480233,10745.764494317653,9734.746584202096
0.75,2025-07-13,2025-07-12,2025-05-18,2025-07-12,9158.906198112492,9094.961289636793,84684.772659244,74894.40875857136,29.586294249116236,9819.950194921757,76.40655144220682,54472.1621404829,3339.018979960718,60.13811360550979,51193.28127412769,514.3768032197804,51707.65807734747,20401.245869872222,16582.55957222463,1884.4086123659781
0.75,2025-07-14,2025-07-13,2025-05-19,2025-07-13,9094.961289636793,9191.586052838249,80735.17174261206,78183.81435555345,1653.2406908838714,4204.5980779425045,5.57404445031716,50360.894639862825,1031.966879987143,2214.3072901917494,51543.23505006742,37.536583579397536,51580.77163364683,19568.87735748696,15763.828372683127,2576.660198533252
0.75,2025-07-15,2025-07-14,2025-05-20,2025-07-14,9191.586052838249,9799.759776009456,88761.58278215503,79682.38559697435,0.0,9079.197185180692,0.0,56041.59651160239,2845.4699946916253,0.0,53196.126516910765,0.0,53196.126516910765,19983.32044187099,15639.133207061423,2589.147778831442
0.75,2025-07-16,2025-07-15,2025-05-21,2025-07-15,9799.759776009456,9709.87485375626,84360.89511525011,79714.54575907213,0.2904662991247733,4646.63982247711,2.570459856310663,54274.0788105775,1569.4566826634145,0.5857979087598866,52705.20792582285,17.367312019162995,52722.575237842015,19092.12347217625,15545.516442490634,4035.945805909495
0.75,2025-07-17,2025-07-16,2025-05-22,2025-07-16,9709.87485375626,4478.836182161663,76605.20230162884,74550.57983708089,1409.5427087497058,3464.1651732976643,7.857744687515492,50163.017631696726,1099.859526948412,1522.7429456705158,50585.90105041883,53.09085198119842,50638.99190240004,14951.171826934033,16818.38398425171,3705.233672419414
0.75,2025-07-18,2025-07-17,2025-05-23,2025-07-17,4478.836182161663,4648.419835716598,46526.426222920076,42844.47247690704,0.0,3681.9537460130355,0.0,28792.753738990228,1518.9794700648094,0.0,27273.77426892542,0.0,27273.77426892542,13228.167746901665,10562.190586790906,8904.24721679628
0.75,2025-07-19,2025-07-18,2025-05-24,2025-07-18,4648.419835716598,9396.222458761838,52746.55744661363,49470.212640909755,0.0,3276.344805703877,0.0,31671.4712519065,1356.2061290881666,0.0,30315.26512281834,0.0,30315.26512281834,18818.587763846004,10970.033727974545,14438.8395550383
0.75,2025-07-20,2025-07-19,2025-05-25,2025-07-19,9396.222458761838,9666.008618312264,88674.16869307656,80897.31835572066,0.0,7776.850337355892,0.0,55958.38028623381,2358.221644033482,0.0,53600.158642200324,0.0,53600.158642200324,19566.562574301934,15606.108141589179,4846.885706341247
0.75,2025-07-21,2025-07-20,2025-05-26,2025-07-20,9666.008618312264,9716.655180519725,89383.97148209748,83443.06935001333,0.0,5940.902132084133,0.0,56971.23583829037,1994.286579470987,0.0,54976.94925881938,0.0,54976.94925881938,20302.401113488,16399.362995938558,5550.281882463913
0.75,2025-07-22,2025-07-21,2025-05-27,2025-07-21,9716.655180519725,9932.404528135216,87813.93701796504,84598.85681629454,1167.080322265772,4382.160523936295,0.0,56277.71176070468,1614.8888912879438,841.2101101084793,55504.032979525226,0.0,55504.032979525226,19993.74079510867,16000.755631184082,6810.727035703272
0.75,2025-07-23,2025-07-22,2025-05-28,2025-07-22,9932.404528135216,9766.679963210809,97704.68537031616,83694.30623095436,0.0,14010.379139361781,6.363624475605775,63235.821726539565,4894.854554681542,0.0,58340.96717185802,42.922647087960954,58383.88981894599,20987.503556871463,17149.029989497856,5645.649171389701
0.75,2025-07-24,2025-07-23,2025-05-29,2025-07-23,9766.679963210809,5641.649111169859,91051.13477722804,78351.17913634883,0.0,12699.955640879209,0.0,60342.033852481676,4418.759958429887,0.0,55923.27389405179,0.0,55923.27389405179,14417.445650693304,15390.658743898432,5707.9202295539635
0.75,2025-07-25,2025-07-24,2025-05-30,2025-07-24,5641.649111169859,5294.0972105152905,45186.48561758087,42973.086917222325,0.0,2213.3987003585457,0.0,27999.444470128634,1090.1104578224513,0.0,26909.33401230618,0.0,26909.33401230618,13867.271580448421,11545.286690752331,14145.782460859571
0.75,2025-07-26,2025-07-25,2025-05-31,2025-07-25,5294.0972105152905,9830.348136182538,51730.29463415078,49796.57005214326,0.0,1933.7245820075207,0.0,30565.06619839028,870.4499183580689,0.0,29694.61628003221,0.0,29694.61628003221,18889.57172585695,11217.927264843605,13655.834024463245
0.75,2025-07-27,2025-07-26,2025-06-01,2025-07-26,9830.348136182538,10035.05213170213,88917.64581979718,82573.5900277824,89.47941551742923,6433.5352075322035,0.0,56810.92407341515,2185.367615751501,96.9026104315173,54722.459068095166,0.0,54722.459068095166,20744.884616815685,16619.122943653074,4762.638554619787
0.75,2025-07-28,2025-07-27,2025-06-02,2025-07-27,10035.05213170213,9901.783952024172,91810.14907101786,86934.89865571113,0.0,4875.250415306735,0.0,58809.37015910947,1888.7092357759298,0.0,56920.66092333355,0.0,56920.66092333355,20868.941753492603,17023.784182039173,5134.863850924368
0.75,2025-07-29,2025-07-28,2025-06-03,2025-07-28,9901.783952024172,9882.301437634023,90014.33522298274,86580.1780856686,159.3813053244619,3593.5384426386117,0.0,57578.94903311058,1434.889114988167,190.05364661214665,56334.113564734565,0.0,56334.113564734565,19932.71900197779,16163.036654553143,6741.2497882439475
0.75,2025-07-30,2025-07-29,2025-06-04,2025-07-29,9882.301437634023,10106.325291941268,82912.36560686753,84512.18949361784,2907.151278308529,1307.3273915582229,0.0,53130.417034598155,616.6217256074017,2721.516616273719,55235.311925264476,0.0,55235.311925264476,19957.72249127257,15964.13374905426,6415.34670139954
0.75,2025-07-31,2025-07-30,2025-06-05,2025-07-30,10106.325291941268,5523.798622772572,81524.54018259264,78573.9480827977,0.0,2950.592099794938,0.0,53130.218692968025,1242.4979435096345,0.0,51887.720749458385,0.0,51887.720749458385,16437.892843483212,17438.96720547323,4880.026178121043
0.75,2025-08-01,2025-07-31,2025-06-06,2025-07-31,5523.798622772572,5614.170054676829,45580.59153566765,42696.22983303886,0.0,2884.361702628784,0.0,28194.527699484388,1370.2337048757302,0.0,26824.29399460866,0.0,26824.29399460866,14098.931852866941,11338.800512108384,18684.73882561364
0.75,2025-08-02,2025-08-01,2025-06-07,2025-08-01,5614.170054676829,9861.125974752225,52701.621531415134,48818.311474409784,0.0,3883.310057005349,0.0,31549.430300002547,1691.7640632967273,0.0,29857.66623670582,0.0,29857.66623670582,18727.65663666035,11347.141547627032,20510.771452043133
0.75,2025-08-03,2025-08-02,2025-06-08,2025-08-02,9861.125974752225,9368.449760624106,75756.96413383922,71158.08425353214,0.0,4598.87988030709,31.48273917143706,48711.28892603584,1554.388535803023,0.0,47156.900390232826,212.16215769485558,47369.06254792768,18255.18965146802,15230.112210404406,5325.009568306624
0.75,2025-08-04,2025-08-03,2025-06-09,2025-08-03,9368.449760624106,10086.833255430807,81634.39364589777,74176.37015686263,0.0,7458.023489035157,0.0,52611.13871537431,2569.023567585208,0.0,50042.11514778911,0.0,50042.11514778911,18519.600190659694,14354.331009108328,4595.445891977916
0.75,2025-08-05,2025-08-04,2025-06-10,2025-08-04,10086.833255430807,9743.331605416453,79226.40529707275,73684.04139894586,0.0,5542.363898126894,0.0,50972.6290380577,1983.5934766095024,0.0,48989.03556144819,0.0,48989.03556144819,17740.970601355155,14679.3376721106,5470.098736367974
0.75,2025-08-06,2025-08-05,2025-06-11,2025-08-05,9743.331605416453,9660.248256148565,87332.0022788514,77094.8373874974,0.0,10237.164891353998,0.0,56888.933518433354,3714.2798863407224,0.0,53174.65363209264,0.0,53174.65363209264,18128.492737759407,14758.854131926215,5610.799514997543
0.75,2025-08-07,2025-08-06,2025-06-12,2025-08-06,9660.248256148565,4750.973604873269,82796.17704057567,67912.48501720524,0.0,14883.69202337043,0.773956046524745,53652.147030429944,4367.85239676968,0.0,49284.29463366027,5.22923402834444,49289.52386768861,13053.814797534409,14991.93717215064,6463.396097867993
0.75,2025-08-08,2025-08-07,2025-06-13,2025-08-07,4750.973604873269,4881.465683666287,44322.3281600585,42531.589877167695,0.0,1790.7382828908076,0.0,26841.023567768247,926.6431047270535,0.0,25914.380463041194,0.0,25914.380463041194,13178.379676235061,10557.044666836684,24135.08361776932
0.75,2025-08-09,2025-08-08,2025-06-14,2025-08-08,4881.465683666287,9649.240035750548,50183.38809636701,48112.68158452386,0.0,2070.7065118431524,0.0,29519.5652749241,1015.8273913212213,0.0,28503.73788360288,0.0,28503.73788360288,18645.65591488273,10811.984374179177,21357.081043820304
0.75,2025-08-10,2025-08-09,2025-06-15,2025-08-09,9649.240035750548,9656.763464696947,82174.61504640886,72960.10668696427,0.0,9214.508359444595,0.0,53090.910283089266,3120.5276506249184,0.0,49970.382632464345,0.0,49970.382632464345,17473.9250908357,14147.108237525154,4328.670783653719
0.75,2025-08-11,2025-08-10,2025-06-16,2025-08-10,9656.763464696947,9454.424530756423,80504.47922413645,73928.49215487829,0.0,6575.987069258158,52.26990103233561,50885.10684703538,1861.5844668716054,0.0,49023.52238016376,352.39762560090605,49375.92000576467,19025.746169193146,15592.95943759292,5986.7219909770665
0.75,2025-08-12,2025-08-11,2025-06-17,2025-08-11,9454.424530756423,9529.914806425662,86641.8414372871,76656.5825777128,0.0,9985.258859574289,16.057000574694598,54867.9920030626,2965.833636782768,0.0,51902.158366279844,107.94318636338444,52010.101552643224,18010.895549600427,14520.884147074034,5422.084525761113
0.75,2025-08-13,2025-08-12,2025-06-18,2025-08-12,9529.914806425662,9745.223843667378,78802.00476928013,75235.95717669089,0.0,3566.0475925892315,29.2879226664611,49801.117582344225,1107.424862445078,0.0,48693.69271989914,197.19681425979377,48890.88953415893,18141.081172324135,14500.497616065006,5503.682093098227
0.75,2025-08-14,2025-08-13,2025-06-19,2025-08-13,9745.223843667378,4397.929074459726,73989.31253927905,69130.96850737254,0.0,4858.3440319065085,32.52259260098219,48875.00536091103,1875.989616742481,0.0,46999.01574416855,223.23754209958406,47222.25328626813,13986.0227445052,16141.243715336097,5392.421087471084
0.75,2025-08-15,2025-08-14,2025-06-20,2025-08-14,4397.929074459726,4488.75382719808,45434.38872973522,41989.43186813346,0.0,3444.956861601757,0.0,27934.286919125934,1644.734317324292,0.0,26289.552601801643,0.0,26289.552601801643,13288.545548927656,10681.979617166882,22223.139053039355
0.75,2025-08-16,2025-08-15,2025-06-21,2025-08-15,4488.75382719808,9571.123917996929,52762.28508283312,47607.306039034,0.0,5154.979043799112,0.0,31831.914943822838,2283.2517742257196,0.0,29548.66316959712,0.0,29548.66316959712,19421.101753760166,11156.959338826771,22413.883257433943
0.75,2025-08-17,2025-08-16,2025-06-22,2025-08-16,9571.123917996929,9438.036059573824,84043.12010369175,73370.90917300842,0.0,10672.210930683334,47.430811705542396,52954.17166284214,3059.293939936455,0.0,49894.8777229057,319.13814603378967,50214.01586893949,18566.53833291316,15158.675122240453,6845.083157374587
0.75,2025-08-18,2025-08-17,2025-06-23,2025-08-17,9438.036059573824,9488.617036785014,81399.56886670124,74481.1887523483,0.0,6918.380114352936,92.27333328790337,52270.089416040675,2458.81436781138,0.0,49811.27504822929,623.9985453486945,50435.27359357799,19330.685078482347,15612.332034080633,6460.993424567821
0.75,2025-08-19,2025-08-18,2025-06-24,2025-08-18,9488.617036785014,9335.007910246331,79878.63573655575,73216.47670571157,0.0,6662.159030844177,81.43639215348287,51068.97072692494,2095.667315305611,0.0,48973.30341161933,549.227258585239,49522.53067020458,17796.65749060008,14553.540781270876,5737.136338535851
0.75,2025-08-20,2025-08-19,2025-06-25,2025-08-19,9335.007910246331,9343.661507462972,89063.2793089529,78182.7170839558,0.0,10880.562224997104,18.734826811380685,56245.6330055194,3444.555267558012,0.0,52801.07773796139,126.52022590474708,52927.59796386614,20708.80647160037,16766.34500450133,3608.299377001479
0.75,2025-08-21,2025-08-20,2025-06-26,2025-08-20,9343.661507462972,4804.838953081342,79193.03565236626,68068.96306429146,0.0,11124.0725880748,0.0,51230.53019987923,3309.1861586743084,0.0,47921.344041204924,0.0,47921.344041204924,13018.054565275655,14629.564496816747,3836.0545124992086
0.75,2025-08-22,2025-08-21,2025-06-27,2025-08-21,4804.838953081342,4734.588047736413,44947.52180229538,42240.45112354415,0.0,2707.0706787512254,0.0,27524.387576213685,1250.9719628394867,0.0,26273.415613374196,0.0,26273.415613374196,13933.254807391968,11349.162208797927,18425.789124950115
0.75,2025-08-23,2025-08-22,2025-06-28,2025-08-22,4734.588047736413,9537.523104945609,49024.11821981501,48160.825865325576,0.0,863.2923544894301,0.0,28383.48634253644,420.3707848982359,0.0,27963.115557638204,0.0,27963.115557638204,18269.312317212785,10475.50142545408,17837.008823566874
0.75,2025-08-24,2025-08-23,2025-06-29,2025-08-23,9537.523104945609,9677.731955306645,79404.58715276278,74090.3895647179,0.0,5314.197588044879,0.0,51525.54414158131,1785.3576129317057,0.0,49740.1865286496,0.0,49740.1865286496,19269.64470901446,15482.22424897678,6569.379621346881
0.75,2025-08-25,2025-08-24,2025-06-30,2025-08-24,9677.731955306645,9545.053775655293,101135.84211285543,79809.3470747823,0.0,21326.495038073153,3.291440639942607,65137.99365028166,7336.581816669008,0.0,57801.411833612656,22.189247074173085,57823.60108068683,19890.62871912647,16230.819624178659,5379.742403807761
0.75,2025-08-26,2025-08-25,2025-07-01,2025-08-25,9545.053775655293,9760.13991702032,79600.57070848315,74439.53116262124,0.0,5161.039545861913,0.0,51652.83901594808,1884.6617311663265,0.0,49768.177284781756,0.0,49768.177284781756,19405.416450543504,15524.809797711716,5030.106126456114
0.75,2025-08-27,2025-08-26,2025-07-02,2025-08-26,9760.13991702032,9325.987673271726,80065.79288945602,77984.93670132173,441.51774725421285,2522.373935388502,5.573795037534751,51736.14362935839,864.479033192434,471.29997789487743,51342.96457406083,37.52836198772148,51380.492936048555,18447.262965451606,15333.02002138954,6962.118685630533
0.75,2025-08-28,2025-08-27,2025-07-03,2025-08-27,9325.987673271726,5062.078324553488,73866.86828443746,74582.06942257899,1532.5270114568884,817.3258733153497,21.21711370899891,47878.01236253574,380.743719474372,1674.6726194204184,49171.94126248178,143.0082273970589,49314.94948987884,15423.469823092568,16330.528970551397,4742.5507004134815
0.75,2025-08-29,2025-08-28,2025-07-04,2025-08-28,5062.078324553488,4986.01006706972,45894.0484312643,43410.41499559571,0.0,2483.63343566859,0.0,28130.33094546963,1159.2458667357573,0.0,26971.08507873387,0.0,26971.08507873387,13954.539292084166,11371.638258323565,18272.29361183511
0.75,2025-08-30,2025-08-29,2025-07-05,2025-08-29,4986.01006706972,9357.053350588618,49909.26117350557,47398.78408811806,0.0,2510.477085387508,0.0,29450.734761316628,1048.7469096526252,0.0,28401.987851664002,0.0,28401.987851664002,18243.663597691837,10843.428558963384,21485.82921605627
0.75,2025-08-31,2025-08-30,2025-07-06,2025-08-30,9357.053350588618,9630.324850283494,77085.87640148035,74253.9966485188,0.0,2831.8797529615363,11.97486723228792,49733.74348184799,1157.8667283057716,0.0,48575.87675354222,80.90819045495333,48656.784943997176,20756.1633060059,16566.547928139393,3429.733054551254
0.75,2025-09-01,2025-08-31,2025-07-07,2025-08-31,9630.324850283494,10800.0,86365.52148623501,68408.50081494577,0.0,17957.020671289243,0.0,54665.83347484736,5613.239174792243,0.0,49052.594300055105,0.0,49052.594300055105,17858.222269810925,13412.452403801995,10388.596415603506
0.75,2025-09-02,2025-09-01,2025-07-08,2025-09-01,10800.0,10800.0,74846.9441612963,67073.5200627502,0.0,7773.424098546084,0.0,47888.325259596895,2634.1188054374984,0.0,45254.20645415939,0.0,45254.20645415939,18617.81932771774,15080.433655451368,9478.378540483845
0.75,2025-09-03,2025-09-02,2025-07-09,2025-09-02,10800.0,10800.0,79270.91973016462,68241.12485941916,0.0,11029.794870745445,0.0,50721.6440129291,3409.470235890195,0.0,47312.1737770389,0.0,47312.1737770389,16584.389735808283,13433.355686004707,9542.373559615588
0.75,2025-09-04,2025-09-03,2025-07-10,2025-09-03,10800.0,7050.675272372537,71849.67699218106,62750.50625501306,0.0,9099.170737168006,0.0,48030.61690458902,3222.6865962500233,0.0,44807.93030833899,0.0,44807.93030833899,13913.004616044804,14643.925993861012,9555.862082829273
0.75,2025-09-05,2025-09-04,2025-07-11,2025-09-04,7050.675272372537,6885.361145334227,40309.25800718983,36263.90718181195,0.0,4045.350825377871,0.0,24891.864151786038,2039.9772624548018,0.0,22851.886889331236,0.0,22851.886889331236,14543.921091479706,11929.358798433044,26825.08322209862
0.75,2025-09-06,2025-09-05,2025-07-12,2025-09-05,6885.361145334227,10800.0,45764.47983419919,42245.74035873281,0.0,3518.739475466388,0.0,26991.89046636293,1682.5613071249286,0.0,25309.329159237997,0.0,25309.329159237997,18696.74867564538,11621.191458073568,27449.099441160994
0.75,2025-09-07,2025-09-06,2025-07-13,2025-09-06,10800.0,10800.0,72359.70947193415,67975.73075190253,0.0,4383.978720031626,0.0,46828.53255702919,1700.680294652488,0.0,45127.852262376706,0.0,45127.852262376706,18349.40466871098,14863.017781655899,9528.360248180788
0.75,2025-09-08,2025-09-07,2025-07-14,2025-09-07,10800.0,10340.254503190068,75838.07965659362,68742.21480318953,81.16561026846665,7177.03046367256,0.0,47854.19693597936,2122.3136237025537,81.74759892228433,45813.63091119909,0.0,45813.63091119909,17987.136139804847,14983.351220370863,6342.860350422214
0.75,2025-09-09,2025-09-08,2025-07-15,2025-09-08,10340.254503190068,10232.778850332308,65053.59432983683,63653.01468183974,371.131894695014,1771.7115426920996,0.0,41837.21824944292,676.5060353148849,383.1439071433215,41543.85612127136,0.0,41543.85612127136,19136.84504968921,15597.572577820247,7010.907943304109
0.75,2025-09-10,2025-09-09,2025-07-16,2025-09-09,10232.778850332308,10164.259375495625,77769.10359462521,71729.28183648891,0.0,6039.821758136297,296.376016666666,48943.656032103434,1962.7332559935683,0.0,46980.92277610986,1462.1306876416631,48443.05346375152,20734.174415201847,16856.348803666515,6831.8335916202395
0.75,2025-09-11,2025-09-10,2025-07-17,2025-09-10,10164.259375495625,6264.8919496682565,71552.55164204875,59105.69773704116,0.0,12446.853905007592,0.0,46544.19535969848,3796.919046049657,0.0,42747.27631364882,0.0,42747.27631364882,14895.780748757254,15575.013089738008,6288.844294688583
0.75,2025-09-12,2025-09-11,2025-07-18,2025-09-11,6264.8919496682565,6377.434162307903,36888.965472513926,35736.82233976785,0.0,1152.143132746081,0.0,21934.325270030567,610.9348742307952,0.0,21323.390395799768,0.0,21323.390395799768,14161.328820409683,11369.388353156162,21393.22567251433
0.75,2025-09-13,2025-09-12,2025-07-19,2025-09-12,6377.434162307903,10766.393946052742,41959.805093922885,40383.46460894134,0.0,1576.3404849815474,0.0,23983.572287575353,767.3352463598252,0.0,23216.237041215525,0.0,23216.237041215525,19244.824621196098,11638.244137798483,24769.78264221039
0.75,2025-09-14,2025-09-13,2025-07-20,2025-09-13,10766.393946052742,10086.32682472047,79764.17180415265,68772.31490994731,0.0,10991.856894205348,0.0,51168.59389677548,3848.58308636555,0.0,47320.01081040992,0.0,47320.01081040992,18512.420926283063,15607.121359488321,5767.690593152558
0.75,2025-09-15,2025-09-14,2025-07-21,2025-09-14,10086.32682472047,9609.367270551302,62587.76207721046,62457.085599289334,205.04464016374402,335.721118084867,114.9690111111104,39998.251095401065,172.41317824570996,229.83161882559216,40055.669535980946,592.1936467222187,40647.863182703164,20501.12977188071,17035.178713975634,4039.0729191620285
0.75,2025-09-16,2025-09-15,2025-07-22,2025-09-15,9609.367270551302,9394.020110420348,76979.26764132627,68334.25172030988,10.303181106750003,8655.319102123129,0.0,47960.99696001363,2587.1083425555626,14.317300465939804,45388.205917924,0.0,45388.205917924,19495.98009727857,15985.556322913508,5332.057962611493
0.75,2025-09-17,2025-09-16,2025-07-23,2025-09-16,9394.020110420348,9514.929137966958,72633.19875189921,67591.80957815358,93.50439325474991,5134.893567000382,7.62916666666672,46029.43416503254,1810.598055129119,113.07068067678784,44331.906790580215,34.70889375000024,44366.615684330216,20119.05397327912,16187.615593564136,3707.8819651052618
0.75,2025-09-18,2025-09-17,2025-07-24,2025-09-17,9514.929137966958,5037.119616407865,59574.71451894618,63304.06887390276,4641.273169524748,911.9188145681704,0.0,38964.55505581583,318.0000717920881,3704.9308646713675,42351.48584869511,0.0,42351.48584869511,15202.177628313624,16343.792448337223,5489.632577259692
0.75,2025-09-19,2025-09-18,2025-07-25,2025-09-18,5037.119616407865,6083.788782866877,35265.86505523979,34431.93985237026,0.0,833.9252028695267,0.0,20459.87700737145,402.55903238478425,0.0,20057.317974986665,0.0,20057.317974986665,14973.615574747328,11186.626365732223,14543.598326688487
0.75,2025-09-20,2025-09-19,2025-07-26,2025-09-19,6083.788782866877,10132.437464688139,39562.160047642035,38519.40607511777,0.0,1042.7539725242682,0.0,22241.40305305693,478.1737406164506,0.0,21763.22931244048,0.0,21763.22931244048,19718.44793945457,12328.159017319074,15483.683419648934
0.75,2025-09-21,2025-09-20,2025-07-27,2025-09-20,10132.437464688139,9402.844727401445,71445.54398514761,67772.90967972216,0.0,3672.6343054254435,0.0,44862.32199669482,1045.9392246094042,0.0,43816.382772085424,0.0,43816.382772085424,17862.60821996213,15125.34612172736,6748.16009815406
0.75,2025-09-22,2025-09-21,2025-07-28,2025-09-21,9402.844727401445,9023.712925325506,73999.24450413557,66008.48700218086,428.34290542351516,8419.10040737823,19.555900000000065,46291.82503121581,2570.8911694217454,628.2798875147215,44349.21374930879,131.78740035000044,44481.00114965878,20225.815572779844,16724.129235820015,1912.3366818876962
0.75,2025-09-23,2025-09-22,2025-07-29,2025-09-22,9023.712925325506,8954.925558721596,72894.1357412364,68736.86483652532,94.92626862240763,4252.197173333508,6.375000000000114,45523.78417315295,1204.0497021160913,165.679917892511,44485.41438892936,42.99618750000077,44528.41057642936,21090.057252008686,17144.855004070552,2681.4220052538394
0.75,2025-09-24,2025-09-23,2025-07-30,2025-09-23,8954.925558721596,9266.423261650887,62650.22790086489,67368.67294161924,4718.4450407543445,0.0,0.0,39680.62079815702,0.0,4170.560090937226,43851.18088909425,0.0,43851.18088909425,20721.163034616846,16503.794125403292,2088.0789324056796
0.75,2025-09-25,2025-09-24,2025-07-31,2025-09-24,9266.423261650887,4992.184168913827,63895.24144738379,64726.78469157588,3047.7393437737132,2216.1960995816316,15.37166666666667,41048.36941519683,486.5436238559285,2932.5790626520434,43494.404853992935,103.4974316666667,43597.902285659606,14650.837576107922,15713.993620110776,5469.863502245392
0.75,2025-09-26,2025-09-25,2025-08-01,2025-09-25,4992.184168913827,5517.681358584481,34502.700396460634,33365.674522515925,0.0,1137.0258739447086,0.0,19570.51956583175,482.3143805636969,0.0,19088.205185268052,0.0,19088.205185268052,14814.01475520053,11526.404481008842,12383.820748324235
0.75,2025-09-27,2025-09-26,2025-08-02,2025-09-26,5517.681358584481,9128.821774069724,37560.4969056073,38374.61913455561,814.1222289483085,0.0,0.0,20474.003355732635,0.0,1133.828432529984,21607.831788262618,0.0,21607.831788262618,19427.550150739873,12486.289248162584,13632.05598197832
0.75,2025-09-28,2025-09-27,2025-08-03,2025-09-27,9128.821774069724,9133.91388655189,69157.42236047122,70997.56102999239,3862.0502159211374,2021.9115463999815,5.868333333333453,43176.2781488904,474.1571205421837,3962.7860038917906,46664.90703224,39.561369166667475,46704.46840140667,19758.410234459938,15999.729388678601,3757.119350877709
0.75,2025-09-29,2025-09-28,2025-08-04,2025-09-28,9133.91388655189,8750.988630405232,71664.46352422217,67592.52172631896,268.108273055769,4340.050070958993,26.015016666666952,44904.56814479547,1353.2278513074061,483.799999671754,44035.14029315983,134.7362566666684,44169.87654982649,21323.049333744817,17616.302690865297,1151.8985001061003
0.75,2025-09-30,2025-09-29,2025-08-05,2025-09-29,8750.988630405232,8995.821453213675,70815.5993971972,72475.73259090901,2366.999845669661,706.8666519578492,31.411150000000134,44705.37722790685,291.70216618970164,2747.2239045752754,47160.89896629242,212.2294349750009,47373.12840126742,21699.29981999712,17356.083313670068,2741.7524679152975
0.75,2025-10-01,2025-09-30,2025-08-06,2025-09-30,8995.821453213675,10314.236858913093,66739.04347576396,62908.59849550652,252.40306376052123,4082.8480440179637,0.0,41220.153918497715,1015.1318697599249,334.5705663667584,40539.59261510456,0.0,40539.59261510456,20916.714361957627,15755.964768056201,8086.327368271758
0.75,2025-10-02,2025-10-01,2025-08-07,2025-10-01,10314.236858913093,7163.415510148286,67671.3777959059,58623.89756618517,146.71671483626403,9194.196944556985,0.0,43570.62604119863,2914.803595156243,258.6024765943896,40914.42492263678,0.0,40914.42492263678,15581.635648655449,15456.864089299239,6768.342890162296
0.75,2025-10-03,2025-10-02,2025-08-08,2025-10-02,7163.415510148286,7244.941764783147,29986.582761826765,30457.326465529142,481.3918762204141,10.648172518041292,0.0,16500.78681763106,6.509227860278641,708.2905162735335,17202.568106044317,0.0,17202.568106044317,15509.718894102289,12489.49867505148,19619.95254647833
0.75,2025-10-04,2025-10-03,2025-08-09,2025-10-03,7244.941764783147,10575.795333626043,36086.48355113961,35880.88246544364,90.24395933738504,295.84504503336143,0.0,19675.873012851433,127.68236838245116,152.52013557780276,19700.710780046786,0.0,19700.710780046786,19197.010976656184,12551.810679132901,16139.699734587019
0.75,2025-10-05,2025-10-04,2025-08-10,2025-10-04,10575.795333626043,10299.387896200187,70567.5870951343,61630.18403854643,632.6632597663875,9570.066316354256,0.0,44098.659149740255,2611.818369421806,882.6905180518797,42369.53129837033,0.0,42369.53129837033,18964.656490245303,15610.13845078197,3539.7049324164304
0.75,2025-10-06,2025-10-05,2025-08-11,2025-10-05,10299.387896200187,10070.414416965166,60249.441661807745,63048.787772997755,3063.8313895733136,264.48527838330654,0.0,38406.076158827156,98.73401415598505,2770.5855206137403,41077.92766528492,0.0,41077.92766528492,19452.525621752906,15962.621884931375,1825.7747861762216
0.75,2025-10-07,2025-10-06,2025-08-12,2025-10-06,10070.414416965166,10249.897490552248,65307.87753416079,65532.56560517435,2219.3287664468107,1994.6406954332556,0.0,40757.88803850067,439.0196539068865,2705.2700610378197,43024.1384456316,0.0,43024.1384456316,19494.84116293453,15629.286575748603,3895.4480179884195
0.75,2025-10-08,2025-10-07,2025-08-13,2025-10-07,10249.897490552248,9731.555545552668,61563.35613567582,61397.17335277066,1061.0442871169535,1227.227070022119,0.0,38102.26858579453,292.0321381967253,1426.5729554324057,39236.80940303021,0.0,39236.80940303021,19631.518937433837,16368.03808982103,1655.1968384911854
0.75,2025-10-09,2025-10-08,2025-08-14,2025-10-08,9731.555545552668,6239.688755982686,67927.39569208826,57166.85196281815,344.8037829750698,11105.347512245171,0.0,42899.265949344895,3241.241308123352,635.2508039692932,40293.27544519084,0.0,40293.27544519084,16577.60972800549,16570.543990297432,1399.8045417767698
0.75,2025-10-10,2025-10-09,2025-08-15,2025-10-09,6239.688755982686,6556.473933929758,31514.613653079236,31569.776809977528,458.346263829932,403.18310693163863,0.0,16897.340915056462,167.7934301672334,809.7758884119105,17539.323373301137,0.0,17539.323373301137,15584.308661022493,12338.183355275858,18980.04058756422
0.75,2025-10-11,2025-10-10,2025-08-16,2025-10-10,6556.473933929758,9620.836349229297,35561.396967240995,35672.816230884724,194.26911113260076,82.84984748887338,0.0,18655.377223580443,31.458471850360706,330.4035788507208,18954.322330580806,0.0,18954.322330580806,18704.35052383502,12392.597750536781,15254.749874253153
0.75,2025-10-12,2025-10-11,2025-08-17,2025-10-11,9620.836349229297,9537.712788567742,65426.93681820888,64247.50817542568,961.3508397172727,2140.7794825004667,20.92993333333345,40175.64714437486,472.232398263,1507.341954033072,41210.75670014493,98.0358077333339,41308.792507878265,19684.395313392975,16019.171408443714,2088.2582204764176
0.75,2025-10-13,2025-10-12,2025-08-18,2025-10-12,9537.712788567742,9480.012691044501,67987.66156032939,62210.996905225664,1159.7017207373901,6936.3663758411185,0.0,41875.029449306436,1870.4021250066085,1545.5726375565655,41550.1999618564,0.0,41550.1999618564,20410.945781343115,16584.796170658836,1357.4519945413824
0.75,2025-10-14,2025-10-13,2025-08-19,2025-10-13,9480.012691044501,9380.010493666692,70961.81725902462,66625.22764230357,1098.4792152372975,5435.068831958353,0.0,43952.33731626555,1466.4173182066293,1468.657259161232,43954.57725722015,0.0,43954.57725722015,20401.064247586568,16614.864018185148,2065.1981295688133
0.75,2025-10-15,2025-10-14,2025-08-20,2025-10-14,9380.010493666692,8953.310081258698,72795.84577894647,66616.2212171646,385.37761292730755,6565.002174709176,0.0,44794.52930184841,2043.1021473050923,656.2863436528164,43407.713498196135,0.0,43407.713498196135,20628.508325312134,17093.122114670026,1160.8113565224935
0.75,2025-10-16,2025-10-15,2025-08-21,2025-10-15,8953.310081258698,6080.568293414947,65930.76216061792,64563.416235654804,1710.3911332243888,3077.737058187494,0.0,41311.77956007462,821.8363216183329,2324.912264414142,42814.85550287043,0.0,42814.85550287043,18113.267991798,17257.21468241576,740.8899762725648
0.75,2025-10-17,2025-10-16,2025-08-22,2025-10-16,6080.568293414947,5882.341280162602,30085.184506104873,31460.69329483853,1375.5087887336535,0.0,0.0,15386.815975937683,0.0,1823.9580859650102,17210.774061902695,0.0,17210.774061902695,15686.814210858734,12884.72382272268,12654.40359003581
0.75,2025-10-18,2025-10-17,2025-08-23,2025-10-17,5882.341280162602,9223.187509508989,35957.27406710328,35396.577792143085,351.05660703977264,911.7528819999635,0.0,18837.42896216606,375.9754168008549,484.6968254561358,18946.150370821342,0.0,18946.150370821342,19019.302969596636,12398.873798961522,12699.55535484131
0.75,2025-10-19,2025-10-18,2025-08-24,2025-10-18,9223.187509508989,8792.362836078395,71107.48371913267,68264.01531689893,436.7472563614298,3280.2156585951843,0.0,43995.78396419196,902.7165601240644,677.2310146116927,43770.298418679595,0.0,43770.298418679595,21213.45643010864,17570.641914475535,735.4782679324819
0.75,2025-10-20,2025-10-19,2025-08-25,2025-10-19,8792.362836078395,8745.912273340884,75999.38727260247,70514.22853371901,215.69442805988064,5700.8531669433505,0.0,47472.398088471935,1905.1905144815719,389.0051922814873,45956.21276627184,0.0,45956.21276627184,21326.096344937843,17315.943545863418,2063.29336797791
0.75,2025-10-21,2025-10-20,2025-08-26,2025-10-20,8745.912273340884,8952.171395545776,74852.74244845526,72595.01962338186,1071.1083036580535,3328.8311287314546,0.0,46132.831924187085,1119.0956626197062,1363.2491774772004,46376.985439044576,0.0,46376.985439044576,21957.406996670725,17599.866457318883,1774.8977340300144
0.75,2025-10-22,2025-10-21,2025-08-27,2025-10-21,8952.171395545776,8445.556755816593,70593.32225392718,70134.72235994252,600.2220041083664,1058.821898093031,166.11275967726056,43513.68637694957,310.61034634179356,921.651322682998,44124.72735329077,1078.5740987527943,45203.30145204357,21159.41767679184,17595.081493957652,1181.6022367855992
0.75,2025-10-23,2025-10-22,2025-08-28,2025-10-22,8445.556755816593,6059.102358283076,79213.85862150008,65559.70332965703,925.979359089,14580.13465093206,0.0,49429.99837004153,4571.508938053128,1380.562209064286,46239.05164105268,0.0,46239.05164105268,19113.993273503926,17630.143509318346,696.3565321381117
0.75,2025-10-24,2025-10-23,2025-08-29,2025-10-23,6059.102358283076,6134.126573679821,32237.060562319213,32894.1488817244,657.0883194051871,0.0,248.9752790778785,16502.688027329896,0.0,901.5939395750268,17404.281966904924,1357.0410857470406,18761.323052651966,16966.975318894834,13675.728214447745,11431.826339688525
0.75,2025-10-25,2025-10-24,2025-08-30,2025-10-24,6134.126573679821,8441.47743724074,35015.464217673994,35556.326932883814,540.8627152098157,0.0,132.931195519665,17737.400870160687,0.0,804.7876169242674,18542.188487084954,665.6577813523071,19207.846268437264,19046.852030049595,13351.334367135343,10595.307732155894
0.75,2025-10-26,2025-10-25,2025-08-31,2025-10-25,8441.47743724074,8803.95938484199,76406.78477879973,69880.50910213345,680.4961489681328,7206.771825634405,0.0,47096.03333053591,2333.3926502419777,1093.268923353271,45855.9096036472,0.0,45855.9096036472,21743.36082307895,17285.888513852824,878.7247762406579
0.75,2025-10-27,2025-10-26,2025-09-01,2025-10-26,8803.95938484199,8488.222986122135,69394.67255313168,70823.9675814836,3195.8030727963687,1766.508044444444,12.524947061470925,42902.2077457591,387.3074761754443,3142.40158250647,45657.301852090124,58.666852035929814,45715.968704126055,21340.151291054855,17569.685304602302,3513.444875425843
0.75,2025-10-28,2025-10-27,2025-09-02,2025-10-27,8488.222986122135,8515.0041749498,69756.85636689447,71589.16963866584,2758.4082676119488,926.0949958405688,0.0,43102.430749066654,212.5682086115293,2910.640888643433,45800.50342909855,0.0,45800.50342909855,21010.313635316325,16994.25097466132,1600.685278010846
0.75,2025-10-29,2025-10-28,2025-09-03,2025-10-28,8515.0041749498,8464.439740685008,77854.4655000837,75128.65628976283,456.1417221333959,3181.950932454262,237.02847120589536,47920.08428166041,940.4374813978435,738.3020344497547,47717.948834712326,1491.969604534272,49209.9184392466,22161.944534858496,17996.6830640737,1888.1664901839258
0.75,2025-10-30,2025-10-29,2025-09-04,2025-10-29,8464.439740685008,6318.074078803116,66756.83954075466,67417.0617933489,1728.5604021148192,1068.3381495205676,115.60135920638879,41565.36684046539,319.3332980992503,2042.5889258836953,43288.62246824983,583.0322606785357,43871.65472892836,19736.88546897735,17918.606325565357,926.5663591432975
0.75,2025-10-31,2025-10-30,2025-09-05,2025-10-30,6318.074078803116,6519.605489081611,34811.74733013645,34087.47454518782,80.7743348156398,805.0471197642747,136.86773051297206,18368.838742626347,313.1339369842268,116.94112587125923,18172.64593151338,669.2320055285699,18841.87793704195,17364.570577536906,13883.923898554254,6839.403530051473
0.75,2025-11-01,2025-10-31,2025-09-06,2025-10-31,6519.605489081611,8716.827778451649,35961.15352497791,36197.7782247001,262.40856605177805,25.78386632958651,0.0,18516.332375905018,9.546155855099675,372.02763530536015,18878.813855355278,0.0,18878.813855355278,19329.519245336567,13679.41052828959,8003.631074319789
0.75,2025-11-02,2025-11-01,2025-09-07,2025-11-01,8716.827778451649,8598.58970717261,75534.40157975024,75143.75408096089,2548.307273564209,2938.9547723535406,256.02046478145974,46906.69550492086,947.5694106697324,2678.807730071966,48637.93382432309,1746.2136662823293,50384.14749060542,21581.25309651954,17587.22927233196,2609.3667882214454
0.75,2025-11-03,2025-11-02,2025-09-08,2025-11-02,8598.58970717261,8755.15017535508,80757.40033077529,75798.70440355604,257.6433183666222,5216.339245585874,0.0,49975.80526781741,1688.1140837188573,443.0247254537046,48730.71590955226,0.0,48730.71590955226,21900.03195460215,17598.12146186352,1991.8636274840696
0.75,2025-11-04,2025-11-03,2025-09-09,2025-11-03,8755.15017535508,8582.479850671045,74683.98167464662,72820.81965145058,587.0713388348809,2450.233362030916,380.4104199781812,46156.49912588968,589.4963059626036,796.706286251412,46363.70910617849,2447.978918253509,48811.688024432,20876.08231562883,17065.029967874987,1810.1056903415902
0.75,2025-11-05,2025-11-04,2025-09-10,2025-11-04,8582.479850671045,8771.720371868507,83192.6396336371,75712.80682864811,168.06297068089236,7647.895775669884,0.0,51838.51980236593,2566.510235964891,293.2582432093075,49565.267809610355,0.0,49565.267809610355,22930.531288914903,18403.413874943355,1507.669348009906
0.75,2025-11-06,2025-11-05,2025-09-11,2025-11-05,8771.720371868507,6756.298052583861,75761.61286618176,75724.97140136416,1605.2084965648712,1641.8499613824688,49.447437423333646,47318.373202984185,488.7847260323856,2096.12957802154,48925.71805497334,238.0424370573952,49163.760492030735,19519.377618474606,17624.57595832061,2510.032628633505
0.75,2025-11-07,2025-11-06,2025-09-12,2025-11-06,6756.298052583861,7045.962272739966,34937.79388612768,35484.970364356115,547.1764782284463,0.0,0.0,18068.5367994825,0.0,782.8450033464178,18851.381802828917,0.0,18851.381802828917,18444.051668734908,14678.984053534783,8401.44096582266
0.75,2025-11-08,2025-11-07,2025-09-13,2025-11-07,7045.962272739966,8696.839182293084,36842.24499494599,36995.32510917226,153.08011422626987,0.0,0.0,19027.38678930457,0.0,194.7321379216143,19222.118927226187,0.0,19222.118927226187,19179.00941823465,14049.208410172263,8074.317001109869
0.75,2025-11-09,2025-11-08,2025-09-14,2025-11-08,8696.839182293084,8587.571205332208,80325.2036600653,77079.25055795188,343.5097049126587,3589.462807026075,3.427256625023368,50123.11613372942,1113.270023299559,466.25448803002894,49476.10059845989,15.902387349680794,49492.00298580957,22174.052490830334,18059.323696837368,1621.1318372506003
0.75,2025-11-10,2025-11-09,2025-09-15,2025-11-09,8587.571205332208,8618.458659,81386.61059437189,80702.916638773,2097.6265371405525,2781.3204927394427,67.90771755445333,50879.63345293504,906.7777408068466,2056.605373949074,52029.461086077274,379.5163496986849,52408.97743577596,22393.945595529833,18111.297224078153,2629.732884875779
0.75,2025-11-11,2025-11-10,2025-09-16,2025-11-10,8618.458659,8629.795740128453,83445.70666759946,77899.58869630523,105.54439878739436,5651.662370081614,0.0,52518.332180758975,1988.6748283885981,185.15149917711736,50714.808851547496,0.0,50714.808851547496,22160.722007653614,17939.98145318382,2119.8284751687775
0.75,2025-11-12,2025-11-11,2025-09-17,2025-11-11,8629.795740128453,8647.25012028918,80033.66565036906,77832.70501476323,997.4513109258958,3198.4119465317417,65.17544166666539,49939.49579090406,889.1494246207442,1054.7188625797396,50105.06522886305,454.6638810666578,50559.729109929714,21752.8773546585,17604.12171512873,2793.1370669001176
0.75,2025-11-13,2025-11-12,2025-09-18,2025-11-12,8647.25012028918,7562.807340515195,76254.02873009021,76045.7708166042,2106.2303181409466,2314.4882316269723,35.8598948424476,47937.43900654001,636.7580253929785,2450.140075299379,49750.82105644641,250.15862642091446,50000.97968286733,20150.424417590108,17297.842280044577,833.1772572344391
0.75,2025-11-14,2025-11-13,2025-09-19,2025-11-13,7562.807340515195,7668.761361671977,35752.01465723278,35626.30614747129,0.0,125.7085097614919,0.0,19021.251875817932,52.09938759623063,0.0,18969.1524882217,0.0,18969.1524882217,17693.934426926964,14236.728266769747,4570.644687314063
0.75,2025-11-15,2025-11-14,2025-09-20,2025-11-14,7668.761361671977,8719.065785157547,40834.63715523416,39893.459759828096,43.70817059512149,984.8855660011809,0.0,21206.67778046034,306.11311826400805,70.21629174634639,20970.780953942678,0.0,20970.780953942678,19261.56457616316,14656.593325555146,7076.601592553415
0.75,2025-11-16,2025-11-15,2025-09-21,2025-11-15,8719.065785157547,8783.061901178615,80401.54551985272,80825.90439978288,1499.8967592934976,1075.537879363329,0.0,50347.57180980425,282.4554222044361,1869.9739235991112,51935.09031119892,0.0,51935.09031119892,22622.0196200463,18266.239387818547,2035.5797842218112
0.75,2025-11-17,2025-11-16,2025-09-22,2025-11-16,8783.061901178615,8797.24810451771,77480.82647233925,80112.5927327324,3701.097205812856,1069.330945419712,0.0,48615.44871804228,299.36285300086047,3696.3759970700667,52012.461862111486,0.0,52012.461862111486,21791.100875286407,17638.024125976808,3263.7616500894687
0.75,2025-11-18,2025-11-17,2025-09-23,2025-11-17,8797.24810451771,8760.250033359442,81448.6700361535,80832.30523321548,61.47160465128309,677.8364075893145,0.0,51018.860968271314,247.11709607809638,102.14796320600641,50873.89183539922,0.0,50873.89183539922,23720.19136724082,19246.6532715075,1468.21530414882
0.75,2025-11-19,2025-11-18,2025-09-24,2025-11-18,8760.250033359442,8545.014046943446,80691.2493995666,82641.24411160845,3466.622625146351,1516.6279131045037,10.212463803895115,50546.538151012974,391.89951301910247,3915.501527809886,54070.14016580376,46.32477838686046,54116.464944190615,22053.03849053407,18056.673565106994,3286.7800499852688
0.75,2025-11-20,2025-11-19,2025-09-25,2025-11-19,8545.014046943446,8068.815897462907,79858.97934449447,80747.73549429217,1581.3367360718557,692.5805862741316,0.0,50068.82685991885,199.08037172480516,1784.1868964267821,51653.93338462083,0.0,51653.93338462083,22620.381077713566,18751.08700748047,2085.365390725753
0.75,2025-11-21,2025-11-20,2025-09-26,2025-11-20,8068.815897462907,8372.271083099999,36685.313060788816,37515.55133778928,831.1215417717158,0.883264771247525,0.0,19502.786973566625,0.2195716716822772,684.8925621632309,20187.459964058173,0.0,20187.459964058173,18235.72951473589,14497.831239862693,4913.268996249419
0.75,2025-11-22,2025-11-21,2025-09-27,2025-11-21,8372.271083099999,8796.575432770498,42236.75553110974,39616.17256581041,77.2462687881553,2697.829234087474,0.0,21861.646605387232,627.5616792805297,122.71722845748113,21356.802154564182,0.0,21356.802154564182,18924.691027123536,14947.125817266608,5418.777872620153
0.75,2025-11-23,2025-11-22,2025-09-28,2025-11-22,8796.575432770498,8705.621620900336,81241.81324712723,81631.3770503367,1691.5823633943094,1302.0185601848339,0.0,51107.71773290627,364.4876388482097,1971.386087348256,52714.61618140631,0.0,52714.61618140631,22268.196299964184,18119.097433654133,2250.181900693323
0.75,2025-11-24,2025-11-23,2025-09-29,2025-11-23,8705.621620900336,8502.601448538768,80173.6015203663,79818.33959942507,726.6279558096434,1081.8898767508622,65.0946642795443,50334.059144797604,295.41314795734854,751.9628516632689,50790.60884850352,391.3381886510897,51181.947037154605,22561.908156218808,18457.86376166265,1617.4461691484594
0.75,2025-11-25,2025-11-24,2025-09-30,2025-11-24,8502.601448538768,8702.083690498652,91912.48620524499,83086.41413135588,0.0,8826.07207388911,0.0,58583.855455757635,2994.555922083452,0.0,55589.29953367419,0.0,55589.29953367419,22417.4682264327,17978.615245646593,2478.900683903111
0.75,2025-11-26,2025-11-25,2025-10-01,2025-11-25,8702.083690498652,8847.744690762858,86736.0284200015,84059.72615578753,620.7395005295284,3297.0417647434797,0.0,54622.099539671966,1065.9317418889764,764.0920091079795,54320.25980689098,0.0,54320.25980689098,23301.616328258766,18743.214325651817,2743.6572698472673
0.75,2025-11-27,2025-11-26,2025-10-02,2025-11-26,8847.744690762858,8276.7855679352,83369.36872273948,81970.63534521793,584.5752446349932,1983.3086221565532,0.0,52756.86151760001,554.9991440607849,608.0140164381395,52809.876389977355,0.0,52809.876389977355,21956.503952481988,18298.63141205531,2531.87007145792
0.75,2025-11-28,2025-11-27,2025-10-03,2025-11-27,8276.7855679352,8176.710689516587,37810.660366203694,38025.39552490112,457.713855459806,242.9786967623739,0.0,20048.41608845519,80.85954409348949,316.360226512484,20283.916770874184,0.0,20283.916770874184,18841.79617711578,15351.922294040538,3614.2830918258824
0.75,2025-11-29,2025-11-28,2025-10-04,2025-11-28,8176.710689516587,8745.31259486278,49461.49925865784,41649.83346832391,0.0,7811.665790333938,0.0,25607.972584733,1873.432683568059,0.0,23734.539901164942,0.0,23734.539901164942,18766.540836492233,14689.156362747137,2642.998894578806
0.75,2025-11-30,2025-11-29,2025-10-05,2025-11-29,8745.31259486278,8682.5414790987,87570.67671397276,87112.27087378466,619.9936766502258,1078.3995168383492,0.0,55229.0717351457,292.56085494349514,712.8234891431371,55649.33436934534,0.0,55649.33436934534,24247.113071092932,19696.65559177295,2316.9852777979986
0.75,2025-12-01,2025-11-30,2025-10-06,2025-11-30,8682.5414790987,9437.44355426418,91072.26832314822,95041.89618622808,4585.555144005138,615.9272809252749,184.6649087153453,58320.02844007035,206.61976729024823,6445.099733780136,64558.508406560235,885.6867542556206,65444.195160815856,25768.2397789304,20192.86235328469,3352.25593596438
0.75,2025-12-02,2025-12-01,2025-10-07,2025-12-01,9437.44355426418,9281.567593701107,93241.96871211387,96689.65772175693,5146.869418719421,1699.1804090763635,12.371761005565077,59658.53784014058,526.5089593833438,7336.79046272477,66468.819343482,71.91321121410856,66540.73255469612,24729.26961553344,20170.996753088853,3505.946670317912
0.75,2025-12-03,2025-12-02,2025-10-08,2025-12-02,9281.567593701107,9401.90066986603,83676.00172474225,95380.77994260425,11704.778217861991,0.0,0.0,53090.34112226568,0.0,13958.772621326665,67049.11374359234,0.0,67049.11374359234,24481.162795697743,19721.44209596674,3458.3106762065663
0.75,2025-12-04,2025-12-03,2025-10-09,2025-12-03,9401.90066986603,9376.167715856911,91261.20962903774,94403.00188936657,5477.310741823375,2335.5184814945474,39.35925663997625,58788.77881284503,894.1439689001916,7828.896540724547,65723.53138466938,215.72097642330561,65939.25236109269,25009.011432298907,20280.458918770328,2942.5998824779654
0.75,2025-12-05,2025-12-04,2025-10-10,2025-12-04,9376.167715856911,9520.520479202847,43266.05194207943,47491.41560032117,5477.924799074462,1252.5611408327213,188.5587009214721,22778.46716509836,280.23086390753315,5629.110609640098,28127.34691083092,928.4229253750888,29055.769836206004,20676.740625375718,16618.242419542996,2309.8484120765816
0.75,2025-12-06,2025-12-05,2025-10-11,2025-12-05,9520.520479202847,9543.94750288795,46259.74533864979,49666.71734860851,4290.456172647417,883.4841626887019,0.0,24335.197623682612,203.09596054672264,5035.484009111927,29167.585672247817,0.0,29167.585672247817,19838.736642004667,16048.29235870719,2211.642248644359
0.75,2025-12-07,2025-12-06,2025-10-12,2025-12-06,9543.94750288795,9299.147113563027,94388.18957401338,94746.10566791962,3537.1401182416594,3179.224024335428,15.195728720121679,60758.25083411935,986.6639779994862,5083.742482346312,64855.32933846617,88.26439027082677,64943.593728736996,24712.210792859303,20237.211092608464,2633.620446388902
0.75,2025-12-08,2025-12-07,2025-10-13,2025-12-07,9299.147113563027,9182.828498702309,97170.8827156227,95663.75292078528,1398.4551217128637,2905.5849165502977,0.0,62514.481895746765,807.6040028317484,1916.1661730369046,63623.04406595192,0.0,63623.04406595192,23600.637737071433,19221.203320402507,3437.107387449675
0.75,2025-12-09,2025-12-08,2025-10-14,2025-12-08,9182.828498702309,9124.460537383073,96480.31430808111,94164.5823602772,908.0321743198504,3223.7641221237664,50.8087886142755,62049.759608448454,993.5798159506975,1413.0375560462305,62469.21734854399,296.17253320959617,62765.38988175359,24615.023841806724,19990.700477050763,2202.613517468844
0.75,2025-12-10,2025-12-09,2025-10-15,2025-12-09,9124.460537383073,9106.354023429723,92581.10591141935,95650.45163175836,3182.3798629704884,113.03414263147101,0.0,59198.325402996925,39.39543432926007,3816.824759420446,62975.75472808812,0.0,62975.75472808812,24595.542386629517,19938.68519572792,2605.9759741901134
0.75,2025-12-11,2025-12-10,2025-10-16,2025-12-10,9106.354023429723,9112.785676088995,96224.46691949508,92664.14726650453,492.93733315043875,4053.2569861410084,0.0,61757.233179347335,1397.531535577829,814.00352428979,61173.70516805929,0.0,61173.70516805929,24105.12946800777,19519.36638169297,2117.129480189713
0.75,2025-12-12,2025-12-11,2025-10-17,2025-12-11,9112.785676088995,9157.905135386034,48937.90765464048,50386.165866655705,2629.531655388879,1181.2734433736591,0.0,25484.032904038235,265.54516420001784,2737.158729197533,27955.646469035746,0.0,27955.646469035746,20417.57067300005,16497.62473176271,2751.806442085033
0.75,2025-12-13,2025-12-12,2025-10-18,2025-12-12,9157.905135386034,9285.338553249127,50120.83257901552,49932.635155126845,1257.0072322209226,1445.2046561095995,0.0,26238.66781689146,386.5513625006938,1596.7777510102421,27448.894205401008,0.0,27448.894205401008,20491.452744036098,16483.38664659245,2126.035674349863
0.75,2025-12-14,2025-12-13,2025-10-19,2025-12-13,9285.338553249127,9133.94556145305,91770.47889896188,96186.47017826367,4415.991279301798,0.0,147.19062455146087,58672.961737377555,0.0,5029.210158237653,63702.1718956152,724.1042774809118,64426.27617309612,24794.111960622,20219.484380720296,2980.3114229134285
0.75,2025-12-15,2025-12-14,2025-10-20,2025-12-14,9133.94556145305,9086.804594051628,93957.37776542254,96676.26031278449,2744.3570747458994,25.474527383937584,0.0,60056.59479835675,8.826106843602684,2947.249535630634,62995.01822714378,0.0,62995.01822714378,24310.51955655084,19733.947711467466,2630.130501034452
0.75,2025-12-16,2025-12-15,2025-10-21,2025-12-15,9086.804594051628,8994.88690335901,99367.87539938709,96475.68178303761,189.50940062629257,3081.7030169757636,0.0,64418.54131240064,1250.0784196805776,316.3839792734145,63484.846871993475,0.0,63484.846871993475,24264.544198508796,19737.006722415477,2530.052973610964
0.75,2025-12-17,2025-12-16,2025-10-22,2025-12-16,8994.88690335901,9057.368906711845,99918.8333582225,94864.33434486037,197.21260111692538,5251.711614479051,8.13193730472426,64247.86330104474,1932.8985778737106,329.33843911811044,62644.30316228914,46.75712538866483,62691.06028767781,24506.161347306934,19793.756888301068,1968.2147564925717
0.75,2025-12-18,2025-12-17,2025-10-23,2025-12-17,9057.368906711845,9079.1026654619,95169.80928178108,94677.67496564634,496.22132024513087,988.3556363798705,0.0,61441.536138971765,331.99179926360534,623.1863306100508,61732.73067031821,0.0,61732.73067031821,24437.670832361844,19774.95299133804,2648.690157955868
0.75,2025-12-19,2025-12-18,2025-10-24,2025-12-18,9079.1026654619,8928.721541937197,49100.96970088596,48238.96500594487,1286.7731242357645,2148.77781917685,0.0,26063.003348916995,589.1043700711682,1004.2444326130983,26478.143411458925,0.0,26478.143411458925,20028.208787291485,16358.192128878338,1660.5570475317215
0.75,2025-12-20,2025-12-19,2025-10-25,2025-12-19,8928.721541937197,9127.57091588595,52398.0004373743,48494.851235579066,73.42379560803903,3976.572997403273,0.0,27840.059231524407,1209.1980450913297,115.93046600733517,26746.79165244041,0.0,26746.79165244041,20953.776484954855,16793.594516259553,1478.3170168837673
0.75,2025-12-21,2025-12-20,2025-10-26,2025-12-20,9127.57091588595,9056.172231235498,98353.80729646418,97016.00428316316,790.7200504800097,2128.5230637810173,1.1141933486505877,63291.64968714507,742.6712991333602,1010.1803664983651,63559.158754510085,6.471792065636938,63565.630546575725,24428.498971569814,19851.34298315696,3402.180621432296
0.75,2025-12-22,2025-12-21,2025-10-27,2025-12-21,9056.172231235498,8660.953746248042,97725.8517686478,95596.93931319518,0.0,2128.9124554526315,0.0,63047.32657270874,854.8821254525017,0.0,62192.44444725624,0.0,62192.44444725624,24167.049501014266,19931.006732310263,2423.4694611578334
0.75,2025-12-23,2025-12-22,2025-10-28,2025-12-22,8660.953746248042,9016.949135789484,100747.51343108242,94675.93249116553,0.0,6071.580939916876,0.0,64921.177087988326,2309.6724074660597,0.0,62611.50468052227,0.0,62611.50468052227,25168.482791055056,20066.0752101673,2315.4323769444477
0.75,2025-12-24,2025-12-23,2025-10-29,2025-12-23,9016.949135789484,8771.066722768863,98870.37228634502,94643.7050898768,0.0,4226.667196468209,56.78232245351467,63917.69321874081,1666.27541677659,0.0,62251.41780196421,382.87436625879366,62634.29216822301,24377.01327009751,19966.674920497546,2435.589746063694
0.75,2025-12-25,2025-12-24,2025-10-30,2025-12-24,8771.066722768863,8756.56167391559,95638.35808014023,95488.18563629863,954.4946579084543,1104.6671017500444,0.0,61216.97896568992,500.1614442796823,942.6051959707954,61659.42271738103,0.0,61659.42271738103,24800.513841533004,20101.47075560968,2976.694017041975
0.75,2025-12-26,2025-12-25,2025-10-31,2025-12-25,8756.56167391559,9342.191035754618,51299.00643663014,49097.33971627429,17.67114768491274,2219.337868040757,0.0,27096.88837676444,610.5452366957796,20.261737935520944,26506.604878004182,0.0,26506.604878004182,20660.677741515574,16208.082544972482,1637.1220863978688
0.75,2025-12-27,2025-12-26,2025-11-01,2025-12-26,9342.191035754618,9088.013332324488,52554.09674307449,49284.34585250886,115.0637946593942,3384.8146852250343,0.0,27687.892709681808,1013.5174560451632,211.015493025863,26885.39074666251,0.0,26885.39074666251,20234.9533138903,16619.07211733826,2329.6555892901533
0.75,2025-12-28,2025-12-27,2025-11-02,2025-12-27,9088.013332324488,9096.586812283846,98204.70775375467,94380.94568958356,0.0,3823.7620641711296,0.0,63323.29907022398,1504.6746470800158,0.0,61818.62442314396,0.0,61818.62442314396,23541.033314844786,19060.520853060858,3091.1784777996236
0.75,2025-12-29,2025-12-28,2025-11-03,2025-12-28,9096.586812283846,8673.204079769346,97693.5426893348,95421.87480610074,0.0,2271.6678832340867,0.0,62456.9771615156,867.0801738243003,0.0,61589.896987691296,0.0,61589.896987691296,23510.15316029312,19424.26851910048,3812.22389824142
0.75,2025-12-30,2025-12-29,2025-11-04,2025-12-29,8673.204079769346,8871.486597173114,99190.42625338386,94213.67057689349,0.0,4976.755676490358,0.0,63713.6052010459,1828.131376473832,0.0,61885.47382457207,0.0,61885.47382457207,24149.91991783326,19382.980867781553,3222.328926841785
0.75,2025-12-31,2025-12-30,2025-11-05,2025-12-30,8871.486597173114,8519.46574338853,100694.30422270202,96454.03198287249,0.0,4240.272239829528,71.1681929973715,64616.20710156702,1584.499799534382,0.0,63031.70730203264,363.89475499932735,63395.60205703197,24467.159239531546,20135.21775242668,3546.83575543167
1.0,2025-02-01,2025-01-31,2025-01-02,2025-01-31,6000.0,8997.426510673953,51247.516323716874,45696.79157882169,0.0,5550.724744895182,0.0,26892.026562188967,1785.9519923074997,0.0,25106.074569881468,0.0,25106.074569881468,22436.566936172363,15475.935358693052,4357.98406800905
1.0,2025-02-02,2025-02-01,2025-01-02,2025-02-01,8997.426510673953,8963.77464471886,93869.89236888078,86118.20645941328,0.0,7751.685909467522,0.0,59517.944158665356,2890.7779195511866,0.0,56627.166239114165,0.0,56627.166239114165,23112.986249498936,18751.805541453723,3400.7478013680525
1.0,2025-02-03,2025-02-02,2025-01-02,2025-02-02,8963.77464471886,9015.134045509683,96312.48245320126,87844.30595387748,0.0,8468.176499323781,0.0,61127.190631409096,3140.0667946226117,0.0,57987.12383678649,0.0,57987.12383678649,23680.34628985059,19134.857034067238,3081.9001980941266
1.0,2025-02-04,2025-02-03,2025-01-02,2025-02-03,9015.134045509683,8935.191966541757,98374.63938454479,88809.73814249045,0.0,9564.90124205434,9.980890283187819,62984.691131024476,3682.959192180156,0.0,59301.731938844314,46.75049008645174,59348.48242893077,24214.417594520346,19685.626122632617,3096.063610885917
1.0,2025-02-05,2025-02-04,2025-01-02,2025-02-04,8935.191966541757,9021.413694132514,93148.42765722933,88390.97977612648,0.0,4757.447881102854,8.556813600167288,59143.395999331115,1928.1692211178079,0.0,57215.2267782133,49.70225179657169,57264.92903000987,23464.41052706043,18928.572972087277,3115.272051420148
1.0,2025-02-06,2025-02-05,2025-01-02,2025-02-05,9021.413694132514,9106.571215611124,98804.63588985275,87335.5062246421,0.0,11469.129665210654,56.899936108396446,63211.50684200823,4310.332670972968,0.0,58901.174171035265,324.9120225184072,59226.08619355367,23481.85589005547,18943.66150161418,2583.1545556425444
1.0,2025-02-07,2025-02-06,2025-01-02,2025-02-06,9106.571215611124,8747.437412415486,48150.07613316871,41191.18854377033,0.0,6958.887589398381,15.467318872939597,25206.6496989343,2035.5064369613688,0.0,23171.14326197293,70.91414953463097,23242.05741150756,18813.098510998545,15561.830216784896,6149.707901762953
1.0,2025-02-08,2025-02-07,2025-01-02,2025-02-07,8747.437412415486,9048.112921319764,39606.09921973176,39279.948602692835,43.09170225343826,369.2423192923646,0.0,20560.45040977761,153.18354056759014,79.02587276258042,20486.292741972604,0.0,20486.292741972604,19130.293681858413,15224.929924291457,3797.422128459211
1.0,2025-02-09,2025-02-08,2025-01-02,2025-02-08,9048.112921319764,8914.15109217327,92704.99124564472,87839.06889845486,0.0,4865.922347189857,0.0,58792.564469961006,1902.7518414576862,0.0,56889.812628503314,0.0,56889.812628503314,22637.77634055673,18457.1644820828,4103.041073314255
1.0,2025-02-10,2025-02-09,2025-01-02,2025-02-09,8914.15109217327,8824.99821114284,88880.34354514081,81417.08481397346,0.0,7463.258731167358,0.0,55949.66495139601,2766.9549610586,0.0,53182.70999033741,0.0,53182.70999033741,23215.90033350201,18885.11686306401,2759.663760202126
1.0,2025-02-11,2025-02-10,2025-01-02,2025-02-10,8824.99821114284,8722.6000005,89532.46453680287,81846.4191445818,0.0,7686.0453922210745,108.87962558651665,56623.419425757,3046.1674294513937,0.0,53577.2519963056,515.1180638077171,54092.37006011332,23672.32672673391,19266.74303823302,2329.117948334099
1.0,2025-02-12,2025-02-11,2025-01-02,2025-02-11,8722.6000005,8792.42515732139,89667.48012222222,81747.58433537788,40.073729488795436,7959.969516333126,90.12014794702213,56497.02362411744,2929.939416193763,77.4284564317761,53644.512664355454,399.08546984867144,54043.59813420413,23869.323856347135,19271.30968250193,1972.9541761463697
1.0,2025-02-13,2025-02-12,2025-01-02,2025-02-12,8792.42515732139,8305.318002038799,83811.71429479378,78548.10737163627,0.0,5263.606923157512,9.417908961081707,52295.65631719443,1961.2336233689648,0.0,50334.42269382546,41.24573229505734,50375.66842612052,22100.97568274487,18340.186742777674,3467.257323963499
1.0,2025-02-14,2025-02-13,2025-01-02,2025-02-13,8305.318002038799,8327.943061574777,40122.73850350421,39961.476726949804,333.70364076835824,494.9654173227672,0.0,20565.525487170937,114.48853619931333,401.62338193357857,20852.6603329052,0.0,20852.6603329052,18331.39265668607,14828.065498333333,6656.347751930404
1.0,2025-02-15,2025-02-14,2025-01-02,2025-02-14,8327.943061574777,8827.379839304665,40683.87234957947,39512.575167575735,42.70867378842871,1214.0058557921589,0.0,21137.727110490836,392.0813475070795,77.90263068872606,20823.548393672485,0.0,20823.548393672485,18407.02237434469,14460.195023262302,6285.656716493346
1.0,2025-02-16,2025-02-15,2025-01-02,2025-02-15,8827.379839304665,8951.395311949078,89130.20320066148,81169.78311776661,228.95135087596913,8189.37143377085,14.252139704171896,55957.35620792875,2956.891699671271,441.95993472691987,53442.424442984404,62.43931398423667,53504.86375696864,23016.74500303417,18531.94952707771,1321.860681514312
1.0,2025-02-17,2025-02-16,2025-01-02,2025-02-16,8951.395311949078,8754.11407890287,88970.59719344477,76738.5454635185,19.37621877219118,12251.427948698474,0.0,55376.37113023497,4001.1229988580612,37.43776110068919,51412.68589247759,0.0,51412.68589247759,21250.70719871506,17390.62594070079,1694.6010388375562
1.0,2025-02-18,2025-02-17,2025-01-02,2025-02-17,8754.11407890287,9034.696189076962,79842.22059166622,78020.83089478748,234.7239538115715,2056.113650690315,10.45794606810955,49514.91990125695,672.5974020688448,447.49853578207825,49289.821034970184,46.13997413861908,49335.9610091088,21714.944433081742,17336.58109163953,1561.5377160800435
1.0,2025-02-19,2025-02-18,2025-01-02,2025-02-18,9034.696189076962,8624.400221000038,79824.28187346604,79179.64344735081,198.85724473530593,843.4956708505274,63.399477208405415,49681.304620735355,317.93278200694755,247.2064924566261,49610.57833118503,277.6580104342115,49888.236341619246,22526.053578990308,18615.369770251375,2453.0317324869543
1.0,2025-02-20,2025-02-19,2025-01-02,2025-02-19,8624.400221000038,8080.813619867407,82511.83046871738,77448.219183323,123.08849537738655,5186.699780771767,28.18054521663464,51170.34590263679,1763.624120410725,170.04935967142416,49576.771141897494,131.99767379471666,49708.76881569221,21248.804264577717,17700.759395327317,2935.221125955897
1.0,2025-02-21,2025-02-20,2025-01-02,2025-02-20,8080.813619867407,7882.069872549193,35584.90270100467,35812.14863279062,239.40910785232663,12.16317606636926,0.0,18357.846065838756,2.557968959881239,354.96001942934083,18710.248116308212,0.0,18710.248116308212,17270.058126952157,14167.616455417641,7149.444927922775
1.0,2025-02-22,2025-02-21,2025-01-02,2025-02-21,7882.069872549193,9119.384402984982,37080.74484093344,37065.56112379146,421.4015917782957,436.58530892026374,0.0,19296.005293825827,153.06177746207072,654.361443549486,19797.304959913243,0.0,19797.304959913243,18880.77847902093,14179.847490614748,4519.8672520519485
1.0,2025-02-23,2025-02-22,2025-01-02,2025-02-22,9119.384402984982,8770.430309779915,81352.01904256432,77240.26930856351,194.92945841217295,4306.679192412991,13.147353214504847,50307.98966522336,1483.4539259068201,256.45283520056375,49080.988574517105,61.5822024567407,49142.570776973844,22292.94373290332,18371.343107536253,1799.9623530776103
1.0,2025-02-24,2025-02-23,2025-01-02,2025-02-23,8770.430309779915,8992.699538243398,78392.56271515948,74553.52658720559,126.77189084820424,3965.808018802115,52.39974177777788,48696.44452717675,1306.433208296736,239.7958804608677,47629.80719934088,237.51779958100047,47867.32499892188,21087.524077415055,16880.852197089058,2196.2208319906904
1.0,2025-02-25,2025-02-24,2025-01-02,2025-02-24,8992.699538243398,8811.595870608364,80774.51967075723,72773.56528387385,112.72018413978799,8113.674571023182,57.86612717310004,49956.32607733949,2712.7563502247963,172.89708461451696,47416.4668117292,257.0460771743384,47673.51288890354,21262.9544395652,17385.986396919343,3133.1401350677534
1.0,2025-02-26,2025-02-25,2025-01-02,2025-02-25,8811.595870608364,9058.791802856349,74152.42215383159,75828.37831385931,1697.2384679372472,21.2823079095308,16.20104542763977,45281.40079317147,4.937232156798456,1710.5550874657386,46987.018648480414,70.95247845034838,47057.971126930766,22384.97334575655,17909.35207103962,2554.1100512366775
1.0,2025-02-27,2025-02-26,2025-01-02,2025-02-26,9058.791802856349,7385.616791832897,73436.2594403105,71558.32094736921,51.727313791981715,1929.6658067332792,162.02314384100612,45472.06349884554,580.2906639271839,97.36670382179062,44989.13953874016,781.4244789320927,45770.56401767225,21059.746110089345,18564.251859093478,2268.2656402143457
1.0,2025-02-28,2025-02-27,2025-01-03,2025-02-27,7385.616791832897,7228.936562113986,34198.588154881254,34162.66660911677,53.58713973943253,89.50868550391081,0.0,17822.136813239817,41.220578811753626,86.34495826214763,17867.26119269021,0.0,17867.26119269021,16972.244364812337,13888.530142245017,7786.35883654946
1.0,2025-03-01,2025-02-28,2025-01-04,2025-02-28,7228.936562113986,8596.010879738169,41523.56957922863,39559.91769058642,0.0,1963.6518886422095,174.2720033986298,21134.563273646047,709.3678134629747,0.0,20425.195460183073,946.1935772277297,21371.389037410805,18054.712686879087,13393.950390510294,11414.661464282924
1.0,2025-03-02,2025-03-01,2025-01-05,2025-03-01,8596.010879738169,8544.375380928148,84458.45206140203,78577.57339324587,3.5977655075853363,5884.476433663732,227.02731066526894,52338.82968883585,2051.6541108998563,6.951422625481007,50294.12700056148,1210.0371251347233,51504.16412569621,22949.263506199608,18635.375388950702,2132.4055199955774
1.0,2025-03-03,2025-03-02,2025-01-06,2025-03-02,8544.375380928148,8572.638424210732,86398.22495952428,78087.45970119342,668.4641669940625,8979.229425324911,164.81165971724553,53552.25004951097,3084.5673176127416,1301.9365007958404,51769.619232694065,810.7041577069867,52580.323390401056,23338.757986549634,18878.95723015088,1775.3239711785893
1.0,2025-03-04,2025-03-03,2025-01-07,2025-03-03,8572.638424210732,8441.160905372608,77149.6328361856,74451.1377890325,619.975656579607,3318.4707037327116,10.980688615741679,47485.290305074246,1083.8886275541333,1106.5707855998076,47507.97246311992,54.05477971021711,47562.02724283014,21434.471345776576,17480.251557033334,1308.4407555716598
1.0,2025-03-05,2025-03-04,2025-01-08,2025-03-04,8441.160905372608,8612.645358724883,81122.22765649957,72159.86820606481,1010.3072373168109,9972.66668775157,69.83727704117166,49928.40353269984,3397.9144578726773,1989.4324968070555,48519.921571634215,465.86805688239633,48985.78962851662,21444.52760013569,17215.731348092853,1870.4372143964763
1.0,2025-03-06,2025-03-05,2025-01-09,2025-03-05,8612.645358724883,6870.393104656121,73924.84890265137,69488.82594393035,294.3085387975658,4730.331497518582,0.0,45570.589291035045,1538.1243346646888,568.6482432377168,44601.11319960807,0.0,44601.11319960807,19685.36370902921,17513.17163297555,1375.9797345433503
1.0,2025-03-07,2025-03-06,2025-01-10,2025-03-06,6870.393104656121,6199.639070239654,34467.37122536836,32503.70163556457,5.958122713489615,1969.6277125172865,57.82785120300738,18224.255136159223,806.4510936932458,10.926601244268605,17428.730643710245,249.19129451248773,17677.92193822273,15172.352440227136,12893.284107558802,9360.175620765911
1.0,2025-03-08,2025-03-07,2025-01-11,2025-03-07,6199.639070239654,8942.015736410513,35588.71537866376,35509.57763613809,7.6744313398413055,86.8121738655048,0.0,18221.96961613541,38.43308856285772,12.878081531630041,18196.414609104184,0.0,18196.414609104184,18606.04148175688,12602.7546006693,10443.15123838385
1.0,2025-03-09,2025-03-08,2025-01-12,2025-03-08,8942.015736410513,8735.698886075701,78348.33287685526,68863.89400681743,0.0,9484.438870037839,0.0,47900.19360121446,2879.024756887663,0.0,45021.16884432679,0.0,45021.16884432679,20949.231429213545,17154.562622964306,1735.700150568178
1.0,2025-03-10,2025-03-09,2025-01-13,2025-03-09,8735.698886075701,8831.011589055373,75195.23395618475,74080.57795873887,783.5264822456968,1898.1824796915612,0.0,45588.1087993441,601.4801315157417,846.2192902479226,45832.84795807628,0.0,45832.84795807628,22031.046837833415,17759.36650596336,1766.8261768688299
1.0,2025-03-11,2025-03-10,2025-01-14,2025-03-10,8831.011589055373,8907.06705367426,66652.63976373133,69950.46777639771,3391.194652444802,93.36663977843739,0.0,40715.40463836182,49.26170262941106,2716.1963606332047,43382.339296365615,0.0,43382.339296365615,21569.359614905537,17402.73136991649,1844.9207314086584
1.0,2025-03-12,2025-03-11,2025-01-15,2025-03-11,8907.06705367426,8780.525658657234,76326.15701202859,67683.11695217682,17.489678977647486,8660.529738829431,0.0,46755.52010215202,2700.7284138203713,33.77653967660287,44088.568228008255,0.0,44088.568228008255,20839.766249770753,16994.09791782964,1401.9139369023624
1.0,2025-03-13,2025-03-12,2025-01-16,2025-03-12,8780.525658657234,5786.452222727897,72869.16416520253,70859.52466514251,542.6761262372223,2552.315626297238,60.83520066326366,44950.51720164348,823.3800825945177,596.581053165117,44723.71817221408,414.64662869353026,45138.364800907606,18134.549731898518,17383.651375174195,2623.8434924147823
1.0,2025-03-14,2025-03-13,2025-01-17,2025-03-13,5786.452222727897,5693.858292941867,31245.931852593145,31572.22885191704,330.28761633190084,3.9906170080096217,0.0,16069.40059791561,0.8387849125759861,470.74908972524827,16539.31090272828,0.0,16539.31090272828,15166.35363100585,12368.080977922167,12744.530215500019
1.0,2025-03-15,2025-03-14,2025-01-18,2025-03-14,5693.858292941867,8632.358194501167,34469.3219113746,35134.24117721878,664.9192658441727,0.0,0.0,17350.35963518445,0.0,926.980708916846,18277.340344101296,0.0,18277.340344101296,18866.26317718393,12637.023262115614,7980.876112150464
1.0,2025-03-16,2025-03-15,2025-01-19,2025-03-15,8632.358194501167,9228.5966952148,72387.60940244727,71100.49825137306,1376.2999038410528,2663.4110549152483,1.6400000000001,44293.20839407174,904.6737732903176,1450.5359896484892,44839.07061042992,7.461180000000455,44846.531790429915,21141.633685387624,16588.10863452171,3197.5662671738223
1.0,2025-03-17,2025-03-16,2025-01-20,2025-03-16,9228.5966952148,9158.266925286192,67264.04862426186,63684.82600999497,900.3945241851482,4479.61713845206,0.0,40193.16488747105,1081.6710955125852,1237.1469996517578,40348.64079161022,0.0,40348.64079161022,20843.96725338619,16946.910268178563,1929.6375914540085
1.0,2025-03-18,2025-03-17,2025-01-21,2025-03-17,9158.266925286192,8988.432115270798,75890.22107079311,67195.59608479768,96.91059312131404,8791.535579116751,0.0,46535.304654833584,2858.965900825294,172.90928263667388,43849.24803664496,0.0,43849.24803664496,20811.897543162107,17010.488338975163,2268.228513944069
1.0,2025-03-19,2025-03-18,2025-01-22,2025-03-18,8988.432115270798,9110.132316039793,62667.311870199796,66354.99152942466,3691.4837954986806,3.8041362738091493,0.0,38364.44685117841,0.8626606791075154,3282.228632174771,41645.81282267407,0.0,41645.81282267407,20850.90886802058,16779.706002404575,2818.318213808662
1.0,2025-03-20,2025-03-19,2025-01-23,2025-03-19,9110.132316039793,5355.183383611195,67001.07235674589,63226.59301750827,927.1815831664751,4701.66092240411,0.0,41750.56020556307,1543.92224257047,1201.7056596928464,41408.34362268545,0.0,41408.34362268545,17381.18200807087,17458.21146572314,1094.660658493869
1.0,2025-03-21,2025-03-20,2025-01-24,2025-03-20,5355.183383611195,5032.869046701515,29338.229867109323,29705.559422349354,628.8175176464939,261.48796240646016,0.0,15190.714130078712,114.94594387147868,872.5341189870014,15948.302305194235,0.0,15948.302305194235,14661.704752769596,12166.063752962084,15176.453905875176
1.0,2025-03-22,2025-03-21,2025-01-25,2025-03-21,5032.869046701515,9355.46743198148,35056.40770639475,35149.92127934389,253.3738781032196,159.86030515407936,0.0,17924.952668333037,68.00856627787843,404.770273846575,18261.714375901734,0.0,18261.714375901734,18997.893738102568,11497.955381111111,11768.783189019097
1.0,2025-03-23,2025-03-22,2025-01-26,2025-03-22,9355.46743198148,8955.869681771692,71532.60317260631,65389.6979679888,309.8935100508267,6452.798714668329,0.0,43668.35585970603,1960.0272001944793,543.4027184722615,42251.731377983815,0.0,42251.731377983815,19440.77570427654,16106.666295652803,3285.868442698402
1.0,2025-03-24,2025-03-23,2025-01-27,2025-03-23,8955.869681771692,9169.327322943118,67895.0508751165,65185.17192324184,1084.0929525160175,3793.971904390679,0.0,40935.71609403266,999.1803368114472,1497.4080385438658,41433.94379576508,0.0,41433.94379576508,21440.411403131235,17174.62135948202,2920.8847962592868
1.0,2025-03-25,2025-03-24,2025-01-28,2025-03-24,9169.327322943118,8890.267422716734,74735.24408256663,66186.09795018591,474.6429116042059,9023.78904398491,0.0,45528.67023320169,2773.958997601628,800.8052926888806,43555.516528288936,0.0,43555.516528288936,20490.53347790228,16848.486027304592,1593.925782921563
1.0,2025-03-26,2025-03-25,2025-01-29,2025-03-25,8890.267422716734,8983.510995332157,64641.80202881268,61830.73044273282,1544.683270726519,4355.754856806378,0.0,39205.60157861467,1267.0223264548908,1986.3423910090314,39924.92164316881,0.0,39924.92164316881,20499.878523982323,16520.98238907181,2259.279441155641
1.0,2025-03-27,2025-03-26,2025-01-30,2025-03-26,8983.510995332157,4923.450153063101,63882.053815124775,60231.02994217343,498.333367750337,4149.3572407016745,0.0,39728.15867648382,1322.8486658509614,823.1031877563069,39228.41319838917,0.0,39228.41319838917,16341.899512966662,16890.993363545153,2063.1343927519147
1.0,2025-03-28,2025-03-27,2025-01-31,2025-03-27,4923.450153063101,4927.807324913581,29416.251913592438,29909.535722507906,493.2838089154643,0.0,0.0,15076.752480470745,0.0,753.7181330603138,15830.47061353106,0.0,15830.47061353106,14491.203991356499,11733.953778333333,16330.404742818075
1.0,2025-03-29,2025-03-28,2025-02-01,2025-03-28,4927.807324913581,9262.467972148152,33095.33976702222,34178.493790992405,1083.1540239701908,0.0,0.0,16416.47148281705,0.0,1559.339606614339,17975.81108943139,0.0,17975.81108943139,18814.817846547143,11338.807873192072,18995.27463430401
1.0,2025-03-30,2025-03-29,2025-02-02,2025-03-29,9262.467972148152,9276.312242882088,66768.93566486967,60366.11309800456,454.39077972687795,6857.213346592004,0.0,40048.080141227314,1795.187211704539,795.5320672463673,39048.42499676914,0.0,39048.42499676914,20620.48303642476,16690.131415843513,1090.1417774233012
1.0,2025-03-31,2025-03-30,2025-02-03,2025-03-30,9276.312242882088,9236.0516792769,57833.41104658505,62380.27004386329,5108.98336994748,562.1243726692451,0.0,35258.3624399592,124.57533744669993,4414.018389182373,39547.805491694875,0.0,39547.805491694875,20442.32863419483,16594.520700942492,1581.072627277615
1.0,2025-04-01,2025-03-31,2025-02-04,2025-03-31,9236.0516792769,9047.539834340367,71079.06760473349,66454.46038365463,1398.222568110928,6022.8297891897855,0.0,42300.81092506735,1481.9698801933755,1949.3078736596235,42768.148918533596,0.0,42768.148918533596,18459.807022744335,15122.1043488658,2907.90619310942
1.0,2025-04-02,2025-04-01,2025-02-05,2025-04-01,9047.539834340367,9053.327293155708,67665.71904406625,67339.2214026312,1710.389648250006,2036.8872896850608,0.0,40537.15965034257,456.7892063441315,2224.9640423652527,42305.33448636369,0.0,42305.33448636369,19797.996111804547,16031.168137627876,3137.0580284545335
1.0,2025-04-03,2025-04-02,2025-02-06,2025-04-02,9053.327293155708,4468.017814364857,63661.57872491615,58371.88407561988,306.7514738667058,5596.446123162982,0.0,39871.867361229524,1699.019771829587,531.889661447554,38704.73725084749,0.0,38704.73725084749,15083.327688818983,16344.273958855149,3769.300078989374
1.0,2025-04-04,2025-04-03,2025-02-07,2025-04-03,4468.017814364857,4614.581000271651,27700.987649690625,28216.477036632117,515.4893869414954,0.0,0.0,14056.576247127989,0.0,778.4655542241649,14835.041801352152,0.0,14835.041801352152,14027.724628696113,11230.550081927739,18988.500239863748
1.0,2025-04-05,2025-04-04,2025-02-08,2025-04-04,4614.581000271651,9226.494798820848,32564.30698142218,33612.04052338403,1047.7335419618537,0.0,0.0,16059.059625015332,0.0,1450.707102647284,17509.766727662616,0.0,17509.766727662616,19160.251040029994,11369.080923730016,13776.755423750721
1.0,2025-04-06,2025-04-05,2025-02-09,2025-04-05,9226.494798820848,8898.758785946442,65307.30771838836,60998.82586749569,1259.121541496509,5567.6033923891755,0.0,38629.40779153927,1353.331539748186,1763.7030874823527,39039.77933927344,0.0,39039.77933927344,20035.48039910536,16523.701534862303,3076.970736585965
1.0,2025-04-07,2025-04-06,2025-02-10,2025-04-06,8898.758785946442,9102.752322765798,57491.899803437285,59495.50194246997,3833.128104980034,1829.5259659473572,0.0,34251.99652733709,402.52664626446284,3796.9981323929055,37646.468013465535,0.0,37646.468013465535,20239.052488656773,16210.03833267457,2223.768503154428
1.0,2025-04-08,2025-04-07,2025-02-11,2025-04-07,9102.752322765798,8877.302682614652,66592.15360604897,60468.387623586605,408.29132855378475,6532.057311016151,0.0,40130.05121358142,1850.8313849674535,656.4392901481774,38935.65911876215,0.0,38935.65911876215,20110.592541845133,16492.484635030592,2497.086100105402
1.0,2025-04-09,2025-04-08,2025-02-12,2025-04-08,8877.302682614652,8992.882755845767,65228.66046675189,66066.73982201928,2297.007004300886,1458.9276490334844,0.0,38985.69808440437,515.2998331296475,2177.409608626787,40647.80785990151,0.0,40647.80785990151,20809.92799365191,16752.01960895004,2874.520420650754
1.0,2025-04-10,2025-04-09,2025-02-13,2025-04-09,8992.882755845767,4359.79082603448,58007.436174039685,56884.51369812391,2317.099835448323,3440.0223113640923,0.0,36240.98617356126,1077.4948673128129,1919.4473819302707,37082.938688178714,0.0,37082.938688178714,15506.967112842405,16730.426098232507,3647.334783514014
1.0,2025-04-11,2025-04-10,2025-02-14,2025-04-10,4359.79082603448,4196.709051330509,26230.608442227403,27125.040712403785,894.4322701763815,0.0,0.0,13093.44372359599,0.0,1223.315340798965,14316.759064394955,0.0,14316.759064394955,14047.056637835605,11524.889473880408,19286.223381781925
1.0,2025-04-12,2025-04-11,2025-02-15,2025-04-11,4196.709051330509,9284.551620315297,33481.11876269143,33197.072211974584,236.82841863249232,520.8749693493378,0.0,16744.026354388337,227.09380785678124,366.96720406437646,16883.899750595934,0.0,16883.899750595934,18945.338975682847,10766.6662582168,15993.238944508532
1.0,2025-04-13,2025-04-12,2025-02-16,2025-04-12,9284.551620315297,9121.752582759922,60645.45916853855,59841.06900863029,565.9005101471703,1370.2906700554436,0.0,36091.52464460952,322.13379635869336,774.1270402775831,36543.51788852841,0.0,36543.51788852841,20005.508240026036,16350.980808220931,1910.1830934918507
1.0,2025-04-14,2025-04-13,2025-02-17,2025-04-13,9121.752582759922,8963.634388391016,64101.63281849721,56930.7562969853,309.91900882916286,7480.7955303410645,0.0,38572.79141818836,2411.627335817507,536.9683932207695,36698.13247559162,0.0,36698.13247559162,20066.721721006877,16396.35096894758,732.3537449260069
1.0,2025-04-15,2025-04-14,2025-02-18,2025-04-14,8963.634388391016,9011.771984770978,56154.46721287144,56347.669005195,1572.5339006294657,1379.3321083058968,0.0,33402.99124003701,299.0923423780068,1835.1009285466155,34938.99982620562,0.0,34938.99982620562,19710.611130404406,15922.271178885607,2419.900220342865
1.0,2025-04-16,2025-04-15,2025-02-19,2025-04-15,9011.771984770978,9037.962911980456,62711.58678851235,62173.97819307634,1549.408061458044,2087.016656894051,0.0,36771.10860378283,466.2330228010506,2100.104170918675,38404.97975190045,0.0,38404.97975190045,19759.002969432557,15981.22057075184,2616.603844395632
1.0,2025-04-17,2025-04-16,2025-02-20,2025-04-16,9037.962911980456,4072.2133678161913,50426.616225927064,53275.62437533037,3491.5342166190026,642.5260672157015,0.0,31833.73504582711,187.98074887454356,2656.2785257108667,34302.03282266344,0.0,34302.03282266344,14735.463202383751,16404.899783678673,2076.7186066252857
1.0,2025-04-18,2025-04-17,2025-02-21,2025-04-17,4072.2133678161913,4048.104081184813,26268.56492735363,26682.478878443068,413.91395108943675,0.0,0.0,13137.725983353954,0.0,571.8154343926474,13709.541417746601,0.0,13709.541417746601,13259.443003580243,10761.847190868239,17830.76588239773
1.0,2025-04-19,2025-04-18,2025-02-22,2025-04-18,4048.104081184813,9084.39214007047,31959.93009171144,32880.73896764205,920.8088759306055,0.0,0.0,15273.395045430178,0.0,1308.902914714684,16582.29796014486,0.0,16582.29796014486,18844.112393331347,10731.0717856013,17983.019109912002
1.0,2025-04-20,2025-04-19,2025-02-23,2025-04-19,9084.39214007047,9319.502343038514,57657.96664034694,58574.077741582325,2332.92052680039,1416.8094255649976,0.0,34529.36160999615,313.61874996533066,2403.2206956978052,36618.963555728624,0.0,36618.963555728624,20051.242789788732,16029.907477057634,2594.9975455179
1.0,2025-04-21,2025-04-20,2025-02-24,2025-04-20,9319.502343038514,9023.582126437565,61165.825907947605,55312.420709721424,307.7540043394134,6161.159202565592,0.0,36341.213667960255,1629.8016400474353,532.0941268998454,35243.50615481267,0.0,35243.50615481267,18283.009424864693,15075.56582908126,3588.0667306046585
1.0,2025-04-22,2025-04-21,2025-02-25,2025-04-21,9023.582126437565,9106.099875947733,54456.95468342329,58321.74706781979,3864.792384396515,0.0,0.0,32613.27272204733,0.0,3777.39017877982,36390.662900827156,0.0,36390.662900827156,19450.180503731583,15680.380233463431,2399.0174808849797
1.0,2025-04-23,2025-04-22,2025-02-26,2025-04-22,9106.099875947733,9251.049224665758,52515.2507276781,57524.53403216002,5009.283304481921,0.0,0.0,31609.613515511992,0.0,4596.432388410843,36206.04590392283,0.0,36206.04590392283,19018.352814784565,15274.411366129281,2380.67586683807
1.0,2025-04-24,2025-04-23,2025-02-27,2025-04-23,9251.049224665758,3447.7578340187097,47911.135748238325,48786.922667631676,1331.633790065504,455.84687067215236,0.0,29849.855949809953,96.00887953868765,1820.3896215470666,31574.236691818336,0.0,31574.236691818336,12516.634503918935,15361.436199756681,4541.61766346942
1.0,2025-04-25,2025-04-24,2025-02-28,2025-04-24,3447.7578340187097,3200.944118970889,25778.552212846815,25404.445328160087,35.0320781500929,409.13896283681635,0.0,12940.24947111107,190.69127254533683,43.31714927219039,12792.875347837924,0.0,12792.875347837924,12812.012376359971,10599.862368394613,21191.937670194733
1.0,2025-04-26,2025-04-25,2025-03-01,2025-04-25,3200.944118970889,8935.849672799206,32317.098480148426,32660.988103958294,343.88962380986857,0.0,0.0,15624.185779085108,0.0,474.6687173279532,16098.854496413061,0.0,16098.854496413061,19198.786115672534,10389.60175524927,23781.610110201695
1.0,2025-04-27,2025-04-26,2025-03-02,2025-04-26,8935.849672799206,8929.486596691744,53606.843507266996,55516.924739467446,2508.3792347354724,598.2980025350283,0.0,32095.113584851086,145.6134681309659,2385.614545804274,34335.1146625244,0.0,34335.1146625244,20098.870965609512,16285.812250640418,3130.3948411650135
1.0,2025-04-28,2025-04-27,2025-03-03,2025-04-27,8929.486596691744,9046.076870147006,65726.49417370328,63971.4644558466,1902.4033974374222,3657.4331152940963,0.0,38554.21117367268,962.4695058193716,1727.9716258013734,39319.713293654684,0.0,39319.713293654684,19640.363448731634,15803.763147362892,3512.8968378111936
1.0,2025-04-29,2025-04-28,2025-03-04,2025-04-28,9046.076870147006,9168.570919169886,55379.372505762585,55973.85614457175,1326.3897976445846,731.9061588354213,0.0,33121.99227137595,159.6865928278557,1829.644704170753,34791.950382718846,0.0,34791.950382718846,17868.683804243432,14363.38923731659,5035.347860978238
1.0,2025-04-30,2025-04-29,2025-03-05,2025-04-29,9168.570919169886,8818.035530574056,52386.731536908206,52847.237409190384,514.3553914735305,53.849519191356876,0.0,31885.216873653884,33.37115997334966,394.87719781596377,32246.7229114965,0.0,32246.7229114965,18472.022149781835,15277.819791059534,1396.1806171347512
1.0,2025-05-01,2025-04-30,2025-03-06,2025-04-30,8818.035530574056,1890.333938728394,48780.27670228397,48692.31403521492,489.0316186343282,576.9942857033816,1189.0324308799422,30669.8573208419,134.56205197350195,840.0338579352394,31375.329126803637,7461.7669248250495,38837.09605162869,12839.133195365994,16634.629320907552,2665.4637916364163
1.0,2025-05-02,2025-05-01,2025-03-07,2025-05-01,1890.333938728394,2166.4537123518508,28802.998618539095,29033.29393019266,316.1542802520048,85.85896859843925,840.6093981334955,14535.248855417874,39.07853200027228,518.7071330345841,15014.877456452188,4768.594584261068,19783.472040713255,14074.086145977444,11151.501981980617,12660.999080995996
1.0,2025-05-03,2025-05-02,2025-03-08,2025-05-02,2166.4537123518508,8379.859683592591,34243.49380476681,34495.28277535907,251.78897059226261,0.0,1218.5738449110645,16388.770214686345,0.0,362.1296798724379,16750.89989455878,6941.828353502186,23692.728248060965,19944.677259649292,10563.123206199261,17465.130916820097
1.0,2025-05-04,2025-05-03,2025-03-09,2025-05-03,8379.859683592591,8209.303464407407,60255.65351048697,55782.29093964049,811.1105506495494,5284.473121496037,1037.705510916018,35585.72645944389,1450.5384205842333,1533.764616438219,35668.95265529788,6482.162207248581,42151.114862546456,17260.054207660738,14134.144505471866,1959.4194150343005
1.0,2025-05-05,2025-05-04,2025-03-10,2025-05-04,8209.303464407407,8262.518479333079,62428.55783510287,59443.80563741672,629.8478812463014,3614.600078932458,842.6839234297854,37457.24162776753,1248.1652597247687,1188.999025896363,37398.07539393912,5466.566701941802,42864.642095880925,19601.57136087191,15829.379288873144,1438.2906888477373
1.0,2025-05-06,2025-05-05,2025-03-11,2025-05-05,8262.518479333079,8056.609096407406,53246.538726509214,58538.97333640958,5461.739032618219,169.30442271784767,775.1636748867577,32029.61129508769,42.93160338672001,5543.295752022056,37529.97544372303,4899.306159715886,42429.28160343891,19003.90037007597,15578.477744394639,3018.6320189483413
1.0,2025-05-07,2025-05-06,2025-03-12,2025-05-06,8056.609096407406,8229.161317611113,57165.5576090535,60276.97130877895,3220.3225006996718,108.90880097422763,842.542916704276,34520.12779490206,46.360182388328894,2878.4247004927615,37352.19231300649,5529.52852162029,42881.72083462678,20413.26059164983,16379.444080153029,2017.8517639864224
1.0,2025-05-08,2025-05-07,2025-03-13,2025-05-07,8229.161317611113,2689.2801530044126,58495.096686700956,54345.20027724687,596.6535303858279,4746.549939839913,326.4191809027121,35400.95289633961,1129.008105335853,961.8288942526153,35233.77368525637,1780.026941600808,37013.80062685718,13261.163680962498,15727.43562972566,1311.3790069127424
1.0,2025-05-09,2025-05-08,2025-03-14,2025-05-08,2689.2801530044126,3054.420513807345,27780.161060530078,28222.258853044186,517.0816927261053,74.98390021199984,279.1626872740786,14015.04318548166,32.280185622183964,821.9974703307445,14804.76047019022,1530.1194773141492,16334.879947504369,13608.335998102131,10694.12583374009,17087.82552595622
1.0,2025-05-10,2025-05-09,2025-03-15,2025-05-09,3054.420513807345,8421.30434414149,33785.06442105152,34260.09865638515,482.1088175179246,7.074582184289511,310.3125617717503,16555.129787382437,1.4886581246789625,672.1335106677036,17225.77463992546,1656.1517403755179,18881.926380300974,18909.998053045463,10486.902975666091,14026.27085744419
1.0,2025-05-11,2025-05-10,2025-03-16,2025-05-10,8421.30434414149,8463.151788009183,62719.72583498682,60535.477645553176,821.2222295369982,3005.4704189706445,505.9801526014191,36936.40927731029,718.2966790064609,1221.1095128216907,37439.22211112552,3519.801904539166,40959.024015664676,18868.36858063074,15245.715850829976,1934.7259850204932
1.0,2025-05-12,2025-05-11,2025-03-17,2025-05-11,8463.151788009183,8685.844265523909,55199.189174351945,57700.05307087781,3054.496503192536,553.6326066666666,79.91565923605219,33243.01379376123,113.85454556099998,3171.3291017452725,36300.4883499455,464.2503380503534,36764.73868799586,17479.070535366853,13957.623903883894,2327.326865297572
1.0,2025-05-13,2025-05-12,2025-03-18,2025-05-12,8685.844265523909,8720.128122843194,64884.470817428846,59374.10828565103,1126.703363932349,6637.065895710165,153.48675012933137,38115.741898557986,1719.8633759368013,1512.1097314669803,37907.988254088166,934.3410954629362,38842.3293495511,18575.03804007849,15014.925340876223,2838.2695699114292
1.0,2025-05-14,2025-05-13,2025-03-19,2025-05-13,8720.128122843194,8500.54121672446,62654.75590387937,58832.25086697714,1348.0684507014787,5170.573487603712,2.9687227855796205,37987.86587171256,1577.029652366592,982.533615797101,37393.369835143065,18.14780238824822,37411.51763753132,18266.17680638261,14993.231428676769,2548.125428723548
1.0,2025-05-15,2025-05-14,2025-03-20,2025-05-14,8500.54121672446,3133.4093251640825,54741.86467441452,52811.73602795709,1428.4627269169653,3358.5913733743946,0.0,35485.21821279888,1214.0362495206748,989.5287310250144,35260.71069430321,0.0,35260.71069430321,12880.72765513116,15263.808103060579,2429.7581925531804
1.0,2025-05-16,2025-05-15,2025-03-21,2025-05-15,3133.4093251640825,2543.683356033733,27425.150474375645,26658.584920450634,0.0,766.5655539250142,0.0,14755.793705287993,399.133466955845,0.0,14356.66023833215,0.0,14356.66023833215,12135.253860653502,10360.308999346651,22168.133525810445
1.0,2025-05-17,2025-05-16,2025-03-22,2025-05-16,2543.683356033733,8851.29370111697,34926.09345645086,34829.897484341025,103.1576423775769,199.35361448740355,0.0,17780.054869286203,88.59256047751711,174.60561269740873,17866.067921506095,0.0,17866.067921506095,19273.740565537213,9934.880547510233,15042.238382980713
1.0,2025-05-18,2025-05-17,2025-03-23,2025-05-17,8851.29370111697,9150.943843112167,66679.53630216085,61280.81556838233,194.60136490868877,5593.322098687198,5.2366666666667925,39808.341579251006,1420.96448181908,326.1579019942128,38713.534999426134,35.31869833333418,38748.85369775947,18639.299635466974,14828.147576932575,3798.732076514597
1.0,2025-05-19,2025-05-18,2025-03-24,2025-05-18,9150.943843112167,8743.53007227421,59597.55607409348,56815.42135316016,315.4236990145598,3097.5584199478726,67.00333333333344,35838.00099786881,708.7624052821352,375.52946370508937,35504.76805629177,451.90398166666745,35956.67203795844,17047.750862995796,14175.350592780756,6494.807866278457
1.0,2025-05-20,2025-05-19,2025-03-25,2025-05-19,8743.53007227421,8681.218709770674,59678.46671036727,59777.49240885103,1310.5304025837277,1211.5047040999693,0.0,36013.72465164133,305.5295165237973,1136.8861871211543,36845.08132223869,0.0,36845.08132223869,18342.898372073796,14913.827907632956,1821.0271277435165
1.0,2025-05-21,2025-05-20,2025-03-26,2025-05-20,8681.218709770674,8788.098116254334,55851.7471402548,57958.29040346603,2234.882069644988,128.33880643376096,0.0,34544.437343838385,66.44279907668025,1954.1126032902125,36432.10714805192,0.0,36432.10714805192,17523.907541368804,14098.173642673435,3169.9412214373315
1.0,2025-05-22,2025-05-21,2025-03-27,2025-05-21,8788.098116254334,3317.855603052016,51777.43505572564,50500.67810965418,0.0,1276.7569460714572,2.57000000000005,33482.099445295724,435.63490557179705,0.0,33046.46453972394,17.333365000000338,33063.797904723935,11620.399968964077,14335.74223674299,2401.9595607664287
1.0,2025-05-23,2025-05-22,2025-03-28,2025-05-22,3317.855603052016,3451.5849772692204,27039.98048542191,28043.361405401505,1077.5217365734259,74.14081659383254,0.0,14381.126725509788,45.32228118380983,1566.6708701762395,15902.475314502217,0.0,15902.475314502217,12270.379306303155,9818.650801310074,19170.684017075087
1.0,2025-05-24,2025-05-23,2025-03-29,2025-05-23,3451.5849772692204,9556.321328586208,34785.76206379104,34264.04585714338,0.0,521.7162066476565,0.0,18119.95230496701,270.1155967733286,0.0,17849.83670819368,0.0,17849.83670819368,19076.99631729423,9958.104300823039,21390.652457338856
1.0,2025-05-25,2025-05-24,2025-03-30,2025-05-24,9556.321328586208,9270.076681549186,60585.14742491793,57491.4633221165,349.5156319200107,3443.199734721442,0.0,36701.28190645784,789.960613957505,454.64326599363346,36365.96455849398,0.0,36365.96455849398,16052.940244485497,13260.501780366565,6154.014674664234
1.0,2025-05-26,2025-05-25,2025-03-31,2025-05-25,9270.076681549186,9204.926959669401,58581.784649513254,60943.105554377355,2621.7190700935084,260.39816522939896,0.0,36082.81958118082,137.62081018947055,1787.74695259383,37732.94572358518,0.0,37732.94572358518,18739.720545788925,15237.808391780836,2861.360450369269
1.0,2025-05-27,2025-05-26,2025-04-01,2025-05-26,9204.926959669401,9096.117314419069,55328.80588788448,56334.33227483177,1156.949183014721,151.42279606742505,0.0,34564.454049185064,78.64007003171132,795.2474941509288,35281.061473304275,0.0,35281.061473304275,17338.66470201114,14142.247089354327,3747.5473621749597
1.0,2025-05-28,2025-05-27,2025-04-02,2025-05-27,9096.117314419069,9388.893254579985,64054.4818651448,60022.03077368452,443.33576583680167,4475.78685729708,0.0,38465.14361830202,1062.7423064667842,599.7957945141266,38002.19710634936,0.0,38002.19710634936,18248.76052375917,14517.997678100102,4017.4438280254462
1.0,2025-05-29,2025-05-28,2025-04-03,2025-05-28,9388.893254579985,3317.283678630781,55206.15255040495,55409.55622136305,2246.153154394843,2042.749483436749,17.817433333333497,34780.77505512128,459.14756933164153,1701.1038433053914,36022.73132909503,119.77769558333443,36142.509024678366,12011.37791467892,15193.664729244207,4499.536969261672
1.0,2025-05-30,2025-05-29,2025-04-04,2025-05-29,3317.283678630781,3840.2199536104135,27897.288393381816,27990.337789729238,105.43658802830132,12.38719168087789,0.0,15281.723225877346,6.737130844773554,145.9086917212742,15420.894786753843,0.0,15420.894786753843,12678.315115025183,9798.792595688732,18514.582003726122
1.0,2025-05-31,2025-05-30,2025-04-05,2025-05-30,3840.2199536104135,9737.277764625409,36964.58666675063,35429.953640586304,0.0,1534.6330261643202,0.0,19749.260513839272,704.0356163119272,0.0,19045.224897527347,0.0,19045.224897527347,18582.51151389041,9744.482296337734,18202.742873033632
1.0,2025-06-01,2025-05-31,2025-04-06,2025-05-31,9737.277764625409,7780.912138777779,78301.75998892786,74269.1591824955,4967.872455836603,9000.473262268979,385.5663429490212,48083.86121128415,2855.9156509231266,7098.793400374217,52326.73896073525,2369.108391345637,54695.84735208088,18350.695085744046,16624.792082715547,1703.9962224160063
1.0,2025-06-02,2025-06-01,2025-04-07,2025-06-01,7780.912138777779,7780.967176113624,81491.41994486284,73609.4741313598,1843.6083195976234,9725.554133100639,194.94339321811572,50226.23315425409,2857.187289160657,3343.0274875396112,50712.07335263305,1315.0666679667133,52027.14002059976,20989.243642301037,17001.237816661578,1175.6042489384668
1.0,2025-06-03,2025-06-02,2025-04-08,2025-06-02,7780.967176113624,7959.7639185336875,75407.53276414597,76028.75290443409,4932.739109619528,4311.518969331407,131.15418651905952,46005.46799308692,1098.1322194662785,6885.635022920428,51792.97079654106,884.548683393263,52677.51947993432,19218.4586478237,15406.034436559137,4155.11604635526
1.0,2025-06-04,2025-06-03,2025-04-09,2025-06-03,7959.7639185336875,7994.6844833371515,85830.40213799411,75642.90705032792,1093.0710850610842,11280.566172727276,131.44082518443986,53169.08105511198,3373.78694558118,1897.1772475139958,51692.47135704479,894.1393688833074,52586.6107259281,20079.430013124736,16232.909802307926,2282.5668480288837
1.0,2025-06-05,2025-06-04,2025-04-10,2025-06-04,7994.6844833371515,1587.1581828010474,67840.75254535153,69987.00635231694,6645.6664306262155,4499.412623660785,250.60740207197125,42189.346724438314,1059.4851696858018,8796.492558593627,49926.35411334614,1698.926542122529,51625.28065546867,13768.851615067513,16919.543478687185,2238.987601341926
1.0,2025-06-06,2025-06-05,2025-04-11,2025-06-05,1587.1581828010474,1993.1052374520373,35073.59576444603,36786.38676846018,2982.0750306263244,1269.2840266121684,156.9093600263779,19680.935210399133,452.4256773636126,4648.911343444978,23877.4208764805,1094.599695544012,24972.020572024514,14630.065592733954,11485.00078092861,2943.2359166812166
1.0,2025-06-07,2025-06-06,2025-04-12,2025-06-06,1993.1052374520373,8323.66483858359,46572.669048564945,47324.02422683087,1603.4849264643726,852.1297481984468,0.0,23949.589591834614,212.70606233169326,2640.413108007436,26377.296637510357,0.0,26377.296637510357,20966.88024277881,11285.669355632437,6516.30017301783
1.0,2025-06-08,2025-06-07,2025-04-13,2025-06-07,8323.66483858359,8886.805846137087,75562.40161419744,70514.45070054606,1873.3305460529764,6921.28145970436,57.08455428838852,46331.99745396235,1838.870494682003,2221.6018782989263,46714.72883757927,385.25108150329993,47099.97991908257,19886.403996258647,15601.160330171366,1101.3683220805094
1.0,2025-06-09,2025-06-08,2025-04-14,2025-06-08,8886.805846137087,8729.456114376126,83680.83541769403,76900.21301462996,220.30012023749794,7000.922523301572,45.28662185301209,52694.35608589843,2209.71229396543,396.48970417557985,50881.13349610858,305.17707207710953,51186.31056818569,20861.603582971617,17039.513660791876,2190.6969809699067
1.0,2025-06-10,2025-06-09,2025-04-15,2025-06-09,8729.456114376126,8740.6953704149,78272.75901966932,77916.70970850656,1751.0943563009628,2107.1436674637143,0.5340489864252049,48524.594070030755,529.5503146155687,2240.5344855838657,50235.578240999035,3.610972221714023,50239.18921322076,21297.946340308838,17241.22120521526,2242.07438906609
1.0,2025-06-11,2025-06-10,2025-04-16,2025-06-10,8740.6953704149,9023.275913036689,83859.54610403345,82390.42540998805,1974.4734280213543,3443.5941220667505,18.330565059599053,53137.58394544838,1296.3253782334873,2389.804442495598,54231.06300971049,123.67453254697752,54354.73754225747,23469.69324010334,18756.129036124097,1610.745454401736
1.0,2025-06-12,2025-06-11,2025-04-17,2025-06-11,9023.275913036689,3664.1991570152163,75607.19286514442,72215.84227748544,221.22322688421252,3612.573814543194,0.0,48848.62659313966,1155.4804556344623,400.2335392453085,48093.3796767505,0.0,48093.3796767505,15248.345960134166,17174.32930812799,1689.4341921459277
1.0,2025-06-13,2025-06-12,2025-04-18,2025-06-12,3664.1991570152163,3682.1401162764178,35178.47858419434,35118.51208159036,334.9437820915252,394.91028469550815,0.0,20321.380716570027,161.25256373697079,592.7246593581302,20752.852812191184,0.0,20752.852812191184,13286.594823248131,10745.994943495909,4232.598501838138
1.0,2025-06-14,2025-06-13,2025-04-19,2025-06-13,3682.1401162764178,9190.337982063507,42346.781488862965,41931.485302794215,564.1634218517765,979.4596079205292,0.0,23588.30001739695,426.2758859074886,1042.3297636255109,24204.353895114968,0.0,24204.353895114968,18856.081426179837,10316.047875997287,7198.10900261166
1.0,2025-06-15,2025-06-14,2025-04-20,2025-06-14,9190.337982063507,9748.420846763744,78420.75354680872,78732.5707277304,854.5329637765562,542.7157828548827,0.0,49180.9963408983,256.7768157468516,665.3758276030655,49589.59535275452,0.0,49589.59535275452,22601.71142711505,17805.111677732977,3308.996645014994
1.0,2025-06-16,2025-06-15,2025-04-21,2025-06-15,9748.420846763744,9635.302602670192,81186.75004075207,79406.71120467843,1166.1438986558805,2946.1827347295284,0.0,51130.43412938007,1045.1073658647288,1393.3840593421794,51478.71082285751,0.0,51478.71082285751,21618.044691703566,17612.422619964087,2707.036316272287
1.0,2025-06-17,2025-06-16,2025-04-22,2025-06-16,9635.302602670192,9331.865803516126,82999.42580591515,81534.30344269046,905.7579650448788,2370.8803282695594,32.789805802043475,52337.54375758438,866.2455968441154,1061.182076475984,52532.48023721625,222.37165446341797,52754.851891679675,21899.076035542486,18011.34470802807,3042.3507043114287
1.0,2025-06-18,2025-06-17,2025-04-23,2025-06-17,9331.865803516126,9555.28850558998,84173.66391891212,79389.4623024021,251.50401789265743,5035.705634402676,2.3047035841362913,52779.94578555085,1769.2544338153632,220.5407778337005,51231.2321295692,15.536006860662742,51246.768136429855,20518.4550825211,16418.86818497563,4363.789208440765
1.0,2025-06-19,2025-06-18,2025-04-24,2025-06-18,9555.28850558998,4025.118595704298,72958.80377066134,70688.4061023118,2513.425201197302,4783.822869546844,32.66524826034674,46981.64538560693,1650.121145821327,2798.111851219156,48129.63609100476,220.21277114712757,48349.84886215189,15116.98741482351,17221.91272490416,4566.492460652793
1.0,2025-06-20,2025-06-19,2025-04-25,2025-06-19,4025.118595704298,4350.661092512422,36174.01476003211,35034.42502965668,0.0,1139.5897303754257,0.0,21790.050301610027,573.8176206611002,0.0,21216.232680948924,0.0,21216.232680948924,12665.982503753603,9966.45758091311,9934.319256816192
1.0,2025-06-21,2025-06-20,2025-04-26,2025-06-20,4350.661092512422,10415.396697159664,42162.40319284993,41620.12956943149,0.0,542.27362341844,0.0,23914.974692220465,253.0989637728145,0.0,23661.87572844765,0.0,23661.87572844765,19376.59307124323,10236.778343524504,13145.574441712766
1.0,2025-06-22,2025-06-21,2025-04-27,2025-06-21,10415.396697159664,9811.262351622165,77526.40061509694,74754.21393946346,1553.447959911207,4325.634635544692,0.0,48335.67335265028,1217.1494071871557,1798.763616025487,48917.2875614886,0.0,48917.2875614886,19577.510781130542,16401.50464369949,4120.866702032399
1.0,2025-06-23,2025-06-22,2025-04-28,2025-06-22,9811.262351622165,9719.391962520784,79169.51081700536,74397.43505230648,0.0,4772.075764698853,0.0,50396.292187616644,1732.1946294122145,0.0,48664.09755820443,0.0,48664.09755820443,20903.35453165426,17014.400520831194,3447.195041483429
1.0,2025-06-24,2025-06-23,2025-04-29,2025-06-23,9719.391962520784,9931.760117877782,90604.27971108802,84865.08694054524,0.0,5739.192770542786,0.0,58025.24808145403,2058.2518589467654,0.0,55966.99622250727,0.0,55966.99622250727,22478.99783344981,18016.85690527305,4134.15376236847
1.0,2025-06-25,2025-06-24,2025-04-30,2025-06-24,9931.760117877782,9773.551742795062,81340.82930175445,78746.7012140303,1325.4805535628334,3919.608641286977,0.0,50870.08480903495,1457.7028774822056,1490.004421875179,50902.38635342792,0.0,50902.38635342792,20703.192330417725,16911.973325212806,4518.060842158722
1.0,2025-06-26,2025-06-25,2025-05-01,2025-06-25,9773.551742795062,3865.7555585903265,71262.49173650343,68946.43671033208,135.5223588201738,2451.577384991515,5.302596933648374,46783.99084493415,923.095896316704,142.24198453528774,46003.13693315274,35.72094424352227,46038.85787739626,13244.254726821862,16044.862894509968,4204.963641620509
1.0,2025-06-27,2025-06-26,2025-05-02,2025-06-26,3865.7555585903265,4561.443893229582,38097.12128563352,35244.70153782169,0.0,2852.4197478118294,0.0,22897.73517084576,1322.300861707585,0.0,21575.434309138174,0.0,21575.434309138174,12777.639497857297,9723.76849208908,12419.184665386809
1.0,2025-06-28,2025-06-27,2025-05-03,2025-06-27,4561.443893229582,10173.60227717398,42802.82178220448,41579.12944490924,0.0,1223.6923372952435,0.0,24565.741470472087,607.303024426299,0.0,23958.43844604578,0.0,23958.43844604578,19208.815855985107,10508.198297797982,11101.58577005545
1.0,2025-06-29,2025-06-28,2025-05-04,2025-06-28,10173.60227717398,10056.869008001102,76472.5467622141,77789.41247807296,3703.608842967512,2386.7431271086475,0.0,47919.25569206095,913.0710345318623,3963.454264664876,50969.63892219396,0.0,50969.63892219396,20096.37182487072,16383.121120400874,4808.393240269785
1.0,2025-06-30,2025-06-29,2025-05-05,2025-06-29,10056.869008001102,9602.920170553498,82963.6222345598,78085.87575968882,0.0,4877.74647487101,10.479597243118064,52633.21893395619,1862.826548487292,0.0,50770.3923854689,70.60947119582266,50841.00185666472,20410.08676073534,16940.724229898464,4749.3088427617195
1.0,2025-07-01,2025-06-30,2025-05-06,2025-06-30,9602.920170553498,8943.865807311353,73740.20030841793,84023.98807506522,12496.0526227584,2212.264856111111,0.0,46161.65794667605,495.73459148761117,15927.873665650757,61593.7970208392,0.0,61593.7970208392,18775.357896050962,15801.188822719216,2183.2749684001365
1.0,2025-07-02,2025-07-01,2025-05-07,2025-07-01,8943.865807311353,8637.875075178588,70259.0511150107,79325.45909761761,10758.168991569491,1691.7610089625823,43.96146432724072,44472.7937961387,376.49258166854395,11886.561573902169,55982.862788372324,296.3970889725857,56279.25987734491,19477.546345858067,16052.204199064521,3039.312048484646
1.0,2025-07-03,2025-07-02,2025-05-08,2025-07-02,8637.875075178588,2710.2396634478896,73072.28389717468,81602.26031660463,11716.504849985511,3186.528430555554,23.31924914270951,47094.62695628473,730.262441282722,15030.769094942978,61395.13360994499,162.67508201954155,61557.80869196453,13768.801574534004,16487.601145930166,4583.960203810177
1.0,2025-07-04,2025-07-03,2025-05-09,2025-07-03,2710.2396634478896,2728.785130218733,35875.60163369987,41244.3425178044,5368.740884104531,0.0,1225.9593414615933,20807.08685127629,0.0,7877.487572109769,28684.57442338606,3507.7480021944675,32192.322425580525,12788.06738456134,10341.643661400927,11143.010669438918
1.0,2025-07-05,2025-07-04,2025-05-10,2025-07-04,2728.785130218733,9119.069319411445,43855.19149437974,48948.13706711681,5092.945572737077,0.0,560.3312168611105,24316.687974638473,0.0,7528.905134655079,31845.593109293557,1642.385702542379,33487.97881183593,19674.664758678933,10185.222684256498,11228.946242888822
1.0,2025-07-06,2025-07-05,2025-05-11,2025-07-05,9119.069319411445,8528.660745434148,73791.89018170368,87773.29534763156,16364.43830187965,2383.0331359517786,30.85002040762481,46884.57302982641,521.3603219399831,18516.451115729466,64879.6638236159,207.88947534706847,65087.55329896297,20317.292028708638,16988.37425983356,4681.246049164096
1.0,2025-07-07,2025-07-06,2025-05-12,2025-07-06,8528.660745434148,8742.071450461126,75678.5624665272,82868.27623723628,8927.512208344595,1737.7984376355344,20.2981708280505,47565.658469252776,403.11162478254516,10433.716211668876,57596.2630561391,136.7386277831622,57733.001683922266,20053.565609768164,16051.318509387931,5476.844541017418
1.0,2025-07-08,2025-07-07,2025-05-13,2025-07-07,8742.071450461126,9257.268542326326,85808.02583657097,83414.65445581278,1788.0858281643518,4181.457208922543,18.47515625360802,54333.39533691288,1060.7307112714443,2607.998286680553,55880.66291232198,124.39322705554281,56005.05613937753,21073.196857092804,16605.612071566487,3394.157809873406
1.0,2025-07-09,2025-07-08,2025-05-14,2025-07-08,9257.268542326326,9348.923698336104,85503.5680487082,81236.96601104591,1078.383695906636,5344.985733568917,37.30733642181292,53774.181757066275,1556.0506690248849,1735.0353186441762,53953.166406685574,251.55049588107465,54204.71690256665,20441.559216250007,16475.173324753712,3249.1624393047687
1.0,2025-07-10,2025-07-09,2025-05-15,2025-07-09,9348.923698336104,3535.83784148097,72032.37037274726,72098.61142485854,2313.3258031832347,2247.0847510719586,33.191880573366575,47407.98818954456,566.166522118279,2547.96975931559,49389.79142674188,223.66847071233013,49613.4598974542,14407.098929636351,16901.527404175067,1772.6083966372887
1.0,2025-07-11,2025-07-10,2025-05-16,2025-07-10,3535.83784148097,3832.746136285333,42798.06983995256,42687.85908040411,775.5710150736035,885.7817746220551,0.0,25945.619556008707,385.0987977937492,1150.7936051176328,26711.314363332585,0.0,26711.314363332585,13586.78401572712,10738.077587415042,7320.375502092027
1.0,2025-07-12,2025-07-11,2025-05-17,2025-07-11,3832.746136285333,9296.875209569787,47703.21496178764,49739.43725323759,2036.2222914499507,0.0,0.0,27400.0917245687,0.0,2818.568023031138,30218.659747599842,0.0,30218.659747599842,19321.664454223166,10732.832041964757,10066.36150764585
1.0,2025-07-13,2025-07-12,2025-05-18,2025-07-12,9296.875209569787,9148.906787369217,84531.47375762479,75469.49330778616,55.79058897204527,9117.771038810675,59.5255606472399,54407.04076707506,3102.57889637753,112.92847343869093,51417.39034413622,400.73511286474144,51818.12545700096,20008.108887606577,16339.739778941837,2592.929359768662
1.0,2025-07-14,2025-07-13,2025-05-19,2025-07-13,9148.906787369217,9272.463527803471,80675.23230068714,78652.50704591007,2009.1424488941234,4031.8677036712065,0.0,50335.43236493312,970.6788545314514,2718.826461859965,52083.57997226163,0.0,52083.57997226163,19473.321286972467,15662.189176056867,3033.6957183278028
1.0,2025-07-15,2025-07-14,2025-05-20,2025-07-14,9272.463527803471,9708.065891138942,88671.71892108256,79385.07470087979,0.0,9286.644220202765,0.0,56003.4223434188,2938.9779595595082,0.0,53064.4443838593,0.0,53064.4443838593,19862.943032921965,15696.941729664868,2470.0228142893734
1.0,2025-07-16,2025-07-15,2025-05-21,2025-07-15,9708.065891138942,9673.278261131247,84462.7772095507,79766.48017268466,0.731501539815099,4697.028538405845,1.9834304752605476,54317.327759608095,1617.3075111587368,1.475255730422101,52701.495504179766,13.40104800609789,52714.89655218586,19175.332346614745,15563.328067764867,4021.8959409767103
1.0,2025-07-17,2025-07-16,2025-05-22,2025-07-16,9673.278261131247,4398.4038405833135,76645.86518232331,74375.05551704287,1309.1818075036867,3579.991472784119,11.432396447548854,50180.27902455153,1161.4908142111015,1395.7277006276108,50414.51591096804,77.24298659786383,50491.7588975659,15043.423671898367,16932.560152730817,3555.208327656208
1.0,2025-07-18,2025-07-17,2025-05-23,2025-07-17,4398.4038405833135,4579.279465838889,46598.81533034059,42815.65061457812,0.0,3783.164715762478,0.0,28824.76485886771,1573.4408321549477,0.0,27251.324026712762,0.0,27251.324026712762,13295.31027519083,10606.413260174557,8852.505499561837
1.0,2025-07-19,2025-07-18,2025-05-24,2025-07-18,4579.279465838889,9327.927352957504,52808.78377950357,49415.683225664645,0.0,3393.1005538389263,0.0,31698.857061011364,1413.742734497738,0.0,30285.114326513627,0.0,30285.114326513627,18792.404416894722,10948.064479277971,14388.524238047896
1.0,2025-07-20,2025-07-19,2025-05-25,2025-07-19,9327.927352957504,9573.763275789535,88750.05214397027,80739.50850277417,0.0,8010.543641196084,0.0,55990.59281113819,2457.6505006152506,0.0,53532.942310522936,0.0,53532.942310522936,19608.99411167721,15662.032899909715,4702.5690743400155
1.0,2025-07-21,2025-07-20,2025-05-26,2025-07-20,9573.763275789535,9605.248052851217,89486.46630712273,83284.69946847575,0.0,6201.766838646982,1.2075756511204645,57014.74489151359,2108.674215642592,0.0,54906.070675871,8.424047742216361,54914.494723613214,20327.61647661427,16437.03304670204,5405.574264214649
1.0,2025-07-22,2025-07-21,2025-05-27,2025-07-21,9605.248052851217,9791.603238711232,87937.7227153745,84220.83383045085,1096.057004096305,4812.945889019962,14.1934446201318,56330.258789255,1815.242938178562,781.0792459825914,55296.095097059035,95.71741851454448,55391.812515573576,20120.495169117457,16129.881419711128,6449.268908997982
1.0,2025-07-23,2025-07-22,2025-05-28,2025-07-22,9791.603238711232,9622.853629968413,97861.13124745392,83383.71197820039,0.0,14477.419269253533,16.028614901234732,63302.23300138454,5054.584264186457,0.0,58247.648737198084,108.09100826975441,58355.739745467836,21105.47894146407,17247.31259045444,5325.027125425317
1.0,2025-07-24,2025-07-23,2025-05-29,2025-07-23,9622.853629968413,5500.799433639223,91210.94181416403,78118.47960143,0.0,13092.462212734044,0.0,60409.87193966101,4606.867512414923,0.0,55803.00442724609,0.0,55803.00442724609,14535.773046772152,15483.824944581715,5450.059499239558
1.0,2025-07-25,2025-07-24,2025-05-30,2025-07-24,5500.799433639223,5068.904201344216,45313.250327358444,42734.006476379596,0.0,2579.2438509788417,0.0,28055.168617958043,1284.3402073263023,0.0,26770.828410631744,0.0,26770.828410631744,13879.096644305062,11630.773990952606,13980.364256360479
1.0,2025-07-26,2025-07-25,2025-05-31,2025-07-25,5068.904201344216,9658.031615390604,51932.96834240475,49588.9197233008,0.0,2344.0486191039454,0.0,30654.688512180182,1067.2999258749237,0.0,29587.388586305256,0.0,29587.388586305256,18833.116091139786,11124.60936118148,13411.321426675824
1.0,2025-07-27,2025-07-26,2025-06-01,2025-07-26,9658.031615390604,9874.773946971443,89109.1086206771,82263.84199213397,0.0,6845.266628543142,0.0,56892.20003238868,2377.7257783444143,0.0,54514.47425404427,0.0,54514.47425404427,21008.992753884846,16822.216032223965,4391.87547047308
1.0,2025-07-28,2025-07-27,2025-06-02,2025-07-27,9874.773946971443,9737.908666919022,91988.23594294084,86536.05494295937,0.0,5452.180999981483,0.0,58884.96803624078,2128.55511535695,0.0,56756.41292088383,0.0,56756.41292088383,21223.928626371497,17314.5609394081,4671.810022662638
1.0,2025-07-29,2025-07-28,2025-06-03,2025-07-28,9737.908666919022,9696.124027512977,90196.41887309957,86051.71421955724,0.0,4144.704653542329,5.3674966458569315,57656.24354258517,1706.2810282376686,0.0,55949.96251434751,36.13935491655472,55986.101869264065,20139.545076248676,16350.63768722687,6198.928377181295
1.0,2025-07-30,2025-07-29,2025-06-04,2025-07-29,9696.124027512977,9925.380739637154,83119.22939589093,83818.81238491589,2141.9387569131095,1442.3557678881352,0.0,53218.23071303859,727.7159545641192,1917.8159240458044,54408.33068252027,0.0,54408.33068252027,20318.723065711667,16251.834642314683,5648.66991151892
1.0,2025-07-31,2025-07-30,2025-06-05,2025-07-30,9925.380739637154,5302.5496482119515,81725.58968515275,78122.98940880608,0.0,3602.6002763466704,0.0,53212.234756214486,1542.0952452321833,0.0,51670.139510982306,0.0,51670.139510982306,16632.242622468602,17632.66450648225,4428.41502615307
1.0,2025-08-01,2025-07-31,2025-06-06,2025-07-31,5302.5496482119515,5452.221598582326,45779.71561277221,42591.77293948736,0.0,3187.9426732848437,0.0,28282.097845846474,1526.5959283499076,0.0,26755.501917496567,0.0,26755.501917496567,14085.102135188303,11274.227974169185,18529.53911180158
1.0,2025-08-02,2025-08-01,2025-06-07,2025-08-01,5452.221598582326,9587.571480906296,52847.375141900186,48435.54227719852,0.0,4411.832864701662,0.0,31613.57646397702,1949.8575936111256,0.0,29663.718870365898,0.0,29663.718870365898,18659.873810772388,11392.682892634064,20241.326425726867
1.0,2025-08-03,2025-08-02,2025-06-08,2025-08-02,9587.571480906296,9199.511948846319,76060.91357144581,70969.45284692134,0.0,5091.460724524475,73.97146257108977,48840.31546229984,1790.0973433199713,0.0,47050.21811897987,498.5699288658047,47548.78804784568,18567.394966637927,15388.843501830701,5025.392861351871
1.0,2025-08-04,2025-08-03,2025-06-09,2025-08-03,9199.511948846319,9902.736374076158,81822.10232565086,73755.72118472823,0.0,8066.3811409226255,0.0,52690.85454594655,2747.680163274071,0.0,49943.174382672485,0.0,49943.174382672485,18601.985194576322,14434.706024899966,4172.786931718556
1.0,2025-08-05,2025-08-04,2025-06-10,2025-08-04,9902.736374076158,9496.004963977486,79430.95738746681,72702.82090074482,0.0,6728.1364867219945,0.0,51057.284145775615,2416.1366602790467,0.0,48641.14748549656,0.0,48641.14748549656,17927.681222524294,14887.480059333484,4510.310004220677
1.0,2025-08-06,2025-08-05,2025-06-11,2025-08-05,9496.004963977486,9401.899208014338,87606.80965822803,76532.1256576471,0.0,11074.684000580928,0.0,57005.58925097874,4068.9759494942296,0.0,52936.6133014845,0.0,52936.6133014845,18366.360125999192,14961.446882426178,5012.81314740742
1.0,2025-08-07,2025-08-06,2025-06-12,2025-08-06,9401.899208014338,4538.454534810352,83083.23153850259,67551.98946662381,0.0,15531.242071878776,8.901885987579135,53774.00166479992,4605.524954812024,0.0,49168.476709987895,60.145592675078426,49228.622302662974,13281.693660543042,15135.272070923453,6026.484512991799
1.0,2025-08-08,2025-08-07,2025-06-13,2025-08-07,4538.454534810352,4639.388443094408,44513.59532311513,42330.38007964831,0.0,2183.215243466816,0.0,26925.92706144908,1137.3956192474284,0.0,25788.53144220166,0.0,25788.53144220166,13135.04384988822,10548.545000953807,23968.709980713902
1.0,2025-08-09,2025-08-08,2025-06-14,2025-08-08,4639.388443094408,9436.774633165765,50401.257612881695,47825.388012759,0.0,2575.869600122695,0.0,29615.9071751269,1259.596326188863,0.0,28356.310848938032,0.0,28356.310848938032,18642.913262649876,10783.112171682176,21043.65792179131
1.0,2025-08-10,2025-08-09,2025-06-15,2025-08-09,9436.774633165765,9466.439602884955,82410.68771594751,72543.18611422331,0.0,9867.501601724201,0.941546887855452,53191.12313130842,3394.3636609280884,0.0,49796.75947038033,6.3502629851410966,49803.109733365476,17696.55794906123,14307.513465992324,3850.464128042257
1.0,2025-08-11,2025-08-10,2025-06-16,2025-08-10,9466.439602884955,9283.262523540228,80715.95018170532,73352.61075584484,0.0,7363.339425860489,90.3441480977209,50974.87626852337,2163.8851889565403,0.0,48810.991079566826,609.1775398776814,49420.16861944449,19192.818401355446,15711.042276508168,5399.925445761946
1.0,2025-08-12,2025-08-11,2025-06-17,2025-08-11,9283.262523540228,9354.067246361396,86832.0214453051,76265.11432355619,0.0,10566.907121748907,19.996385459509952,54948.72899562506,3217.445942352256,0.0,51731.28305327281,134.42570125155567,51865.70875452436,18179.630052778113,14661.776092211221,5006.7130984488085
1.0,2025-08-13,2025-08-12,2025-06-18,2025-08-12,9354.067246361396,9617.845243656313,78997.39094712932,74931.61796185814,0.0,4065.7729852711777,53.13576382784595,49884.0590148412,1335.7680365550418,0.0,48548.29097828615,360.81700531869603,48909.107983604845,18335.64360488091,14614.471122388111,5142.601793193184
1.0,2025-08-14,2025-08-13,2025-06-19,2025-08-13,9617.845243656313,4225.670519800781,74130.84431706913,68693.14126384523,0.0,5437.7030532239,60.88072844814667,48935.08560058292,2135.6502220340353,0.0,46799.43537854888,417.57783669971,47217.01321524859,14106.502346904508,16279.224152462628,5000.452814518156
1.0,2025-08-15,2025-08-14,2025-06-20,2025-08-14,4225.670519800781,4243.706741818327,45589.42142892827,41768.64405231234,0.0,3820.777376615929,0.0,28003.10593429773,1847.7648192967954,0.0,26155.341115000934,0.0,26155.341115000934,13265.866977852149,10729.11965224445,22072.169843371306
1.0,2025-08-16,2025-08-15,2025-06-21,2025-08-15,4243.706741818327,9360.619119114786,52982.827459674896,47439.12813000058,0.0,5543.699329674313,0.0,31929.43878286227,2473.255110621704,0.0,29456.183672240568,0.0,29456.183672240568,19378.46875375506,11091.338550974788,22222.71756055364
1.0,2025-08-17,2025-08-16,2025-06-22,2025-08-16,9360.619119114786,9266.233259211855,84277.01432467191,72722.24909748459,0.0,11554.765227187323,88.74677383312758,53053.45975964822,3399.9240686363773,0.0,49653.53569101185,597.6782401855274,50251.21393119737,18778.075159118885,15295.188152798932,6162.715248331095
1.0,2025-08-18,2025-08-17,2025-06-23,2025-08-17,9266.233259211855,9371.324421686773,81590.46086710342,74019.1481014064,0.0,7571.3127656970255,142.90700055340324,52351.13432579167,2732.089019182994,0.0,49619.04530660868,967.7435288489035,50586.788835457584,19529.889313857224,15724.628297996924,5962.678469432835
1.0,2025-08-19,2025-08-18,2025-06-24,2025-08-18,9371.324421686773,9178.878431658644,80008.96086444268,72873.41861166281,0.0,7135.542252779861,114.83653066892657,51124.293743712944,2320.7718145348745,0.0,48803.521929178074,774.6459365102702,49578.16786568835,17899.22623075916,14671.574637940237,5442.943499512823
1.0,2025-08-20,2025-08-19,2025-06-25,2025-08-19,9178.878431658644,9214.248415411255,89236.75650738366,77759.62556376091,0.0,11477.13094362276,41.09875481411643,56319.31445010937,3692.083135246212,0.0,52627.23131486315,277.5076617302987,52904.738976593464,20996.703512204695,16975.496859508454,3128.826599212121
1.0,2025-08-21,2025-08-20,2025-06-26,2025-08-20,9214.248415411255,4593.134875631495,79336.82797686817,67652.84338569158,0.0,11683.984591176575,13.865767328431843,51291.59862549181,3571.294456954536,0.0,47720.30416853729,93.51766774660857,47813.821836283896,13099.200436963969,14769.354539742599,3492.444772465313
1.0,2025-08-22,2025-08-21,2025-06-27,2025-08-21,4593.134875631495,4560.254197179315,45138.05547200024,42157.61709207839,0.0,2980.438379921851,0.0,27608.641564957175,1395.5005950075404,0.0,26213.140969949633,0.0,26213.140969949633,13917.926318259444,11303.11292839711,18312.234302216057
1.0,2025-08-23,2025-08-22,2025-06-28,2025-08-22,4560.254197179315,9373.396243401312,49181.0186853164,48059.84497538033,0.0,1121.1737099360616,0.0,28453.134459172506,545.6626163197908,0.0,27907.471842852712,0.0,27907.471842852712,18233.40464036184,10437.229917093295,17733.664102111783
1.0,2025-08-24,2025-08-23,2025-06-29,2025-08-23,9373.396243401312,9478.402618215325,79586.95033225644,73833.38464876804,0.0,5753.565683488397,0.0,51602.95731127637,1991.0061371678662,0.0,49611.9511741085,0.0,49611.9511741085,19391.77096431137,15612.828743759597,6320.852944882938
1.0,2025-08-25,2025-08-24,2025-06-30,2025-08-24,9478.402618215325,9377.626143526297,101357.31915406801,79279.17203305557,0.0,22078.147121012447,15.718051063976873,65232.010654276404,7636.578281127728,0.0,57595.43237314867,105.98436500366438,57701.41673815234,20095.5943064891,16368.13021547629,4794.338976440078
1.0,2025-08-26,2025-08-25,2025-07-01,2025-08-25,9377.626143526297,9612.033517314962,79786.6014108487,73927.71000105276,0.0,5858.891409795929,0.0,51731.80904910226,2167.8018192233226,0.0,49564.00722987894,0.0,49564.00722987894,19600.83153340867,15665.70690565123,4463.766989961996
1.0,2025-08-27,2025-08-26,2025-07-02,2025-08-26,9612.033517314962,9166.610369726817,80230.35555579531,77478.41805160881,62.54927810108825,2814.4867822875867,25.056440778054707,51806.00048121942,1009.9675705315656,62.80573014130271,50858.838640829155,168.80048919383694,51027.63913002299,18675.838227967524,15528.309797483027,6441.7971952357
1.0,2025-08-28,2025-08-27,2025-07-03,2025-08-27,9166.610369726817,4969.835037090457,74043.95417726513,74360.46397236036,1513.0906251237889,1196.5808300285546,25.736144807935716,47953.22978725117,542.4093563220976,1517.425444370669,48928.24587529975,173.5302398323384,49101.77611513208,15939.362996494237,16687.981826533058,4367.02396387378
1.0,2025-08-29,2025-08-28,2025-07-04,2025-08-28,4969.835037090457,4755.27054804328,45996.540972889896,43176.42476285616,0.0,2820.1162100337406,0.0,28168.38642617521,1336.483027032624,0.0,26831.903399142582,0.0,26831.903399142582,13974.971581681215,11512.835021304243,18159.06785247918
1.0,2025-08-30,2025-08-29,2025-07-05,2025-08-29,4755.27054804328,9193.45426005848,50116.926740629366,47347.30847928861,0.0,2769.6182613407555,0.0,29542.90670807254,1176.680103673874,0.0,28366.226604398667,0.0,28366.226604398667,18221.795604058083,10765.289098473371,21378.082140370563
1.0,2025-08-31,2025-08-30,2025-07-06,2025-08-30,9193.45426005848,9525.949669214782,77267.65316873605,74066.31293538712,0.0,3201.3402333489375,20.572253587815,49810.943234794686,1319.5235621674358,0.0,48491.41967262725,138.99643136607204,48630.41610399332,20959.28254487303,16677.772993106482,3158.752553875053
1.0,2025-09-01,2025-08-31,2025-07-07,2025-08-31,9525.949669214782,10800.0,86481.49390964469,67389.50592731695,0.0,19091.987982327744,0.0,54715.06376858476,6158.998277465522,0.0,48556.06549111924,0.0,48556.06549111924,18300.966940348702,13677.137923975757,9191.542377610665
1.0,2025-09-02,2025-09-01,2025-07-08,2025-09-01,10800.0,10800.0,74846.9441612963,65439.112914777004,0.0,9407.831246519294,0.0,47888.325259596895,3280.95023735301,0.0,44607.37502224388,0.0,44607.37502224388,18912.372346194603,15319.021600417627,7788.006319000031
1.0,2025-09-03,2025-09-02,2025-07-09,2025-09-02,10800.0,10710.886427707639,79270.91973016462,67149.65157966362,0.0,12121.268150500986,0.0,50721.6440129291,3926.7996291902455,0.0,46794.84438373885,0.0,46794.84438373885,16778.08091510181,13670.44775629559,8494.3011708574
1.0,2025-09-04,2025-09-03,2025-07-10,2025-09-03,10710.886427707639,6642.183023614083,71948.69207250592,61822.57228105242,0.0,10126.119791453499,0.0,48067.38120391363,3739.5305267917556,0.0,44327.85067712188,0.0,44327.85067712188,13884.10741756519,14907.960071912008,8920.859385399233
1.0,2025-09-05,2025-09-04,2025-07-11,2025-09-04,6642.183023614083,6302.499826293238,40676.901031072426,35738.97789265136,0.0,4937.923138421067,0.0,25053.38481734875,2509.7919671271893,0.0,22543.59285022156,0.0,22543.59285022156,14348.371507071957,11927.895798317053,26494.240517229788
1.0,2025-09-06,2025-09-05,2025-07-12,2025-09-05,6302.499826293238,10800.0,46289.055021336084,41875.67701499646,0.0,4413.378006339626,0.0,27222.428713669324,2116.213139921032,0.0,25106.21557374829,0.0,25106.21557374829,19047.698890000218,11380.885944564094,26487.78036956034
1.0,2025-09-07,2025-09-06,2025-07-13,2025-09-06,10800.0,10682.209603219793,72359.70947193415,66650.93327740525,0.0,5708.7761945289085,0.0,46828.53255702919,2238.63569219916,0.0,44589.89686483002,0.0,44589.89686483002,18463.862458430263,15061.739948430697,8287.827150739022
1.0,2025-09-08,2025-09-07,2025-07-14,2025-09-07,10682.209603219793,10163.355031331334,75968.9578752383,68218.84056579098,0.0,7750.117309447327,0.0,47902.792018562126,2353.829871380258,0.0,45548.96214718187,0.0,45548.96214718187,18060.49538415118,15095.970375862074,5858.746024168526
1.0,2025-09-09,2025-09-08,2025-07-15,2025-09-08,10163.355031331334,10052.591568785445,65250.14929856875,63167.460283998196,0.0,2082.689014570551,0.0,41910.19910933309,831.6225599702422,0.0,41078.57654936284,0.0,41078.57654936284,19393.278981590658,15808.243091379736,6479.590127120614
1.0,2025-09-10,2025-09-09,2025-07-16,2025-09-09,10052.591568785445,10008.557584125007,77969.31168523284,71196.0073986529,0.0,6773.304286579929,296.376016666666,49017.99329614604,2205.412461723013,0.0,46812.58083442304,1462.1306876416631,48274.711522064696,20881.09939967503,16953.321099931167,6248.606465575707
1.0,2025-09-11,2025-09-10,2025-07-17,2025-09-10,10008.557584125007,6080.036440350275,71725.55363246055,58833.277588220866,0.0,12892.276044239687,0.0,46610.880705987875,4025.844735364432,0.0,42585.03597062345,0.0,42585.03597062345,15019.423544403682,15701.402100364241,6019.170360848089
1.0,2025-09-12,2025-09-11,2025-07-18,2025-09-11,6080.036440350275,6133.53605371682,37055.335430900115,35532.87671943082,0.0,1522.458711469299,0.0,22007.68691806773,805.3925688693689,0.0,21202.29434919836,0.0,21202.29434919836,14175.01993685038,11433.616496818917,21239.817079399356
1.0,2025-09-13,2025-09-12,2025-07-19,2025-09-12,6133.53605371682,10503.108870107453,42179.31339165486,40143.52561580147,0.0,2035.7877758533978,0.0,24080.177889407194,992.4488912916886,0.0,23087.728998115505,0.0,23087.728998115505,19195.69536781034,11615.897713174803,24556.6264778326
1.0,2025-09-14,2025-09-13,2025-07-20,2025-09-13,10503.108870107453,9947.859491527966,80056.71077742519,68497.44023467143,0.0,11559.270542753746,0.0,51277.21361755157,4111.057131457979,0.0,47166.15648609359,0.0,47166.15648609359,18934.641148805196,15836.783771253746,5300.258107119993
1.0,2025-09-15,2025-09-14,2025-07-21,2025-09-14,9947.859491527966,9561.474915725703,62741.61466964657,62552.586226704436,229.22148096541446,418.24992390754574,60.547132089140106,40061.41420191783,213.88009910360643,253.08191312697906,40100.6160159412,310.28831338841246,40410.90432932961,20639.394150673044,17065.655380267206,3972.363955054407
1.0,2025-09-16,2025-09-15,2025-07-22,2025-09-15,9561.474915725703,9367.747809252016,77032.48136891026,68633.8174632563,21.3117587300909,8419.975664384043,0.0,47983.58618737304,2513.1664518812686,29.614819931334313,45500.0345554231,0.0,45500.0345554231,19326.735311315104,15829.009997991558,5644.322166599435
1.0,2025-09-17,2025-09-16,2025-07-23,2025-09-16,9367.747809252016,9469.39745073859,72662.3901976418,67518.60735959254,182.78750764280315,5326.570345692054,7.62916666666672,46041.82593375027,1873.316785671167,220.97126708761235,44389.48041516672,34.70889375000024,44424.18930891672,20024.863293715454,16128.654590571607,3669.909423115365
1.0,2025-09-18,2025-09-17,2025-07-24,2025-09-17,9469.39745073859,4982.101138327293,59625.305282533256,63237.214917560545,4786.806944416696,1174.8973093894097,0.0,38986.03083495855,401.323372931563,3872.9983923151885,42457.70585434217,0.0,42457.70585434217,15116.663724490474,16283.06429800745,5447.564374410854
1.0,2025-09-19,2025-09-18,2025-07-25,2025-09-18,4982.101138327293,6039.874262939997,35315.3816855123,34465.804460402345,0.0,849.5772251099559,0.0,20481.85743954942,412.9602544675625,0.0,20068.897185081856,0.0,20068.897185081856,14943.584588736407,11152.307704725055,14573.175259724325
1.0,2025-09-20,2025-09-19,2025-07-26,2025-09-19,6039.874262939997,10097.45761105723,39601.68311557623,38544.36348477946,0.0,1057.3196307967676,0.0,22258.797155254768,485.8722950374722,0.0,21772.924860217296,0.0,21772.924860217296,19681.001395596475,12289.786117127638,15507.71447297729
1.0,2025-09-21,2025-09-20,2025-07-27,2025-09-20,10097.45761105723,9371.769152920273,71484.41048918196,67811.52118650041,0.0,3672.889302681551,0.0,44876.75312964278,1050.9537375808848,0.0,43825.7993920619,0.0,43825.7993920619,17887.612861742768,15142.086030334907,6778.506871759205
1.0,2025-09-22,2025-09-21,2025-07-28,2025-09-21,9371.769152920273,9039.535332174733,74033.77292022576,66209.63282874964,742.2888496636481,8566.428941139768,19.555900000000065,46306.4823438461,2575.668274287702,1009.3700559179459,44740.18412547634,131.78740035000044,44871.971525826346,19990.756533022293,16491.52323041904,2115.9355428130543
1.0,2025-09-23,2025-09-22,2025-07-29,2025-09-22,9039.535332174733,8993.880389041644,72876.5552891817,68907.65257021545,181.62078557916965,4150.523504545432,6.375000000000114,45516.31599712012,1122.3954296574898,291.3677577383696,44685.28832520099,42.99618750000077,44728.28451270099,20882.310921659082,16955.761295363634,2870.862360586666
1.0,2025-09-24,2025-09-23,2025-07-30,2025-09-23,8993.880389041644,9324.621323370493,62606.94475606484,67598.12747298369,4991.182716918858,0.0,0.0,39662.23411824595,0.0,4686.239064666775,44348.47318291273,0.0,44348.47318291273,20375.053293971454,16206.126327220923,2365.9754062331626
1.0,2025-09-25,2025-09-24,2025-07-31,2025-09-24,9324.621323370493,5023.41569036146,63830.57693436201,65145.154478921424,3526.6740772408566,2212.096532681434,15.37166666666667,41020.90813717296,485.63515983084466,3500.033266741288,44035.306244083404,103.4974316666667,44138.80367575007,14273.165798759233,15432.349366703113,5984.260813531974
1.0,2025-09-26,2025-09-25,2025-08-01,2025-09-25,5023.41569036146,5519.423671977972,34467.99870596326,33368.665404954416,2.030971561063893,1101.364272569906,0.0,19557.634828150076,464.8943486479494,2.7625275173591075,19095.503007019484,0.0,19095.503007019484,14770.050427715705,11517.333662994864,12421.70514023358
1.0,2025-09-27,2025-09-26,2025-08-02,2025-09-26,5519.423671977972,9204.038868894315,37558.92882355316,38656.47054126532,1097.5417177121622,0.0,0.0,20473.3072841088,0.0,1509.3792624394096,21982.68654654821,0.0,21982.68654654821,19350.391437033657,12357.663386772561,13862.44024100422
1.0,2025-09-28,2025-09-27,2025-08-03,2025-09-27,9204.038868894315,9151.91579454747,69073.84781066612,71171.82818345046,4438.686566119753,2340.7061933354175,5.868333333333453,43140.775680133185,539.7172396844562,4590.539082980901,47191.597523429635,39.561369166667475,47231.1588925963,19656.29578077311,15968.51034933838,4002.2819186823936
1.0,2025-09-29,2025-09-28,2025-08-04,2025-09-28,9151.91579454747,8832.893322137685,71644.46140422708,67784.39317665299,365.8153529193867,4225.883580493487,20.545504030358757,44896.07124422156,1308.9488044455397,658.5572299192353,44245.67966969526,109.11705947820082,44354.79672917346,20918.44639731023,17231.061806990096,1357.66249036321
1.0,2025-09-30,2025-09-29,2025-08-05,2025-09-29,8832.893322137685,9048.642940510996,70724.59418416115,72816.00300452553,3489.170076835984,1397.7612564716114,31.411150000000134,44666.718213409134,473.31803822045566,3866.5675794084636,48059.96775459714,212.2294349750009,48272.19718957214,21186.91264915336,16967.22458927824,3205.5513279837346
1.0,2025-10-01,2025-09-30,2025-08-06,2025-09-30,9048.642940510996,10332.820074792728,66680.3529343225,63437.01713741067,540.0762194455765,3783.4120163574007,0.0,41195.222176493386,937.7340822592998,688.5791108297132,40946.067205063795,0.0,40946.067205063795,20610.815392650336,15539.001047193211,8703.681258620209
1.0,2025-10-02,2025-10-01,2025-08-07,2025-10-01,10332.820074792728,7208.964594234545,67650.72977826186,59459.373565161906,202.86111173776442,8394.217324837711,0.0,43562.9594322474,2640.6412897131268,359.9865069887841,41282.30464952306,0.0,41282.30464952306,15174.68084225366,15102.961414727823,7656.871020969402
1.0,2025-10-03,2025-10-02,2025-08-08,2025-10-02,7208.964594234545,7283.079502775977,29945.588586149133,30531.001766802696,585.4131806535626,0.0,0.0,16482.77165434748,0.0,860.7749758887235,17343.546630236204,0.0,17343.546630236204,15536.823618543978,12518.123713333332,19695.14816159205
1.0,2025-10-04,2025-10-03,2025-08-09,2025-10-03,7283.079502775977,10602.42531052392,36052.159586946065,35951.29581567616,128.6220715548983,229.48584282480087,0.0,19660.76703620985,97.81644936477188,218.24019271758726,19781.19077956267,0.0,19781.19077956267,19204.50496600657,12568.23779549217,16219.04621182843
1.0,2025-10-05,2025-10-04,2025-08-10,2025-10-04,10602.42531052392,10344.85539988525,70537.99823191443,62546.45860956203,794.4151957114042,8785.954818063805,0.0,44087.672804826725,2360.7347124117164,1126.3806608668524,42853.318753281856,0.0,42853.318753281856,18609.012936700194,15305.113398301963,4506.598004497141
1.0,2025-10-06,2025-10-05,2025-08-11,2025-10-05,10344.85539988525,10107.424120990761,60198.92221326879,63676.14991008055,3736.7816510177054,259.5539542059297,0.0,38387.31828758464,95.75901976026688,3469.9272616118724,41761.48652943625,0.0,41761.48652943625,19132.353576084482,15710.894547633474,2521.5816316295545
1.0,2025-10-07,2025-10-06,2025-08-12,2025-10-06,10107.424120990761,10265.30940906833,65266.75564079902,66187.18410430771,2853.4829083451414,1933.0544448364521,0.0,40742.61947949544,423.95725522801024,3394.459084263329,43713.12130853077,0.0,43713.12130853077,19252.819698026797,15452.687196131896,4615.488602412809
1.0,2025-10-08,2025-10-07,2025-08-13,2025-10-07,10265.30940906833,9720.252639276136,61546.231781769064,61523.172680456635,1790.859071675286,1813.918172987718,0.0,38095.91031318895,419.777009891941,2128.8162653593745,39804.94956865639,0.0,39804.94956865639,19292.89545416183,16117.796410684059,1869.5779703121989
1.0,2025-10-09,2025-10-08,2025-08-14,2025-10-08,9720.252639276136,6259.53701015399,67939.95447683995,57341.932903290246,388.6797983736577,10986.701371923364,0.0,42904.597153471994,3142.6423112456787,705.2128624964276,40467.16770472274,0.0,40467.16770472274,16281.14178652321,16302.36891329373,1603.178346727444
1.0,2025-10-10,2025-10-09,2025-08-15,2025-10-09,6259.53701015399,6662.338358311061,31496.75022432506,31702.087471454928,577.0440647621695,371.70681763229925,0.0,16889.411339032482,154.0535582613365,998.1150355997098,17733.472816370857,0.0,17733.472816370857,15603.387021978027,12276.222274460844,19031.31180727108
1.0,2025-10-11,2025-10-10,2025-08-16,2025-10-10,6662.338358311061,9653.991150771473,35466.11898529783,35659.81473616198,255.5880877975809,61.89233693343122,0.0,18613.08332739587,24.001821795691473,426.7880998120679,19015.86960541225,0.0,19015.86960541225,18736.987001184534,12484.471957745103,15300.98610938921
1.0,2025-10-12,2025-10-11,2025-08-17,2025-10-11,9653.991150771473,9611.536050194005,65390.098149828686,64570.161577304934,1305.1167894481846,2125.053361971931,20.92993333333345,40160.00912964747,467.1342487814092,1774.976053364308,41467.850934230366,98.0358077333339,41565.8867419637,19702.453885411036,15997.197237702667,2370.878879596563
1.0,2025-10-13,2025-10-12,2025-08-18,2025-10-12,9611.536050194005,9468.151447171478,67905.63571407799,62720.41628359338,1433.3723499245307,6618.591780409139,0.0,41840.20947757272,1778.2094643757991,1892.0121592974276,41954.012172494346,0.0,41954.012172494346,20022.99851578127,16347.674940503097,2017.6974083152056
1.0,2025-10-14,2025-10-13,2025-08-19,2025-10-13,9468.151447171478,9445.534046815044,70974.99641888353,66876.27630928412,1510.1465833495163,5608.866692948933,0.0,43957.93186962565,1522.7489347578194,2045.05726509782,44480.24019996566,0.0,44480.24019996566,20158.303060332873,16348.581139190412,2292.72510480833
1.0,2025-10-15,2025-10-14,2025-08-20,2025-10-14,9445.534046815044,8997.852564632993,72723.04183100385,66724.46818710439,787.1232971232853,6785.696941022756,0.0,44763.624025946774,2067.206979494407,1204.1874993664874,43900.60454581885,0.0,43900.60454581885,20212.31487547408,16774.888383097852,1367.0180447281582
1.0,2025-10-16,2025-10-15,2025-08-21,2025-10-15,8997.852564632993,6144.997066601988,65881.27051242425,65205.013989900675,2394.239265080162,3070.495787603726,0.0,41290.75550792195,805.4794292679774,3027.0352400395795,43512.31131869356,0.0,43512.31131869356,18097.645775597375,17226.66302646178,1367.5582907650933
1.0,2025-10-17,2025-10-16,2025-08-22,2025-10-16,6144.997066601988,5972.630719850693,30027.198610236537,31663.006470084285,1635.807859847751,0.0,0.0,15361.07603676173,0.0,2156.1504155173543,17517.226452279083,0.0,17517.226452279083,15603.76370176462,12794.178310505507,12849.221762158508
1.0,2025-10-18,2025-10-17,2025-08-23,2025-10-17,5972.630719850693,9288.255149846898,35856.952467449846,35508.18299588584,528.9758286845968,877.7453002485942,0.0,18800.17955221474,360.8261950602175,707.3359761763485,19146.689333330873,0.0,19146.689333330873,18776.62507573818,12225.00432435134,12879.96897783234
1.0,2025-10-19,2025-10-18,2025-08-24,2025-10-18,9288.255149846898,8868.651366498212,71035.18634097945,68574.23511503047,917.2245277319961,3378.1757536809596,0.0,43965.07203795247,912.6533265000824,1258.534481070475,44310.95319252286,0.0,44310.95319252286,20919.183429896424,17322.181983229922,1091.5111350306443
1.0,2025-10-20,2025-10-19,2025-08-25,2025-10-19,8868.651366498212,8806.863872371987,75914.62223880267,70526.58902410476,306.9027331742073,5694.935947872117,0.0,47436.38990211378,1791.4449432146494,550.4872398341208,46195.432198733244,0.0,46195.432198733244,20736.736590172994,16852.36538275373,2201.435450018832
1.0,2025-10-21,2025-10-20,2025-08-26,2025-10-20,8806.863872371987,9011.210783563674,74785.01844953181,72923.29270777416,1882.9644534757956,3744.690195233448,0.0,46104.062769444405,1203.443059294204,2244.553730539704,47145.173440689905,0.0,47145.173440689905,21534.009786737886,17258.635707185167,2185.337278221438
1.0,2025-10-22,2025-10-21,2025-08-27,2025-10-21,9011.210783563674,8465.078062890907,70527.7229339073,70212.4623834017,1067.5678652301679,1382.8284157357625,91.9886574888584,43485.81978580512,375.8760579428893,1566.1191475425603,44676.062875404794,564.5209024384429,45240.58377784324,20719.991198298016,17274.712319226885,1304.275461819432
1.0,2025-10-23,2025-10-22,2025-08-28,2025-10-22,8465.078062890907,6144.38079391392,79192.16828030639,65608.78583525766,1033.835935780381,14617.218380829116,0.0,49420.73876338595,4520.560103428434,1562.375941385,46462.55460134251,0.0,46462.55460134251,18846.866076162863,17354.589063771207,737.0117895326744
1.0,2025-10-24,2025-10-23,2025-08-29,2025-10-23,6144.38079391392,6151.865079800615,32142.30674495161,33083.43062326482,941.1238783132158,0.0,157.24870902222193,16467.505934941306,0.0,1272.3678175859516,17739.87375252726,809.0630488054526,18548.93680133271,16706.80585818037,13525.776887828082,11639.599645268087
1.0,2025-10-25,2025-10-24,2025-08-30,2025-10-24,6151.865079800615,8452.099185995787,34995.75476642867,35661.59796802298,665.843201594314,0.0,47.24252431397999,17730.0827509133,0.0,1006.6874926221122,18736.77024353541,218.9631160639114,18955.733359599322,19020.99910043699,13336.79857577831,10626.207234344949
1.0,2025-10-26,2025-10-25,2025-08-31,2025-10-25,8452.099185995787,8899.602721078165,76394.98283573857,70109.59951354997,830.3159700076218,7115.699292196221,0.0,47090.9950810431,2251.608443980446,1328.6154167655561,46168.002053828204,0.0,46168.002053828204,21722.42646518044,17192.412255222018,1035.2732869248716
1.0,2025-10-27,2025-10-26,2025-09-01,2025-10-26,8899.602721078165,8560.90831692611,69288.40217953591,71398.21903648826,3876.3249013967816,1766.508044444444,0.8159817998168819,42857.064091055625,387.3074761754443,4001.445837331845,46471.20245221203,3.822058750342275,46475.024510962365,20792.437145643962,17146.699051708456,4200.715257685897
1.0,2025-10-28,2025-10-27,2025-09-02,2025-10-27,8560.90831692611,8603.684335380585,69676.09488822338,71753.89134292974,3324.997764138824,1247.2013094324686,0.0,43067.97912656146,281.89879776511486,3419.0644201321625,46205.144748928506,0.0,46205.144748928506,20965.884486189,16943.868017204062,1759.4531739447998
1.0,2025-10-29,2025-10-28,2025-09-03,2025-10-28,8603.684335380585,8469.511653820042,77755.93198849392,75151.45293473158,806.4791767099977,3410.9582304723513,160.77339671227844,47878.14558901197,987.1529533521696,1234.7479070778481,48125.74054273764,1001.7790762274313,49127.519618965074,21793.79538637345,17773.729676366987,1979.9038214373904
1.0,2025-10-30,2025-10-29,2025-09-04,2025-10-29,8469.511653820042,6321.742094900642,66751.20408171572,67419.73671922737,1781.4781073327454,1112.9454698210948,73.56635137502796,41562.96106300167,283.7958152158632,2139.3658832587807,43418.53113104458,346.97741770158655,43765.50854874618,19489.6170273628,17719.58239519133,935.4507884309311
1.0,2025-10-31,2025-10-30,2025-09-05,2025-10-30,6321.742094900642,6521.292158764705,34807.67175669476,34172.62793609375,149.93125667872607,784.9750772797363,69.26511042608975,18367.108661700346,304.8743898673689,217.83878410991343,18280.073055942892,338.4799768845575,18618.55303282745,17359.214038759343,13881.368313917417,6859.755255011247
1.0,2025-11-01,2025-10-31,2025-09-06,2025-10-31,6521.292158764705,8790.556219895143,35959.27944755225,36288.16731007154,344.9742385456541,16.086376026364405,0.0,18515.636530956872,5.948970473926591,492.13514296845074,19001.822703451395,0.0,19001.822703451395,19330.61256166397,13615.458519930424,8028.974835004662
1.0,2025-11-02,2025-11-01,2025-09-07,2025-11-01,8790.556219895143,8608.136856436387,75452.48108925746,75261.46393009127,2884.274662485198,3075.29182165139,208.36391000507444,46871.89568055953,965.4043327066254,3105.2610249285444,49011.752372781455,1420.1655284989981,50431.917901280445,21304.15710609286,17420.5446830481,2789.8314837182443
1.0,2025-11-03,2025-11-02,2025-09-08,2025-11-02,8608.136856436387,8820.06525759731,80746.79238714886,75952.58127513026,336.3205587098287,5130.531670728435,0.0,49971.29901336491,1618.9150985537503,576.2801057170559,48928.66402052822,0.0,48928.66402052822,21647.123288579358,17343.434302704445,2143.962005922017
1.0,2025-11-04,2025-11-03,2025-09-09,2025-11-03,8820.06525759731,8585.709497574993,74611.85380548859,72778.74750823743,749.9497636571871,2583.0560609083436,357.4609568085044,46125.85920707135,615.1703011633467,1006.5361334948676,46517.22503940287,2307.2168462031477,48824.44188560601,20690.311589792393,16970.07257175193,1835.8974136721351
1.0,2025-11-05,2025-11-04,2025-09-10,2025-11-04,8585.709497574993,8821.187164838137,83189.05113707716,75878.97504361926,229.12550388147258,7539.201597339392,0.0,51836.99540902727,2510.614743137223,400.0485708596095,49726.42923674967,0.0,49726.42923674967,22764.853861059142,18227.60172692108,1663.7028428145177
1.0,2025-11-06,2025-11-05,2025-09-11,2025-11-05,8821.187164838137,6757.5354952619455,75706.64976288218,75855.82597577933,1871.3142632828688,1722.1380503857288,0.19879273826379418,47295.02487670252,501.90361648823216,2443.270064222353,49236.39132443664,0.9811415597009562,49237.37246599634,19343.60021164375,17525.60267405001,2668.442680923842
1.0,2025-11-07,2025-11-06,2025-09-12,2025-11-06,6757.5354952619455,7100.452240669567,34936.41894981869,35553.158722229506,616.7397724108187,0.0,0.0,18067.952726538446,0.0,887.4834554695012,18955.436182007947,0.0,18955.436182007947,18441.755576070813,14629.196945750507,8422.138308575866
1.0,2025-11-08,2025-11-07,2025-09-13,2025-11-07,7100.452240669567,8748.273577986687,36781.70058613532,36995.970203125544,214.26961699022655,0.0,0.0,19001.685687764442,0.0,281.90728217001686,19283.59296993446,0.0,19283.59296993446,19122.005877441417,14005.785557142139,8088.542782826271
1.0,2025-11-09,2025-11-08,2025-09-14,2025-11-08,8748.273577986687,8611.486769314159,80268.05433151685,77069.85022471336,379.4900307419926,3577.6941375454926,0.0,50098.83909896204,1094.5424956433812,528.2168728144679,49532.51347613313,0.0,49532.51347613313,22046.95424605893,17981.141067113014,1657.2198624340974
1.0,2025-11-10,2025-11-09,2025-09-15,2025-11-09,8611.486769314159,8623.680164319492,81360.03774550307,80789.52447077757,2231.808625957581,2802.3219006830705,35.87873774787836,50868.345306735566,901.3503429257271,2242.9059881211974,52209.900951931035,168.113086465455,52378.01403839649,22292.123559580552,18045.64602775545,2720.48257670035
1.0,2025-11-11,2025-11-10,2025-09-16,2025-11-10,8623.680164319492,8663.424896113354,83439.90499502224,77968.37454483956,142.19710989889484,5613.727560081577,0.0,52515.867630248176,1973.4217398867418,247.99014050734922,50790.43603086878,0.0,50790.43603086878,22138.021272956812,17896.026972480544,2167.3605776966247
1.0,2025-11-12,2025-11-11,2025-09-17,2025-11-11,8663.424896113354,8649.473801290369,79996.29992149696,77818.53844444646,994.4889971695343,3172.250474220041,65.17544166666539,49923.622829279186,882.4921193936943,1065.1670040577533,50106.29771394325,454.6638810666578,50560.961595009896,21733.580423677013,17616.756128519064,2810.9018409551672
1.0,2025-11-13,2025-11-12,2025-09-18,2025-11-12,8649.473801290369,7571.074133925122,76251.55797342223,76099.6888299929,2155.7624089280735,2307.6315523574044,40.89983060822249,47936.389429107454,622.3393665657313,2498.337017608756,49812.38708015048,285.31721832296006,50097.704298473436,20103.072445878595,17254.048381790388,895.6932798462442
1.0,2025-11-14,2025-11-13,2025-09-19,2025-11-13,7571.074133925122,7658.481498263189,35742.82933122174,35607.39474022694,0.46002632205824057,135.89461731686018,0.0,19017.84136427004,57.6079603079199,0.535746654669027,18960.769150616787,0.0,18960.769150616787,17685.648686235185,14246.708807946245,4569.999561938001
1.0,2025-11-15,2025-11-14,2025-09-20,2025-11-14,7658.481498263189,8736.911928242333,40846.05922568837,39941.654578277296,63.425857738894535,967.8305051499658,0.0,21211.556146751333,298.98852628890404,101.2541686129921,21013.821789075424,0.0,21013.821789075424,19268.929208984653,14637.245272296339,7098.083724922314
1.0,2025-11-16,2025-11-15,2025-09-21,2025-11-15,8736.911928242333,8792.389197801138,80381.71647198073,80870.142969585,1550.0681180077436,1061.6416204034913,0.0,50339.14843026823,279.3012248664555,1934.2547269117902,51994.10193231357,0.0,51994.10193231357,22600.90331006785,18256.802138552033,2091.497414735848
1.0,2025-11-17,2025-11-16,2025-09-22,2025-11-16,8792.389197801138,8779.457897702012,77470.46280942534,80014.35693497444,3641.9291831712744,1098.0350576221865,0.0,48611.04623403645,312.98228932969624,3626.6812679084896,51924.745212615235,0.0,51924.745212615235,21782.11092315609,17655.148017845648,3191.639696330658
1.0,2025-11-18,2025-11-17,2025-09-23,2025-11-17,8779.457897702012,8768.404664581332,81468.43693261538,80900.94284996878,75.8932673907309,643.3873500373409,0.0,51027.25794588832,233.2871223284404,126.69327170542526,50920.6640952653,0.0,50920.6640952653,23736.939418536014,19236.868838822775,1510.3204369222105
1.0,2025-11-19,2025-11-18,2025-09-24,2025-11-18,8768.404664581332,8547.93831460134,80682.18869820895,82761.8759999252,3673.003507298292,1593.3162055820267,1.3850000000001046,50542.68916507624,408.51730341564235,4182.681343169656,54316.85320483026,6.301057500000476,54323.15426233025,21953.31480088389,17980.604703697947,3422.239302739267
1.0,2025-11-20,2025-11-19,2025-09-25,2025-11-19,8547.93831460134,8075.931336836546,79855.73015820791,80799.03693597071,1634.8419692637308,691.535191500931,0.0,50067.43978229313,198.70598777761097,1849.5517665423588,51718.28556105787,0.0,51718.28556105787,22615.731652463255,18743.54891848355,2133.7781686576686
1.0,2025-11-21,2025-11-20,2025-09-26,2025-11-20,8075.931336836546,8390.490340533708,36677.40701704033,37549.78317083382,873.5992290440493,1.2230752505524265,0.0,19499.85145952281,0.30237786502089403,742.6286832245837,20242.17776488237,0.0,20242.17776488237,18223.436234687644,14477.880246769551,4939.843116249063
1.0,2025-11-22,2025-11-21,2025-09-27,2025-11-21,8390.490340533708,8818.990649429956,42216.51191173895,39640.96943850981,101.68436245212155,2677.2268356812565,0.0,21853.00460427784,618.7325827006316,161.5262890145499,21395.79831059176,0.0,21395.79831059176,18894.893115722083,14919.213145728265,5445.45998518266
1.0,2025-11-23,2025-11-22,2025-09-28,2025-11-22,8818.990649429956,8689.7250889169,81216.90745083895,81637.61818686279,1736.0336267373937,1315.322890713545,0.0,51097.137750643,372.37365766357436,2024.8716637463012,52749.63575672573,0.0,52749.63575672573,22222.304783212556,18116.405878863923,2299.622999180826
1.0,2025-11-24,2025-11-23,2025-09-29,2025-11-23,8689.7250889169,8500.472699152073,80191.26433368122,79834.27753090521,764.4982207610462,1121.4850235370673,74.02520371021149,50341.562307893786,309.0312547169112,798.1807249913097,50830.71177816818,450.29816544422647,51281.00994361241,22554.221410971182,18439.24649367501,1631.384117319235
1.0,2025-11-25,2025-11-24,2025-09-30,2025-11-24,8500.472699152073,8694.954577001014,91914.85148234133,83088.98661285007,0.0,8825.864869491252,0.0,58584.86519255006,2996.2822981772783,0.0,55588.58289437278,0.0,55588.58289437278,22416.0785381116,17981.989925806352,2486.2375338781576
1.0,2025-11-26,2025-11-25,2025-10-01,2025-11-25,8694.954577001014,8843.713986196568,86743.94965722109,83949.44291467634,443.77437422694464,3238.2811167717,0.0,54625.46448124285,1051.7561212596108,594.7013563626507,54168.409716345894,0.0,54168.409716345894,23375.6240418546,18800.372005626232,2616.523995114641
1.0,2025-11-27,2025-11-26,2025-10-02,2025-11-26,8843.713986196568,8258.760566331577,83373.8472833687,81938.31400349077,574.6065589105857,2010.1398387885176,0.0,52758.7640101553,568.8820412692635,598.5452802040263,52788.42724909005,0.0,52788.42724909005,21960.58266641278,18314.530037672852,2511.368641417501
1.0,2025-11-28,2025-11-27,2025-10-03,2025-11-27,8258.760566331577,8182.407335277845,37830.68814576327,38062.97680300055,467.54511335870086,235.256456121418,0.0,20056.91788087823,77.55842909362534,329.16549347633634,20308.524945260942,0.0,20308.524945260942,18857.109669808953,15342.976740493617,3627.6053236852204
1.0,2025-11-29,2025-11-28,2025-10-04,2025-11-28,8182.407335277845,8726.30115521239,49455.169652256445,41529.586698512474,0.0,7925.582953743967,0.0,25605.270475760244,1904.9608601589757,0.0,23700.30961560127,0.0,23700.30961560127,18753.72182828767,14701.010242971928,2547.425013196731
1.0,2025-11-30,2025-11-29,2025-10-05,2025-11-29,8726.30115521239,8675.456364161464,87591.80053580654,87127.39751238606,620.533972095169,1084.9369955156494,0.0,55238.045134660686,296.9434693966897,713.9037044225295,55655.00536968653,0.0,55655.00536968653,24261.150514889126,19697.292229006027,2318.711109836294
1.0,2025-12-01,2025-11-30,2025-10-06,2025-11-30,8675.456364161464,9610.94122856735,91080.14067307848,96672.23767112406,6398.154686630038,806.0576885844553,0.0,58323.372614320724,276.3950575008772,8951.302535151592,66998.28009197145,0.0,66998.28009197145,25263.059121880993,19621.1415107583,4731.392326668039
1.0,2025-12-02,2025-12-01,2025-10-07,2025-12-01,9610.94122856735,9540.277456251004,93049.19351844369,97867.16965800861,6594.640926128643,1776.664786563718,0.0,59576.70477042759,533.9590469849246,9458.112782392845,68500.8585058355,0.0,68500.8585058355,24112.34449143378,19594.59643314608,4711.611649720908
1.0,2025-12-03,2025-12-02,2025-10-08,2025-12-02,9540.277456251004,9597.962493118675,83388.54632190903,96344.00473040955,12955.458408500526,0.0,0.0,52968.310159627545,0.0,16101.195468934307,69069.50562856186,0.0,69069.50562856186,23814.600049101457,19237.909506591277,4604.565621232712
1.0,2025-12-04,2025-12-03,2025-10-09,2025-12-03,9597.962493118675,9565.896878486914,91043.36315875703,95723.35431876201,7188.54836237786,2508.557202372871,9.670778014230564,58696.30298621086,958.2216293462736,10121.54726267491,67859.6286195395,52.97652196195502,67912.60514150145,24321.797602530885,19729.515111218607,4369.533855463966
1.0,2025-12-05,2025-12-04,2025-10-10,2025-12-04,9565.896878486914,9826.490849686561,43055.241761379424,48661.6570004088,6863.966250932675,1257.5510119033002,0.0,22688.978243391204,281.6626714009707,7282.512927177722,29689.828499167954,0.0,29689.828499167954,20354.88634797773,16252.923367782287,3248.0663368800256
1.0,2025-12-06,2025-12-05,2025-10-11,2025-12-05,9826.490849686561,9866.618787502803,45919.778260334555,50385.56684617125,5922.782007476371,1456.9934216396698,0.0,24190.881598937794,326.79677375952747,6956.423373645835,30820.5081988241,0.0,30820.5081988241,19020.8469732862,15370.770904327204,3070.85996054559
1.0,2025-12-07,2025-12-06,2025-10-12,2025-12-06,9866.618787502803,9551.09001779901,94029.66592444133,95742.90037727088,4847.149789468356,3133.915336638799,0.0,60606.057544876014,973.3027583336027,6947.9857230741545,66580.74050961656,0.0,66580.74050961656,24078.745737152174,19787.75993982667,3799.2333299453853
1.0,2025-12-08,2025-12-07,2025-10-13,2025-12-07,9551.09001779901,9309.023352785402,96890.9461553605,96029.24886408506,2057.621174938333,2919.3184662137587,0.0,62395.64854161998,770.4816353581583,2849.266741864413,64474.43364812624,0.0,64474.43364812624,23093.569342295486,18923.651165771596,4012.119570894514
1.0,2025-12-09,2025-12-08,2025-10-14,2025-12-08,9309.023352785402,9252.292477444424,96340.09780354434,94735.74782984782,1347.6226257214084,2951.972599417927,25.123641636077764,61990.1986451055,828.064017364162,2073.8102028433077,63235.944830584645,146.5741799894449,63382.51901057409,24403.94055806642,19818.249639840684,2786.726286591499
1.0,2025-12-10,2025-12-09,2025-10-15,2025-12-09,9252.292477444424,9229.785024196597,92439.0704224623,96252.21680914745,3884.646720386149,71.500333700991,0.0,59137.98872728797,25.634964283531207,4854.553307334609,63966.907070339046,0.0,63966.907070339046,24124.07009554768,19560.75348531666,3301.281732249773
1.0,2025-12-11,2025-12-10,2025-10-16,2025-12-10,9229.785024196597,9216.090262688187,96087.32136308745,93223.90339235734,904.9818409184143,3768.3998116485136,0.0,61698.97374698537,1298.0908290228426,1426.7367020228507,61827.61961998537,0.0,61827.61961998537,23867.160480864375,19344.725274857727,2740.2134863507054
1.0,2025-12-12,2025-12-11,2025-10-17,2025-12-11,9216.090262688187,9317.82945473449,48823.12478064139,50822.56860246378,3211.6276175002904,1212.1837956778927,0.0,25435.273139163415,272.71271166577026,3480.9776640288314,28643.538091526476,0.0,28643.538091526476,20151.631350114112,16231.25612075076,3187.779889767099
1.0,2025-12-13,2025-12-12,2025-10-18,2025-12-12,9317.82945473449,9435.648609846434,49943.13889085057,50262.28613925024,1641.1874501291786,1322.0402017295146,0.0,26163.189481310565,319.0913587436319,2129.6140234602235,27973.712146027156,0.0,27973.712146027156,20033.63750131501,16121.209136464404,2551.3243910662945
1.0,2025-12-14,2025-12-13,2025-10-19,2025-12-13,9435.648609846434,9255.079727440474,91603.46772496487,96843.58434399075,5240.116619025876,0.0,9.928150792987367,58602.06060686691,0.0,6109.882056351208,64711.94266321811,48.84153782610135,64760.78420104422,24653.81691464222,20132.103695025566,3553.077475167076
1.0,2025-12-15,2025-12-14,2025-10-20,2025-12-14,9255.079727440474,9135.198842077847,93822.78424765874,96757.67354848384,2957.3754684878354,22.48616766273858,0.0,59999.41947201069,8.324658748792531,3198.6170382283435,63189.71185149024,0.0,63189.71185149024,24190.845992566377,19702.478050805134,2799.7476400559144
1.0,2025-12-16,2025-12-15,2025-10-21,2025-12-15,9135.198842077847,9046.703257163821,99314.10401269128,96699.11199409384,305.4284831438714,2920.4205017413124,0.0,64395.69922733226,1187.0123260621742,504.93294655778635,63713.61984782787,0.0,63713.61984782787,24212.47793361455,19691.753152650406,2760.2958797963684
1.0,2025-12-17,2025-12-16,2025-10-22,2025-12-16,9046.703257163821,9122.956529070376,99861.25963177271,95098.92184212132,326.8927409606558,5089.230530612039,1.4924313227757011,64223.40598204887,1864.9802596863597,538.8894256590564,62897.315148021575,8.718037571994257,62906.033185593566,24397.23681568227,19693.133875986743,2204.4642670819103
1.0,2025-12-18,2025-12-17,2025-10-23,2025-12-17,9122.956529070376,9140.722287261053,95096.93414582714,94944.12079594444,742.5408792000118,895.3542290827247,0.0,61410.57878121854,293.3033470204313,956.7007139357554,62073.976148133865,0.0,62073.976148133865,24275.959409983996,19647.53793971543,2949.432359009208
1.0,2025-12-19,2025-12-18,2025-10-24,2025-12-18,9140.722287261053,8953.304537982236,49032.503454442456,48342.7524528738,1306.4325650607773,1996.1835666294282,0.0,26033.918887427793,545.4459490498502,1074.5703231871394,26563.043261565083,0.0,26563.043261565083,19924.885078537172,16307.832887966048,1817.3089623026767
1.0,2025-12-20,2025-12-19,2025-10-25,2025-12-19,8953.304537982236,9180.975299150303,52370.68599732426,48643.94906383214,139.3586265995877,3866.0955600917077,0.0,27828.456057391148,1177.9839336890363,219.74177842844045,26870.21390213055,0.0,26870.21390213055,20944.947391344256,16760.50370193759,1603.153124425467
1.0,2025-12-21,2025-12-20,2025-10-26,2025-12-20,9180.975299150303,9103.29002668775,98294.46909283711,97214.35450362296,932.2791393934075,2012.3937286075552,0.0,63266.4428182443,699.0999245614298,1215.5375718706355,63782.880465553506,0.0,63782.880465553506,24365.411988498912,19805.900455900413,3617.061104357804
1.0,2025-12-22,2025-12-21,2025-10-27,2025-12-21,9103.29002668775,8662.682915730593,97673.49866258974,95530.68675926897,0.0,2142.8119033207768,0.0,63025.086973255275,859.9110161133267,0.0,62165.175957141946,0.0,62165.175957141946,24124.349573553198,19937.269554439536,2406.1796568219697
1.0,2025-12-23,2025-12-22,2025-10-28,2025-12-22,8662.682915730593,9013.307261699696,100745.59213165735,94555.07453499651,0.0,6190.517596660838,0.0,64920.36091999257,2336.477990425269,0.0,62583.8829295673,0.0,62583.8829295673,25149.965411218414,20055.910071714723,2202.926662159501
1.0,2025-12-24,2025-12-23,2025-10-29,2025-12-23,9013.307261699696,8763.606357211373,98874.41881311145,94486.08656757302,0.0,4388.332245538423,68.10528908010417,63919.412183311186,1744.7396349306346,0.0,62174.67254838055,455.15989228297343,62629.83244066353,24423.250363072144,20007.563608127934,2283.9457850422505
1.0,2025-12-25,2025-12-24,2025-10-30,2025-12-24,8763.606357211373,8742.915772604634,95646.6473752041,95393.45733145898,1015.8045490427733,1268.994592787897,0.0,61220.500258233056,571.9651685770153,1019.5384017864344,61668.07349144247,0.0,61668.07349144247,24915.228332015788,20199.956475078856,2865.7369411887084
1.0,2025-12-26,2025-12-25,2025-10-31,2025-12-25,8742.915772604634,9356.695837880341,51314.16854919787,49108.99606976828,0.0,2205.1724794295837,0.0,27103.329242183212,612.4824051485343,0.0,26490.84683703468,0.0,26490.84683703468,20776.200655104876,16276.320471886815,1601.4934532168822
1.0,2025-12-27,2025-12-26,2025-11-01,2025-12-26,9356.695837880341,9076.415816661762,52537.98029626814,49191.213058371766,136.0247002608055,3482.7919381571764,0.0,27681.051278012506,1071.266151325675,249.4556978082912,26859.240824495126,0.0,26859.240824495126,20442.18304764542,16810.420287689514,2220.641231749196
1.0,2025-12-28,2025-12-27,2025-11-02,2025-12-27,9076.415816661762,9063.184111413531,98217.59388226882,94282.54409168373,0.0,3935.049790585097,0.0,63328.77309761679,1554.436735536157,0.0,61774.336362080634,0.0,61774.336362080634,23593.844659327333,19122.92270877855,3002.3673911349406
1.0,2025-12-29,2025-12-28,2025-11-03,2025-12-28,9063.184111413531,8608.24528887957,97730.65680141293,95143.85179015927,0.0,2586.8050112536803,1.2851435277070777,62472.74323632639,1033.9681554175213,0.0,61438.77508090886,7.507165917100894,61446.28224682596,23669.916668462807,19582.077441735433,3533.53144029293
1.0,2025-12-30,2025-12-29,2025-11-04,2025-12-29,8608.24528887957,8814.593258780993,99262.60268770583,94007.53881950394,0.0,5255.063868201892,0.0,63744.265750345876,1946.2184524744885,0.0,61798.047297871395,0.0,61798.047297871395,24378.114961403764,19560.559945825775,2965.5812039259417
1.0,2025-12-31,2025-12-30,2025-11-05,2025-12-30,8814.593258780993,8509.306672053848,100757.51904313771,96233.02859991962,0.0,4524.490443218099,123.88179053897716,64643.060757288105,1713.873293966038,0.0,62929.18746332207,697.9171149017286,63627.10457822379,24736.50202820858,20311.32457090338,3285.309999820058
