strategy,date,train_end_date,risk_history_start_date,risk_history_end_date,selected_quantile,normal_purchase_kwh,emergency_purchase_kwh,normal_cost_yuan,emergency_cost_yuan,total_cost_yuan,soc_open_kwh,soc_close_kwh
A0_base_point,2025-02-01,2025-01-31,2025-01-31,2025-01-31,,46184.05638296297,0.0,23633.326773761706,0.0,23633.326773761706,6000.0,9168.500800703709
A0_base_point,2025-02-02,2025-02-01,2025-02-01,2025-02-01,,88668.39122884773,0.0,55916.06930167668,0.0,55916.06930167668,9168.500800703709,9018.874264574075
A0_base_point,2025-02-03,2025-02-02,2025-02-02,2025-02-02,,87850.19615491769,0.0,55249.6269118107,0.0,55249.6269118107,9018.874264574075,8934.480845870372
A0_base_point,2025-02-04,2025-02-03,2025-02-03,2025-02-03,,88409.09678427983,0.0,55580.562897804964,0.0,55580.562897804964,8934.480845870372,8991.846720666668
A0_base_point,2025-02-05,2025-02-04,2025-02-04,2025-02-04,,88538.66936104937,0.0,55742.38232244321,0.0,55742.38232244321,8991.846720666668,9036.576188425925
A0_base_point,2025-02-06,2025-02-05,2025-02-05,2025-02-05,,88650.94293944445,34.75153333333333,55896.95075781415,202.54902596666665,56099.49978378082,9036.576188425925,9014.743080907409
A0_base_point,2025-02-07,2025-02-06,2025-02-06,2025-02-06,,41829.5643099177,0.0,21557.550788191773,0.0,21557.550788191773,9014.743080907409,8672.358142000008
A0_base_point,2025-02-08,2025-02-07,2025-02-07,2025-02-07,,40733.450829465,0.0,20998.061797280236,0.0,20998.061797280236,8672.358142000008,8946.916607277773
A0_base_point,2025-02-09,2025-02-08,2025-02-08,2025-02-08,,86280.75646654321,0.0,54143.87460867522,0.0,54143.87460867522,8946.916607277773,8770.624281888891
A0_base_point,2025-02-10,2025-02-09,2025-02-09,2025-02-09,,86393.00698530863,0.0,54090.04673440545,0.0,54090.04673440545,8770.624281888891,8712.208432722222
A0_base_point,2025-02-11,2025-02-10,2025-02-10,2025-02-10,,84940.98995709876,65.62996660000063,52952.63701529517,395.3594861859711,53347.99650148113,8712.208432722222,8662.594659
A0_base_point,2025-02-12,2025-02-11,2025-02-11,2025-02-11,,84118.58743438272,0.0,52408.31437191806,0.0,52408.31437191806,8662.594659,8684.958131055553
A0_base_point,2025-02-13,2025-02-12,2025-02-12,2025-02-12,,83205.48478016461,0.0,52054.4050796979,0.0,52054.4050796979,8684.958131055553,8143.777713037035
A0_base_point,2025-02-14,2025-02-13,2025-02-13,2025-02-13,,37003.4489222428,13.436244999999758,19165.883742602615,82.13576568499852,19248.019508287616,8143.777713037035,7876.000377685185
A0_base_point,2025-02-15,2025-02-14,2025-02-14,2025-02-14,,37388.0862339712,54.1914216666651,19252.919457838507,253.61855788082622,19506.538015719332,7876.000377685185,8503.104282
A0_base_point,2025-02-16,2025-02-15,2025-02-15,2025-02-15,,80469.73463558333,140.9699211166652,49753.10730554355,934.8648460431897,50687.97215158674,8503.104282,8586.043229222223
A0_base_point,2025-02-17,2025-02-16,2025-02-16,2025-02-16,,80568.49121609752,106.47335666666527,49761.67190415546,742.7581361066569,50504.430040262116,8586.043229222223,8587.644630037035
A0_base_point,2025-02-18,2025-02-17,2025-02-17,2025-02-17,,79602.61806726336,50.664426666669215,49000.25403070317,315.4206825933514,49315.674713296525,8587.644630037035,8676.64969435185
A0_base_point,2025-02-19,2025-02-18,2025-02-18,2025-02-18,,79632.35855158436,204.18606883333007,49029.27618616592,1178.063423254645,50207.33960942057,8676.64969435185,8400.926811703703
A0_base_point,2025-02-20,2025-02-19,2025-02-19,2025-02-19,,78163.17384735102,7.4346616666666705,48351.96750640618,34.823955246666685,48386.79146165285,8400.926811703703,7389.200222481482
A0_base_point,2025-02-21,2025-02-20,2025-02-20,2025-02-20,,35087.22195971193,0.0,18089.063061738438,0.0,18089.063061738438,7389.200222481482,7043.459693759261
A0_base_point,2025-02-22,2025-02-21,2025-02-21,2025-02-21,,36475.069875576126,89.24831530000074,18585.14714739158,545.5749514289045,19130.722098820486,7043.459693759261,8468.672220111112
A0_base_point,2025-02-23,2025-02-22,2025-02-22,2025-02-22,,77177.57218434155,140.45319271666608,47341.02160617134,813.0689154022709,48154.09052157362,8468.672220111112,8482.514153851853
A0_base_point,2025-02-24,2025-02-23,2025-02-23,2025-02-23,,77020.83270006173,213.34776414999828,47178.1769272924,1324.1431998087207,48502.32012710112,8482.514153851853,8577.27787472222
A0_base_point,2025-02-25,2025-02-24,2025-02-24,2025-02-24,,76222.69702489712,139.76403539999893,46633.446770346476,671.852666876126,47305.299437222595,8577.27787472222,8454.255344462963
A0_base_point,2025-02-26,2025-02-25,2025-02-25,2025-02-25,,75481.8164097531,135.95689866666817,46088.314908857676,944.9085101903438,47033.22341904802,8454.255344462963,8588.50468474074
A0_base_point,2025-02-27,2025-02-26,2025-02-26,2025-02-26,,72665.07554674897,577.8483900999986,44690.6194500008,3061.236026910424,47751.85547691122,8588.50468474074,6790.5921615
A0_base_point,2025-02-28,2025-02-27,2025-02-27,2025-02-27,,33631.03450384773,51.64253031666392,17245.83577634005,219.2477521412282,17465.083528481275,6790.5921615,6428.08714913443
A0_base_point,2025-03-01,2025-02-28,2025-02-28,2025-02-28,,36015.401005776555,83.78394770000122,18255.86104954817,396.6528590009428,18652.513908549114,6428.08714913443,8556.9636825
A0_base_point,2025-03-02,2025-03-01,2025-03-01,2025-03-01,,73297.45831983538,4162.089277666673,44660.14926275052,27907.730837493214,72567.88010024374,8556.9636825,8503.09657722222
A0_base_point,2025-03-03,2025-03-02,2025-03-02,2025-03-02,,75157.87251084363,2341.99948773333,45807.419501299155,14640.385810680182,60447.80531197933,8503.09657722222,8509.94692825926
A0_base_point,2025-03-04,2025-03-03,2025-03-03,2025-03-03,,76592.3991681286,87.00410333333286,46896.04444129004,416.4720435841635,47312.5164848742,8509.94692825926,8385.87981811111
A0_base_point,2025-03-05,2025-03-04,2025-03-04,2025-03-04,,77839.10320223765,109.4327066666674,47636.91390827988,752.425719506672,48389.339627786554,8385.87981811111,8539.958993518518
A0_base_point,2025-03-06,2025-03-05,2025-03-05,2025-03-05,,75083.69306724073,72.96042666666779,46491.477561590655,407.6154031366747,46899.09296472733,8539.958993518518,6445.267186518519
A0_base_point,2025-03-07,2025-03-06,2025-03-06,2025-03-06,,32649.550416769547,0.0,16747.281465297223,0.0,16747.281465297223,6445.267186518519,5887.825291351849
A0_base_point,2025-03-08,2025-03-07,2025-03-07,2025-03-07,,35402.65619740741,0.0,17927.557310883534,0.0,17927.557310883534,5887.825291351849,8551.617328462959
A0_base_point,2025-03-09,2025-03-08,2025-03-08,2025-03-08,,72922.09581288067,106.47178641666876,44343.69103298915,602.0382258728471,44945.72925886199,8551.617328462959,8529.367930462962
A0_base_point,2025-03-10,2025-03-09,2025-03-09,2025-03-09,,71582.70143323045,864.8498120500007,43457.99321179696,5977.54178129263,49435.53499308959,8529.367930462962,8504.249272925927
A0_base_point,2025-03-11,2025-03-10,2025-03-10,2025-03-10,,72323.67292888887,291.6571549666682,43806.24101464486,1924.9883441947022,45731.22935883956,8504.249272925927,8565.344885092592
A0_base_point,2025-03-12,2025-03-11,2025-03-11,2025-03-11,,71912.78862425926,249.1568508499963,43580.570691552755,1731.0726307688738,45311.64332232163,8565.344885092592,8444.806157814815
A0_base_point,2025-03-13,2025-03-12,2025-03-12,2025-03-12,,67093.58052323046,1561.4478513999993,41195.25014107187,10668.68125033333,51863.931391405196,8444.806157814815,5348.165310722224
A0_base_point,2025-03-14,2025-03-13,2025-03-13,2025-03-13,,30705.05220174897,10.520228733333454,15684.894228071915,51.922588913367264,15736.816816985282,5348.165310722224,5011.112427462962
A0_base_point,2025-03-15,2025-03-14,2025-03-14,2025-03-14,,34709.530547880655,262.1983650000002,17437.42432052159,1369.1792224475003,18806.60354296909,5011.112427462962,8351.3479045
A0_base_point,2025-03-16,2025-03-15,2025-03-15,2025-03-15,,69628.49244061728,1.6400000000001,41921.566967035236,7.461180000000455,41929.028147035235,8351.3479045,8622.566386148152
A0_base_point,2025-03-17,2025-03-16,2025-03-16,2025-03-16,,69089.75246888888,15.350559999999405,41577.512299638714,84.08931872999545,41661.60161836871,8622.566386148152,8681.830085555555
A0_base_point,2025-03-18,2025-03-17,2025-03-17,2025-03-17,,68165.82755604938,171.94295544999744,40906.395798255944,831.068493374938,41737.46429163088,8681.830085555555,8496.409067055554
A0_base_point,2025-03-19,2025-03-18,2025-03-18,2025-03-18,,67557.0135173251,0.0,40601.311351627126,0.0,40601.311351627126,8496.409067055554,8700.670513407405
A0_base_point,2025-03-20,2025-03-19,2025-03-19,2025-03-19,,62564.227796481486,484.43536358333256,38450.4359465367,3341.3771763915856,41791.81312292828,8700.670513407405,4823.075279833332
A0_base_point,2025-03-21,2025-03-20,2025-03-20,2025-03-20,,29387.457312860082,163.8558039166689,14977.715096667958,867.6187808557211,15845.33387752368,4823.075279833332,4372.5774897037045
A0_base_point,2025-03-22,2025-03-21,2025-03-21,2025-03-21,,34322.088558950614,0.0,17099.5462739567,0.0,17099.5462739567,4372.5774897037045,8726.10655987037
A0_base_point,2025-03-23,2025-03-22,2025-03-22,2025-03-22,,64907.44076345679,149.05685331666768,39070.121882024774,968.9138437987401,40039.035725823516,8726.10655987037,8550.11876774074
A0_base_point,2025-03-24,2025-03-23,2025-03-23,2025-03-23,,64436.065053786006,182.76154308333514,38696.63772500602,1274.944524549346,39971.58224955536,8550.11876774074,8415.850267907408
A0_base_point,2025-03-25,2025-03-24,2025-03-24,2025-03-24,,64036.65607866255,1119.972947650007,38314.017846944465,7150.78862504247,45464.80647198694,8415.850267907408,8449.995290666666
A0_base_point,2025-03-26,2025-03-25,2025-03-25,2025-03-25,,63847.14648539095,53.97363333333294,38202.22964674036,376.5200661333306,38578.74971287369,8449.995290666666,8466.830557277777
A0_base_point,2025-03-27,2025-03-26,2025-03-26,2025-03-26,,58782.97070812757,275.4905989999968,36110.78809309172,1688.2085582273946,37798.99665131912,8466.830557277777,4160.295690462965
A0_base_point,2025-03-28,2025-03-27,2025-03-27,2025-03-27,,28596.996442160493,0.0,14392.197819753519,0.0,14392.197819753519,4160.295690462965,4062.270476462964
A0_base_point,2025-03-29,2025-03-28,2025-03-28,2025-03-28,,33760.83299014404,125.34458136666382,16607.795594627976,654.4526834102514,17262.248278038227,4062.270476462964,8536.911109796294
A0_base_point,2025-03-30,2025-03-29,2025-03-29,2025-03-29,,61103.76939469136,0.0,36652.78931660371,0.0,36652.78931660371,8536.911109796294,8542.458799444448
A0_base_point,2025-03-31,2025-03-30,2025-03-30,2025-03-30,,59834.25133794238,1063.183020219332,35876.08852998742,7281.903417005269,43157.99194699269,8542.458799444448,8624.6068725
A0_base_point,2025-04-01,2025-03-31,2025-03-31,2025-03-31,,60200.14590925926,3371.780309233331,36023.08253700078,22771.062031074754,58794.14456807553,8624.6068725,8547.012945092594
A0_base_point,2025-04-02,2025-04-01,2025-04-01,2025-04-01,,60498.03931699588,3722.902743519552,36114.75914361457,21816.97951608072,57931.73865969529,8547.012945092594,8508.119683555557
A0_base_point,2025-04-03,2025-04-02,2025-04-02,2025-04-02,,56011.5720264609,581.3911414833351,34288.96319577076,3025.173183163793,37314.136378934556,8508.119683555557,3608.473054037037
A0_base_point,2025-04-04,2025-04-03,2025-04-03,2025-04-03,,27753.429164691363,36.28964656666494,13896.021323340425,138.69902917779342,14034.72035251822,3608.473054037037,3751.466642962963
A0_base_point,2025-04-05,2025-04-04,2025-04-04,2025-04-04,,33284.40490537037,97.94339065000045,16248.731129221016,474.31943537807723,16723.050564599092,3751.466642962963,8479.510159500001
A0_base_point,2025-04-06,2025-04-05,2025-04-05,2025-04-05,,61384.89059255144,137.19668563333238,36365.05211153828,818.6420409399774,37183.69415247826,8479.510159500001,8565.872384999999
A0_base_point,2025-04-07,2025-04-06,2025-04-06,2025-04-06,,59786.5973041358,0.0,35497.16719288896,0.0,35497.16719288896,8565.872384999999,8496.041997703705
A0_base_point,2025-04-08,2025-04-07,2025-04-07,2025-04-07,,58961.550986419745,532.346572799997,35198.23099506519,3357.2010612994472,38555.43205636464,8496.041997703705,8407.956218703703
A0_base_point,2025-04-09,2025-04-08,2025-04-08,2025-04-08,,58718.897246255154,3862.7369848615162,35067.793166899464,26141.921495835442,61209.7146627349,8407.956218703703,8439.037228814816
A0_base_point,2025-04-10,2025-04-09,2025-04-09,2025-04-09,,54479.623122592595,412.40816154999476,33428.9528990397,2638.2902565922295,36067.243155631935,8439.037228814816,3544.295011259258
A0_base_point,2025-04-11,2025-04-10,2025-04-10,2025-04-10,,26971.263912962968,0.0,13388.08207040992,0.0,13388.08207040992,3544.295011259258,3304.3435245185196
A0_base_point,2025-04-12,2025-04-11,2025-04-11,2025-04-11,,33154.35188039095,0.0,16031.868644047958,0.0,16031.868644047958,3304.3435245185196,8587.483058481483
A0_base_point,2025-04-13,2025-04-12,2025-04-12,2025-04-12,,58527.70237065844,245.951548916663,34826.4749038079,1503.2982526443081,36329.77315645221,8587.483058481483,8581.74721738889
A0_base_point,2025-04-14,2025-04-13,2025-04-13,2025-04-13,,58082.41797098765,164.94454078333138,34458.07868700774,1140.3145649261862,35598.39325193393,8581.74721738889,8505.845134481482
A0_base_point,2025-04-15,2025-04-14,2025-04-14,2025-04-14,,57471.426798870576,169.3166527500002,34253.6504626807,1037.0485773575344,35290.699040038235,8505.845134481482,8610.673638
A0_base_point,2025-04-16,2025-04-15,2025-04-15,2025-04-15,,56519.69939220165,2666.589902083334,33677.690214918475,17942.917942612425,51620.60815753089,8610.673638,8424.813684907405
A0_base_point,2025-04-17,2025-04-16,2025-04-16,2025-04-16,,51621.84254075597,245.60518293333416,31711.261557583817,1704.6610279098384,33415.92258549365,8424.813684907405,3308.708705574075
A0_base_point,2025-04-18,2025-04-17,2025-04-17,2025-04-17,,26152.14572991769,0.0,12876.850425028828,0.0,12876.850425028828,3308.708705574075,3270.7023985555566
A0_base_point,2025-04-19,2025-04-18,2025-04-18,2025-04-18,,32118.454188045263,0.0,15370.940366660541,0.0,15370.940366660541,3270.7023985555566,8616.040560833331
A0_base_point,2025-04-20,2025-04-19,2025-04-19,2025-04-19,,56442.463065349795,0.0,33520.73900961581,0.0,33520.73900961581,8616.040560833331,8564.034374925923
A0_base_point,2025-04-21,2025-04-20,2025-04-20,2025-04-20,,56828.701069323884,120.05405501666277,33619.25208345615,690.7867054629064,34310.03878891906,8564.034374925923,8442.249686796296
A0_base_point,2025-04-22,2025-04-21,2025-04-21,2025-04-21,,55454.05515666667,551.3271852499958,33117.34316200481,3688.8832899038284,36806.226451908646,8442.249686796296,8393.938507962961
A0_base_point,2025-04-23,2025-04-22,2025-04-22,2025-04-22,,55583.93261355968,0.0,33023.15400806003,0.0,33023.15400806003,8393.938507962961,8630.591829870367
A0_base_point,2025-04-24,2025-04-23,2025-04-23,2025-04-23,,48318.49244835392,87.11024936666414,29896.537991054516,493.93380692955753,30390.47179798407,8630.591829870367,2698.2565796481495
A0_base_point,2025-04-25,2025-04-24,2025-04-24,2025-04-24,,25251.72579718107,35.11059544999915,12229.021919464107,158.85871588013748,12387.880635344245,2698.2565796481495,2482.0469518148157
A0_base_point,2025-04-26,2025-04-25,2025-04-25,2025-04-25,,31286.81105697531,334.7737642999985,14709.003325447433,1636.862989223476,16345.86631467091,2482.0469518148157,7847.708958851851
A0_base_point,2025-04-27,2025-04-26,2025-04-26,2025-04-26,,52182.10118899177,1247.455565383335,31036.093063675038,8577.803715336237,39613.89677901128,7847.708958851851,7833.670135648147
A0_base_point,2025-04-28,2025-04-27,2025-04-27,2025-04-27,,52209.45984893004,7191.269734833331,31226.40847154447,47087.95133449553,78314.35980604,7833.670135648147,7927.790674407407
A0_base_point,2025-04-29,2025-04-28,2025-04-28,2025-04-28,,52932.98242641975,983.4554604999962,31702.378499208775,6801.264472200559,38503.64297140933,7927.790674407407,8115.963909
A0_base_point,2025-04-30,2025-04-29,2025-04-29,2025-04-29,,53145.35052072017,89.58557833333285,31866.83772102555,413.55960220333105,32280.397323228877,8115.963909,7892.504703222223
A0_base_point,2025-05-01,2025-04-30,2025-04-30,2025-04-30,,46816.91471586419,2239.675766466669,29304.352115623104,14014.631471806852,43318.98358742996,7892.504703222223,1463.2080454814811
A0_base_point,2025-05-02,2025-05-01,2025-05-01,2025-05-01,,26123.297833909466,2895.568886616666,12626.296819314623,16230.51611200895,28856.812931323573,1463.2080454814811,1709.1189376111101
A0_base_point,2025-05-03,2025-05-02,2025-05-02,2025-05-02,,32833.1792544856,2123.4147074,15456.8017483338,11697.34671791523,27154.14846624903,1709.1189376111101,8160.278920074073
A0_base_point,2025-05-04,2025-05-03,2025-05-03,2025-05-03,,53874.65350106995,1961.7468066666643,32042.637724389682,12293.058513327484,44335.69623771716,8160.278920074073,7661.392642666664
A0_base_point,2025-05-05,2025-05-04,2025-05-04,2025-05-04,,55557.23053541152,3547.19584113334,32728.68253948822,23333.590794449843,56062.273333938065,7661.392642666664,7920.717399388888
A0_base_point,2025-05-06,2025-05-05,2025-05-05,2025-05-05,,55795.06980088477,1861.5391316666705,32943.69054685418,11796.59191938836,44740.28246624254,7920.717399388888,7785.4982095925925
A0_base_point,2025-05-07,2025-05-06,2025-05-06,2025-05-06,,56609.47580728395,2947.049231666663,33232.6867728948,19222.433538636644,52455.12031153144,7785.4982095925925,7982.372314666667
A0_base_point,2025-05-08,2025-05-07,2025-05-07,2025-05-07,,49339.22677119341,3431.927416866671,30796.304679680394,22251.329632874662,53047.634312555056,7982.372314666667,2149.374867333334
A0_base_point,2025-05-09,2025-05-08,2025-05-08,2025-05-08,,26403.19732973251,1413.5882264666666,13071.968902019846,7816.157964947468,20888.126866967315,2149.374867333334,2516.4247994074076
A0_base_point,2025-05-10,2025-05-09,2025-05-09,2025-05-09,,32984.327217592596,1139.2474554500016,15883.501513830726,6506.713487684214,22390.21500151494,2516.4247994074076,8133.2636143888885
A0_base_point,2025-05-11,2025-05-10,2025-05-10,2025-05-10,,57402.58667618744,1823.235782366673,34035.333468712815,12121.685603211192,46157.01907192401,8133.2636143888885,8149.47330538889
A0_base_point,2025-05-12,2025-05-11,2025-05-11,2025-05-11,,58264.93412641832,1409.8371920499992,34471.41723948484,9315.040041731105,43786.45728121596,8149.47330538889,8386.36464961111
A0_base_point,2025-05-13,2025-05-12,2025-05-12,2025-05-12,,57361.21692090535,979.3794025666658,33944.993732100804,6278.84424179756,40223.837973898364,8386.36464961111,8463.293182500001
A0_base_point,2025-05-14,2025-05-13,2025-05-13,2025-05-13,,57088.48199792181,1129.0360700000015,33846.31475966588,7359.907622359176,41206.22238202505,8463.293182500001,8227.933753759258
A0_base_point,2025-05-15,2025-05-14,2025-05-14,2025-05-14,,50006.06740923869,1049.9305347000022,31275.176768548867,6756.83947197164,38032.016240520505,8227.933753759258,1947.838587259259
A0_base_point,2025-05-16,2025-05-15,2025-05-15,2025-05-15,,26036.64695417696,544.9023466666634,13085.936910453222,2665.4324850391467,15751.369395492367,1947.838587259259,1669.8294046666672
A0_base_point,2025-05-17,2025-05-16,2025-05-16,2025-05-16,,33063.62015211934,947.7148699999965,16069.469755701997,6067.848924209975,22137.318679911972,1669.8294046666672,7662.434036537037
A0_base_point,2025-05-18,2025-05-17,2025-05-17,2025-05-17,,56418.30431061729,1565.3995641666643,33863.76508548652,10408.215581154342,44271.98066664086,7662.434036537037,8369.496019759259
A0_base_point,2025-05-19,2025-05-18,2025-05-18,2025-05-18,,55786.70019216049,579.944572316665,33397.74680295328,3748.330739797229,37146.077542750514,8369.496019759259,8356.505825037037
A0_base_point,2025-05-20,2025-05-19,2025-05-19,2025-05-19,,54040.337080432095,2864.1151099333383,32654.32469444922,19271.37441395785,51925.699108407076,8356.505825037037,7647.3976842777765
A0_base_point,2025-05-21,2025-05-20,2025-05-20,2025-05-20,,55275.46406100823,1640.2351686499971,33177.91723693221,10796.728174208241,43974.64541114045,7647.3976842777765,7690.610185277779
A0_base_point,2025-05-22,2025-05-21,2025-05-21,2025-05-21,,48818.58122123456,428.5474042333338,30776.509836344732,2988.9517369317364,33765.46157327647,7690.610185277779,2040.2067894814816
A0_base_point,2025-05-23,2025-05-22,2025-05-22,2025-05-22,,25757.527608312754,367.7292030999966,13087.33756970185,1964.6564236563229,15051.99399335817,2040.2067894814816,1970.7144739074074
A0_base_point,2025-05-24,2025-05-23,2025-05-23,2025-05-23,,32984.2909900823,160.13578641666672,16243.419526568727,728.4502818765421,16971.86980844527,1970.7144739074074,7897.331811851852
A0_base_point,2025-05-25,2025-05-24,2025-05-24,2025-05-24,,55155.42985358026,302.55277966666705,33519.28721755423,1666.1937090592778,35185.48092661351,7897.331811851852,7965.961510499999
A0_base_point,2025-05-26,2025-05-25,2025-05-25,2025-05-25,,53562.652478724274,3892.9684916333317,32723.460032004317,26186.73942911529,58910.199461119606,7965.961510499999,7865.182044
A0_base_point,2025-05-27,2025-05-26,2025-05-26,2025-05-26,,54719.88475687243,190.85096166666526,33232.33127611474,1283.820839956657,34516.1521160714,7865.182044,7760.471144388887
A0_base_point,2025-05-28,2025-05-27,2025-05-27,2025-05-27,,54570.358191378604,1455.2219764333277,33092.3729786583,9993.906910996244,43086.27988965454,7760.471144388887,7963.09016011111
A0_base_point,2025-05-29,2025-05-28,2025-05-28,2025-05-28,,47409.35656012346,3403.9966424666627,29999.327460345146,23084.0470636174,53083.37452396254,7963.09016011111,2037.0927810555559
A0_base_point,2025-05-30,2025-05-29,2025-05-29,2025-05-29,,25908.525344012345,442.6340716666675,13182.183232420331,2705.8220800983386,15888.005312518671,2037.0927810555559,1923.4048700370363
A0_base_point,2025-05-31,2025-05-30,2025-05-30,2025-05-30,,33970.49963257202,374.34800181666674,16742.29972715216,1577.3033865727589,18319.603113724916,1923.4048700370363,8504.306666537035
A0_base_point,2025-06-01,2025-05-31,2025-05-31,2025-05-31,,56382.14813395062,15849.408206168935,34082.17504766198,93158.2488545914,127240.42390225337,8504.306666537035,7355.266880333331
A0_base_point,2025-06-02,2025-06-01,2025-06-01,2025-06-01,,59753.61103604075,12044.253851383331,35659.776497681116,77886.18582456115,113545.96232224227,7355.266880333331,7256.837154796296
A0_base_point,2025-06-03,2025-06-02,2025-06-02,2025-06-02,,61969.243637366264,9755.232748968101,36981.84046166577,61312.22055828924,98294.06101995503,7256.837154796296,7457.602774851852
A0_base_point,2025-06-04,2025-06-03,2025-06-03,2025-06-03,,63104.494188024684,9599.633108216665,37572.76944533066,62186.59517672896,99759.36462205961,7457.602774851852,7390.716285907405
A0_base_point,2025-06-05,2025-06-04,2025-06-04,2025-06-04,,57804.21486115226,10153.20276105,35529.88458988488,61659.947298255094,97189.83188813998,7390.716285907405,1200.0
A0_base_point,2025-06-06,2025-06-05,2025-06-05,2025-06-05,,28212.916803600823,7384.741053116666,14398.046220107395,41121.86884168526,55519.915061792664,1200.0,1200.0
A0_base_point,2025-06-07,2025-06-06,2025-06-06,2025-06-06,,35956.412048292186,5324.759626616664,17834.69305597952,30325.729080912985,48160.4221368925,1200.0,7478.101292314815
A0_base_point,2025-06-08,2025-06-07,2025-06-07,2025-06-07,,72975.72277788703,1752.7852825666678,43916.616710817245,11213.723969630057,55130.3406804473,7478.101292314815,7745.144050425925
A0_base_point,2025-06-09,2025-06-08,2025-06-08,2025-06-08,,71485.71833368314,4286.221887601036,42945.35529637741,27764.71232771846,70710.06762409587,7745.144050425925,7829.281964129628
A0_base_point,2025-06-10,2025-06-09,2025-06-09,2025-06-09,,72033.37482084363,3782.8625051166673,43429.86106240745,23683.173913053815,67113.03497546127,7829.281964129628,7770.940248740741
A0_base_point,2025-06-11,2025-06-10,2025-06-10,2025-06-10,,72535.804855,8081.692095723047,43583.90809374937,48841.86638826617,92425.77448201555,7770.940248740741,7903.849603666666
A0_base_point,2025-06-12,2025-06-11,2025-06-11,2025-06-11,,65736.9697874821,4664.780995800002,40879.9000238227,30535.11306578034,71415.01308960305,7903.849603666666,2020.3562048703698
A0_base_point,2025-06-13,2025-06-12,2025-06-12,2025-06-12,,31004.009802469136,3014.4075713500033,16713.87840570838,17965.878266554442,34679.756672262825,2020.3562048703698,2042.4074638333332
A0_base_point,2025-06-14,2025-06-13,2025-06-13,2025-06-13,,38118.20744627572,2304.264492666663,19859.090518276542,13986.441270108231,33845.531788384775,2042.4074638333332,7758.257666648147
A0_base_point,2025-06-15,2025-06-14,2025-06-14,2025-06-14,,76479.39492335761,299.0684592333321,46715.752771034764,1852.1203824777665,48567.87315351253,7758.257666648147,8196.874040203702
A0_base_point,2025-06-16,2025-06-15,2025-06-15,2025-06-15,,75462.83371088476,2335.9116559500007,46115.910352714214,15026.732705731281,61142.64305844549,8196.874040203702,8427.194781537037
A0_base_point,2025-06-17,2025-06-16,2025-06-16,2025-06-16,,74515.42992401996,4119.8897592166695,45408.93737157184,27589.85969454124,72998.79706611308,8427.194781537037,8176.242401277778
A0_base_point,2025-06-18,2025-06-17,2025-06-17,2025-06-17,,75753.30966288067,1165.188475033337,46105.883360052234,7839.917822822042,53945.801182874275,8176.242401277778,8278.940517666666
A0_base_point,2025-06-19,2025-06-18,2025-06-18,2025-06-18,,68138.79252049382,1060.8172216666653,42889.245458221674,6716.5461515449915,49605.79160976667,8278.940517666666,2227.695079907408
A0_base_point,2025-06-20,2025-06-19,2025-06-19,2025-06-19,,31853.042050123455,671.7711150833328,17655.78992766674,3875.840416299662,21531.630343966404,2227.695079907408,2091.0806051481486
A0_base_point,2025-06-21,2025-06-20,2025-06-20,2025-06-20,,39387.904760432095,443.6620911666691,20915.91108686026,2171.0915407902075,23087.002627650465,2091.0806051481486,8398.239420611111
A0_base_point,2025-06-22,2025-06-21,2025-06-21,2025-06-21,,73700.49383390947,225.84288713333652,45169.933339563206,1527.1019284346555,46697.03526799787,8398.239420611111,8491.687623203703
A0_base_point,2025-06-23,2025-06-22,2025-06-22,2025-06-22,,72173.51920224281,1173.958263466664,44231.75898482191,7917.705938710098,52149.464923532,8491.687623203703,8411.505696277778
A0_base_point,2025-06-24,2025-06-23,2025-06-23,2025-06-23,,71228.38264567901,8792.570676383333,43736.77849866105,53446.49132698498,97183.26982564604,8411.505696277778,8524.306225129629
A0_base_point,2025-06-25,2025-06-24,2025-06-24,2025-06-24,,73077.02056437818,1882.3331935999922,44699.77485259378,12181.621159041191,56881.39601163498,8524.306225129629,8406.887974740743
A0_base_point,2025-06-26,2025-06-25,2025-06-25,2025-06-25,,66795.21236802469,532.33876385,42334.44834754325,2805.1831242065327,45139.63147174979,8406.887974740743,1987.5368976666673
A0_base_point,2025-06-27,2025-06-26,2025-06-26,2025-06-26,,32127.33766679012,48.73156858333374,17925.70438192648,215.9169165606673,18141.621298487145,1987.5368976666673,2383.6922725000004
A0_base_point,2025-06-28,2025-06-27,2025-06-27,2025-06-27,,39350.20297312757,0.0,20941.01082485682,0.0,20941.01082485682,2383.6922725000004,8538.4770937963
A0_base_point,2025-06-29,2025-06-28,2025-06-28,2025-06-28,,74610.00961220328,27.27573000000018,45816.197722948215,184.19152831166787,46000.38925125988,8538.4770937963,8687.850587851852
A0_base_point,2025-06-30,2025-06-29,2025-06-29,2025-06-29,,73299.57296304073,955.5083523666694,44985.39418271404,5900.296279026166,50885.69046174021,8687.850587851852,8230.99859374074
A0_base_point,2025-07-01,2025-06-30,2025-06-30,2025-06-30,,73632.44066973765,8344.148252033334,45108.27878777338,49866.64466059049,94974.92344836386,8230.99859374074,7313.453077018518
A0_base_point,2025-07-02,2025-07-01,2025-07-01,2025-07-01,,73730.22938211935,5351.3385050499965,44851.3234752625,32311.851401653206,77163.1748769157,7313.453077018518,7228.36891987037
A0_base_point,2025-07-03,2025-07-02,2025-07-02,2025-07-02,,65171.64748397593,11652.832146599998,41045.720408525725,69354.96958498357,110400.6899935093,7228.36891987037,1200.0
A0_base_point,2025-07-04,2025-07-03,2025-07-03,2025-07-03,,32626.062526152262,8533.735097683333,17966.965580070824,37472.2743934912,55439.23997356202,1200.0,1200.0
A0_base_point,2025-07-05,2025-07-04,2025-07-04,2025-07-04,,39817.343358065846,8450.087969116666,20798.668724119205,40574.83416273454,61373.50288685375,1200.0,7238.269471796296
A0_base_point,2025-07-06,2025-07-05,2025-07-05,2025-07-05,,66587.63560388889,16071.046593999996,40810.54143517158,99841.47148916252,140652.0129243341,7238.269471796296,7121.919139518518
A0_base_point,2025-07-07,2025-07-06,2025-07-06,2025-07-06,,66870.96045911523,9802.40124885,41087.53872321394,61855.55368516098,102943.09240837491,7121.919139518518,7193.721779129628
A0_base_point,2025-07-08,2025-07-07,2025-07-07,2025-07-07,,73199.84802549383,7539.486539399995,45239.905382683006,47022.78509667574,92262.69047935876,7193.721779129628,7834.860424296296
A0_base_point,2025-07-09,2025-07-08,2025-07-08,2025-07-08,,71300.7899955967,6372.931938066664,44380.68225591369,40482.051316485355,84862.73357239904,7834.860424296296,7887.378526314814
A0_base_point,2025-07-10,2025-07-09,2025-07-09,2025-07-09,,64730.06953047325,5104.873553283333,41843.158658497945,31685.75904419905,73528.917702697,7887.378526314814,1581.4248045185182
A0_base_point,2025-07-11,2025-07-10,2025-07-10,2025-07-10,,36004.08013627572,5096.647903949996,20553.16622981194,22818.462879849973,43371.62910966191,1581.4248045185182,1357.4393976851852
A0_base_point,2025-07-12,2025-07-11,2025-07-11,2025-07-11,,43484.28785421811,5090.014110249998,23535.78952796902,25805.598835196615,49341.388363165635,1357.4393976851852,7699.425590796295
A0_base_point,2025-07-13,2025-07-12,2025-07-12,2025-07-12,,72023.30680096708,2604.7483843666596,44622.78586538823,16515.06478612269,61137.85065151091,7699.425590796295,7758.10279774074
A0_base_point,2025-07-14,2025-07-13,2025-07-13,2025-07-13,,70951.31577209878,4739.829735878589,43902.149453283884,30845.991052039266,74748.14050532316,7758.10279774074,7905.881462722222
A0_base_point,2025-07-15,2025-07-14,2025-07-14,2025-07-14,,74954.5689042387,2209.0189459500025,46741.258611128535,14715.050274942485,61456.30888607101,7905.881462722222,8409.9022065
A0_base_point,2025-07-16,2025-07-15,2025-07-15,2025-07-15,,73854.24256271604,2107.672300583339,46105.055100148034,14396.152780375038,60501.20788052306,8409.9022065,8120.690823037036
A0_base_point,2025-07-17,2025-07-16,2025-07-16,2025-07-16,,66436.9204217284,3706.154825250002,43130.01515985561,24593.490869591435,67723.50602944703,8120.690823037036,2037.525943722222
A0_base_point,2025-07-18,2025-07-17,2025-07-17,2025-07-17,,38473.583549938274,1558.5028109333357,22248.62580291558,8603.755010586534,30852.38081350211,2037.525943722222,1958.881345037037
A0_base_point,2025-07-19,2025-07-18,2025-07-18,2025-07-18,,45537.05762962963,2108.3628171666683,25218.390273152778,12199.592687197846,37417.98296035062,1958.881345037037,8185.952569666667
A0_base_point,2025-07-20,2025-07-19,2025-07-19,2025-07-19,,74101.58182409465,2025.2729708333336,46433.43689540833,13474.71081310537,59908.1477085137,8185.952569666667,8211.146788740738
A0_base_point,2025-07-21,2025-07-20,2025-07-20,2025-07-20,,74640.61186967079,3354.229896533332,46692.22612660702,22504.629066359525,69196.85519296654,8211.146788740738,8373.036284907406
A0_base_point,2025-07-22,2025-07-21,2025-07-21,2025-07-21,,77877.45510541153,733.7292015166641,48816.83588936657,5075.020650986083,53891.856540352645,8373.036284907406,8453.311116296296
A0_base_point,2025-07-23,2025-07-22,2025-07-22,2025-07-22,,77924.95226012346,995.553955649996,48763.51649972939,6667.278800800205,55430.795300529586,8453.311116296296,8476.732144425927
A0_base_point,2025-07-24,2025-07-23,2025-07-23,2025-07-23,,70676.156816214,1193.5152958833296,45766.925701904445,8234.517067965951,54001.4427698704,8476.732144425927,2918.584263240741
A0_base_point,2025-07-25,2025-07-24,2025-07-24,2025-07-24,,39967.34079798354,164.9495995666661,23430.215705787978,1033.1076423728616,24463.32334816084,2918.584263240741,2801.9089782037045
A0_base_point,2025-07-26,2025-07-25,2025-07-25,2025-07-25,,46942.04723154321,288.8115059499954,26541.49353999133,1437.4875169472525,27978.98105693858,2801.9089782037045,8517.3185115
A0_base_point,2025-07-27,2025-07-26,2025-07-26,2025-07-26,,76954.16222251029,1681.7486201000029,48344.49956107083,9819.14882560953,58163.64838668036,8517.3185115,8464.485497277778
A0_base_point,2025-07-28,2025-07-27,2025-07-27,2025-07-27,,77592.49658860083,4151.050711816665,48637.96100355266,27059.50771777739,75697.46872133003,8464.485497277778,8412.788481
A0_base_point,2025-07-29,2025-07-28,2025-07-28,2025-07-28,,80239.54340616667,888.1699211666642,50233.82386721972,6152.955358092816,56386.77922531254,8412.788481,8727.2488725
A0_base_point,2025-07-30,2025-07-29,2025-07-29,2025-07-29,,80559.4594804321,0.0,50408.580786889535,0.0,50408.580786889535,8727.2488725,8691.248108037038
A0_base_point,2025-07-31,2025-07-30,2025-07-30,2025-07-30,,74363.08821580248,474.28944153333185,47730.96799719513,3294.8239345081897,51025.791931703316,8691.248108037038,3454.4048171111117
A0_base_point,2025-08-01,2025-07-31,2025-07-31,2025-07-31,,40409.427618518515,0.0,23859.012039137517,0.0,23859.012039137517,3454.4048171111117,3416.7867536296303
A0_base_point,2025-08-02,2025-08-01,2025-08-01,2025-08-01,,46674.35067823045,0.0,26623.80251245347,0.0,26623.80251245347,3416.7867536296303,8966.442440962966
A0_base_point,2025-08-03,2025-08-02,2025-08-02,2025-08-02,,76177.60829104937,219.2050761333325,47918.276101064075,1438.1597930137646,49356.43589407784,8966.442440962966,8450.495331499998
A0_base_point,2025-08-04,2025-08-03,2025-08-03,2025-08-03,,74236.39092711936,15.096226666666325,46841.33577198659,101.7560206399977,46943.09179262659,8450.495331499998,8858.340862037037
A0_base_point,2025-08-05,2025-08-04,2025-08-04,2025-08-04,,72062.50118335946,6.538765000000012,45702.29185040449,44.075505555833416,45746.36735596032,8858.340862037037,8868.761813537038
A0_base_point,2025-08-06,2025-08-05,2025-08-05,2025-08-05,,70417.93698076133,1656.3378580934132,44809.27968633355,11148.800715780077,55958.08040211362,8868.761813537038,8431.22052561111
A0_base_point,2025-08-07,2025-08-06,2025-08-06,2025-08-06,,64158.29147893005,35.05678666666665,42237.485192139065,236.78869041583323,42474.2738825549,8431.22052561111,2944.951088351853
A0_base_point,2025-08-08,2025-08-07,2025-08-07,2025-08-07,,39264.07514351851,0.0,22984.378383200725,0.0,22984.378383200725,2944.951088351853,3121.0569319444453
A0_base_point,2025-08-09,2025-08-08,2025-08-08,2025-08-08,,45604.15623660495,0.0,25759.36722503195,0.0,25759.36722503195,3121.0569319444453,8685.783169962968
A0_base_point,2025-08-10,2025-08-09,2025-08-09,2025-08-09,,70089.48287508229,15.210046666666585,44774.955482914804,104.02228712999946,44878.9777700448,8685.783169962968,8762.807982888882
A0_base_point,2025-08-11,2025-08-10,2025-08-10,2025-08-10,,70183.08701022636,149.97738499999969,44746.35284990653,1011.2782861283313,45757.63113603486,8762.807982888882,8754.079610833332
A0_base_point,2025-08-12,2025-08-11,2025-08-11,2025-08-11,,68741.37683619343,2427.935818490121,43893.2613466161,16500.68459575771,60393.945942373815,8754.079610833332,8574.107976796302
A0_base_point,2025-08-13,2025-08-12,2025-08-12,2025-08-12,,70187.49864897119,313.34875516666295,44629.38707678611,2149.1496157976408,46778.536692583744,8574.107976796302,8711.702261648148
A0_base_point,2025-08-14,2025-08-13,2025-08-13,2025-08-13,,63888.73670325102,305.61439815000017,41927.0951913913,1859.3754986360677,43786.47069002737,8711.702261648148,2798.846991074073
A0_base_point,2025-08-15,2025-08-14,2025-08-14,2025-08-14,,39038.63215987654,135.50787536666707,22899.337629459365,545.5404827335349,23444.8781121929,2798.846991074073,2924.2127952777764
A0_base_point,2025-08-16,2025-08-15,2025-08-15,2025-08-15,,45570.73075940329,4.536539499997161,25667.16462161611,31.646899551980198,25698.811521168092,2924.2127952777764,8726.25824062963
A0_base_point,2025-08-17,2025-08-16,2025-08-16,2025-08-16,,69979.46322901234,130.75888833333374,44610.64008958209,881.0534036975027,45491.6934932796,8726.25824062963,8784.049064129626
A0_base_point,2025-08-18,2025-08-17,2025-08-17,2025-08-17,,69348.3977630247,219.816375,44129.130999219546,1490.8764798533332,45620.00747907287,8784.049064129626,8669.319393851854
A0_base_point,2025-08-19,2025-08-18,2025-08-18,2025-08-18,,68967.10891734567,165.95945666666614,44039.83206279292,1119.5018025908298,45159.33386538375,8669.319393851854,8589.462168647462
A0_base_point,2025-08-20,2025-08-19,2025-08-19,2025-08-19,,68297.12771053574,5386.993186366663,43751.51846118265,34656.662834897434,78408.18129608009,8589.462168647462,8175.352071333333
A0_base_point,2025-08-21,2025-08-20,2025-08-20,2025-08-20,,64497.308824609056,34.97200333333342,42243.58437177543,235.68199768333392,42479.26636945876,8175.352071333333,3189.6516322592615
A0_base_point,2025-08-22,2025-08-21,2025-08-21,2025-08-21,,39363.80679067901,585.832604200002,22963.40981575757,3891.0515194782147,26854.46133523579,3189.6516322592615,3152.286474703704
A0_base_point,2025-08-23,2025-08-22,2025-08-22,2025-08-22,,45390.49659526749,73.33944463333846,25569.806596723654,289.9223131870087,25859.728909910664,3152.286474703704,8535.878715703704
A0_base_point,2025-08-24,2025-08-23,2025-08-23,2025-08-23,,72095.30455376132,288.90517083333026,45717.0816506148,1882.7544058577698,47599.83605647256,8535.878715703704,8550.256585499998
A0_base_point,2025-08-25,2025-08-24,2025-08-24,2025-08-24,,72245.50427407408,2793.878955166663,45763.08167882444,19030.735371174393,64793.81704999884,8550.256585499998,8701.6731945
A0_base_point,2025-08-26,2025-08-25,2025-08-25,2025-08-25,,71770.9149453041,89.47883790000071,45624.67588889573,612.2276495154051,46236.903538411134,8701.6731945,8717.53011074074
A0_base_point,2025-08-27,2025-08-26,2025-08-26,2025-08-26,,71775.15752120453,998.613783083329,45754.36419619869,6924.03442877468,52678.39862497337,8717.53011074074,8675.32697514815
A0_base_point,2025-08-28,2025-08-27,2025-08-27,2025-08-27,,66328.7142547463,2655.5940858833346,43608.523012415026,18057.840578327927,61666.36359074295,8675.32697514815,3325.731165259259
A0_base_point,2025-08-29,2025-08-28,2025-08-28,2025-08-28,,40494.889301975316,0.0,23875.33096072185,0.0,23875.33096072185,3325.731165259259,3609.3521431851873
A0_base_point,2025-08-30,2025-08-29,2025-08-29,2025-08-29,,45972.27099709876,14.591382566665036,26154.674482759605,89.19712163002336,26243.871604389627,3609.3521431851873,8472.06813348148
A0_base_point,2025-08-31,2025-08-30,2025-08-30,2025-08-30,,72785.53843825104,49.45402166666645,46361.79969826628,337.58799609583184,46699.387694362114,8472.06813348148,9073.005332240742
A0_base_point,2025-09-01,2025-08-31,2025-08-31,2025-08-31,,72444.94657393004,0.0,46113.377440832715,0.0,46113.377440832715,9073.005332240742,10800.0
A0_base_point,2025-09-02,2025-09-01,2025-09-01,2025-09-01,,69706.24130174897,0.0,44877.13533044892,0.0,44877.13533044892,10800.0,10800.0
A0_base_point,2025-09-03,2025-09-02,2025-09-02,2025-09-02,,68788.64787729958,0.0,44378.59788822601,0.0,44378.59788822601,10800.0,10800.0
A0_base_point,2025-09-04,2025-09-03,2025-09-03,2025-09-03,,63167.202440041154,0.0,42152.155035334115,0.0,42152.155035334115,10800.0,7112.780034462963
A0_base_point,2025-09-05,2025-09-04,2025-09-04,2025-09-04,,36608.45912174054,0.0,22183.944715537426,0.0,22183.944715537426,7112.780034462963,7462.192739870373
A0_base_point,2025-09-06,2025-09-05,2025-09-05,2025-09-05,,42333.13110745,0.0,24656.34707332961,0.0,24656.34707332961,7462.192739870373,10800.0
A0_base_point,2025-09-07,2025-09-06,2025-09-06,2025-09-06,,68665.26226317717,0.0,44489.03864193224,0.0,44489.03864193224,10800.0,10800.0
A0_base_point,2025-09-08,2025-09-07,2025-09-07,2025-09-07,,64009.182786193414,105.58286822942489,40965.113622192184,736.546088768468,41701.65971096065,10800.0,9198.8596905
A0_base_point,2025-09-09,2025-09-08,2025-09-08,2025-09-08,,66607.75707266542,0.0,42197.14000377814,0.0,42197.14000377814,9198.8596905,10440.069170444449
A0_base_point,2025-09-10,2025-09-09,2025-09-09,2025-09-09,,64744.53936438271,1801.1530187333383,41406.98005594936,10744.371165056167,52151.351221005534,10440.069170444449,9302.812536000001
A0_base_point,2025-09-11,2025-09-10,2025-09-10,2025-09-10,,62170.24234613168,0.0,40548.12748967357,0.0,40548.12748967357,9302.812536000001,6100.186781129631
A0_base_point,2025-09-12,2025-09-11,2025-09-11,2025-09-11,,34108.132767456584,0.0,20049.976381585868,0.0,20049.976381585868,6100.186781129631,6215.631673777775
A0_base_point,2025-09-13,2025-09-12,2025-09-12,2025-09-12,,40184.71919526667,0.0,22701.609564506536,0.0,22701.609564506536,6215.631673777775,10800.0
A0_base_point,2025-09-14,2025-09-13,2025-09-13,2025-09-13,,65136.26263714877,0.0,41840.86605332206,0.0,41840.86605332206,10800.0,9790.440103981484
A0_base_point,2025-09-15,2025-09-14,2025-09-14,2025-09-14,,64164.5182155144,1.1717666666667128,40327.06029481083,7.89360615000031,40334.95390096083,9790.440103981484,9601.683050111114
A0_base_point,2025-09-16,2025-09-15,2025-09-15,2025-09-15,,63152.88865580247,281.66897566666114,40003.72203931154,1964.9227742506282,41968.64481356216,9601.683050111114,8829.590578259258
A0_base_point,2025-09-17,2025-09-16,2025-09-16,2025-09-16,,64889.39468545123,810.5504215333319,40731.268524892104,4336.2382334187405,45067.50675831085,8829.590578259258,8969.388509999999
A0_base_point,2025-09-18,2025-09-17,2025-09-17,2025-09-17,,60045.64532160494,198.25212999999826,38773.06482808427,972.9920494299914,39746.05687751426,8969.388509999999,4847.245068037039
A0_base_point,2025-09-19,2025-09-18,2025-09-18,2025-09-18,,33382.42423559794,0.0,18958.74190045814,0.0,18958.74190045814,4847.245068037039,5582.299517166664
A0_base_point,2025-09-20,2025-09-19,2025-09-19,2025-09-19,,38160.37175121667,0.0,21002.356892645847,0.0,21002.356892645847,5582.299517166664,9990.616980981486
A0_base_point,2025-09-21,2025-09-20,2025-09-20,2025-09-20,,66596.68275065842,0.0,41870.97439946988,0.0,41870.97439946988,9990.616980981486,9432.994339944447
A0_base_point,2025-09-22,2025-09-21,2025-09-21,2025-09-21,,64663.416343415636,240.04525948333406,40250.19405219011,1526.63255061943,41776.826602809546,9432.994339944447,8655.571143
A0_base_point,2025-09-23,2025-09-22,2025-09-22,2025-09-22,,65988.15215985596,1430.8259128666557,41013.772650103936,9345.435538047175,50359.20818815111,8655.571143,8752.8692085
A0_base_point,2025-09-24,2025-09-23,2025-09-23,2025-09-23,,66049.97970942387,861.8604316666658,40973.70103029558,4408.899176916662,45382.60020721225,8752.8692085,9051.047871518522
A0_base_point,2025-09-25,2025-09-24,2025-09-24,2025-09-24,,60498.308740390945,15.37166666666667,38769.6239207239,103.4974316666667,38873.12135239056,9051.047871518522,4403.060001611113
A0_base_point,2025-09-26,2025-09-25,2025-09-25,2025-09-25,,32938.85401952675,0.0,18289.021043158144,0.0,18289.021043158144,4403.060001611113,4932.365532018523
A0_base_point,2025-09-27,2025-09-26,2025-09-26,2025-09-26,,37404.78456592592,325.9866138074043,20267.005436712792,1634.815643447308,21901.8210801601,4932.365532018523,8581.951203055554
A0_base_point,2025-09-28,2025-09-27,2025-09-27,2025-09-27,,67519.63965485597,792.6554658500017,42008.03425315362,4140.805909811281,46148.84016296491,8581.951203055554,8606.851885833334
A0_base_point,2025-09-29,2025-09-28,2025-09-28,2025-09-28,,66809.42485835392,808.4023083666555,41380.893336061024,4906.632627108755,46287.525963169785,8606.851885833334,8554.145293166666
A0_base_point,2025-09-30,2025-09-29,2025-09-29,2025-09-29,,67475.99170012346,2691.97599901667,41956.56622001537,16264.471545544315,58221.03776555968,8554.145293166666,8642.408986111112
A0_base_point,2025-10-01,2025-09-30,2025-09-30,2025-09-30,,68010.61773872428,0.0,42087.7397405229,0.0,42087.7397405229,8642.408986111112,10185.286742907409
A0_base_point,2025-10-02,2025-10-01,2025-10-01,2025-10-01,,59123.89802802468,0.0,38093.0701406235,0.0,38093.0701406235,10185.286742907409,6609.068893592594
A0_base_point,2025-10-03,2025-10-02,2025-10-02,2025-10-02,,30188.032387906584,0.0,16714.98284865796,0.0,16714.98284865796,6609.068893592594,6649.86500922223
A0_base_point,2025-10-04,2025-10-03,2025-10-03,2025-10-03,,35152.13551003333,327.7947076999994,19004.165109558813,1235.7379956421976,20239.90310520101,6649.86500922223,10446.350732833333
A0_base_point,2025-10-05,2025-10-04,2025-10-04,2025-10-04,,60394.23448144033,113.97592189999622,38189.286773364154,577.3540025169804,38766.64077588113,10446.350732833333,10192.7284075
A0_base_point,2025-10-06,2025-10-05,2025-10-05,2025-10-05,,59550.02384100823,1316.9041765333336,37757.03592674421,8591.052134518925,46348.08806126313,10192.7284075,9184.405677
A0_base_point,2025-10-07,2025-10-06,2025-10-06,2025-10-06,,62241.818507016455,941.0018416666685,39162.56218448169,4814.2739148500095,43976.836099331704,9184.405677,9900.189118129632
A0_base_point,2025-10-08,2025-10-07,2025-10-07,2025-10-07,,60938.18486705761,462.5069850000015,37824.651127314944,2396.912092408341,40221.563219723284,9900.189118129632,9545.194283537041
A0_base_point,2025-10-09,2025-10-08,2025-10-08,2025-10-08,,57238.27113216049,315.7437266666652,36439.18560384609,1611.2535184083256,38050.43912225442,9545.194283537041,5657.327655166667
A0_base_point,2025-10-10,2025-10-09,2025-10-09,2025-10-09,,30409.460060740945,386.23722854999824,16254.239490879845,1486.7636635586264,17741.003154438473,5657.327655166667,5771.79303316667
A0_base_point,2025-10-11,2025-10-10,2025-10-10,2025-10-10,,35385.18898348333,9.87837631666699,18591.242795255417,42.477018161668056,18633.719813417087,5771.79303316667,9635.552230888887
A0_base_point,2025-10-12,2025-10-11,2025-10-11,2025-10-11,,61731.30135845679,353.3176443333372,38523.205029878736,2416.77247966936,40939.9775095481,9635.552230888887,8901.9720795
A0_base_point,2025-10-13,2025-10-12,2025-10-12,2025-10-12,,62981.08139858026,0.0,39204.08727420913,0.0,39204.08727420913,8901.9720795,9458.404670240743
A0_base_point,2025-10-14,2025-10-13,2025-10-13,2025-10-13,,62243.94332427984,1977.802827466672,38919.42405815018,11678.715968299963,50598.14002645015,9458.404670240743,8852.518023777779
A0_base_point,2025-10-15,2025-10-14,2025-10-14,2025-10-14,,62581.55313518518,2937.3909084333354,38575.30999231065,19009.154137516194,57584.46412982685,8852.518023777779,8660.624471388888
A0_base_point,2025-10-16,2025-10-15,2025-10-15,2025-10-15,,60312.054676337444,3079.651822645668,37886.93370347898,19456.013791782098,57342.94749526107,8660.624471388888,5341.122708944444
A0_base_point,2025-10-17,2025-10-16,2025-10-16,2025-10-16,,31361.93704917696,0.0,16477.176176380628,0.0,16477.176176380628,5341.122708944444,5563.76797214815
A0_base_point,2025-10-18,2025-10-17,2025-10-17,2025-10-17,,35494.591721378594,0.0,18411.138523736707,0.0,18411.138523736707,5563.76797214815,9358.44596611111
A0_base_point,2025-10-19,2025-10-18,2025-10-18,2025-10-18,,65987.96248825103,1798.222291483342,40726.99437828775,11487.27197109389,52214.26634938164,9358.44596611111,8684.285834648148
A0_base_point,2025-10-20,2025-10-19,2025-10-19,2025-10-19,,67653.93003804528,1506.6817560833322,41724.03501351609,7502.38693178291,49226.42194529901,8684.285834648148,8904.63384918519
A0_base_point,2025-10-21,2025-10-20,2025-10-20,2025-10-20,,67717.92275465021,2518.8504845499965,41807.202998143526,15128.841161406623,56936.04415955015,8904.63384918519,8658.83931412963
A0_base_point,2025-10-22,2025-10-21,2025-10-21,2025-10-21,,67655.87353430042,2150.7635072333323,41372.88869814665,10985.289189061392,52358.17788720803,8658.83931412963,8513.475740092594
A0_base_point,2025-10-23,2025-10-22,2025-10-22,2025-10-22,,65230.647325329206,286.02248423333,40741.652637720144,1374.9651686649836,42116.617806385126,8513.475740092594,5625.9544165
A0_base_point,2025-10-24,2025-10-23,2025-10-23,2025-10-23,,31823.905008847738,738.9100352500059,16582.504330416516,3907.9791480032764,20490.483478419792,5625.9544165,5633.062466314816
A0_base_point,2025-10-25,2025-10-24,2025-10-24,2025-10-24,,35493.66904995885,198.927420333328,18169.89266799437,1118.1409113851341,19288.033579379502,5633.062466314816,8522.961346574073
A0_base_point,2025-10-26,2025-10-25,2025-10-25,2025-10-25,,69560.9380247531,0.0,42818.28822957222,0.0,42818.28822957222,8522.961346574073,8824.759963092589
A0_base_point,2025-10-27,2025-10-26,2025-10-26,2025-10-26,,68980.25771438272,886.8980568666674,42581.67549534796,6106.214044953906,48687.88954030187,8824.759963092589,8557.303004833331
A0_base_point,2025-10-28,2025-10-27,2025-10-27,2025-10-27,,68808.31305010288,1555.5340952166644,42344.73187216968,9478.433214496576,51823.16508666625,8557.303004833331,8590.28073775926
A0_base_point,2025-10-29,2025-10-28,2025-10-28,2025-10-28,,68605.0736397531,4491.437012199998,42201.93363535096,27494.930838785695,69696.86447413666,8590.28073775926,8520.305016518518
A0_base_point,2025-10-30,2025-10-29,2025-10-29,2025-10-29,,66681.64101403292,303.7119012500006,41621.31799570286,1909.2048105189233,43530.52280622179,8520.305016518518,5723.105180611112
A0_base_point,2025-10-31,2025-10-30,2025-10-30,2025-10-30,,32805.35031773662,543.376125449999,17144.226469327823,3127.3244015459913,20271.550870873813,5723.105180611112,5901.973808666667
A0_base_point,2025-11-01,2025-10-31,2025-10-31,2025-10-31,,35799.58470382716,106.72889614999636,18435.839504685297,603.4771616283175,19039.316666313614,5901.973808666667,8556.12767642593
A0_base_point,2025-11-02,2025-11-01,2025-11-01,2025-11-01,,72124.57157709876,1447.3106106666778,44380.11614267898,8441.497948868648,52821.61409154762,8556.12767642593,8587.351007629632
A0_base_point,2025-11-03,2025-11-02,2025-11-02,2025-11-02,,72776.67093034979,1002.4503287166666,44827.29520686538,6655.917863431564,51483.21307029695,8587.351007629632,8527.101788888887
A0_base_point,2025-11-04,2025-11-03,2025-11-03,2025-11-03,,72675.89426462963,632.2173422999977,44632.338314081906,3927.5872129824593,48559.92552706436,8527.101788888887,8564.425060444446
A0_base_point,2025-11-05,2025-11-04,2025-11-04,2025-11-04,,73027.05397927984,1155.0102347333266,44989.36975524249,6230.290409167619,51219.66016441011,8564.425060444446,8549.244514203703
A0_base_point,2025-11-06,2025-11-05,2025-11-05,2025-11-05,,69924.52573596708,2940.1386225207816,43597.34936204778,15623.845190911647,59221.19455295944,8549.244514203703,6011.0908375555555
A0_base_point,2025-11-07,2025-11-06,2025-11-06,2025-11-06,,33409.54074788066,983.3697296666644,17538.024317358984,5196.287691477655,22734.31200883664,6011.0908375555555,6222.346679962961
A0_base_point,2025-11-08,2025-11-07,2025-11-07,2025-11-07,,35863.54428327161,84.92862266666516,18492.490285460797,432.0614244475255,18924.551709908323,6222.346679962961,8568.09370788889
A0_base_point,2025-11-09,2025-11-08,2025-11-08,2025-11-08,,73778.12941952675,2145.240898883332,45606.00910809812,14277.806579897335,59883.815687995455,8568.09370788889,8528.132590629632
A0_base_point,2025-11-10,2025-11-09,2025-11-09,2025-11-09,,74581.76139718106,3523.297344027369,46076.099698642596,22210.109572476456,68286.20927111906,8528.132590629632,8581.743295500002
A0_base_point,2025-11-11,2025-11-10,2025-11-10,2025-11-10,,75012.80361769546,1178.0757254999994,46411.411283153844,7542.270685371741,53953.68196852559,8581.743295500002,8409.646842592594
A0_base_point,2025-11-12,2025-11-11,2025-11-11,2025-11-11,,75321.69051668725,1132.9555544666675,46608.07954141294,6957.861996662108,53565.94153807504,8409.646842592594,8565.618554074073
A0_base_point,2025-11-13,2025-11-12,2025-11-12,2025-11-12,,73283.77739125515,1553.0969070999988,45808.907106671824,10632.412994503324,56441.320101175144,8565.618554074073,6711.635951814815
A0_base_point,2025-11-14,2025-11-13,2025-11-13,2025-11-13,,34127.4779376749,234.21235154999684,17997.19541280353,1431.7401050251306,19428.935517828657,6711.635951814815,6677.72526587037
A0_base_point,2025-11-15,2025-11-14,2025-11-14,2025-11-14,,36154.64185141975,651.175861949999,18782.32003204532,3553.849036452053,22336.169068497373,6677.72526587037,8557.441701
A0_base_point,2025-11-16,2025-11-15,2025-11-15,2025-11-15,,76886.51362775,2266.3471520333314,47779.33638867794,13608.964930209804,61388.301318887745,8557.441701,8448.107728925926
A0_base_point,2025-11-17,2025-11-16,2025-11-16,2025-11-16,,77765.36296137674,273.01591861667146,48368.36091829154,1321.787648307599,49690.148566599135,8448.107728925926,8603.595752833338
A0_base_point,2025-11-18,2025-11-17,2025-11-17,2025-11-17,,77598.04434748518,1659.712833266657,48281.39293254867,11235.032147651604,59516.42508020028,8603.595752833338,8491.88377340741
A0_base_point,2025-11-19,2025-11-18,2025-11-18,2025-11-18,,78132.60037265287,1889.3362958166676,48648.55258393388,10886.22071800468,59534.77330193856,8491.88377340741,8424.141294537036
A0_base_point,2025-11-20,2025-11-19,2025-11-19,2025-11-19,,76653.61582500907,1140.823880983331,48182.34768809083,7684.245740555409,55866.59342864624,8424.141294537036,6967.475090407409
A0_base_point,2025-11-21,2025-11-20,2025-11-20,2025-11-20,,34635.55024769547,475.29015706172413,18307.809325065686,2652.227875265414,20960.0372003311,6967.475090407409,6998.375001074075
A0_base_point,2025-11-22,2025-11-21,2025-11-21,2025-11-21,,36443.62228121399,904.7336158833363,19001.54661883942,5034.578031567334,24036.124650406753,6998.375001074075,8473.792646999998
A0_base_point,2025-11-23,2025-11-22,2025-11-22,2025-11-22,,79698.22447925659,1203.5132511833351,49767.546854580156,5779.585847422567,55547.132702002724,8473.792646999998,8548.695914018519
A0_base_point,2025-11-24,2025-11-23,2025-11-23,2025-11-23,,79435.02643327696,560.1933636166689,49602.64863648804,3755.260327094882,53357.90896358293,8548.695914018519,8379.11087125926
A0_base_point,2025-11-25,2025-11-24,2025-11-24,2025-11-24,,79407.65285842284,1444.48898338334,49525.993533108405,8840.83172440711,58366.82525751552,8379.11087125926,8488.053262444444
A0_base_point,2025-11-26,2025-11-25,2025-11-25,2025-11-25,,79658.36188925864,1876.1821938833316,49769.67490669736,12569.324386499438,62338.99929319679,8488.053262444444,8513.691167814814
A0_base_point,2025-11-27,2025-11-26,2025-11-26,2025-11-26,,78631.65651354712,980.7454299666654,49549.38602459659,6782.766329568508,56332.152354165104,8513.691167814814,7456.044579055556
A0_base_point,2025-11-28,2025-11-27,2025-11-27,2025-11-27,,35219.51339748971,554.4171156666673,18614.049334756844,3160.4378297997264,21774.48716455657,7456.044579055556,7370.132751537037
A0_base_point,2025-11-29,2025-11-28,2025-11-28,2025-11-28,,36873.17898738683,2361.050659550001,19327.805732770397,15257.70930144343,34585.51503421383,7370.132751537037,8358.866147
A0_base_point,2025-11-30,2025-11-29,2025-11-29,2025-11-29,,82180.4858885391,2581.7807667333213,51537.05625040161,17001.362592703535,68538.41884310514,8358.866147,8449.17281911111
A0_base_point,2025-12-01,2025-11-30,2025-11-30,2025-11-30,,82717.1912068107,7947.0536063,51848.385301722796,44098.96897598525,95947.35427770804,8449.17281911111,8315.998301777778
A0_base_point,2025-12-02,2025-12-01,2025-12-01,2025-12-01,,83193.46781427984,9724.189385683327,52173.33026959897,54518.54061402611,106691.87088362509,8315.998301777778,8394.759725870368
A0_base_point,2025-12-03,2025-12-02,2025-12-02,2025-12-02,,84228.04931257202,7227.859714466667,52929.35742845669,40796.89893950065,93726.25636795735,8394.759725870368,8319.388749092592
A0_base_point,2025-12-04,2025-12-03,2025-12-03,2025-12-03,,84216.68332438271,6668.114018016668,53162.47307935165,35108.02272125095,88270.49580060261,8319.388749092592,7730.602792000001
A0_base_point,2025-12-05,2025-12-04,2025-12-04,2025-12-04,,37986.1236991358,6402.115625400002,19985.282455485885,36259.48589612407,56244.76835160995,7730.602792000001,7618.421346685185
A0_base_point,2025-12-06,2025-12-05,2025-12-05,2025-12-05,,39106.72099337449,8259.02325295,20398.985517724483,48042.69754328617,68441.68306101064,7618.421346685185,8321.554789981483
A0_base_point,2025-12-07,2025-12-06,2025-12-06,2025-12-06,,85740.1894111317,6457.109399300008,54089.46006921262,36006.360495569155,90095.82056478178,8321.554789981483,8349.4051735
A0_base_point,2025-12-08,2025-12-07,2025-12-07,2025-12-07,,88385.90384555556,4360.0421573499925,55823.541749897,25172.315943482172,80995.85769337918,8349.4051735,8524.546909777779
A0_base_point,2025-12-09,2025-12-08,2025-12-08,2025-12-08,,88382.98561135802,3900.2856410086415,55937.2006411474,21674.63604001939,77611.8366811668,8524.546909777779,8548.927012814815
A0_base_point,2025-12-10,2025-12-09,2025-12-09,2025-12-09,,88334.32589487654,4365.044712856786,55870.21601395536,24938.78590121928,80809.00191517465,8548.927012814815,8347.199399314817
A0_base_point,2025-12-11,2025-12-10,2025-12-10,2025-12-10,,88968.6148457613,2093.863381649996,56384.567877029505,10259.151962460524,66643.71983949002,8347.199399314817,8377.323589148149
A0_base_point,2025-12-12,2025-12-11,2025-12-11,2025-12-11,,41738.224449506175,5371.093790583338,21770.39068281265,33785.96439479007,55556.35507760271,8377.323589148149,8404.961743351852
A0_base_point,2025-12-13,2025-12-12,2025-12-12,2025-12-12,,42624.06390135802,4764.363081333336,22094.91006866972,29543.385359884414,51638.295428554135,8404.961743351852,8523.324114074074
A0_base_point,2025-12-14,2025-12-13,2025-12-13,2025-12-13,,89363.13104211935,3992.1808372666637,56644.294175721414,21643.221953664935,78287.51612938635,8523.324114074074,8473.810790296297
A0_base_point,2025-12-15,2025-12-14,2025-12-14,2025-12-14,,91577.11722438272,2658.1032853333286,58038.24592730265,14920.790449410002,72959.03637671265,8473.810790296297,8544.48715174074
A0_base_point,2025-12-16,2025-12-15,2025-12-15,2025-12-15,,91888.02319613169,2198.572022411938,58420.52532177372,11716.848072988832,70137.37339476254,8544.48715174074,8402.72202325926
A0_base_point,2025-12-17,2025-12-16,2025-12-16,2025-12-16,,92241.68266096708,1109.7007065833382,58469.77613796248,5697.18959327057,64166.96573123305,8402.72202325926,8530.464666037036
A0_base_point,2025-12-18,2025-12-17,2025-12-17,2025-12-17,,91674.6173448354,1817.6538026078229,58331.85267826576,8976.397220149123,67308.24989841488,8530.464666037036,8476.999235370371
A0_base_point,2025-12-19,2025-12-18,2025-12-18,2025-12-18,,44929.55675069959,1820.3166485944453,23299.761841614487,11438.095319915947,34737.85716153044,8476.999235370371,8388.873607407406
A0_base_point,2025-12-20,2025-12-19,2025-12-19,2025-12-19,,45360.89523796296,1680.049666541142,23443.72154641615,9667.94104958903,33111.662596005175,8388.873607407406,8432.340625648147
A0_base_point,2025-12-21,2025-12-20,2025-12-20,2025-12-20,,91596.1013561317,2318.1361018166617,58270.351133497534,13141.362633343213,71411.71376684074,8432.340625648147,8559.223391166666
A0_base_point,2025-12-22,2025-12-21,2025-12-21,2025-12-21,,92627.97061479425,1266.343508949998,58880.74857615806,7342.390222834447,66223.1387989925,8559.223391166666,8523.965926425924
A0_base_point,2025-12-23,2025-12-22,2025-12-22,2025-12-22,,93011.79268230454,0.0,59290.10886005969,0.0,59290.10886005969,8523.965926425924,8557.687169518522
A0_base_point,2025-12-24,2025-12-23,2025-12-23,2025-12-23,,92704.19348430041,793.3027389333256,58837.528570070135,5102.675799705944,63940.20436977608,8557.687169518522,8558.836004574074
A0_base_point,2025-12-25,2025-12-24,2025-12-24,2025-12-24,,92461.68123975309,428.3170149500013,58875.55412780364,2854.6652655453463,61730.219393348976,8558.836004574074,8522.406472018518
A0_base_point,2025-12-26,2025-12-25,2025-12-25,2025-12-25,,46031.01614909465,1163.8599530333386,23883.521951274706,7188.261199861789,31071.783151136493,8522.406472018518,8543.087042203704
A0_base_point,2025-12-27,2025-12-26,2025-12-26,2025-12-26,,46246.02723069959,1332.8299626499957,23897.748714694804,8813.588868851228,32711.337583546032,8543.087042203704,8635.2981195
A0_base_point,2025-12-28,2025-12-27,2025-12-27,2025-12-27,,92786.85861063785,415.8812765000027,59158.079239419734,2145.8843872828297,61303.963626702556,8635.2981195,8631.6081765
A0_base_point,2025-12-29,2025-12-28,2025-12-28,2025-12-28,,93440.76290808641,61.006999516669566,59517.52329860031,291.0334270452787,59808.55672564558,8631.6081765,8466.412867888888
A0_base_point,2025-12-30,2025-12-29,2025-12-29,2025-12-29,,93479.71418004113,148.80504333333292,59478.49345507042,753.2095883883313,60231.70304345875,8466.412867888888,8567.73068259259
A0_base_point,2025-12-31,2025-12-30,2025-12-30,2025-12-30,,92870.63967683128,1007.3906668333339,59017.739495576825,5800.2335968151665,64817.973092391985,8567.73068259259,8403.14516051852
A1_fixed_q80,2025-02-01,2025-01-31,2025-01-31,2025-01-31,0.8,49651.77086100549,0.0,25636.21824942787,0.0,25636.21824942787,6000.0,9758.412549712346
A1_fixed_q80,2025-02-02,2025-02-01,2025-02-01,2025-02-01,0.8,91442.67358361179,0.0,58109.497491243426,0.0,58109.497491243426,9758.412549712346,9532.11409554321
A1_fixed_q80,2025-02-03,2025-02-02,2025-02-02,2025-02-02,0.8,90584.11662564334,0.0,57380.841576476305,0.0,57380.841576476305,9532.11409554321,9410.58491116914
A1_fixed_q80,2025-02-04,2025-02-03,2025-02-03,2025-02-03,0.8,91108.8579553347,0.0,57668.7525928825,0.0,57668.7525928825,9410.58491116914,9481.523292517284
A1_fixed_q80,2025-02-05,2025-02-04,2025-02-04,2025-02-04,0.8,91206.95957368589,0.0,57814.89399897045,0.0,57814.89399897045,9481.523292517284,9483.27935227284
A1_fixed_q80,2025-02-06,2025-02-05,2025-02-05,2025-02-05,0.8,91278.90467506036,21.196847666666372,57922.870364082206,123.72250572816495,58046.592869810374,9483.27935227284,9425.868291534569
A1_fixed_q80,2025-02-07,2025-02-06,2025-02-06,2025-02-06,0.8,44472.66731217271,0.0,23097.010041582464,0.0,23097.010041582464,9425.868291534569,9283.387921450614
A1_fixed_q80,2025-02-08,2025-02-07,2025-02-07,2025-02-07,0.8,43046.3634112332,0.0,22325.527153712108,0.0,22325.527153712108,9283.387921450614,9447.312887635799
A1_fixed_q80,2025-02-09,2025-02-08,2025-02-08,2025-02-08,0.8,88604.17821347188,0.0,55978.17095105745,0.0,55978.17095105745,9447.312887635799,9169.034960012348
A1_fixed_q80,2025-02-10,2025-02-09,2025-02-09,2025-02-09,0.8,88777.41660386008,0.0,55927.805747866885,0.0,55927.805747866885,9169.034960012348,9121.483563141976
A1_fixed_q80,2025-02-11,2025-02-10,2025-02-10,2025-02-10,0.8,87206.38843701646,0.0,54706.97094986755,0.0,54706.97094986755,9121.483563141976,8963.63328017037
A1_fixed_q80,2025-02-12,2025-02-11,2025-02-11,2025-02-11,0.8,86411.00473134706,0.0,54137.92480114552,0.0,54137.92480114552,8963.63328017037,9108.795992660493
A1_fixed_q80,2025-02-13,2025-02-12,2025-02-12,2025-02-12,0.8,85371.477189107,0.0,53681.76212224949,0.0,53681.76212224949,9108.795992660493,8512.74709765679
A1_fixed_q80,2025-02-14,2025-02-13,2025-02-13,2025-02-13,0.8,38260.59009470645,0.0,19975.888348563007,0.0,19975.888348563007,8512.74709765679,8529.24252529383
A1_fixed_q80,2025-02-15,2025-02-14,2025-02-14,2025-02-14,0.8,38000.41494182579,0.0,19805.560607073094,0.0,19805.560607073094,8529.24252529383,8910.381880718525
A1_fixed_q80,2025-02-16,2025-02-15,2025-02-15,2025-02-15,0.8,82450.49195159052,8.447200000000066,51310.46293599239,38.4305364000003,51348.893472392396,8910.381880718525,8905.015625192595
A1_fixed_q80,2025-02-17,2025-02-16,2025-02-16,2025-02-16,0.8,82689.8294186749,0.0,51389.360388716486,0.0,51389.360388716486,8905.015625192595,8864.696815740743
A1_fixed_q80,2025-02-18,2025-02-17,2025-02-17,2025-02-17,0.8,81712.45047817696,1.9964666666664925,50604.76138254533,9.082925099999208,50613.844307645326,8864.696815740743,9026.554184499999
A1_fixed_q80,2025-02-19,2025-02-18,2025-02-18,2025-02-18,0.8,81611.55471751001,28.187916666666524,50568.08050391857,123.44898104166604,50691.529484960236,9026.554184499999,8631.875810090125
A1_fixed_q80,2025-02-20,2025-02-19,2025-02-19,2025-02-19,0.8,80462.1795297469,0.0,50027.800893625375,0.0,50027.800893625375,8631.875810090125,7989.504083651852
A1_fixed_q80,2025-02-21,2025-02-20,2025-02-20,2025-02-20,0.8,35790.81492445953,0.0,18665.56877562831,0.0,18665.56877562831,7989.504083651852,7684.265416618522
A1_fixed_q80,2025-02-22,2025-02-21,2025-02-21,2025-02-21,0.8,36944.10919489575,0.0,19067.646535097734,0.0,19067.646535097734,7684.265416618522,8899.443402746914
A1_fixed_q80,2025-02-23,2025-02-22,2025-02-22,2025-02-22,0.8,79099.71184682011,0.0,48853.21710535188,0.0,48853.21710535188,8899.443402746914,8741.617012558027
A1_fixed_q80,2025-02-24,2025-02-23,2025-02-23,2025-02-23,0.8,79177.91477409107,10.94224266666663,48759.04095533099,51.253464650666494,48810.294419981656,8741.617012558027,8913.892982414814
A1_fixed_q80,2025-02-25,2025-02-24,2025-02-24,2025-02-24,0.8,78264.94642926886,28.528566666666734,48153.38837820298,128.56495738333362,48281.95333558632,8913.892982414814,8791.69893821605
A1_fixed_q80,2025-02-26,2025-02-25,2025-02-25,2025-02-25,0.8,77489.89599690537,0.0,47578.516367941615,0.0,47578.516367941615,8791.69893821605,8995.829941466669
A1_fixed_q80,2025-02-27,2025-02-26,2025-02-26,2025-02-26,0.8,74751.02667851439,32.718067405557306,46215.13856999256,157.8692718811948,46373.007841873754,8995.829941466669,7199.580346462964
A1_fixed_q80,2025-02-28,2025-02-27,2025-02-27,2025-02-27,0.8,34438.24055380658,0.0,17865.941463642434,0.0,17865.941463642434,7199.580346462964,6966.689914777783
A1_fixed_q80,2025-03-01,2025-02-28,2025-02-28,2025-02-28,0.8,36583.818605829896,0.0,18793.69774860025,0.0,18793.69774860025,6966.689914777783,9007.423430055556
A1_fixed_q80,2025-03-02,2025-03-01,2025-03-01,2025-03-01,0.8,75217.88136993827,2525.0039012111138,46119.22638456094,17009.91271195237,63129.13909651331,9007.423430055556,8576.88834
A1_fixed_q80,2025-03-03,2025-03-02,2025-03-02,2025-03-02,0.8,77287.76517822777,884.2697613833392,47360.49133746387,5955.686303214931,53316.17764067881,8576.88834,8596.808268351853
A1_fixed_q80,2025-03-04,2025-03-03,2025-03-03,2025-03-03,0.8,78707.62959877572,0.0,48460.435188525094,0.0,48460.435188525094,8596.808268351853,8674.52932312963
A1_fixed_q80,2025-03-05,2025-03-04,2025-03-04,2025-03-04,0.8,79610.56182485596,0.0,49023.14272104886,0.0,49023.14272104886,8674.52932312963,8784.112932438271
A1_fixed_q80,2025-03-06,2025-03-05,2025-03-05,2025-03-05,0.8,76916.38990239368,0.0,47892.47212405714,0.0,47892.47212405714,8784.112932438271,6874.017800061728
A1_fixed_q80,2025-03-07,2025-03-06,2025-03-06,2025-03-06,0.8,33073.21535296982,0.0,17178.490389539293,0.0,17178.490389539293,6874.017800061728,6412.440742685184
A1_fixed_q80,2025-03-08,2025-03-07,2025-03-07,2025-03-07,0.8,35674.04072718794,0.0,18306.91573731166,0.0,18306.91573731166,6412.440742685184,8987.128022660498
A1_fixed_q80,2025-03-09,2025-03-08,2025-03-08,2025-03-08,0.8,74384.40340194944,0.0,45454.30442450596,0.0,45454.30442450596,8987.128022660498,8802.49194312963
A1_fixed_q80,2025-03-10,2025-03-09,2025-03-09,2025-03-09,0.8,73161.35969890947,0.0,44600.71244210246,0.0,44600.71244210246,8802.49194312963,8824.805985320987
A1_fixed_q80,2025-03-11,2025-03-10,2025-03-10,2025-03-10,0.8,73901.4023812277,0.0,44957.9821244685,0.0,44957.9821244685,8824.805985320987,8751.626758074077
A1_fixed_q80,2025-03-12,2025-03-11,2025-03-11,2025-03-11,0.8,73616.50708556926,0.0,44784.730558797986,0.0,44784.730558797986,8751.626758074077,8670.440036543212
A1_fixed_q80,2025-03-13,2025-03-12,2025-03-12,2025-03-12,0.8,68590.89643535666,426.34438373333177,42289.06725469291,2964.154887358722,45253.222142051636,8670.440036543212,5528.445914845679
A1_fixed_q80,2025-03-14,2025-03-13,2025-03-13,2025-03-13,0.8,31118.89007377915,0.0,16088.726712779353,0.0,16088.726712779353,5528.445914845679,5406.060379623458
A1_fixed_q80,2025-03-15,2025-03-14,2025-03-14,2025-03-14,0.8,34915.662076803834,0.0,17774.666072566542,0.0,17774.666072566542,5406.060379623458,8513.928309814812
A1_fixed_q80,2025-03-16,2025-03-15,2025-03-15,2025-03-15,0.8,71328.71904440329,1.6400000000001,43144.00670029317,7.461180000000455,43151.46788029317,8513.928309814812,9034.221039172839
A1_fixed_q80,2025-03-17,2025-03-16,2025-03-16,2025-03-16,0.8,70504.38124229768,0.0,42673.00430206797,0.0,42673.00430206797,9034.221039172839,8989.66947261111
A1_fixed_q80,2025-03-18,2025-03-17,2025-03-17,2025-03-17,0.8,69629.79962442386,0.0,41996.902473021844,0.0,41996.902473021844,8989.66947261111,8895.693873574073
A1_fixed_q80,2025-03-19,2025-03-18,2025-03-18,2025-03-18,0.8,68924.35871691359,0.0,41622.256927424314,0.0,41622.256927424314,8895.693873574073,9024.420859950616
A1_fixed_q80,2025-03-20,2025-03-19,2025-03-19,2025-03-19,0.8,63841.80837993142,178.46045363333235,39430.3622475902,1244.9401245461265,40675.30237213633,9024.420859950616,4904.975674506173
A1_fixed_q80,2025-03-21,2025-03-20,2025-03-20,2025-03-20,0.8,29702.6720064952,0.0,15336.162112718643,0.0,15336.162112718643,4904.975674506173,4564.433042407408
A1_fixed_q80,2025-03-22,2025-03-21,2025-03-21,2025-03-21,0.8,34619.24719915638,0.0,17464.980655090374,0.0,17464.980655090374,4564.433042407408,9154.49492889506
A1_fixed_q80,2025-03-23,2025-03-22,2025-03-22,2025-03-22,0.8,66228.04794908779,0.0,40048.40779950374,0.0,40048.40779950374,9154.49492889506,8722.616727907407
A1_fixed_q80,2025-03-24,2025-03-23,2025-03-23,2025-03-23,0.8,66027.20631277778,0.0,39786.52924489569,0.0,39786.52924489569,8722.616727907407,8791.43124861111
A1_fixed_q80,2025-03-25,2025-03-24,2025-03-24,2025-03-24,0.8,65413.7086851646,154.11391262222196,39312.95918634368,747.0475060165764,40060.00669236026,8791.43124861111,8615.48460577778
A1_fixed_q80,2025-03-26,2025-03-25,2025-03-25,2025-03-25,0.8,65464.99363995883,0.0,39305.28730453176,0.0,39305.28730453176,8615.48460577778,8759.258272074077
A1_fixed_q80,2025-03-27,2025-03-26,2025-03-26,2025-03-26,0.8,60160.89570685185,0.0,37115.96497276248,0.0,37115.96497276248,8759.258272074077,4286.049354333334
A1_fixed_q80,2025-03-28,2025-03-27,2025-03-27,2025-03-27,0.8,28780.156266851853,0.0,14700.79112355875,0.0,14700.79112355875,4286.049354333334,4416.137628000003
A1_fixed_q80,2025-03-29,2025-03-28,2025-03-28,2025-03-28,0.8,33834.940405576126,0.0,16876.804000957418,0.0,16876.804000957418,4416.137628000003,8865.207548555562
A1_fixed_q80,2025-03-30,2025-03-29,2025-03-29,2025-03-29,0.8,62560.10502687242,0.0,37641.81612427949,0.0,37641.81612427949,8865.207548555562,8940.109716074074
A1_fixed_q80,2025-03-31,2025-03-30,2025-03-30,2025-03-30,0.8,61299.06623860082,363.61472353353406,36864.680538886234,2536.5763113699336,39401.25685025616,8940.109716074074,8761.03756551852
A1_fixed_q80,2025-04-01,2025-03-31,2025-03-31,2025-03-31,0.8,62085.8649305144,1834.4013742166633,37224.36515377235,12513.044213609977,49737.40936738232,8761.03756551852,8649.84290837037
A1_fixed_q80,2025-04-02,2025-04-01,2025-04-01,2025-04-01,0.8,62557.650099094644,2132.2922237500065,37401.88543386253,11209.787689518338,48611.67312338087,8649.84290837037,8662.773460166667
A1_fixed_q80,2025-04-03,2025-04-02,2025-04-02,2025-04-02,0.8,58122.75040606996,372.05855000000133,35633.713969812154,1873.3606652250064,37507.07463503716,8662.773460166667,3936.435808074074
A1_fixed_q80,2025-04-04,2025-04-03,2025-04-03,2025-04-03,0.8,27996.301050596707,0.0,14265.066159248074,0.0,14265.066159248074,3936.435808074074,4175.411862907408
A1_fixed_q80,2025-04-05,2025-04-04,2025-04-04,2025-04-04,0.8,33576.93724265432,0.0,16653.072362256546,0.0,16653.072362256546,4175.411862907408,8898.16600846296
A1_fixed_q80,2025-04-06,2025-04-05,2025-04-05,2025-04-05,0.8,63512.66546674897,0.0,37789.5090486248,0.0,37789.5090486248,8898.16600846296,8761.468029296295
A1_fixed_q80,2025-04-07,2025-04-06,2025-04-06,2025-04-06,0.8,62155.53550242799,0.0,36990.6366088589,0.0,36990.6366088589,8761.468029296295,8956.107877092594
A1_fixed_q80,2025-04-08,2025-04-07,2025-04-07,2025-04-07,0.8,61201.68905353909,153.32092014999495,36612.149497589155,831.9422949163682,37444.09179250552,8956.107877092594,8573.786129
A1_fixed_q80,2025-04-09,2025-04-08,2025-04-08,2025-04-08,0.8,61388.17582876543,1940.5074338833374,36669.62743660468,13227.161070396694,49896.78850700137,8573.786129,8655.863716499998
A1_fixed_q80,2025-04-10,2025-04-09,2025-04-09,2025-04-09,0.8,57348.178067736626,0.0,35159.278765843184,0.0,35159.278765843184,8655.863716499998,3734.9345491111076
A1_fixed_q80,2025-04-11,2025-04-10,2025-04-10,2025-04-10,0.8,27701.78221253087,0.0,13972.83139214174,0.0,13972.83139214174,3734.9345491111076,3886.272914240743
A1_fixed_q80,2025-04-12,2025-04-11,2025-04-11,2025-04-11,0.8,33516.863923724275,0.0,16487.471345943326,0.0,16487.471345943326,3886.272914240743,9105.513274981486
A1_fixed_q80,2025-04-13,2025-04-12,2025-04-12,2025-04-12,0.8,61307.60363884773,0.0,36525.65946167154,0.0,36525.65946167154,9105.513274981486,8910.755611462966
A1_fixed_q80,2025-04-14,2025-04-13,2025-04-13,2025-04-13,0.8,61022.753684938274,0.23120833333234714,36205.351277151356,1.6129093333264537,36206.964186484685,8910.755611462966,8681.390226166666
A1_fixed_q80,2025-04-15,2025-04-14,2025-04-14,2025-04-14,0.8,60577.1118749177,0.0,36101.22258015694,0.0,36101.22258015694,8681.390226166666,8951.273288166667
A1_fixed_q80,2025-04-16,2025-04-15,2025-04-15,2025-04-15,0.8,59420.85090234568,166.38703635576144,35465.91613834701,1160.7159656177919,36626.6321039648,8951.273288166667,8565.48528874074
A1_fixed_q80,2025-04-17,2025-04-16,2025-04-16,2025-04-16,0.8,55012.552229259265,0.0,33701.67200333,0.0,33701.67200333,8565.48528874074,3765.343276759261
A1_fixed_q80,2025-04-18,2025-04-17,2025-04-17,2025-04-17,0.8,26747.35208199588,0.0,13413.474348073483,0.0,13413.474348073483,3765.343276759261,3874.8793439629653
A1_fixed_q80,2025-04-19,2025-04-18,2025-04-18,2025-04-18,0.8,32584.851787099997,0.0,15842.088492847024,0.0,15842.088492847024,3874.8793439629653,9125.220825055554
A1_fixed_q80,2025-04-20,2025-04-19,2025-04-19,2025-04-19,0.8,59435.31846561729,0.0,35381.965027145874,0.0,35381.965027145874,9125.220825055554,9139.275241759262
A1_fixed_q80,2025-04-21,2025-04-20,2025-04-20,2025-04-20,0.8,59799.41133438272,0.0,35463.53316649824,0.0,35463.53316649824,9139.275241759262,8758.250160611113
A1_fixed_q80,2025-04-22,2025-04-21,2025-04-21,2025-04-21,0.8,58704.23143135803,0.0,35055.44374922147,0.0,35055.44374922147,8758.250160611113,8958.52428751852
A1_fixed_q80,2025-04-23,2025-04-22,2025-04-22,2025-04-22,0.8,58678.55601384239,0.0,34902.58531443804,0.0,34902.58531443804,8958.52428751852,9078.856198759258
A1_fixed_q80,2025-04-24,2025-04-23,2025-04-23,2025-04-23,0.8,51702.79755878601,0.0,31901.297444850603,0.0,31901.297444850603,9078.856198759258,3257.180017351853
A1_fixed_q80,2025-04-25,2025-04-24,2025-04-24,2025-04-24,0.8,25834.790604218106,0.0,12757.324806898821,0.0,12757.324806898821,3257.180017351853,3123.1812498518534
A1_fixed_q80,2025-04-26,2025-04-25,2025-04-25,2025-04-25,0.8,32407.73692041152,0.0,15468.673582241465,0.0,15468.673582241465,3123.1812498518534,8724.122505518519
A1_fixed_q80,2025-04-27,2025-04-26,2025-04-26,2025-04-26,0.8,55720.41889648148,640.1768525166666,32974.43514056236,4465.873723156266,37440.30886371863,8724.122505518519,8667.96213988889
A1_fixed_q80,2025-04-28,2025-04-27,2025-04-27,2025-04-27,0.8,55673.40705779835,4655.0652005166685,33137.87548701543,31458.511452084924,64596.38693910035,8667.96213988889,8681.002491222223
A1_fixed_q80,2025-04-29,2025-04-28,2025-04-28,2025-04-28,0.8,56671.43718080246,337.1538023166668,33747.570760187446,2351.984924961068,36099.555685148516,8681.002491222223,8924.3009595
A1_fixed_q80,2025-04-30,2025-04-29,2025-04-29,2025-04-29,0.8,56849.662425987655,0.0,33920.46183293114,0.0,33920.46183293114,8924.3009595,8755.74096877778
A1_fixed_q80,2025-05-01,2025-04-30,2025-04-30,2025-04-30,0.8,50025.17639679012,1650.9540600000028,31155.152544825563,10448.80389250752,41603.95643733308,8755.74096877778,1741.4884695925919
A1_fixed_q80,2025-05-02,2025-05-01,2025-05-01,2025-05-01,0.8,27237.898795987658,1930.222978333334,13394.761235597547,11627.941160748342,25022.70239634589,1741.4884695925919,2023.2282604999987
A1_fixed_q80,2025-05-03,2025-05-02,2025-05-02,2025-05-02,0.8,33917.198819300414,1463.9399949999954,16227.940704527526,8322.318869285802,24550.259573813328,2023.2282604999987,8379.859683592591
A1_fixed_q80,2025-05-04,2025-05-03,2025-05-03,2025-05-03,0.8,58679.4201751675,1396.1784799999991,34716.74379422595,8747.84753197416,43464.591326200105,8379.859683592591,8209.303464407407
A1_fixed_q80,2025-05-05,2025-05-04,2025-05-04,2025-05-04,0.8,59755.0283795679,1511.3990008333317,35234.83291739326,9919.874253098737,45154.707170492,8209.303464407407,8247.803668925926
A1_fixed_q80,2025-05-06,2025-05-05,2025-05-05,2025-05-05,0.8,60308.799789711935,1208.2446833333258,35642.76183732417,7690.075037046617,43332.83687437078,8247.803668925926,8056.609096407406
A1_fixed_q80,2025-05-07,2025-05-06,2025-05-06,2025-05-06,0.8,61339.919046399176,1769.5177342166628,36069.84937582204,11645.352073059283,47715.20144888133,8056.609096407406,8229.161317611113
A1_fixed_q80,2025-05-08,2025-05-07,2025-05-07,2025-05-07,0.8,54395.418643353914,518.9706047500009,33797.43768254183,3001.319631128632,36798.75731367046,8229.161317611113,2568.7474741481474
A1_fixed_q80,2025-05-09,2025-05-08,2025-05-08,2025-05-08,0.8,27945.22398314815,484.6279705833332,14213.418006387481,2753.680990681749,16967.09899706923,2568.7474741481474,2941.346439962964
A1_fixed_q80,2025-05-10,2025-05-09,2025-05-09,2025-05-09,0.8,34469.86448899177,316.5289783333333,17056.99283933531,1688.8975352450002,18745.89037458031,2941.346439962964,8425.124880666666
A1_fixed_q80,2025-05-11,2025-05-10,2025-05-10,2025-05-10,0.8,62564.95656111112,543.7315544833282,37245.11203457978,3783.155684067364,41028.26771864715,8425.124880666666,8441.897700314814
A1_fixed_q80,2025-05-12,2025-05-11,2025-05-11,2025-05-11,0.8,63726.55160654322,460.46980123332975,37836.746977455725,3104.535467398708,40941.282444854434,8441.897700314814,8676.020788629628
A1_fixed_q80,2025-05-13,2025-05-12,2025-05-12,2025-05-12,0.8,62843.15945199589,219.18130040000148,37391.416191191405,1369.2544417364086,38760.67063292782,8676.020788629628,8715.2044575
A1_fixed_q80,2025-05-14,2025-05-13,2025-05-13,2025-05-13,0.8,62638.6519854321,200.5722824999998,37337.31603561272,1390.8640496416654,38728.18008525438,8715.2044575,8502.849674148147
A1_fixed_q80,2025-05-15,2025-05-14,2025-05-14,2025-05-14,0.8,55737.33973475309,0.0,34888.913922194115,0.0,34888.913922194115,8502.849674148147,3063.9754237777793
A1_fixed_q80,2025-05-16,2025-05-15,2025-05-15,2025-05-15,0.8,27326.657188682304,0.0,14444.42840376666,0.0,14444.42840376666,3063.9754237777793,2604.053090814816
A1_fixed_q80,2025-05-17,2025-05-16,2025-05-16,2025-05-16,0.8,35059.60812563785,0.0,17727.948204916174,0.0,17727.948204916174,2604.053090814816,8714.771065148154
A1_fixed_q80,2025-05-18,2025-05-17,2025-05-17,2025-05-17,0.8,61283.63625121398,5.2366666666667925,37117.7053466075,35.31869833333418,37153.02404494083,8714.771065148154,9084.256555018517
A1_fixed_q80,2025-05-19,2025-05-18,2025-05-18,2025-05-18,0.8,61147.32904874486,67.00333333333344,36884.16474430467,451.90398166666745,37336.06872597133,9084.256555018517,8784.00235687037
A1_fixed_q80,2025-05-20,2025-05-19,2025-05-19,2025-05-19,0.8,60420.263091143825,0.0,36531.0204044354,0.0,36531.0204044354,8784.00235687037,8739.783109944445
A1_fixed_q80,2025-05-21,2025-05-20,2025-05-20,2025-05-20,0.8,60967.41217746914,0.0,36815.48847543757,0.0,36815.48847543757,8739.783109944445,8690.107752537037
A1_fixed_q80,2025-05-22,2025-05-21,2025-05-21,2025-05-21,0.8,54289.894539506175,2.57000000000005,34371.01903992807,17.333365000000338,34388.35240492808,8690.107752537037,3285.0650283333316
A1_fixed_q80,2025-05-23,2025-05-22,2025-05-22,2025-05-22,0.8,27136.41462546708,0.0,14570.13583511472,0.0,14570.13583511472,3285.0650283333316,3314.481577351855
A1_fixed_q80,2025-05-24,2025-05-23,2025-05-23,2025-05-23,0.8,34797.692922049995,0.0,17931.69220097951,0.0,17931.69220097951,3314.481577351855,9621.737244277778
A1_fixed_q80,2025-05-25,2025-05-24,2025-05-24,2025-05-24,0.8,60583.187568621404,0.0,37042.28193633146,0.0,37042.28193633146,9621.737244277778,9310.665789370372
A1_fixed_q80,2025-05-26,2025-05-25,2025-05-25,2025-05-25,0.8,59428.28414209877,0.0,36415.592678584755,0.0,36415.592678584755,9310.665789370372,9382.373190333334
A1_fixed_q80,2025-05-27,2025-05-26,2025-05-26,2025-05-26,0.8,60379.74580294095,0.0,36878.633393191456,0.0,36878.633393191456,9382.373190333334,9191.087330333332
A1_fixed_q80,2025-05-28,2025-05-27,2025-05-27,2025-05-27,0.8,60234.625345509055,0.0,36691.668542326646,0.0,36691.668542326646,9191.087330333332,9469.967336870373
A1_fixed_q80,2025-05-29,2025-05-28,2025-05-28,2025-05-28,0.8,52403.59673330143,17.817433333333497,33345.45281624565,119.77769558333443,33465.23051182898,9469.967336870373,3234.358637333333
A1_fixed_q80,2025-05-30,2025-05-29,2025-05-29,2025-05-29,0.8,27530.000148704523,0.0,14819.552868060802,0.0,14819.552868060802,3234.358637333333,3491.816401981484
A1_fixed_q80,2025-05-31,2025-05-30,2025-05-30,2025-05-30,0.8,35010.631381549996,0.0,18142.78957443091,0.0,18142.78957443091,3491.816401981484,9708.646808666663
A1_fixed_q80,2025-06-01,2025-05-31,2025-05-31,2025-05-31,0.8,61709.84643047325,10270.745037734567,37683.71291489543,66547.98801829183,104231.70093318725,9708.646808666663,7780.912138777779
A1_fixed_q80,2025-06-02,2025-06-01,2025-06-01,2025-06-01,0.8,66514.1365385185,6739.052531860289,40020.926016553545,44088.76173176539,84109.68774831895,7780.912138777779,7713.998595796296
A1_fixed_q80,2025-06-03,2025-06-02,2025-06-02,2025-06-02,0.8,69134.4712938389,3668.0016865500024,41726.85878118007,22148.94174119619,63875.80052237626,7713.998595796296,7933.69700088889
A1_fixed_q80,2025-06-04,2025-06-03,2025-06-03,2025-06-03,0.8,70638.08313880843,3025.426254116656,42679.53968821149,20155.12312636069,62834.66281457218,7933.69700088889,7898.992887166666
A1_fixed_q80,2025-06-05,2025-06-04,2025-06-04,2025-06-04,0.8,65730.25040532922,2962.3861147833322,41117.981359742684,18554.65971304168,59672.64107278436,7898.992887166666,1558.3716263148146
A1_fixed_q80,2025-06-06,2025-06-05,2025-06-05,2025-06-05,0.8,32049.178607510286,4070.2464868333327,17388.4644747614,24567.695627064324,41956.16010182572,1558.3716263148146,1968.760716870372
A1_fixed_q80,2025-06-07,2025-06-06,2025-06-06,2025-06-06,0.8,39223.23791952675,1980.447711716664,20690.53358600113,11886.659806978594,32577.193392979723,1968.760716870372,8074.991666962962
A1_fixed_q80,2025-06-08,2025-06-07,2025-06-07,2025-06-07,0.8,81622.44779296295,109.7317933333336,50659.38035609705,740.4698672833351,51399.85022338038,8074.991666962962,8609.684738537035
A1_fixed_q80,2025-06-09,2025-06-08,2025-06-08,2025-06-08,0.8,79967.36104800412,671.9190714499994,49591.22130966751,4665.350698385196,54256.57200805271,8609.684738537035,8532.331396203705
A1_fixed_q80,2025-06-10,2025-06-09,2025-06-09,2025-06-09,0.8,80849.9539388683,9.240865000000213,50349.84492239537,62.426108719168106,50412.27103111454,8532.331396203705,8623.3309867037
A1_fixed_q80,2025-06-11,2025-06-10,2025-06-10,2025-06-10,0.8,81321.53599940329,1137.1682282999946,50468.85273885934,6816.102201170766,57284.954940030104,8623.3309867037,8645.399621703704
A1_fixed_q80,2025-06-12,2025-06-11,2025-06-11,2025-06-11,0.8,75345.58465975309,0.0,48277.49373073856,0.0,48277.49373073856,8645.399621703704,3531.814396
A1_fixed_q80,2025-06-13,2025-06-12,2025-06-12,2025-06-12,0.8,34889.811646995884,0.0,20169.813439896567,0.0,20169.813439896567,3531.814396,3549.359305166669
A1_fixed_q80,2025-06-14,2025-06-13,2025-06-13,2025-06-13,0.8,41788.05039127571,0.0,23277.922631123005,0.0,23277.922631123005,3549.359305166669,8999.700492314809
A1_fixed_q80,2025-06-15,2025-06-14,2025-06-14,2025-06-14,0.8,85516.61785419754,0.0,53970.960559531726,0.0,53970.960559531726,8999.700492314809,9899.236466444447
A1_fixed_q80,2025-06-16,2025-06-15,2025-06-15,2025-06-15,0.8,83932.9211731893,0.0,53134.21388253846,0.0,53134.21388253846,9899.236466444447,9648.91340725926
A1_fixed_q80,2025-06-17,2025-06-16,2025-06-16,2025-06-16,0.8,83490.44509438271,18.159333333333166,52651.8557917671,122.42114566666554,52774.27693743375,9648.91340725926,9478.392785870366
A1_fixed_q80,2025-06-18,2025-06-17,2025-06-17,2025-06-17,0.8,84778.47857763375,0.0,53392.65804222903,0.0,53392.65804222903,9478.392785870366,9768.033979574075
A1_fixed_q80,2025-06-19,2025-06-18,2025-06-18,2025-06-18,0.8,77434.47156067901,29.636833333333357,50237.033878590286,199.79671191666682,50436.83059050696,9768.033979574075,4158.324959703704
A1_fixed_q80,2025-06-20,2025-06-19,2025-06-19,2025-06-19,0.8,35706.19147399506,0.0,21170.921569970567,0.0,21170.921569970567,4158.324959703704,4593.786701277779
A1_fixed_q80,2025-06-21,2025-06-20,2025-06-20,2025-06-20,0.8,42190.04691885,0.0,23988.91394926847,0.0,23988.91394926847,4593.786701277779,10473.077748814816
A1_fixed_q80,2025-06-22,2025-06-21,2025-06-21,2025-06-21,0.8,81930.0343551646,0.0,52024.0138936797,0.0,52024.0138936797,10473.077748814816,10128.95821512963
A1_fixed_q80,2025-06-23,2025-06-22,2025-06-22,2025-06-22,0.8,80952.91741575288,0.0,51102.52535218371,0.0,51102.52535218371,10128.95821512963,10065.651404259259
A1_fixed_q80,2025-06-24,2025-06-23,2025-06-23,2025-06-23,0.8,79774.78063070824,1976.1228586333314,50292.00926038281,9475.417851638324,59767.427112021134,10065.651404259259,9537.552690407407
A1_fixed_q80,2025-06-25,2025-06-24,2025-06-24,2025-06-24,0.8,82506.07176144033,0.0,51996.09055004959,0.0,51996.09055004959,9537.552690407407,10145.047376037037
A1_fixed_q80,2025-06-26,2025-06-25,2025-06-25,2025-06-25,0.8,75896.52186930041,0.0,49606.02410306754,0.0,49606.02410306754,10145.047376037037,4346.1797418333335
A1_fixed_q80,2025-06-27,2025-06-26,2025-06-26,2025-06-26,0.8,35494.91713121832,0.0,21183.474649882424,0.0,21183.474649882424,4346.1797418333335,5237.821526722226
A1_fixed_q80,2025-06-28,2025-06-27,2025-06-27,2025-06-27,0.8,41800.245587616664,0.0,23793.31912082086,0.0,23793.31912082086,5237.821526722226,10630.3012562963
A1_fixed_q80,2025-06-29,2025-06-28,2025-06-28,2025-06-28,0.8,82462.85420512345,0.0,52458.18105551639,0.0,52458.18105551639,10630.3012562963,10340.57005187037
A1_fixed_q80,2025-06-30,2025-06-29,2025-06-29,2025-06-29,0.8,81457.21698152262,0.0,51690.4572025586,0.0,51690.4572025586,10340.57005187037,10045.35670714815
A1_fixed_q80,2025-07-01,2025-06-30,2025-06-30,2025-06-30,0.8,81482.22689639918,1244.5846716034926,51581.31682266295,6932.124009658466,58513.440832321416,10045.35670714815,8061.7476792222205
A1_fixed_q80,2025-07-02,2025-07-01,2025-07-01,2025-07-01,0.8,82880.30732123724,840.9038299333313,51853.20057605114,5360.025178115753,57213.22575416689,8061.7476792222205,7999.647356907408
A1_fixed_q80,2025-07-03,2025-07-02,2025-07-02,2025-07-02,0.8,75000.46579571173,3109.7661406166744,48176.60326196191,17933.837799458503,66110.44106142041,7999.647356907408,2133.0332125370364
A1_fixed_q80,2025-07-04,2025-07-03,2025-07-03,2025-07-03,0.8,37579.65574981482,3667.651285566668,21804.856206633238,16051.749522484637,37856.60572911787,2133.0332125370364,2077.3853454476452
A1_fixed_q80,2025-07-05,2025-07-04,2025-07-04,2025-07-04,0.8,44581.14763832977,3833.0972946500015,24613.684442391823,18981.424831875902,43595.10927426773,2077.3853454476452,8135.356376907408
A1_fixed_q80,2025-07-06,2025-07-05,2025-07-05,2025-07-05,0.8,76747.13881100822,7254.806804652476,47643.75481178726,45959.63880308233,93603.39361486961,8135.356376907408,8058.151703666667
A1_fixed_q80,2025-07-07,2025-07-06,2025-07-06,2025-07-06,0.8,77469.55953915638,1459.69570193334,48265.75484275812,8350.421800021375,56616.1766427795,8058.151703666667,8137.535865666667
A1_fixed_q80,2025-07-08,2025-07-07,2025-07-07,2025-07-07,0.8,84206.09174320986,476.120124783336,52925.27446374519,2574.6844356199645,55499.958899365156,8137.535865666667,8736.962928925926
A1_fixed_q80,2025-07-09,2025-07-08,2025-07-08,2025-07-08,0.8,82596.1329132716,76.66319833333307,52146.78056567795,516.9308155916649,52663.71138126961,8736.962928925926,9039.231651574075
A1_fixed_q80,2025-07-10,2025-07-09,2025-07-09,2025-07-09,0.8,76490.46802985597,49.65599999999995,49845.7923348598,334.57315241666635,50180.36548727646,9039.231651574075,3414.0506850185207
A1_fixed_q80,2025-07-11,2025-07-10,2025-07-10,2025-07-10,0.8,41623.137445864195,742.2973768166668,25152.98536149768,3036.930860576484,28189.916222074164,3414.0506850185207,3433.9453423333343
A1_fixed_q80,2025-07-12,2025-07-11,2025-07-11,2025-07-11,0.8,48361.1967640535,0.0,27805.247549586566,0.0,27805.247549586566,3433.9453423333343,8969.773946407406
A1_fixed_q80,2025-07-13,2025-07-12,2025-07-12,2025-07-12,0.8,83640.272500814,87.85322666666684,52761.57427502788,591.6471473433345,53353.221422371214,8969.773946407406,9122.919440259258
A1_fixed_q80,2025-07-14,2025-07-13,2025-07-13,2025-07-13,0.8,82526.5182653535,32.12833666666643,51942.62102641181,216.4290999324984,52159.050126344315,9122.919440259258,8916.169380666666
A1_fixed_q80,2025-07-15,2025-07-14,2025-07-14,2025-07-14,0.8,86940.86973998664,0.0,55182.52378692145,0.0,55182.52378692145,8916.169380666666,10212.397473722225
A1_fixed_q80,2025-07-16,2025-07-15,2025-07-15,2025-07-15,0.8,85105.06850672283,0.0,54121.11757062644,0.0,54121.11757062644,10212.397473722225,10028.619052074075
A1_fixed_q80,2025-07-17,2025-07-16,2025-07-16,2025-07-16,0.8,78278.87313835393,0.0,51197.42624184194,0.0,51197.42624184194,10028.619052074075,4940.076533074077
A1_fixed_q80,2025-07-18,2025-07-17,2025-07-17,2025-07-17,0.8,43604.02060883416,0.0,26687.475309542475,0.0,26687.475309542475,4940.076533074077,5082.351992407413
A1_fixed_q80,2025-07-19,2025-07-18,2025-07-18,2025-07-18,0.8,49921.46347016666,0.0,29361.917652156513,0.0,29361.917652156513,5082.351992407413,9768.775437648148
A1_fixed_q80,2025-07-20,2025-07-19,2025-07-19,2025-07-19,0.8,85924.22471510494,0.0,54631.51227713378,0.0,54631.51227713378,9768.775437648148,10041.948407351854
A1_fixed_q80,2025-07-21,2025-07-20,2025-07-20,2025-07-20,0.8,86133.43614888785,0.0,54879.139355740685,0.0,54879.139355740685,10041.948407351854,10203.09849390741
A1_fixed_q80,2025-07-22,2025-07-21,2025-07-21,2025-07-21,0.8,89209.05580042509,0.0,57191.86366479368,0.0,57191.86366479368,10203.09849390741,10555.929226018518
A1_fixed_q80,2025-07-23,2025-07-22,2025-07-22,2025-07-22,0.8,89002.71103770165,0.0,57067.99790045801,0.0,57067.99790045801,10555.929226018518,10384.07877746296
A1_fixed_q80,2025-07-24,2025-07-23,2025-07-23,2025-07-23,0.8,82693.69511262387,0.0,54318.05223630165,0.0,54318.05223630165,10384.07877746296,6258.296278092598
A1_fixed_q80,2025-07-25,2025-07-24,2025-07-24,2025-07-24,0.8,45173.824839449175,0.0,27961.300396491013,0.0,27961.300396491013,6258.296278092598,6087.179629851852
A1_fixed_q80,2025-07-26,2025-07-25,2025-07-25,2025-07-25,0.8,51522.29934813334,0.0,30813.0131902416,0.0,30813.0131902416,6087.179629851852,10476.050920481484
A1_fixed_q80,2025-07-27,2025-07-26,2025-07-26,2025-07-26,0.8,88254.72266195474,0.0,56647.855328161844,0.0,56647.855328161844,10476.050920481484,10686.87585251852
A1_fixed_q80,2025-07-28,2025-07-27,2025-07-27,2025-07-27,0.8,87972.15818001356,0.0,56504.06727855943,0.0,56504.06727855943,10686.87585251852,10622.204614666667
A1_fixed_q80,2025-07-29,2025-07-28,2025-07-28,2025-07-28,0.8,90357.46521728396,0.0,58138.73164608455,0.0,58138.73164608455,10622.204614666667,10676.98510461111
A1_fixed_q80,2025-07-30,2025-07-29,2025-07-29,2025-07-29,0.8,90739.57230194403,0.0,58385.7011004551,0.0,58385.7011004551,10676.98510461111,10800.0
A1_fixed_q80,2025-07-31,2025-07-30,2025-07-30,2025-07-30,0.8,84846.35736240742,0.0,55729.851508645836,0.0,55729.851508645836,10800.0,6455.00212127778
A1_fixed_q80,2025-08-01,2025-07-31,2025-07-31,2025-07-31,0.8,45317.51339401872,0.0,27891.836709030133,0.0,27891.836709030133,6455.00212127778,6381.758800722222
A1_fixed_q80,2025-08-02,2025-08-01,2025-08-01,2025-08-01,0.8,50648.54258101666,0.0,30185.38368609099,0.0,30185.38368609099,6381.758800722222,10713.31967877778
A1_fixed_q80,2025-08-03,2025-08-02,2025-08-02,2025-08-02,0.8,85404.90631203086,0.0,54592.65296720457,0.0,54592.65296720457,10713.31967877778,10015.192985166668
A1_fixed_q80,2025-08-04,2025-08-03,2025-08-03,2025-08-03,0.8,83696.46254074074,0.0,53281.63229534983,0.0,53281.63229534983,10015.192985166668,10620.907712000002
A1_fixed_q80,2025-08-05,2025-08-04,2025-08-04,2025-08-04,0.8,81127.59653304526,0.0,51912.122478230136,0.0,51912.122478230136,10620.907712000002,10533.750880425927
A1_fixed_q80,2025-08-06,2025-08-05,2025-08-05,2025-08-05,0.8,79323.4814625926,0.0,50867.238738865424,0.0,50867.238738865424,10533.750880425927,10464.618095333333
A1_fixed_q80,2025-08-07,2025-08-06,2025-08-06,2025-08-06,0.8,73056.1056738683,0.0,48268.21736455617,0.0,48268.21736455617,10464.618095333333,5514.964053203703
A1_fixed_q80,2025-08-08,2025-08-07,2025-08-07,2025-08-07,0.8,43366.43687857757,0.0,26416.8443983775,0.0,26416.8443983775,5514.964053203703,5684.498255425932
A1_fixed_q80,2025-08-09,2025-08-08,2025-08-08,2025-08-08,0.8,49221.28022011666,0.0,28949.39602047518,0.0,28949.39602047518,5684.498255425932,10520.140465481487
A1_fixed_q80,2025-08-10,2025-08-09,2025-08-09,2025-08-09,0.8,78195.56765300411,0.0,50327.50912227243,0.0,50327.50912227243,10520.140465481487,10303.698386444445
A1_fixed_q80,2025-08-11,2025-08-10,2025-08-10,2025-08-10,0.8,78711.77403427984,0.0,50469.393561800796,0.0,50469.393561800796,10303.698386444445,10121.01471474074
A1_fixed_q80,2025-08-12,2025-08-11,2025-08-11,2025-08-11,0.8,77574.0974164609,0.0,49682.11252251333,0.0,49682.11252251333,10121.01471474074,10135.622724722223
A1_fixed_q80,2025-08-13,2025-08-12,2025-08-12,2025-08-12,0.8,78645.74824201646,0.0,50298.46201354854,0.0,50298.46201354854,10135.622724722223,10315.830448388891
A1_fixed_q80,2025-08-14,2025-08-13,2025-08-13,2025-08-13,0.8,72994.14553886832,0.0,47918.02122702022,0.0,47918.02122702022,10315.830448388891,5083.410298629632
A1_fixed_q80,2025-08-15,2025-08-14,2025-08-14,2025-08-14,0.8,43074.5663829,0.0,26200.06478740205,0.0,26200.06478740205,5083.410298629632,5106.201755000005
A1_fixed_q80,2025-08-16,2025-08-15,2025-08-15,2025-08-15,0.8,49052.20106216667,0.0,28707.5032955996,0.0,28707.5032955996,5106.201755000005,10258.611717185184
A1_fixed_q80,2025-08-17,2025-08-16,2025-08-16,2025-08-16,0.8,78512.0375724897,0.0,50322.257089796425,0.0,50322.257089796425,10258.611717185184,10174.830266166664
A1_fixed_q80,2025-08-18,2025-08-17,2025-08-17,2025-08-17,0.8,77948.02144115226,0.0,49809.22543163545,0.0,49809.22543163545,10174.830266166664,10022.246998185185
A1_fixed_q80,2025-08-19,2025-08-18,2025-08-18,2025-08-18,0.8,77590.4403925103,4.538833333333173,49716.806108905344,30.59854491666559,49747.40465382201,10022.246998185185,9925.733307388888
A1_fixed_q80,2025-08-20,2025-08-19,2025-08-19,2025-08-19,0.8,77183.42938355968,431.1529833333321,49514.582165649495,2160.5870021916603,51675.16916784116,9925.733307388888,9829.64594820371
A1_fixed_q80,2025-08-21,2025-08-20,2025-08-20,2025-08-20,0.8,73356.01401547325,0.0,48068.53752746123,0.0,48068.53752746123,9829.64594820371,5598.463315759262
A1_fixed_q80,2025-08-22,2025-08-21,2025-08-21,2025-08-21,0.8,43277.88772198951,0.0,26174.55899037961,0.0,26174.55899037961,5598.463315759262,5412.222427962961
A1_fixed_q80,2025-08-23,2025-08-22,2025-08-22,2025-08-22,0.8,48775.86069983334,0.0,28574.473046998803,0.0,28574.473046998803,5412.222427962961,10068.451236851852
A1_fixed_q80,2025-08-24,2025-08-23,2025-08-23,2025-08-23,0.8,80759.71382253086,0.0,51541.05448700819,0.0,51541.05448700819,10068.451236851852,10357.456096703703
A1_fixed_q80,2025-08-25,2025-08-24,2025-08-24,2025-08-24,0.8,80585.76435981481,0.0,51468.40010704017,0.0,51468.40010704017,10357.456096703703,10232.826571666666
A1_fixed_q80,2025-08-26,2025-08-25,2025-08-25,2025-08-25,0.8,80411.30889487654,0.0,51487.88263455901,0.0,51487.88263455901,10232.826571666666,10378.391467611113
A1_fixed_q80,2025-08-27,2025-08-26,2025-08-26,2025-08-26,0.8,79851.910200679,0.0,51304.83201354564,0.0,51304.83201354564,10378.391467611113,9983.180976018522
A1_fixed_q80,2025-08-28,2025-08-27,2025-08-27,2025-08-27,0.8,75246.60294158435,0.0,49360.06052614882,0.0,49360.06052614882,9983.180976018522,5564.945625166669
A1_fixed_q80,2025-08-29,2025-08-28,2025-08-28,2025-08-28,0.8,43770.95478568333,0.0,26600.248146266003,0.0,26600.248146266003,5564.945625166669,5550.907226518519
A1_fixed_q80,2025-08-30,2025-08-29,2025-08-29,2025-08-29,0.8,48500.35636113334,0.0,28444.910620708495,0.0,28444.910620708495,5550.907226518519,9672.687387185188
A1_fixed_q80,2025-08-31,2025-08-30,2025-08-30,2025-08-30,0.8,79921.63485576131,0.0,51057.81186354126,0.0,51057.81186354126,9672.687387185188,9961.502894314815
A1_fixed_q80,2025-09-01,2025-08-31,2025-08-31,2025-08-31,0.8,79442.92995925926,0.0,50672.668632233996,0.0,50672.668632233996,9961.502894314815,10800.0
A1_fixed_q80,2025-09-02,2025-09-01,2025-09-01,2025-09-01,0.8,77405.39325942387,0.0,49516.66304609507,0.0,49516.66304609507,10800.0,10800.0
A1_fixed_q80,2025-09-03,2025-09-02,2025-09-02,2025-09-02,0.8,75957.79134281893,0.0,48744.923827440434,0.0,48744.923827440434,10800.0,10800.0
A1_fixed_q80,2025-09-04,2025-09-03,2025-09-03,2025-09-03,0.8,70560.76562279835,0.0,46544.86159138294,0.0,46544.86159138294,10800.0,8370.303969648146
A1_fixed_q80,2025-09-05,2025-09-04,2025-09-04,2025-09-04,0.8,38975.225093242596,0.0,23959.447980066463,0.0,23959.447980066463,8370.303969648146,8362.31584562963
A1_fixed_q80,2025-09-06,2025-09-05,2025-09-05,2025-09-05,0.8,44220.39539726667,0.0,26186.72481153068,0.0,26186.72481153068,8362.31584562963,10800.0
A1_fixed_q80,2025-09-07,2025-09-06,2025-09-06,2025-09-06,0.8,74552.712053107,0.0,48031.96062243072,0.0,48031.96062243072,10800.0,10800.0
A1_fixed_q80,2025-09-08,2025-09-07,2025-09-07,2025-09-07,0.8,69653.01636411522,0.0,44323.34118026444,0.0,44323.34118026444,10800.0,10800.0
A1_fixed_q80,2025-09-09,2025-09-08,2025-09-08,2025-09-08,0.8,70293.58492446502,0.0,44710.40978013091,0.0,44710.40978013091,10800.0,10800.0
A1_fixed_q80,2025-09-10,2025-09-09,2025-09-09,2025-09-09,0.8,69598.43074631687,296.376016666666,44351.23467166268,1462.1306876416631,45813.36535930434,10800.0,10671.976671666667
A1_fixed_q80,2025-09-11,2025-09-10,2025-09-10,2025-09-10,0.8,66507.88854798354,0.0,43360.640238669424,0.0,43360.640238669424,10671.976671666667,6986.410290037041
A1_fixed_q80,2025-09-12,2025-09-11,2025-09-11,2025-09-11,0.8,35607.82340843169,0.0,21111.62806749055,0.0,21111.62806749055,6986.410290037041,7152.873521814819
A1_fixed_q80,2025-09-13,2025-09-12,2025-09-12,2025-09-12,0.8,41026.81851036666,0.0,23451.571877912746,0.0,23451.571877912746,7152.873521814819,10800.0
A1_fixed_q80,2025-09-14,2025-09-13,2025-09-13,2025-09-13,0.8,69492.03435644033,0.0,44442.55615983928,0.0,44442.55615983928,10800.0,10547.096629925925
A1_fixed_q80,2025-09-15,2025-09-14,2025-09-14,2025-09-14,0.8,67598.29926306586,1.1717666666667128,42596.86964304392,7.89360615000031,42604.76324919392,10547.096629925925,9787.870872037038
A1_fixed_q80,2025-09-16,2025-09-15,2025-09-15,2025-09-15,0.8,66953.09990831275,0.0,42285.850513307785,0.0,42285.850513307785,9787.870872037038,9497.869740611111
A1_fixed_q80,2025-09-17,2025-09-16,2025-09-16,2025-09-16,0.8,68184.91730382717,3.0407500000001164,42826.742365267666,13.83389212500053,42840.57625739267,9497.869740611111,9681.588036611112
A1_fixed_q80,2025-09-18,2025-09-17,2025-09-17,2025-09-17,0.8,63696.322813107,0.0,41066.82569652596,0.0,41066.82569652596,9681.588036611112,5364.706293925926
A1_fixed_q80,2025-09-19,2025-09-18,2025-09-18,2025-09-18,0.8,34401.30152373827,0.0,19599.003916784437,0.0,19599.003916784437,5364.706293925926,6226.714787796294
A1_fixed_q80,2025-09-20,2025-09-19,2025-09-19,2025-09-19,0.8,38544.13787598333,0.0,21354.010042430767,0.0,21354.010042430767,6226.714787796294,10131.893746444448
A1_fixed_q80,2025-09-21,2025-09-20,2025-09-20,2025-09-20,0.8,70242.43819057613,0.0,44253.972631858094,0.0,44253.972631858094,10131.893746444448,9522.384951962964
A1_fixed_q80,2025-09-22,2025-09-21,2025-09-21,2025-09-21,0.8,68232.78548096708,19.555900000000065,42530.11310543492,131.78740035000044,42661.90050578492,9522.384951962964,8839.972121666666
A1_fixed_q80,2025-09-23,2025-09-22,2025-09-22,2025-09-22,0.8,69318.88238067902,66.97170953333054,43133.81323668587,322.442444647754,43456.25568133363,8839.972121666666,8769.567616499999
A1_fixed_q80,2025-09-24,2025-09-23,2025-09-23,2025-09-23,0.8,69569.51417467078,0.0,43209.58988247538,0.0,43209.58988247538,8769.567616499999,9121.509727222225
A1_fixed_q80,2025-09-25,2025-09-24,2025-09-24,2025-09-24,0.8,64476.53566032923,15.37166666666667,41198.64700573006,103.4974316666667,41302.14443739673,9121.509727222225,4950.364885203707
A1_fixed_q80,2025-09-26,2025-09-25,2025-09-25,2025-09-25,0.8,33809.76484014403,0.0,18819.232154381363,0.0,18819.232154381363,4950.364885203707,5496.351906648153
A1_fixed_q80,2025-09-27,2025-09-26,2025-09-26,2025-09-26,0.8,37783.81317401666,0.0,20577.298261047996,0.0,20577.298261047996,5496.351906648153,8737.400393592596
A1_fixed_q80,2025-09-28,2025-09-27,2025-09-27,2025-09-27,0.8,71159.50247211933,5.868333333333453,44376.133170148634,39.561369166667475,44415.6945393153,8737.400393592596,8904.171146407409
A1_fixed_q80,2025-09-29,2025-09-28,2025-09-28,2025-09-28,0.8,70354.65329683127,144.96138333333238,43717.24507582228,947.6115378149931,44664.85661363727,8904.171146407409,8599.558341277778
A1_fixed_q80,2025-09-30,2025-09-29,2025-09-29,2025-09-29,0.8,71365.80773893005,31.411150000000134,44460.370802451755,212.2294349750009,44672.600237426755,8599.558341277778,8767.767208666668
A1_fixed_q80,2025-10-01,2025-09-30,2025-09-30,2025-09-30,0.8,71993.30358030864,0.0,44738.73140400642,0.0,44738.73140400642,8767.767208666668,10273.229766851851
A1_fixed_q80,2025-10-02,2025-10-01,2025-10-01,2025-10-01,0.8,63500.3772953498,0.0,40746.94065518315,0.0,40746.94065518315,10273.229766851851,7132.495474203703
A1_fixed_q80,2025-10-03,2025-10-02,2025-10-02,2025-10-02,0.8,31108.315943977985,0.0,17238.432102290433,0.0,17238.432102290433,7132.495474203703,7184.53008177778
A1_fixed_q80,2025-10-04,2025-10-03,2025-10-03,2025-10-03,0.8,35496.14161806667,0.0,19268.80758360497,0.0,19268.80758360497,7184.53008177778,10470.215458092593
A1_fixed_q80,2025-10-05,2025-10-04,2025-10-04,2025-10-04,0.8,64243.58441864197,0.0,40511.52004880218,0.0,40511.52004880218,10470.215458092593,10200.923802962963
A1_fixed_q80,2025-10-06,2025-10-05,2025-10-05,2025-10-05,0.8,63305.25517053497,0.0,39952.24850884598,0.0,39952.24850884598,10200.923802962963,10000.075200648149
A1_fixed_q80,2025-10-07,2025-10-06,2025-10-06,2025-10-06,0.8,65131.96686586419,0.0,41020.276358759795,0.0,41020.276358759795,10000.075200648149,10195.442736592591
A1_fixed_q80,2025-10-08,2025-10-07,2025-10-07,2025-10-07,0.8,64294.39050403291,0.0,39881.275355950645,0.0,39881.275355950645,10195.442736592591,9464.279817685187
A1_fixed_q80,2025-10-09,2025-10-08,2025-10-08,2025-10-08,0.8,61511.82508853909,0.0,38845.981397862226,0.0,38845.981397862226,9464.279817685187,6047.137531444446
A1_fixed_q80,2025-10-10,2025-10-09,2025-10-09,2025-10-09,0.8,31214.223423654734,0.0,16575.01443543535,0.0,16575.01443543535,6047.137531444446,6210.823702240746
A1_fixed_q80,2025-10-11,2025-10-10,2025-10-10,2025-10-10,0.8,35581.33815131666,0.0,18650.391648134133,0.0,18650.391648134133,6210.823702240746,9454.802896018522
A1_fixed_q80,2025-10-12,2025-10-11,2025-10-11,2025-10-11,0.8,65472.346162222224,20.92993333333345,40662.48941370068,98.0358077333339,40760.525221434014,9454.802896018522,9253.741596222222
A1_fixed_q80,2025-10-13,2025-10-12,2025-10-12,2025-10-12,0.8,66163.95827030865,0.0,41074.95625226261,0.0,41074.95625226261,9253.741596222222,9270.666597222224
A1_fixed_q80,2025-10-14,2025-10-13,2025-10-13,2025-10-13,0.8,65945.72313246914,0.0,40965.48613580954,0.0,40965.48613580954,9270.666597222224,9211.641983203705
A1_fixed_q80,2025-10-15,2025-10-14,2025-10-14,2025-10-14,0.8,65706.13014092593,0.0,40381.120016894005,0.0,40381.120016894005,9211.641983203705,8658.997254425924
A1_fixed_q80,2025-10-16,2025-10-15,2025-10-15,2025-10-15,0.8,64286.55537726338,1313.9223307999998,40029.5592684686,9030.948979705598,49060.5082481742,8658.997254425924,5714.406924592592
A1_fixed_q80,2025-10-17,2025-10-16,2025-10-16,2025-10-16,0.8,31987.50493442386,0.0,16598.488910388423,0.0,16598.488910388423,5714.406924592592,5650.283100944441
A1_fixed_q80,2025-10-18,2025-10-17,2025-10-17,2025-10-17,0.8,35840.86960746914,0.0,18383.07199905215,0.0,18383.07199905215,5650.283100944441,8971.45700727778
A1_fixed_q80,2025-10-19,2025-10-18,2025-10-18,2025-10-18,0.8,69782.7953967078,747.7438830833346,42801.19709711142,5171.92528449775,47973.122381609166,8971.45700727778,8573.250983092592
A1_fixed_q80,2025-10-20,2025-10-19,2025-10-19,2025-10-19,0.8,71234.69592730454,389.93537289999546,43756.904332426704,1866.2760678899779,45623.18040031668,8573.250983092592,8558.376225592594
A1_fixed_q80,2025-10-21,2025-10-20,2025-10-20,2025-10-20,0.8,71471.30950882717,0.0,43889.48143504724,0.0,43889.48143504724,8558.376225592594,8715.495769166666
A1_fixed_q80,2025-10-22,2025-10-21,2025-10-21,2025-10-21,0.8,71075.06402061728,1163.3610282499994,43356.41056715931,6368.469706352846,49724.88027351217,8715.495769166666,8440.710564407409
A1_fixed_q80,2025-10-23,2025-10-22,2025-10-22,2025-10-22,0.8,69546.5612019753,173.1579347999991,43089.70602236004,1207.9497531647937,44297.655775524836,8440.710564407409,5894.6832345370385
A1_fixed_q80,2025-10-24,2025-10-23,2025-10-23,2025-10-23,0.8,32603.891585658435,671.8812740833353,16734.31794858902,3610.7970441905936,20345.114992779614,5894.6832345370385,6068.042623444447
A1_fixed_q80,2025-10-25,2025-10-24,2025-10-24,2025-10-24,0.8,35492.08706794238,479.8792257333315,18000.27849375721,2475.913571964523,20476.19206572173,6068.042623444447,8441.47743724074
A1_fixed_q80,2025-10-26,2025-10-25,2025-10-25,2025-10-25,0.8,73230.16818930043,122.49009481666951,44917.88509490651,821.795391607753,45739.68048651426,8441.47743724074,8564.573674722222
A1_fixed_q80,2025-10-27,2025-10-26,2025-10-26,2025-10-26,0.8,72855.92718207819,585.1001089333356,44755.80330326788,3949.282777281249,48705.086080549125,8564.573674722222,8450.156076907406
A1_fixed_q80,2025-10-28,2025-10-27,2025-10-27,2025-10-27,0.8,72606.73539450618,137.20675228333312,44515.32225590099,916.0336929860315,45431.35594888701,8450.156076907406,8502.677431259259
A1_fixed_q80,2025-10-29,2025-10-28,2025-10-28,2025-10-28,0.8,72545.84166240742,1589.1436657166635,44506.27750993906,10231.107036021202,54737.38454596027,8502.677431259259,8456.116085277778
A1_fixed_q80,2025-10-30,2025-10-29,2025-10-29,2025-10-29,0.8,71516.5767590535,303.1127863166695,44440.828065047615,1860.1012068810362,46300.92927192866,8456.116085277778,6270.651824240741
A1_fixed_q80,2025-10-31,2025-10-30,2025-10-30,2025-10-30,0.8,33871.879915720165,320.4651150499973,17599.07881639968,1669.1241593498016,19268.202975749482,6270.651824240741,6462.254793092593
A1_fixed_q80,2025-11-01,2025-10-31,2025-10-31,2025-10-31,0.8,36288.7831867284,0.0,18676.90187051554,0.0,18676.90187051554,6462.254793092593,8515.311438111114
A1_fixed_q80,2025-11-02,2025-11-01,2025-11-01,2025-11-01,0.8,76444.25321917653,363.98551806666416,47154.28272838539,2473.3285686447157,49627.611297030104,8515.311438111114,8572.461023074076
A1_fixed_q80,2025-11-03,2025-11-02,2025-11-02,2025-11-02,0.8,77082.2450800788,3.246935833336056,47691.473062495614,14.99456865834604,47706.46763115396,8572.461023074076,8519.479024666667
A1_fixed_q80,2025-11-04,2025-11-03,2025-11-03,2025-11-03,0.8,77018.18175476482,554.2446682333305,47472.930930973605,3624.932767961713,51097.863698935325,8519.479024666667,8584.508968851853
A1_fixed_q80,2025-11-05,2025-11-04,2025-11-04,2025-11-04,0.8,77374.55273985906,0.0,47907.57167125694,0.0,47907.57167125694,8584.508968851853,8609.477608462961
A1_fixed_q80,2025-11-06,2025-11-05,2025-11-05,2025-11-05,0.8,74874.11348085557,645.860266400001,46740.02328509028,3234.5972106464046,49974.6204957367,8609.477608462961,6663.027633074076
A1_fixed_q80,2025-11-07,2025-11-06,2025-11-06,2025-11-06,0.8,34881.38487574074,147.49183499999947,18303.526384831202,901.6175873549967,19205.143972186197,6663.027633074076,6875.506836388887
A1_fixed_q80,2025-11-08,2025-11-07,2025-11-07,2025-11-07,0.8,36720.10027257202,0.0,19014.22768228382,0.0,19014.22768228382,6875.506836388887,8660.607553666667
A1_fixed_q80,2025-11-09,2025-11-08,2025-11-08,2025-11-08,0.8,78278.9022591358,251.9285639500025,48712.776988761965,1585.9411762377172,50298.71816499969,8660.607553666667,8577.335033314814
A1_fixed_q80,2025-11-10,2025-11-09,2025-11-09,2025-11-09,0.8,79136.14741986131,476.81169569999537,49237.17514065586,3133.272812005301,52370.447952661154,8577.335033314814,8618.458659
A1_fixed_q80,2025-11-11,2025-11-10,2025-11-10,2025-11-10,0.8,79696.93918635,4.616380483335206,49702.65304564713,32.203870251746395,49734.856915898876,8618.458659,8476.67535587037
A1_fixed_q80,2025-11-12,2025-11-11,2025-11-11,2025-11-11,0.8,79957.25990772736,65.1791316666654,49888.90877074423,454.6896225066578,50343.59839325089,8476.67535587037,8642.38143212963
A1_fixed_q80,2025-11-13,2025-11-12,2025-11-12,2025-11-12,0.8,78694.9919179321,155.07561666666766,49481.35685756068,1081.8075018666736,50563.16435942735,8642.38143212963,7570.257528444445
A1_fixed_q80,2025-11-14,2025-11-13,2025-11-13,2025-11-13,0.8,36066.71274609054,0.0,19096.748388679385,0.0,19096.748388679385,7570.257528444445,7734.239507018523
A1_fixed_q80,2025-11-15,2025-11-14,2025-11-14,2025-11-14,0.8,37058.26947530864,0.0,19464.041183166766,0.0,19464.041183166766,7734.239507018523,8657.518416148148
A1_fixed_q80,2025-11-16,2025-11-15,2025-11-15,2025-11-15,0.8,81523.7754968107,0.0,51152.74982475082,0.0,51152.74982475082,8657.518416148148,8622.771349314815
A1_fixed_q80,2025-11-17,2025-11-16,2025-11-16,2025-11-16,0.8,82429.27047866255,0.0,51769.82246972551,0.0,51769.82246972551,8622.771349314815,8851.598478648151
A1_fixed_q80,2025-11-18,2025-11-17,2025-11-17,2025-11-17,0.8,82201.77327520576,0.0,51665.153656303984,0.0,51665.153656303984,8851.598478648151,8724.262225148148
A1_fixed_q80,2025-11-19,2025-11-18,2025-11-18,2025-11-18,0.8,82813.06254617285,48.196668333332944,52047.959386211034,221.12710482333154,52269.086491034366,8724.262225148148,8534.383296018517
A1_fixed_q80,2025-11-20,2025-11-19,2025-11-19,2025-11-19,0.8,82511.07849711934,0.0,52073.617412293286,0.0,52073.617412293286,8534.383296018517,8012.780568907411
A1_fixed_q80,2025-11-21,2025-11-20,2025-11-20,2025-11-20,0.8,36748.982286502054,0.0,19530.05512616395,0.0,19530.05512616395,8012.780568907411,8284.91390861111
A1_fixed_q80,2025-11-22,2025-11-21,2025-11-21,2025-11-21,0.8,37619.642317345686,0.0,19826.807956846787,0.0,19826.807956846787,8284.91390861111,8709.076872277778
A1_fixed_q80,2025-11-23,2025-11-22,2025-11-22,2025-11-22,0.8,84390.3903861317,0.0,53149.27049614015,0.0,53149.27049614015,8709.076872277778,8747.816636074078
A1_fixed_q80,2025-11-24,2025-11-23,2025-11-23,2025-11-23,0.8,84247.52246067901,70.84700999999643,53022.689162569746,393.65785213330867,53416.34701470305,8747.816636074078,8510.074489574074
A1_fixed_q80,2025-11-25,2025-11-24,2025-11-24,2025-11-24,0.8,84230.76717481483,0.0,52961.35856307985,0.0,52961.35856307985,8510.074489574074,8719.086850425929
A1_fixed_q80,2025-11-26,2025-11-25,2025-11-25,2025-11-25,0.8,84348.2982173251,32.99316666666675,53105.23734198684,154.53999266666708,53259.7773346535,8719.086850425929,8850.327547592597
A1_fixed_q80,2025-11-27,2025-11-26,2025-11-26,2025-11-26,0.8,83930.94755911521,0.0,53174.33216983623,0.0,53174.33216983623,8850.327547592597,8322.467787962963
A1_fixed_q80,2025-11-28,2025-11-27,2025-11-27,2025-11-27,0.8,37983.07831814815,0.0,20111.155579547227,0.0,20111.155579547227,8322.467787962963,8150.354679333336
A1_fixed_q80,2025-11-29,2025-11-28,2025-11-28,2025-11-28,0.8,39577.576847469136,0.0,20828.135352593483,0.0,20828.135352593483,8150.354679333336,8785.509538
A1_fixed_q80,2025-11-30,2025-11-29,2025-11-29,2025-11-29,0.8,86926.17385853908,6.062833333333515,55001.9546873182,28.398311333334185,55030.352998651535,8785.509538,8701.415692888893
A1_fixed_q80,2025-12-01,2025-11-30,2025-11-30,2025-11-30,0.8,87715.82221790121,4009.4427178000105,55467.796254535104,20062.94922589953,75530.74548043462,8701.415692888893,8488.33266911111
A1_fixed_q80,2025-12-02,2025-12-01,2025-12-01,2025-12-01,0.8,88349.53856987655,5051.650046016666,55934.85228501563,25947.043856499426,81881.89614151506,8488.33266911111,8522.976644685183
A1_fixed_q80,2025-12-03,2025-12-02,2025-12-02,2025-12-02,0.8,89557.30793952674,2455.264290283333,56912.08710017824,12561.10084698595,69473.1879471642,8522.976644685183,8470.523988611114
A1_fixed_q80,2025-12-04,2025-12-03,2025-12-03,2025-12-03,0.8,90357.87226983538,3361.0869646666697,57548.374474237,16627.13103435627,74175.50550859328,8470.523988611114,8562.903588
A1_fixed_q80,2025-12-05,2025-12-04,2025-12-04,2025-12-04,0.8,43671.35064126811,1818.7949004666582,22939.688641892593,10187.584983381012,33127.27362527361,8562.903588,8432.098493962963
A1_fixed_q80,2025-12-06,2025-12-05,2025-12-05,2025-12-05,0.8,44249.37084172839,3263.2043924166655,23167.42692188125,19641.140211402497,42808.567133283745,8432.098493962963,8539.34035661111
A1_fixed_q80,2025-12-07,2025-12-06,2025-12-06,2025-12-06,0.8,91577.79750314815,1513.7943351734555,58498.109762750624,7600.305022751662,66098.41478550229,8539.34035661111,8601.841109333332
A1_fixed_q80,2025-12-08,2025-12-07,2025-12-07,2025-12-07,0.8,94357.78250658436,0.0,60346.687926734085,0.0,60346.687926734085,8601.841109333332,8844.187847444447
A1_fixed_q80,2025-12-09,2025-12-08,2025-12-08,2025-12-08,0.8,94422.59263148147,131.5626922999968,60497.50912889514,780.1823495639447,61277.69147845908,8844.187847444447,8715.12814585185
A1_fixed_q80,2025-12-10,2025-12-09,2025-12-09,2025-12-09,0.8,94661.17513798353,0.0,60571.91870876466,0.0,60571.91870876466,8715.12814585185,8789.725375555556
A1_fixed_q80,2025-12-11,2025-12-10,2025-12-10,2025-12-10,0.8,95050.44185037038,0.0,60988.34818995699,0.0,60988.34818995699,8789.725375555556,8862.421049703706
A1_fixed_q80,2025-12-12,2025-12-11,2025-12-11,2025-12-11,0.8,47886.02834530864,0.0,25132.68679866138,0.0,25132.68679866138,8862.421049703706,8742.991332759262
A1_fixed_q80,2025-12-13,2025-12-12,2025-12-12,2025-12-12,0.8,49138.28551909464,21.676714233333154,25655.863736225278,102.78213122823249,25758.64586745351,8742.991332759262,8982.493202944439
A1_fixed_q80,2025-12-14,2025-12-13,2025-12-13,2025-12-13,0.8,95698.8122048354,0.0,61456.43241627687,0.0,61456.43241627687,8982.493202944439,8842.2442035
A1_fixed_q80,2025-12-15,2025-12-14,2025-12-14,2025-12-14,0.8,98068.21025162551,0.0,62935.92625975949,0.0,62935.92625975949,8842.2442035,9010.152718407406
A1_fixed_q80,2025-12-16,2025-12-15,2025-12-15,2025-12-15,0.8,98289.0100089712,0.0,63271.48200053943,0.0,63271.48200053943,9010.152718407406,8905.05470068519
A1_fixed_q80,2025-12-17,2025-12-16,2025-12-16,2025-12-16,0.8,98559.34660841564,0.0,63271.099700805564,0.0,63271.099700805564,8905.05470068519,8950.442834925929
A1_fixed_q80,2025-12-18,2025-12-17,2025-12-17,2025-12-17,0.8,98047.75777676953,0.0,63133.21599493212,0.0,63133.21599493212,8950.442834925929,8970.934433351853
A1_fixed_q80,2025-12-19,2025-12-18,2025-12-18,2025-12-18,0.8,51360.17844971193,0.0,27033.047503616657,0.0,27033.047503616657,8970.934433351853,8848.093265166664
A1_fixed_q80,2025-12-20,2025-12-19,2025-12-19,2025-12-19,0.8,51843.62482475309,0.0,27238.28316572576,0.0,27238.28316572576,8848.093265166664,9019.295507296298
A1_fixed_q80,2025-12-21,2025-12-20,2025-12-20,2025-12-20,0.8,97884.65940104937,0.0,63059.47439051568,0.0,63059.47439051568,9019.295507296298,8990.215845537039
A1_fixed_q80,2025-12-22,2025-12-21,2025-12-21,2025-12-21,0.8,99162.41333890945,0.0,63789.721435532134,0.0,63789.721435532134,8990.215845537039,8734.543323277776
A1_fixed_q80,2025-12-23,2025-12-22,2025-12-22,2025-12-22,0.8,99808.25282969135,0.0,64323.72121788254,0.0,64323.72121788254,8734.543323277776,9112.835919722222
A1_fixed_q80,2025-12-24,2025-12-23,2025-12-23,2025-12-23,0.8,99095.89507419753,0.0,63689.475785364106,0.0,63689.475785364106,9112.835919722222,8835.555803425925
A1_fixed_q80,2025-12-25,2025-12-24,2025-12-24,2025-12-24,0.8,99065.80461565845,0.0,63786.41711371331,0.0,63786.41711371331,8835.555803425925,8868.486438370372
A1_fixed_q80,2025-12-26,2025-12-25,2025-12-25,2025-12-25,0.8,52616.92790960905,0.0,27771.837860111933,0.0,27771.837860111933,8868.486438370372,9416.681042703705
A1_fixed_q80,2025-12-27,2025-12-26,2025-12-26,2025-12-26,0.8,52160.02478796296,0.0,27520.59092052986,0.0,27520.59092052986,9416.681042703705,9164.599014370371
A1_fixed_q80,2025-12-28,2025-12-27,2025-12-27,2025-12-27,0.8,99044.19590958848,0.0,63901.124392475525,0.0,63901.124392475525,9164.599014370371,9211.708760759255
A1_fixed_q80,2025-12-29,2025-12-28,2025-12-28,2025-12-28,0.8,99630.26647090536,0.0,64222.294790032196,0.0,64222.294790032196,9211.708760759255,8931.851964870368
A1_fixed_q80,2025-12-30,2025-12-29,2025-12-29,2025-12-29,0.8,99788.32171705761,0.0,64230.08560535732,0.0,64230.08560535732,8931.851964870368,9069.183968074076
A1_fixed_q80,2025-12-31,2025-12-30,2025-12-30,2025-12-30,0.8,99122.7189205144,0.0,63741.20803940015,0.0,63741.20803940015,9069.183968074076,8687.221346962964
A2_dynamic_risk,2025-02-01,2025-01-31,2025-01-04,2025-01-31,0.8,49651.77086100549,0.0,25636.21824942787,0.0,25636.21824942787,6000.0,9758.412549712346
A2_dynamic_risk,2025-02-02,2025-02-01,2025-01-05,2025-02-01,0.7,89727.4513243251,0.0,56855.00682400066,0.0,56855.00682400066,9758.412549712346,9303.149173364196
A2_dynamic_risk,2025-02-03,2025-02-02,2025-01-06,2025-02-02,0.7,89060.81289811112,0.0,56198.20912533566,0.0,56198.20912533566,9303.149173364196,9199.778057435806
A2_dynamic_risk,2025-02-04,2025-02-03,2025-01-07,2025-02-03,0.8,91343.08779281618,0.0,57768.21656620757,0.0,57768.21656620757,9199.778057435806,9481.523292517284
A2_dynamic_risk,2025-02-05,2025-02-04,2025-01-08,2025-02-04,0.8,91206.95957368589,0.0,57814.89399897045,0.0,57814.89399897045,9481.523292517284,9483.27935227284
A2_dynamic_risk,2025-02-06,2025-02-05,2025-01-09,2025-02-05,0.8,91278.90467506036,21.196847666666372,57922.870364082206,123.72250572816495,58046.592869810374,9483.27935227284,9425.868291534569
A2_dynamic_risk,2025-02-07,2025-02-06,2025-01-10,2025-02-06,0.8,44472.66731217271,0.0,23097.010041582464,0.0,23097.010041582464,9425.868291534569,9283.387921450614
A2_dynamic_risk,2025-02-08,2025-02-07,2025-01-11,2025-02-07,0.7,41183.62525460631,0.0,21308.394503071406,0.0,21308.394503071406,9283.387921450614,9200.045405181478
A2_dynamic_risk,2025-02-09,2025-02-08,2025-01-12,2025-02-08,0.7,87018.12579339849,0.0,54768.88699281879,0.0,54768.88699281879,9200.045405181478,8977.065902567896
A2_dynamic_risk,2025-02-10,2025-02-09,2025-01-13,2025-02-09,0.7,87177.10659171604,0.0,54720.34972812385,0.0,54720.34972812385,8977.065902567896,8930.174172469135
A2_dynamic_risk,2025-02-11,2025-02-10,2025-01-14,2025-02-10,0.7,85594.08978689986,0.0,53497.93626668014,0.0,53497.93626668014,8930.174172469135,8780.7209387963
A2_dynamic_risk,2025-02-12,2025-02-11,2025-01-15,2025-02-11,0.7,84764.43437956105,0.0,52907.451185490616,0.0,52907.451185490616,8780.7209387963,8861.568928913577
A2_dynamic_risk,2025-02-13,2025-02-12,2025-01-16,2025-02-12,0.7,83740.05753253773,0.0,52486.11750306832,0.0,52486.11750306832,8861.568928913577,8320.479153925924
A2_dynamic_risk,2025-02-14,2025-02-13,2025-01-17,2025-02-13,0.7,37161.399015360774,0.0,19303.681899850242,0.0,19303.681899850242,8320.479153925924,8030.881301592591
A2_dynamic_risk,2025-02-15,2025-02-14,2025-01-18,2025-02-14,0.7,37521.03781698835,0.0,19384.16750112888,0.0,19384.16750112888,8030.881301592591,8609.692105140126
A2_dynamic_risk,2025-02-16,2025-02-15,2025-01-19,2025-02-15,0.7,80952.79187925206,13.903166666666607,50136.9815836013,63.25245674999973,50200.23404035129,8609.692105140126,8688.87340322346
A2_dynamic_risk,2025-02-17,2025-02-16,2025-01-20,2025-02-16,0.7,81131.63069150728,6.798765277778671,50195.19439597093,47.428186577784004,50242.62258254872,8688.87340322346,8647.385688583332
A2_dynamic_risk,2025-02-18,2025-02-17,2025-01-21,2025-02-17,0.7,80161.96985919742,8.57666666666671,49412.77913435335,39.0195450000002,49451.79867935336,8647.385688583332,8817.047084071606
A2_dynamic_risk,2025-02-19,2025-02-18,2025-01-22,2025-02-18,0.7,80071.39825049933,75.02550527777532,49395.24700698097,346.9093992281776,49742.15640620915,8817.047084071606,8456.205895467901
A2_dynamic_risk,2025-02-20,2025-02-19,2025-01-23,2025-02-19,0.7,78666.18392209185,11.991848777777818,48754.51820734938,56.169819675111306,48810.68802702449,8456.205895467901,7557.778369198767
A2_dynamic_risk,2025-02-21,2025-02-20,2025-01-24,2025-02-20,0.7,35114.36974872222,0.0,18178.144974008177,0.0,18178.144974008177,7557.778369198767,7241.840995425312
A2_dynamic_risk,2025-02-22,2025-02-21,2025-01-25,2025-02-21,0.7,36488.7431702133,56.45778330555612,18668.197632378644,345.12642934686454,19013.324061725507,7241.840995425312,8570.719562728395
A2_dynamic_risk,2025-02-23,2025-02-22,2025-01-26,2025-02-22,0.8,79464.9605579518,0.0,49008.37475784063,0.0,49008.37475784063,8570.719562728395,8741.617012558027
A2_dynamic_risk,2025-02-24,2025-02-23,2025-01-27,2025-02-23,0.7,77349.14981441839,159.8037432555542,47489.17210815644,960.1434390091899,48449.31554716563,8741.617012558027,8648.987936091358
A2_dynamic_risk,2025-02-25,2025-02-24,2025-01-28,2025-02-24,0.8,78559.28536962825,28.528566666666734,48278.423560067655,128.56495738333362,48406.98851745098,8648.987936091358,8791.69893821605
A2_dynamic_risk,2025-02-26,2025-02-25,2025-01-29,2025-02-25,0.7,75616.45681381071,83.19311189111443,46294.26353435448,580.3551485524142,46874.61868290689,8791.69893821605,8652.995601200002
A2_dynamic_risk,2025-02-27,2025-02-26,2025-01-30,2025-02-26,0.8,75131.95372325514,32.718067405557306,46376.95637859843,157.8692718811948,46534.82565047962,8652.995601200002,7199.580346462964
A2_dynamic_risk,2025-02-28,2025-02-27,2025-01-31,2025-02-27,0.8,34438.24055380658,0.0,17865.941463642434,0.0,17865.941463642434,7199.580346462964,6966.689914777783
A2_dynamic_risk,2025-03-01,2025-02-28,2025-02-01,2025-02-28,0.8,36583.818605829896,0.0,18793.69774860025,0.0,18793.69774860025,6966.689914777783,9007.423430055556
A2_dynamic_risk,2025-03-02,2025-03-01,2025-02-02,2025-03-01,0.8,75217.88136993827,2525.0039012111138,46119.22638456094,17009.91271195237,63129.13909651331,9007.423430055556,8576.88834
A2_dynamic_risk,2025-03-03,2025-03-02,2025-02-03,2025-03-02,0.8,77287.76517822777,884.2697613833392,47360.49133746387,5955.686303214931,53316.17764067881,8576.88834,8596.808268351853
A2_dynamic_risk,2025-03-04,2025-03-03,2025-02-04,2025-03-03,0.8,78707.62959877572,0.0,48460.435188525094,0.0,48460.435188525094,8596.808268351853,8674.52932312963
A2_dynamic_risk,2025-03-05,2025-03-04,2025-02-05,2025-03-04,0.8,79610.56182485596,0.0,49023.14272104886,0.0,49023.14272104886,8674.52932312963,8784.112932438271
A2_dynamic_risk,2025-03-06,2025-03-05,2025-02-06,2025-03-05,0.8,76916.38990239368,0.0,47892.47212405714,0.0,47892.47212405714,8784.112932438271,6874.017800061728
A2_dynamic_risk,2025-03-07,2025-03-06,2025-02-07,2025-03-06,0.8,33073.21535296982,0.0,17178.490389539293,0.0,17178.490389539293,6874.017800061728,6412.440742685184
A2_dynamic_risk,2025-03-08,2025-03-07,2025-02-08,2025-03-07,0.8,35674.04072718794,0.0,18306.91573731166,0.0,18306.91573731166,6412.440742685184,8987.128022660498
A2_dynamic_risk,2025-03-09,2025-03-08,2025-02-09,2025-03-08,0.8,74384.40340194944,0.0,45454.30442450596,0.0,45454.30442450596,8987.128022660498,8802.49194312963
A2_dynamic_risk,2025-03-10,2025-03-09,2025-02-10,2025-03-09,0.8,73161.35969890947,0.0,44600.71244210246,0.0,44600.71244210246,8802.49194312963,8824.805985320987
A2_dynamic_risk,2025-03-11,2025-03-10,2025-02-11,2025-03-10,0.8,73901.4023812277,0.0,44957.9821244685,0.0,44957.9821244685,8824.805985320987,8751.626758074077
A2_dynamic_risk,2025-03-12,2025-03-11,2025-02-12,2025-03-11,0.8,73616.50708556926,0.0,44784.730558797986,0.0,44784.730558797986,8751.626758074077,8670.440036543212
A2_dynamic_risk,2025-03-13,2025-03-12,2025-02-13,2025-03-12,0.8,68590.89643535666,426.34438373333177,42289.06725469291,2964.154887358722,45253.222142051636,8670.440036543212,5528.445914845679
A2_dynamic_risk,2025-03-14,2025-03-13,2025-02-14,2025-03-13,0.9,32393.592499694787,0.0,16835.222046621526,0.0,16835.222046621526,5528.445914845679,5964.042069864196
A2_dynamic_risk,2025-03-15,2025-03-14,2025-02-15,2025-03-14,0.9,35382.88861073334,0.0,18198.815769963225,0.0,18198.815769963225,5964.042069864196,8856.481107589509
A2_dynamic_risk,2025-03-16,2025-03-15,2025-02-16,2025-03-15,0.9,73395.85876450274,1.6400000000001,44648.074016513485,7.461180000000455,44655.53519651349,8856.481107589509,9291.799213314818
A2_dynamic_risk,2025-03-17,2025-03-16,2025-02-17,2025-03-16,0.9,72642.98693561729,0.0,44199.534761617295,0.0,44199.534761617295,9291.799213314818,9224.677589608025
A2_dynamic_risk,2025-03-18,2025-03-17,2025-02-18,2025-03-17,0.9,71788.33364743141,0.0,43532.45311129473,0.0,43532.45311129473,9224.677589608025,9165.307962222221
A2_dynamic_risk,2025-03-19,2025-03-18,2025-02-19,2025-03-18,0.9,71036.11480286007,0.0,43111.529822575605,0.0,43111.529822575605,9165.307962222221,9262.696569138887
A2_dynamic_risk,2025-03-20,2025-03-19,2025-02-20,2025-03-19,0.9,66197.73418655693,0.0,41018.96131975066,0.0,41018.96131975066,9262.696569138887,5398.761614453704
A2_dynamic_risk,2025-03-21,2025-03-20,2025-02-21,2025-03-20,0.9,30343.901068947187,0.0,15832.654389092579,0.0,15832.654389092579,5398.761614453704,5081.168684311728
A2_dynamic_risk,2025-03-22,2025-03-21,2025-02-22,2025-03-21,0.9,35037.10846527092,0.0,17861.205794437257,0.0,17861.205794437257,5081.168684311728,9462.049011391971
A2_dynamic_risk,2025-03-23,2025-03-22,2025-02-23,2025-03-22,0.9,68284.60084878259,0.0,41483.507891207024,0.0,41483.507891207024,9462.049011391971,8960.44624328704
A2_dynamic_risk,2025-03-24,2025-03-23,2025-02-24,2025-03-23,0.9,68128.16946324073,0.0,41223.81165010265,0.0,41223.81165010265,8960.44624328704,9217.322127253086
A2_dynamic_risk,2025-03-25,2025-03-24,2025-02-25,2025-03-24,0.9,67339.94123354595,0.0,40658.060360767246,0.0,40658.060360767246,9217.322127253086,8867.12051052778
A2_dynamic_risk,2025-03-26,2025-03-25,2025-02-26,2025-03-25,0.9,67647.51949340534,0.0,40774.65098866554,0.0,40774.65098866554,8867.12051052778,9002.77860587963
A2_dynamic_risk,2025-03-27,2025-03-26,2025-02-27,2025-03-26,0.9,62518.7180824074,0.0,38638.471039309516,0.0,38638.471039309516,9002.77860587963,4841.774449314816
A2_dynamic_risk,2025-03-28,2025-03-27,2025-02-28,2025-03-27,0.9,29367.53812090535,0.0,15177.534372927552,0.0,15177.534372927552,4841.774449314816,4945.994722740741
A2_dynamic_risk,2025-03-29,2025-03-28,2025-03-01,2025-03-28,0.9,34266.75721703333,0.0,17276.794234805762,0.0,17276.794234805762,4945.994722740741,9271.717861416671
A2_dynamic_risk,2025-03-30,2025-03-29,2025-03-02,2025-03-29,0.9,64598.51080164607,0.0,39007.255204074136,0.0,39007.255204074136,9271.717861416671,9181.68437572222
A2_dynamic_risk,2025-03-31,2025-03-30,2025-03-03,2025-03-30,0.9,63494.46695547325,0.0,38267.42003069992,0.0,38267.42003069992,9181.68437572222,8954.082699962966
A2_dynamic_risk,2025-04-01,2025-03-31,2025-03-04,2025-03-31,0.9,64424.702608868305,0.0,38694.53589032416,0.0,38694.53589032416,8954.082699962966,8922.472758388889
A2_dynamic_risk,2025-04-02,2025-04-01,2025-03-05,2025-04-01,0.9,65004.3014016358,1527.972869166668,38870.40251166842,7604.210374029173,46474.61288569759,8922.472758388889,8993.886979092591
A2_dynamic_risk,2025-04-03,2025-04-02,2025-03-06,2025-04-02,0.9,60848.00491526749,0.0,37322.69723076048,0.0,37322.69723076048,8993.886979092591,4380.916481824077
A2_dynamic_risk,2025-04-04,2025-04-03,2025-03-07,2025-04-03,0.9,28705.502353528806,0.0,14774.815135250452,0.0,14774.815135250452,4380.916481824077,4676.918334055556
A2_dynamic_risk,2025-04-05,2025-04-04,2025-03-08,2025-04-04,0.9,34073.60577018333,0.0,17060.367375354548,0.0,17060.367375354548,4676.918334055556,9192.468954648146
A2_dynamic_risk,2025-04-06,2025-04-05,2025-03-09,2025-04-05,0.9,66094.2407575,0.0,39473.25356499597,0.0,39473.25356499597,9192.468954648146,8974.140529657408
A2_dynamic_risk,2025-04-07,2025-04-06,2025-03-10,2025-04-06,0.9,64823.76245368311,0.0,38683.85756470825,0.0,38683.85756470825,8974.140529657408,9185.613899120373
A2_dynamic_risk,2025-04-08,2025-04-07,2025-03-11,2025-04-07,0.9,63914.459998966566,0.0,38192.577408826175,0.0,38192.577408826175,9185.613899120373,8880.01100896296
A2_dynamic_risk,2025-04-09,2025-04-08,2025-03-12,2025-04-08,0.9,64004.66817968107,0.0,38192.411817222914,0.0,38192.411817222914,8880.01100896296,8846.972969101858
A2_dynamic_risk,2025-04-10,2025-04-09,2025-03-13,2025-04-09,0.9,60311.90648789845,0.0,36880.77704750109,0.0,36880.77704750109,8846.972969101858,4372.151615222221
A2_dynamic_risk,2025-04-11,2025-04-10,2025-03-14,2025-04-10,0.9,28191.700324324687,0.0,14398.867073227993,0.0,14398.867073227993,4372.151615222221,4402.613571231476
A2_dynamic_risk,2025-04-12,2025-04-11,2025-03-15,2025-04-11,0.9,33969.029284225006,0.0,16883.852618034813,0.0,16883.852618034813,4402.613571231476,9371.286362666666
A2_dynamic_risk,2025-04-13,2025-04-12,2025-03-16,2025-04-12,0.9,64052.663936080244,0.0,38144.066309238246,0.0,38144.066309238246,9371.286362666666,9172.210702722225
A2_dynamic_risk,2025-04-14,2025-04-13,2025-03-17,2025-04-13,0.9,63867.846721347734,0.0,37843.94606393281,0.0,37843.94606393281,9172.210702722225,8899.674623074074
A2_dynamic_risk,2025-04-15,2025-04-14,2025-03-18,2025-04-14,0.9,63425.87128869341,0.0,37720.64605498768,0.0,37720.64605498768,8899.674623074074,9161.07519721296
A2_dynamic_risk,2025-04-16,2025-04-15,2025-03-19,2025-04-15,0.9,62261.639879763374,0.0,37061.392556320956,0.0,37061.392556320956,9161.07519721296,9075.803566777779
A2_dynamic_risk,2025-04-17,2025-04-16,2025-03-20,2025-04-16,0.9,57709.79164217078,0.0,35260.08997784661,0.0,35260.08997784661,9075.803566777779,4175.203233259259
A2_dynamic_risk,2025-04-18,2025-04-17,2025-03-21,2025-04-17,0.9,27421.893503862964,0.0,13894.651021032281,0.0,13894.651021032281,4175.203233259259,4347.942358712964
A2_dynamic_risk,2025-04-19,2025-04-18,2025-03-22,2025-04-18,0.9,33048.15040299167,0.0,16218.216916639167,0.0,16218.216916639167,4347.942358712964,9393.204260287033
A2_dynamic_risk,2025-04-20,2025-04-19,2025-03-23,2025-04-19,0.9,62282.07694830247,0.0,36987.38111941416,0.0,36987.38111941416,9393.204260287033,9367.053613509263
A2_dynamic_risk,2025-04-21,2025-04-20,2025-03-24,2025-04-20,0.9,62764.293683837444,0.0,37135.39181696631,0.0,37135.39181696631,9367.053613509263,8985.202793777777
A2_dynamic_risk,2025-04-22,2025-04-21,2025-03-25,2025-04-21,0.9,61629.31067606996,0.0,36676.02691276265,0.0,36676.02691276265,8985.202793777777,9179.511600194444
A2_dynamic_risk,2025-04-23,2025-04-22,2025-03-26,2025-04-22,0.9,61574.92501770576,0.0,36512.728749094436,0.0,36512.728749094436,9179.511600194444,9288.838711370368
A2_dynamic_risk,2025-04-24,2025-04-23,2025-03-27,2025-04-23,0.9,54634.48174832304,0.0,33522.40548667824,0.0,33522.40548667824,9288.838711370368,3659.4387919166725
A2_dynamic_risk,2025-04-25,2025-04-24,2025-03-28,2025-04-24,0.9,26431.290248622732,0.0,13174.975295014985,0.0,13174.975295014985,3659.4387919166725,3532.876937722226
A2_dynamic_risk,2025-04-26,2025-04-25,2025-03-29,2025-04-25,0.9,32839.26971438333,0.0,15808.827253472677,0.0,15808.827253472677,3532.876937722226,9076.845303444443
A2_dynamic_risk,2025-04-27,2025-04-26,2025-03-30,2025-04-26,0.9,58133.3408821287,173.93928122747025,34399.490215248166,1213.4004258428324,35612.890641091,9076.845303444443,8750.40822861111
A2_dynamic_risk,2025-04-28,2025-04-27,2025-03-31,2025-04-27,0.9,58497.25095072377,2574.0210310666635,34695.75574251846,17453.911641127328,52149.667383645785,8750.40822861111,8777.14745775
A2_dynamic_risk,2025-04-29,2025-04-28,2025-04-01,2025-04-28,0.9,59523.67564761317,0.0,35373.78915431551,0.0,35373.78915431551,8777.14745775,9156.851233018522
A2_dynamic_risk,2025-04-30,2025-04-29,2025-04-02,2025-04-29,0.9,59568.98838908435,0.0,35504.370670745804,0.0,35504.370670745804,9156.851233018522,8959.783360138888
A2_dynamic_risk,2025-05-01,2025-04-30,2025-04-03,2025-04-30,0.9,52928.24244373457,1386.5329421249985,32822.21221337764,8811.132652622158,41633.344865999796,8959.783360138888,1974.591001888889
A2_dynamic_risk,2025-05-02,2025-05-01,2025-04-04,2025-05-01,0.9,28108.83444325103,1565.6834491666673,13956.981981269368,9583.595361728338,23540.577342997705,1974.591001888889,2304.648447
A2_dynamic_risk,2025-05-03,2025-05-02,2025-04-05,2025-05-02,0.9,34626.26260645062,1130.1630658333274,16754.28469503121,6459.768810937876,23214.05350596908,2304.648447,8464.828943120368
A2_dynamic_risk,2025-05-04,2025-05-03,2025-04-06,2025-05-03,0.9,61794.406781718106,1042.7601474999988,36567.5114968195,6501.300856295409,43068.8123531149,8464.828943120368,8326.282383277778
A2_dynamic_risk,2025-05-05,2025-05-04,2025-04-07,2025-05-04,0.9,62952.201058775725,1040.6634549999985,37107.43314704174,6861.279133773323,43968.71228081507,8326.282383277778,8396.25702223148
A2_dynamic_risk,2025-05-06,2025-05-05,2025-04-08,2025-05-05,0.9,63545.68469950618,728.7083933333317,37588.04421168761,4575.95356974999,42163.9977814376,8396.25702223148,8194.019146425926
A2_dynamic_risk,2025-05-07,2025-05-06,2025-04-09,2025-05-06,0.9,64691.35004021605,1047.6751383000042,38132.62223081099,7006.818930485629,45139.44116129662,8194.019146425926,8382.994490592593
A2_dynamic_risk,2025-05-08,2025-05-07,2025-04-10,2025-05-07,0.9,57953.447841059664,106.02534240833367,35997.48891397193,657.7865364037574,36655.27545037569,8382.994490592593,2895.15428562037
A2_dynamic_risk,2025-05-09,2025-05-08,2025-04-11,2025-05-08,0.9,29166.41430884774,0.0,15229.852901375896,0.0,15229.852901375896,2895.15428562037,3389.203106361114
A2_dynamic_risk,2025-05-10,2025-05-09,2025-04-12,2025-05-09,0.9,35412.634304989704,0.0,17976.264280504845,0.0,17976.264280504845,3389.203106361114,8808.379104870366
A2_dynamic_risk,2025-05-11,2025-05-10,2025-04-13,2025-05-10,0.9,65795.1019293107,183.14072999999746,39388.40046132723,1267.674092471649,40656.07455379887,8808.379104870366,8725.89378449074
A2_dynamic_risk,2025-05-12,2025-05-11,2025-04-14,2025-05-11,0.9,66966.90086144896,0.0,39990.984346612015,0.0,39990.984346612015,8725.89378449074,9025.462909055557
A2_dynamic_risk,2025-05-13,2025-05-12,2025-04-15,2025-05-12,0.9,65957.0499617181,0.0,39449.05034880423,0.0,39449.05034880423,9025.462909055557,8932.374880324078
A2_dynamic_risk,2025-05-14,2025-05-13,2025-04-16,2025-05-13,0.9,65880.00113660494,0.0,39446.545283409265,0.0,39446.545283409265,8932.374880324078,9081.656935046298
A2_dynamic_risk,2025-05-15,2025-05-14,2025-04-17,2025-05-14,0.9,58720.96167805555,0.0,36855.735144010265,0.0,36855.735144010265,9081.656935046298,3825.5262290648166
A2_dynamic_risk,2025-05-16,2025-05-15,2025-04-18,2025-05-15,0.9,28119.117684819033,0.0,15236.66355584891,0.0,15236.66355584891,3825.5262290648166,3438.854879972223
A2_dynamic_risk,2025-05-17,2025-05-16,2025-04-19,2025-05-16,0.9,35556.402505525,0.0,18425.045291632465,0.0,18425.045291632465,3438.854879972223,9392.046376361113
A2_dynamic_risk,2025-05-18,2025-05-17,2025-04-20,2025-05-17,0.9,64058.91453943415,0.0,38986.97488515092,0.0,38986.97488515092,9392.046376361113,9583.659488462961
A2_dynamic_risk,2025-05-19,2025-05-18,2025-04-21,2025-05-18,0.9,64098.34165696502,67.00333333333344,38832.26893452188,451.90398166666745,39284.172916188545,9583.659488462961,9276.151665555557
A2_dynamic_risk,2025-05-20,2025-05-19,2025-04-22,2025-05-19,0.9,63343.720204547324,0.0,38472.762026910386,0.0,38472.762026910386,9276.151665555557,9303.742466064816
A2_dynamic_risk,2025-05-21,2025-05-20,2025-04-23,2025-05-20,0.9,63768.8762874074,0.0,38672.35870737883,0.0,38672.35870737883,9303.742466064816,9408.566361638894
A2_dynamic_risk,2025-05-22,2025-05-21,2025-04-24,2025-05-21,0.9,56961.878198148144,0.0,36155.32094903334,0.0,36155.32094903334,9408.566361638894,3938.110559462963
A2_dynamic_risk,2025-05-23,2025-05-22,2025-04-25,2025-05-22,0.9,27954.136482985392,0.0,15376.098201527326,0.0,15376.098201527326,3938.110559462963,4099.322870324078
A2_dynamic_risk,2025-05-24,2025-05-23,2025-04-26,2025-05-23,0.9,35383.52181920833,0.0,18654.577918655166,0.0,18654.577918655166,4099.322870324078,10184.255161435185
A2_dynamic_risk,2025-05-25,2025-05-24,2025-04-27,2025-05-24,0.9,63168.72155998972,0.0,38850.494245893104,0.0,38850.494245893104,10184.255161435185,9761.805868972224
A2_dynamic_risk,2025-05-26,2025-05-25,2025-04-28,2025-05-25,0.9,62110.19716895061,0.0,38234.323813466435,0.0,38234.323813466435,9761.805868972224,9832.500955203705
A2_dynamic_risk,2025-05-27,2025-05-26,2025-04-29,2025-05-26,0.9,63177.71487193415,0.0,38739.635806274215,0.0,38739.635806274215,9832.500955203705,9631.56140837963
A2_dynamic_risk,2025-05-28,2025-05-27,2025-04-30,2025-05-27,0.9,62986.80377688271,0.0,38548.559550637954,0.0,38548.559550637954,9631.56140837963,9894.345039861115
A2_dynamic_risk,2025-05-29,2025-05-28,2025-05-01,2025-05-28,0.9,55402.044306769545,11.61212166666678,35288.41805882535,78.06248790416744,35366.480546729515,9894.345039861115,3888.3831486296317
A2_dynamic_risk,2025-05-30,2025-05-29,2025-05-02,2025-05-29,0.9,28373.62279612016,0.0,15632.578807727088,0.0,15632.578807727088,3888.3831486296317,4424.4087630462955
A2_dynamic_risk,2025-05-31,2025-05-30,2025-05-03,2025-05-30,0.9,35526.713609925,0.0,18835.91090376991,0.0,18835.91090376991,4424.4087630462955,10248.295842333328
A2_dynamic_risk,2025-06-01,2025-05-31,2025-05-04,2025-05-31,0.9,64562.941311409464,7379.589573808329,39598.10342092882,47865.79573826097,87463.89915918976,10248.295842333328,7939.601789324073
A2_dynamic_risk,2025-06-02,2025-06-01,2025-05-05,2025-06-01,0.9,70088.66594723251,4382.276627074997,42369.70619957439,29338.929211215567,71708.63541078997,7939.601789324073,7897.295772055555
A2_dynamic_risk,2025-06-03,2025-06-02,2025-05-06,2025-06-02,0.9,72931.13650110463,1307.6758351333258,44411.34544351617,8111.091976832836,52522.437420349,7897.295772055555,8101.708300990741
A2_dynamic_risk,2025-06-04,2025-06-03,2025-05-07,2025-06-03,0.9,74417.90444645277,515.0475881916635,45487.86465303348,3385.5423438421876,48873.40699687567,8101.708300990741,8119.707668648148
A2_dynamic_risk,2025-06-05,2025-06-04,2025-05-08,2025-06-04,0.9,69787.72279526747,903.884207449997,44124.59916087013,6104.102617806501,50228.70177867664,8119.707668648148,2002.4165253888884
A2_dynamic_risk,2025-06-06,2025-06-05,2025-05-09,2025-06-05,0.9,33904.3873377572,2346.653841691663,18799.014513953505,15288.569636327788,34087.58415028129,2002.4165253888884,2473.822555703703
A2_dynamic_risk,2025-06-07,2025-06-06,2025-05-10,2025-06-06,0.9,41140.24209401235,510.31305839999806,22216.304565627408,3559.9438953983863,25776.248461025796,2473.822555703703,8550.115734074074
A2_dynamic_risk,2025-06-08,2025-06-07,2025-05-11,2025-06-07,0.9,85727.9458537963,6.619385833333354,53764.25600363969,44.7440244329168,53809.0000280726,8550.115734074074,9163.611111018517
A2_dynamic_risk,2025-06-09,2025-06-08,2025-05-12,2025-06-08,0.9,83797.20777843622,3.3400000000001455,52584.27746870282,22.514940000000983,52606.79240870282,9163.611111018517,8910.070424175927
A2_dynamic_risk,2025-06-10,2025-06-09,2025-05-13,2025-06-09,0.9,84881.52836471194,0.0,53373.47645604183,0.0,53373.47645604183,8910.070424175927,9320.192870287037
A2_dynamic_risk,2025-06-11,2025-06-10,2025-05-14,2025-06-10,0.9,84992.23753475309,0.0,53351.68820901618,0.0,53351.68820901618,9320.192870287037,9361.123831990737
A2_dynamic_risk,2025-06-12,2025-06-11,2025-05-15,2025-06-11,0.9,79631.07482487656,0.0,51352.10808941086,0.0,51352.10808941086,9361.123831990737,4751.927892787036
A2_dynamic_risk,2025-06-13,2025-06-12,2025-05-16,2025-06-12,0.9,36465.74351506152,0.0,21458.150009678986,0.0,21458.150009678986,4751.927892787036,4637.979172768519
A2_dynamic_risk,2025-06-14,2025-06-13,2025-05-17,2025-06-13,0.9,44682.59275786008,0.0,25076.03823518985,0.0,25076.03823518985,4637.979172768519,9676.921902898148
A2_dynamic_risk,2025-06-15,2025-06-14,2025-05-18,2025-06-14,0.9,89099.5262586214,0.0,56792.32927363686,0.0,56792.32927363686,9676.921902898148,10354.838673999999
A2_dynamic_risk,2025-06-16,2025-06-15,2025-05-19,2025-06-15,0.9,87792.29357994856,0.0,56084.41993117744,0.0,56084.41993117744,10354.838673999999,10089.745383314817
A2_dynamic_risk,2025-06-17,2025-06-16,2025-05-20,2025-06-16,0.9,87418.53283488684,1.7330833333334112,55596.63849155105,11.683581291667192,55608.32207284272,10089.745383314817,9925.099800703705
A2_dynamic_risk,2025-06-18,2025-06-17,2025-05-21,2025-06-17,0.9,88661.7044069856,0.0,56321.50467317091,0.0,56321.50467317091,9925.099800703705,10201.253387814817
A2_dynamic_risk,2025-06-19,2025-06-18,2025-05-22,2025-06-18,0.9,83558.15798368312,12.659166666666692,54124.35344416466,85.34177208333351,54209.69521624799,10201.253387814817,6580.942673268514
A2_dynamic_risk,2025-06-20,2025-06-19,2025-05-23,2025-06-19,0.9,38820.926256823666,0.0,23063.78816573683,0.0,23063.78816573683,6580.942673268514,6525.30511052778
A2_dynamic_risk,2025-06-21,2025-06-20,2025-05-24,2025-06-20,0.9,43590.096091366664,0.0,25153.67023122422,0.0,25153.67023122422,6525.30511052778,10800.0
A2_dynamic_risk,2025-06-22,2025-06-21,2025-05-25,2025-06-21,0.9,85893.43941780864,0.0,55021.14980771556,0.0,55021.14980771556,10800.0,10558.900143453702
A2_dynamic_risk,2025-06-23,2025-06-22,2025-05-26,2025-06-22,0.9,84703.56563944445,0.0,54040.21073447265,0.0,54040.21073447265,10558.900143453702,10495.593332583334
A2_dynamic_risk,2025-06-24,2025-06-23,2025-05-27,2025-06-23,0.9,83528.84380851852,977.9711299416673,53224.057807500976,4656.0165701757,57880.074377676676,10495.593332583334,10546.708513824078
A2_dynamic_risk,2025-06-25,2025-06-24,2025-05-28,2025-06-24,0.9,85694.10071674897,0.0,54673.63773050975,0.0,54673.63773050975,10546.708513824078,10574.98930436111
A2_dynamic_risk,2025-06-26,2025-06-25,2025-05-29,2025-06-25,0.9,80986.05191717079,0.0,53062.69904754251,0.0,53062.69904754251,10574.98930436111,5865.798912638885
A2_dynamic_risk,2025-06-27,2025-06-26,2025-05-30,2025-06-26,0.9,39241.24554695844,0.0,23340.8321049665,0.0,23340.8321049665,5865.798912638885,7167.440947694447
A2_dynamic_risk,2025-06-28,2025-06-27,2025-05-31,2025-06-27,0.9,43086.216244175,0.0,24881.870398509494,0.0,24881.870398509494,7167.440947694447,10800.0
A2_dynamic_risk,2025-06-29,2025-06-28,2025-06-01,2025-06-28,0.9,86692.0235743107,0.0,55634.94404975459,0.0,55634.94404975459,10800.0,10772.226095907408
A2_dynamic_risk,2025-06-30,2025-06-29,2025-06-02,2025-06-29,0.9,85521.67059519546,0.0,54788.80698565487,0.0,54788.80698565487,10772.226095907408,10497.321467222222
A2_dynamic_risk,2025-07-01,2025-06-30,2025-06-03,2025-06-30,0.9,85613.70618672839,290.0827742833326,54751.40352497465,1614.071763489927,56365.475288464586,10497.321467222222,8311.15368699074
A2_dynamic_risk,2025-07-02,2025-07-01,2025-06-04,2025-07-01,0.9,87241.09103951647,407.79360833333243,55061.38074653772,2599.9602333166613,57661.34097985438,8311.15368699074,8311.855319712964
A2_dynamic_risk,2025-07-03,2025-07-02,2025-06-05,2025-07-02,0.9,79531.08855518518,580.9212169416636,51531.189969277926,3545.655705900044,55076.845675177974,8311.855319712964,2684.881324574073
A2_dynamic_risk,2025-07-04,2025-07-03,2025-06-06,2025-07-03,0.9,39577.76292501029,2127.181864158333,23290.967005705315,10024.140725977955,33315.10773168327,2684.881324574073,2685.753799583334
A2_dynamic_risk,2025-07-05,2025-07-04,2025-06-07,2025-07-04,0.8,43905.18268929012,3843.438698566668,24331.952748361586,19191.987776346752,43523.94052470834,2685.753799583334,8135.356376907408
A2_dynamic_risk,2025-07-06,2025-07-05,2025-06-08,2025-07-05,0.8,76747.13881100822,7254.806804652476,47643.75481178726,45959.63880308233,93603.39361486961,8135.356376907408,8058.151703666667
A2_dynamic_risk,2025-07-07,2025-07-06,2025-06-09,2025-07-06,0.9,82860.35296875144,195.10042804166724,51825.732477682715,1183.615443528169,53009.347921210894,8058.151703666667,8403.70283838889
A2_dynamic_risk,2025-07-08,2025-07-07,2025-06-10,2025-07-07,0.9,89089.2661653858,17.007000000000062,56418.90526202567,114.50813100000043,56533.413393025665,8403.70283838889,9504.826598768523
A2_dynamic_risk,2025-07-09,2025-07-08,2025-06-11,2025-07-08,0.9,86860.6014176854,30.92649166666638,55307.30708234789,208.5205267083314,55515.82760905623,9504.826598768523,9647.053579379628
A2_dynamic_risk,2025-07-10,2025-07-09,2025-06-12,2025-07-09,0.9,81115.82042473025,4.932250000000067,53123.090452446384,33.23568695833379,53156.32613940472,9647.053579379628,4393.034161120373
A2_dynamic_risk,2025-07-11,2025-07-10,2025-06-13,2025-07-10,0.9,43619.39926226533,0.0,26638.734343919466,0.0,26638.734343919466,4393.034161120373,4401.92786223148
A2_dynamic_risk,2025-07-12,2025-07-11,2025-06-14,2025-07-11,0.9,50010.041379824994,0.0,29126.921027463733,0.0,29126.921027463733,4401.92786223148,9515.468276601852
A2_dynamic_risk,2025-07-13,2025-07-12,2025-06-15,2025-07-12,0.9,87917.08184370278,29.505681666666874,55980.650560928494,198.37300967083473,56179.02357059934,9515.468276601852,9596.768789462965
A2_dynamic_risk,2025-07-14,2025-07-13,2025-06-16,2025-07-13,0.9,86806.92336202171,0.0,55105.6025894884,0.0,55105.6025894884,9596.768789462965,9493.886028583336
A2_dynamic_risk,2025-07-15,2025-07-14,2025-06-17,2025-07-14,0.9,91067.92512377573,0.0,58319.50254878432,0.0,58319.50254878432,9493.886028583336,10692.16322702778
A2_dynamic_risk,2025-07-16,2025-07-15,2025-06-18,2025-07-15,0.9,89410.42198746913,0.0,57343.81333844237,0.0,57343.81333844237,10692.16322702778,10524.55293037963
A2_dynamic_risk,2025-07-17,2025-07-16,2025-06-19,2025-07-16,0.9,82848.0297427109,0.0,54396.60082902333,0.0,54396.60082902333,10524.55293037963,5803.0069080185185
A2_dynamic_risk,2025-07-18,2025-07-17,2025-06-20,2025-07-17,0.9,45525.040527001445,0.0,28129.61382563254,0.0,28129.61382563254,5803.0069080185185,5832.8098714537055
A2_dynamic_risk,2025-07-19,2025-07-18,2025-06-21,2025-07-18,0.9,51703.562074025,0.0,30745.331192827238,0.0,30745.331192827238,5832.8098714537055,10202.984677083336
A2_dynamic_risk,2025-07-20,2025-07-19,2025-06-22,2025-07-19,0.9,90397.42343389918,0.0,57977.00778617781,0.0,57977.00778617781,10202.984677083336,10520.472117157407
A2_dynamic_risk,2025-07-21,2025-07-20,2025-06-23,2025-07-20,0.9,90567.34948730968,0.0,58250.11245476613,0.0,58250.11245476613,10520.472117157407,10681.622203712963
A2_dynamic_risk,2025-07-22,2025-07-21,2025-06-24,2025-07-21,0.9,93664.56208254116,0.0,60558.80491724029,0.0,60558.80491724029,10681.622203712963,10800.0
A2_dynamic_risk,2025-07-23,2025-07-22,2025-06-25,2025-07-22,0.9,93752.35346685186,0.0,60589.867277554615,0.0,60589.867277554615,10800.0,10800.0
A2_dynamic_risk,2025-07-24,2025-07-23,2025-06-26,2025-07-23,0.9,87440.8535078321,0.0,57849.50273502515,0.0,57849.50273502515,10800.0,7114.021592324078
A2_dynamic_risk,2025-07-25,2025-07-24,2025-06-27,2025-07-24,0.9,47184.349048328084,0.0,29454.8068372517,0.0,29454.8068372517,7114.021592324078,6876.5364116759265
A2_dynamic_risk,2025-07-26,2025-07-25,2025-06-28,2025-07-25,0.9,53306.859837824995,0.0,32211.536344107502,0.0,32211.536344107502,6876.5364116759265,10800.0
A2_dynamic_risk,2025-07-27,2025-07-26,2025-06-29,2025-07-26,0.9,92817.22366183129,0.0,60083.37580180756,0.0,60083.37580180756,10800.0,10800.0
A2_dynamic_risk,2025-07-28,2025-07-27,2025-06-30,2025-07-27,0.9,92706.92706997943,0.0,59989.27643128448,0.0,59989.27643128448,10800.0,10800.0
A2_dynamic_risk,2025-07-29,2025-07-28,2025-07-01,2025-07-28,0.9,94955.59588170782,0.0,61453.711535322574,0.0,61453.711535322574,10800.0,10800.0
A2_dynamic_risk,2025-07-30,2025-07-29,2025-07-02,2025-07-29,0.9,95453.62830925925,0.0,61700.89315394241,0.0,61700.89315394241,10800.0,10800.0
A2_dynamic_risk,2025-07-31,2025-07-30,2025-07-03,2025-07-30,0.9,90046.09465413581,0.0,59285.30347355371,0.0,59285.30347355371,10800.0,7384.95606840741
A2_dynamic_risk,2025-08-01,2025-07-31,2025-07-04,2025-07-31,0.9,47428.06404623169,0.0,29443.83007052503,0.0,29443.83007052503,7384.95606840741,7297.4950485463005
A2_dynamic_risk,2025-08-02,2025-08-01,2025-07-05,2025-08-01,0.8,49824.379957975,0.0,29823.27443914258,0.0,29823.27443914258,7297.4950485463005,10713.31967877778
A2_dynamic_risk,2025-08-03,2025-08-02,2025-07-06,2025-08-02,0.8,85404.90631203086,0.0,54592.65296720457,0.0,54592.65296720457,10713.31967877778,10015.192985166668
A2_dynamic_risk,2025-08-04,2025-08-03,2025-07-07,2025-08-03,0.8,83696.46254074074,0.0,53281.63229534983,0.0,53281.63229534983,10015.192985166668,10620.907712000002
A2_dynamic_risk,2025-08-05,2025-08-04,2025-07-08,2025-08-04,0.8,81127.59653304526,0.0,51912.122478230136,0.0,51912.122478230136,10620.907712000002,10533.750880425927
A2_dynamic_risk,2025-08-06,2025-08-05,2025-07-09,2025-08-05,0.8,79323.4814625926,0.0,50867.238738865424,0.0,50867.238738865424,10533.750880425927,10464.618095333333
A2_dynamic_risk,2025-08-07,2025-08-06,2025-07-10,2025-08-06,0.8,73056.1056738683,0.0,48268.21736455617,0.0,48268.21736455617,10464.618095333333,5514.964053203703
A2_dynamic_risk,2025-08-08,2025-08-07,2025-07-11,2025-08-07,0.8,43366.43687857757,0.0,26416.8443983775,0.0,26416.8443983775,5514.964053203703,5684.498255425932
A2_dynamic_risk,2025-08-09,2025-08-08,2025-07-12,2025-08-08,0.7,47286.222229283325,0.0,27586.8399306056,0.0,27586.8399306056,5684.498255425932,10011.430859037035
A2_dynamic_risk,2025-08-10,2025-08-09,2025-07-13,2025-08-09,0.7,75000.61945237654,0.0,48246.519283015616,0.0,48246.519283015616,10011.430859037035,9834.666227120371
A2_dynamic_risk,2025-08-11,2025-08-10,2025-07-14,2025-08-10,0.7,75390.33382226338,14.278833333333296,48346.58269794716,96.26075491666641,48442.84345286382,9834.666227120371,9647.937012009263
A2_dynamic_risk,2025-08-12,2025-08-11,2025-07-15,2025-08-11,0.7,74285.50014888014,0.09351333333336243,47554.65326645817,0.6286433833335289,47555.2819098415,9647.937012009263,9330.916828703703
A2_dynamic_risk,2025-08-13,2025-08-12,2025-07-16,2025-08-12,0.7,75698.85438899178,0.0,48326.234695489045,0.0,48326.234695489045,9330.916828703703,9814.49215374074
A2_dynamic_risk,2025-08-14,2025-08-13,2025-07-17,2025-08-13,0.7,69434.35045817902,8.761185833333343,45619.57651587318,61.1180323733334,45680.69454824652,9814.49215374074,4272.781813361112
A2_dynamic_risk,2025-08-15,2025-08-14,2025-07-18,2025-08-14,0.7,41638.26126753261,0.0,25024.779182870636,0.0,25024.779182870636,4272.781813361112,4303.32633876852
A2_dynamic_risk,2025-08-16,2025-08-15,2025-07-19,2025-08-15,0.7,47782.390982608325,0.0,27595.06517563734,0.0,27595.06517563734,4303.32633876852,9712.345124796295
A2_dynamic_risk,2025-08-17,2025-08-16,2025-07-20,2025-08-16,0.7,75147.43711335392,14.461517500000127,48104.73699108536,97.21755139375085,48201.9545424791,9712.345124796295,9666.076624305557
A2_dynamic_risk,2025-08-18,2025-08-17,2025-07-21,2025-08-17,0.7,74575.773640607,46.23601166666663,47628.30441347594,312.0105060274998,47940.314919503435,9666.076624305557,9552.04119150926
A2_dynamic_risk,2025-08-19,2025-08-18,2025-07-22,2025-08-18,0.7,74233.0620354218,38.858330833333184,47557.07984246532,262.06000553249896,47819.13984799782,9552.04119150926,9442.92207310185
A2_dynamic_risk,2025-08-20,2025-08-19,2025-07-23,2025-08-19,0.7,73996.36286367274,2061.503637333334,47400.63342420485,12808.338978609923,60208.972402814776,9442.92207310185,9052.327542583334
A2_dynamic_risk,2025-08-21,2025-08-20,2025-07-24,2025-08-20,0.7,70199.09051816873,0.0,45985.053194209395,0.0,45985.053194209395,9052.327542583334,4813.824885907408
A2_dynamic_risk,2025-08-22,2025-08-21,2025-07-25,2025-08-21,0.7,41803.88325308457,0.0,25003.26637507476,0.0,25003.26637507476,4813.824885907408,4661.773126194444
A2_dynamic_risk,2025-08-23,2025-08-22,2025-07-26,2025-08-22,0.7,47487.325311425,0.0,27478.541814611635,0.0,27478.541814611635,4661.773126194444,9533.994213564814
A2_dynamic_risk,2025-08-24,2025-08-23,2025-07-27,2025-08-23,0.7,77510.67805709876,0.0,49366.577997926826,0.0,49366.577997926826,9533.994213564814,9808.529768712966
A2_dynamic_risk,2025-08-25,2025-08-24,2025-07-28,2025-08-24,0.7,77388.87372097737,0.0,49284.764470969865,0.0,49284.764470969865,9808.529768712966,9527.037081453702
A2_dynamic_risk,2025-08-26,2025-08-25,2025-07-29,2025-08-25,0.7,77289.30685198559,0.0,49343.03170077444,0.0,49343.03170077444,9527.037081453702,9847.95935575
A2_dynamic_risk,2025-08-27,2025-08-26,2025-07-30,2025-08-26,0.7,76646.56826003086,0.0,49139.589816375184,0.0,49139.589816375184,9847.95935575,9485.537999314816
A2_dynamic_risk,2025-08-28,2025-08-27,2025-07-31,2025-08-27,0.7,72019.01114031894,28.300666666666757,47244.706612610105,190.6782806666673,47435.38489327677,9485.537999314816,4863.753417879629
A2_dynamic_risk,2025-08-29,2025-08-28,2025-08-01,2025-08-28,0.7,42458.64527073961,0.0,25577.72249933736,0.0,25577.72249933736,4863.753417879629,5044.1987872499985
A2_dynamic_risk,2025-08-30,2025-08-29,2025-08-02,2025-08-29,0.7,47352.549148975006,0.0,27526.43627397384,0.0,27526.43627397384,5044.1987872499985,9394.476486851854
A2_dynamic_risk,2025-08-31,2025-08-30,2025-08-03,2025-08-30,0.7,77056.82062977366,7.799217499999827,49134.43526886226,52.69541303874883,49187.13068190101,9394.476486851854,9605.459736231483
A2_dynamic_risk,2025-09-01,2025-08-31,2025-08-04,2025-08-31,0.7,76765.03946346708,0.0,48841.46161711843,0.0,48841.46161711843,9605.459736231483,10800.0
A2_dynamic_risk,2025-09-02,2025-09-01,2025-08-05,2025-09-01,0.7,74293.36195968107,0.0,47625.489085872665,0.0,47625.489085872665,10800.0,10800.0
A2_dynamic_risk,2025-09-03,2025-09-02,2025-08-06,2025-09-02,0.7,72889.27918553498,0.0,46904.42292053418,0.0,46904.42292053418,10800.0,10800.0
A2_dynamic_risk,2025-09-04,2025-09-03,2025-08-07,2025-09-03,0.7,67298.55350012345,0.0,44631.03522901104,0.0,44631.03522901104,10800.0,7823.933381620372
A2_dynamic_risk,2025-09-05,2025-09-04,2025-08-08,2025-09-04,0.7,37938.28270283796,0.0,23167.708487866083,0.0,23167.708487866083,7823.933381620372,7958.822069462962
A2_dynamic_risk,2025-09-06,2025-09-05,2025-08-09,2025-09-05,0.7,43335.57833415,0.0,25466.2131189067,0.0,25466.2131189067,7958.822069462962,10800.0
A2_dynamic_risk,2025-09-07,2025-09-06,2025-08-10,2025-09-06,0.7,71471.31075037036,0.0,46199.44619647095,0.0,46199.44619647095,10800.0,10800.0
A2_dynamic_risk,2025-09-08,2025-09-07,2025-08-11,2025-09-07,0.7,66602.19445018518,0.0,42531.92073175168,0.0,42531.92073175168,10800.0,10636.786791212962
A2_dynamic_risk,2025-09-09,2025-09-08,2025-08-12,2025-09-08,0.7,67513.72507650206,0.0,43037.906456944234,0.0,43037.906456944234,10636.786791212962,10556.695060055557
A2_dynamic_risk,2025-09-10,2025-09-09,2025-08-13,2025-09-09,0.7,66874.12339747942,296.376016666666,42703.21134540515,1462.1306876416631,44165.342033046814,10556.695060055557,9526.66107124074
A2_dynamic_risk,2025-09-11,2025-09-10,2025-08-14,2025-09-10,0.7,64685.479154166664,0.0,41943.63289624572,0.0,41943.63289624572,9526.66107124074,6458.129334175924
A2_dynamic_risk,2025-09-12,2025-09-11,2025-08-15,2025-09-11,0.7,34610.78745664908,0.0,20368.84370178982,0.0,20368.84370178982,6458.129334175924,6562.169404425922
A2_dynamic_risk,2025-09-13,2025-09-12,2025-08-16,2025-09-12,0.7,40300.785756850004,0.0,22818.33462198374,0.0,22818.33462198374,6562.169404425922,10800.0
A2_dynamic_risk,2025-09-14,2025-09-13,2025-08-17,2025-09-13,0.7,66706.67035420783,0.0,42673.39587400292,0.0,42673.39587400292,10800.0,10298.408434361112
A2_dynamic_risk,2025-09-15,2025-09-14,2025-08-18,2025-09-14,0.8,67874.6194803601,1.1717666666667128,42699.46733972528,7.89360615000031,42707.360945875276,10298.408434361112,9787.870872037038
A2_dynamic_risk,2025-09-16,2025-09-15,2025-08-19,2025-09-15,0.8,66953.09990831275,0.0,42285.850513307785,0.0,42285.850513307785,9787.870872037038,9497.869740611111
A2_dynamic_risk,2025-09-17,2025-09-16,2025-08-20,2025-09-16,0.8,68184.91730382717,3.0407500000001164,42826.742365267666,13.83389212500053,42840.57625739267,9497.869740611111,9681.588036611112
A2_dynamic_risk,2025-09-18,2025-09-17,2025-08-21,2025-09-17,0.8,63696.322813107,0.0,41066.82569652596,0.0,41066.82569652596,9681.588036611112,5364.706293925926
A2_dynamic_risk,2025-09-19,2025-09-18,2025-08-22,2025-09-18,0.8,34401.30152373827,0.0,19599.003916784437,0.0,19599.003916784437,5364.706293925926,6226.714787796294
A2_dynamic_risk,2025-09-20,2025-09-19,2025-08-23,2025-09-19,0.8,38544.13787598333,0.0,21354.010042430767,0.0,21354.010042430767,6226.714787796294,10131.893746444448
A2_dynamic_risk,2025-09-21,2025-09-20,2025-08-24,2025-09-20,0.8,70242.43819057613,0.0,44253.972631858094,0.0,44253.972631858094,10131.893746444448,9522.384951962964
A2_dynamic_risk,2025-09-22,2025-09-21,2025-08-25,2025-09-21,0.8,68232.78548096708,19.555900000000065,42530.11310543492,131.78740035000044,42661.90050578492,9522.384951962964,8839.972121666666
A2_dynamic_risk,2025-09-23,2025-09-22,2025-08-26,2025-09-22,0.8,69318.88238067902,66.97170953333054,43133.81323668587,322.442444647754,43456.25568133363,8839.972121666666,8769.567616499999
A2_dynamic_risk,2025-09-24,2025-09-23,2025-08-27,2025-09-23,0.8,69569.51417467078,0.0,43209.58988247538,0.0,43209.58988247538,8769.567616499999,9121.509727222225
A2_dynamic_risk,2025-09-25,2025-09-24,2025-08-28,2025-09-24,0.8,64476.53566032923,15.37166666666667,41198.64700573006,103.4974316666667,41302.14443739673,9121.509727222225,4950.364885203707
A2_dynamic_risk,2025-09-26,2025-09-25,2025-08-29,2025-09-25,0.8,33809.76484014403,0.0,18819.232154381363,0.0,18819.232154381363,4950.364885203707,5496.351906648153
A2_dynamic_risk,2025-09-27,2025-09-26,2025-08-30,2025-09-26,0.8,37783.81317401666,0.0,20577.298261047996,0.0,20577.298261047996,5496.351906648153,8737.400393592596
A2_dynamic_risk,2025-09-28,2025-09-27,2025-08-31,2025-09-27,0.8,71159.50247211933,5.868333333333453,44376.133170148634,39.561369166667475,44415.6945393153,8737.400393592596,8904.171146407409
A2_dynamic_risk,2025-09-29,2025-09-28,2025-09-01,2025-09-28,0.8,70354.65329683127,144.96138333333238,43717.24507582228,947.6115378149931,44664.85661363727,8904.171146407409,8599.558341277778
A2_dynamic_risk,2025-09-30,2025-09-29,2025-09-02,2025-09-29,0.8,71365.80773893005,31.411150000000134,44460.370802451755,212.2294349750009,44672.600237426755,8599.558341277778,8767.767208666668
A2_dynamic_risk,2025-10-01,2025-09-30,2025-09-03,2025-09-30,0.9,75397.55702383745,0.0,47123.187538167855,0.0,47123.187538167855,8767.767208666668,10633.616409861113
A2_dynamic_risk,2025-10-02,2025-10-01,2025-09-04,2025-10-01,0.9,66797.65947191358,0.0,43054.08625012568,0.0,43054.08625012568,10633.616409861113,7792.4487371666655
A2_dynamic_risk,2025-10-03,2025-10-02,2025-09-05,2025-10-02,0.9,32280.833928669344,0.0,18145.587375632276,0.0,18145.587375632276,7792.4487371666655,7891.328468638891
A2_dynamic_risk,2025-10-04,2025-10-03,2025-09-06,2025-10-03,0.9,36328.01454822499,0.0,20028.21281453014,0.0,20028.21281453014,7891.328468638891,10800.0
A2_dynamic_risk,2025-10-05,2025-10-04,2025-09-07,2025-10-04,0.9,67156.65606182098,0.0,42595.3854312646,0.0,42595.3854312646,10800.0,10596.024612240739
A2_dynamic_risk,2025-10-06,2025-10-05,2025-09-08,2025-10-05,0.9,66151.12810865226,0.0,42006.46294626522,0.0,42006.46294626522,10596.024612240739,10407.787890907408
A2_dynamic_risk,2025-10-07,2025-10-06,2025-09-09,2025-10-06,0.9,67922.78440666667,0.0,43047.31176502024,0.0,43047.31176502024,10407.787890907408,10599.14257649074
A2_dynamic_risk,2025-10-08,2025-10-07,2025-09-10,2025-10-07,0.9,66983.79033980452,0.0,41847.69238385226,0.0,41847.69238385226,10599.14257649074,9890.84216489815
A2_dynamic_risk,2025-10-09,2025-10-08,2025-09-11,2025-10-08,0.9,64447.59497493827,0.0,40901.64772394714,0.0,40901.64772394714,9890.84216489815,6774.717479499999
A2_dynamic_risk,2025-10-10,2025-10-09,2025-09-12,2025-10-09,0.9,32295.221004314197,0.0,17454.615707276083,0.0,17454.615707276083,6774.717479499999,7106.131411944444
A2_dynamic_risk,2025-10-11,2025-10-10,2025-09-13,2025-10-10,0.9,36228.06303508334,0.0,19331.431181308602,0.0,19331.431181308602,7106.131411944444,9970.229481499999
A2_dynamic_risk,2025-10-12,2025-10-11,2025-09-14,2025-10-11,0.9,67970.95911619341,11.468379166666523,42502.08112167341,53.717888016665995,42555.799009690076,9970.229481499999,9678.774910694445
A2_dynamic_risk,2025-10-13,2025-10-12,2025-09-15,2025-10-12,0.9,68731.65439479423,0.0,42941.59202441974,0.0,42941.59202441974,9678.774910694445,9610.658570166668
A2_dynamic_risk,2025-10-14,2025-10-13,2025-09-16,2025-10-13,0.9,68645.31010277777,0.0,42919.80266029278,0.0,42919.80266029278,9610.658570166668,9641.610851833339
A2_dynamic_risk,2025-10-15,2025-10-14,2025-09-17,2025-10-14,0.9,68301.60158275718,0.0,42301.06757537447,0.0,42301.06757537447,9641.610851833339,9108.027191518519
A2_dynamic_risk,2025-10-16,2025-10-15,2025-09-18,2025-10-15,0.9,67078.78921570987,489.9395974083311,42047.17631593115,3417.818631520518,45464.99494745167,9108.027191518519,6140.940704685184
A2_dynamic_risk,2025-10-17,2025-10-16,2025-09-19,2025-10-16,0.9,33281.29686522634,0.0,17569.061348336643,0.0,17569.061348336643,6140.940704685184,6495.868563305555
A2_dynamic_risk,2025-10-18,2025-10-17,2025-09-20,2025-10-17,0.9,36352.64491455762,0.0,19029.18969593891,0.0,19029.18969593891,6495.868563305555,9580.667351555552
A2_dynamic_risk,2025-10-19,2025-10-18,2025-09-21,2025-10-18,0.9,72052.07278877572,0.0,44614.66145060983,0.0,44614.66145060983,9580.667351555552,8966.597806453707
A2_dynamic_risk,2025-10-20,2025-10-19,2025-09-22,2025-10-19,0.9,73716.4235621502,0.0,45630.66811531634,0.0,45630.66811531634,8966.597806453707,8978.02449063889
A2_dynamic_risk,2025-10-21,2025-10-20,2025-09-23,2025-10-20,0.9,74058.23619879628,0.0,45802.6510796644,0.0,45802.6510796644,8978.02449063889,9122.984850398147
A2_dynamic_risk,2025-10-22,2025-10-21,2025-09-24,2025-10-21,0.9,73640.50164020577,186.99591457500046,45240.043905677114,1027.9089180292965,46267.95282370641,9122.984850398147,8567.177786027778
A2_dynamic_risk,2025-10-23,2025-10-22,2025-09-25,2025-10-22,0.9,72620.39192884773,0.0,45302.31498055211,0.0,45302.31498055211,8567.177786027778,6455.085533231485
A2_dynamic_risk,2025-10-24,2025-10-23,2025-09-26,2025-10-23,0.9,33661.82018512346,144.6772778583324,17522.105587395807,749.9296611142358,18272.035248510045,6455.085533231485,6514.5560655555555
A2_dynamic_risk,2025-10-25,2025-10-24,2025-09-27,2025-10-24,0.9,36402.0124276749,0.0,18732.077911311022,0.0,18732.077911311022,6514.5560655555555,8596.594000888892
A2_dynamic_risk,2025-10-26,2025-10-25,2025-09-28,2025-10-25,0.9,75909.56749247941,0.0,46918.31931853258,0.0,46918.31931853258,8596.594000888892,9010.884148092593
A2_dynamic_risk,2025-10-27,2025-10-26,2025-09-29,2025-10-26,0.9,75174.9970052572,25.422201349997522,46585.081837688784,132.08988941758258,46717.17172710637,9010.884148092593,8638.475297675926
A2_dynamic_risk,2025-10-28,2025-10-27,2025-09-30,2025-10-27,0.9,75256.38169779835,0.0,46472.73540145723,0.0,46472.73540145723,8638.475297675926,8776.917027583337
A2_dynamic_risk,2025-10-29,2025-10-28,2025-10-01,2025-10-28,0.9,75023.38918412552,114.81600787499687,46370.49948658265,719.7926434058329,47090.29212998849,8776.917027583337,8599.857572768517
A2_dynamic_risk,2025-10-30,2025-10-29,2025-10-02,2025-10-29,0.9,74253.14778431368,1.8234750000000304,46456.28235437282,8.541156900000143,46464.82351127283,8599.857572768517,6710.2558944722205
A2_dynamic_risk,2025-10-31,2025-10-30,2025-10-03,2025-10-30,0.9,34832.048247602885,0.0,18282.89959420494,0.0,18282.89959420494,6710.2558944722205,6908.735361351854
A2_dynamic_risk,2025-11-01,2025-10-31,2025-10-04,2025-10-31,0.9,36982.449049341565,0.0,19247.445347951107,0.0,19247.445347951107,6908.735361351854,9010.232580425929
A2_dynamic_risk,2025-11-02,2025-11-01,2025-10-05,2025-11-01,0.9,78488.93193430678,160.32706666666672,48862.07625369761,1099.8989559716667,49961.97520966928,9010.232580425929,8702.91780450926
A2_dynamic_risk,2025-11-03,2025-11-02,2025-10-06,2025-11-02,0.9,79562.58674578456,0.0,49599.677700532106,0.0,49599.677700532106,8702.91780450926,8964.142847564815
A2_dynamic_risk,2025-11-04,2025-11-03,2025-10-07,2025-11-03,0.9,79080.56559823354,225.14241979999525,49190.70329345587,1488.1558096628683,50678.85910311873,8964.142847564815,8664.158236601852
A2_dynamic_risk,2025-11-05,2025-11-04,2025-10-08,2025-11-04,0.9,79853.12338739506,0.0,49820.7904576541,0.0,49820.7904576541,8664.158236601852,9020.546728157411
A2_dynamic_risk,2025-11-06,2025-11-05,2025-10-09,2025-11-05,0.9,77125.11778996451,0.0,48520.731849902586,0.0,48520.731849902586,9020.546728157411,7103.4129545462965
A2_dynamic_risk,2025-11-07,2025-11-06,2025-10-10,2025-11-06,0.9,35785.7816521605,0.0,18948.162636517245,0.0,18948.162636517245,7103.4129545462965,7393.632424453705
A2_dynamic_risk,2025-11-08,2025-11-07,2025-10-11,2025-11-07,0.9,37362.50592630658,0.0,19543.628554623217,0.0,19543.628554623217,7393.632424453705,9036.872860101852
A2_dynamic_risk,2025-11-09,2025-11-08,2025-10-12,2025-11-08,0.9,80297.17306318405,0.0,50339.75101130251,0.0,50339.75101130251,9036.872860101852,8831.05573062037
A2_dynamic_risk,2025-11-10,2025-11-09,2025-10-13,2025-11-09,0.9,81265.3692070782,63.98944804166947,50932.239539173956,390.6381263566858,51322.87766553064,8831.05573062037,8713.513774944446
A2_dynamic_risk,2025-11-11,2025-11-10,2025-10-14,2025-11-10,0.9,82038.43446548353,0.0,51463.245022450086,0.0,51463.245022450086,8713.513774944446,8903.569081472218
A2_dynamic_risk,2025-11-12,2025-11-11,2025-10-15,2025-11-11,0.9,81918.77373329218,0.0,51479.16743650364,0.0,51479.16743650364,8903.569081472218,8876.494679351854
A2_dynamic_risk,2025-11-13,2025-11-12,2025-10-16,2025-11-12,0.9,81189.07944786007,27.90037333333339,51275.578686423,194.63300437333373,51470.211690796335,8876.494679351854,8061.76397437037
A2_dynamic_risk,2025-11-14,2025-11-13,2025-10-17,2025-11-13,0.9,37189.45528752058,0.0,19829.64803681615,0.0,19829.64803681615,8061.76397437037,8433.630330750004
A2_dynamic_risk,2025-11-15,2025-11-14,2025-10-18,2025-11-14,0.9,37548.35651408436,0.0,19927.839345281605,0.0,19927.839345281605,8433.630330750004,8986.035918064817
A2_dynamic_risk,2025-11-16,2025-11-15,2025-10-19,2025-11-15,0.9,83501.13794810699,0.0,52707.68261731886,0.0,52707.68261731886,8986.035918064817,8951.267489166668
A2_dynamic_risk,2025-11-17,2025-11-16,2025-10-20,2025-11-16,0.9,84475.8393155144,0.0,53336.43926218142,0.0,53336.43926218142,8951.267489166668,9149.64101762037
A2_dynamic_risk,2025-11-18,2025-11-17,2025-10-21,2025-11-17,0.9,84220.50179550411,0.0,53212.77606414,0.0,53212.77606414,9149.64101762037,9019.471564805555
A2_dynamic_risk,2025-11-19,2025-11-18,2025-10-22,2025-11-18,0.9,84787.84708161521,1.3850000000001046,53546.631818285794,6.301057500000476,53552.932875785795,9019.471564805555,8766.635053305554
A2_dynamic_risk,2025-11-20,2025-11-19,2025-10-23,2025-11-19,0.9,84623.42337029835,0.0,53654.55774917959,0.0,53654.55774917959,8766.635053305554,8371.062685611118
A2_dynamic_risk,2025-11-21,2025-11-20,2025-10-24,2025-11-20,0.9,38707.83311875514,0.0,20585.832394601388,0.0,20585.832394601388,8371.062685611118,8732.385352509258
A2_dynamic_risk,2025-11-22,2025-11-21,2025-10-25,2025-11-21,0.9,39328.38490987654,0.0,20780.124616464593,0.0,20780.124616464593,8732.385352509258,9025.720422972221
A2_dynamic_risk,2025-11-23,2025-11-22,2025-10-26,2025-11-22,0.9,86196.06975490742,0.0,54545.68825797881,0.0,54545.68825797881,9025.720422972221,9025.00974112963
A2_dynamic_risk,2025-11-24,2025-11-23,2025-10-27,2025-11-23,0.9,86056.88151484566,14.523873333333086,54461.422872710624,68.02982269333218,54529.45269540396,9025.00974112963,8719.001777351854
A2_dynamic_risk,2025-11-25,2025-11-24,2025-10-28,2025-11-24,0.9,86173.84888769547,0.0,54427.817477886405,0.0,54427.817477886405,8719.001777351854,8968.189466055557
A2_dynamic_risk,2025-11-26,2025-11-25,2025-10-29,2025-11-25,0.9,86207.44385031893,25.97770333333324,54561.93775539854,121.67956241333289,54683.61731781188,8968.189466055557,9098.91003826852
A2_dynamic_risk,2025-11-27,2025-11-26,2025-10-30,2025-11-26,0.9,85914.42082907406,0.0,54672.287934148255,0.0,54672.287934148255,9098.91003826852,8697.7220472037
A2_dynamic_risk,2025-11-28,2025-11-27,2025-10-31,2025-11-27,0.9,40159.63905006173,0.0,21248.674814337806,0.0,21248.674814337806,8697.7220472037,8846.744022370369
A2_dynamic_risk,2025-11-29,2025-11-28,2025-11-01,2025-11-28,0.9,40911.49118168724,0.0,21610.877081268074,0.0,21610.877081268074,8846.744022370369,9096.04137859259
A2_dynamic_risk,2025-11-30,2025-11-29,2025-11-02,2025-11-29,0.9,88659.209026286,0.0,56379.17170204005,0.0,56379.17170204005,9096.04137859259,8939.156199629628
A2_dynamic_risk,2025-12-01,2025-11-30,2025-11-03,2025-11-30,0.9,89468.4890633745,2944.4587590083343,56847.91943568965,14364.71531137792,71212.63474706757,8939.156199629628,8853.864288305556
A2_dynamic_risk,2025-12-02,2025-12-01,2025-11-04,2025-12-01,0.9,90066.0296961111,3438.0656722750036,57324.3152179225,16752.934517030433,74077.24973495293,8853.864288305556,8690.574701981488
A2_dynamic_risk,2025-12-03,2025-12-02,2025-11-05,2025-12-02,0.9,91559.91141098764,1134.3323291916688,58474.62561376867,5619.11642404208,64093.74203781075,8690.574701981488,8938.511935546296
A2_dynamic_risk,2025-12-04,2025-12-03,2025-11-06,2025-12-03,0.9,92146.29293,2201.9372907500065,59029.99807720983,10831.153745959367,69861.15182316919,8938.511935546296,8830.797702351852
A2_dynamic_risk,2025-12-05,2025-12-04,2025-11-07,2025-12-04,0.9,45845.94564288066,476.3726134999971,24185.30038371528,2409.0968647191517,26594.397248434427,8830.797702351852,8900.65775474074
A2_dynamic_risk,2025-12-06,2025-12-05,2025-11-08,2025-12-05,0.9,46461.25491511317,1072.1277743333349,24419.607112691512,5686.069175155295,30105.67628784681,8900.65775474074,8621.000879833333
A2_dynamic_risk,2025-12-07,2025-12-06,2025-11-09,2025-12-06,0.9,94380.2718510391,27.375708333333023,60557.5696057575,159.01180185416484,60716.581407611666,8621.000879833333,8819.632073703702
A2_dynamic_risk,2025-12-08,2025-12-07,2025-11-10,2025-12-07,0.9,97195.49083774691,0.0,62447.6558569341,0.0,62447.6558569341,8819.632073703702,9067.064320268519
A2_dynamic_risk,2025-12-09,2025-12-08,2025-11-11,2025-12-08,0.9,97246.83182492798,44.082704166666986,62594.092063886725,256.94594938958517,62851.03801327631,9067.064320268519,8981.918330305556
A2_dynamic_risk,2025-12-10,2025-12-09,2025-11-12,2025-12-09,0.9,97370.43791577159,0.0,62615.57231032769,0.0,62615.57231032769,8981.918330305556,9025.341574564813
A2_dynamic_risk,2025-12-11,2025-12-10,2025-11-13,2025-12-10,0.9,97787.14785409466,0.0,63027.168464501076,0.0,63027.168464501076,9025.341574564813,9090.964121685183
A2_dynamic_risk,2025-12-12,2025-12-11,2025-11-14,2025-12-11,0.9,50681.85268458848,0.0,26751.109145793125,0.0,26751.109145793125,9090.964121685183,9108.72496926852
A2_dynamic_risk,2025-12-13,2025-12-12,2025-11-15,2025-12-12,0.9,51715.12303096708,0.0,27236.638351587942,0.0,27236.638351587942,9108.72496926852,9200.714860981481
A2_dynamic_risk,2025-12-14,2025-12-13,2025-11-16,2025-12-13,0.9,98371.82699437242,0.0,63447.502700156154,0.0,63447.502700156154,9200.714860981481,9040.34114200926
A2_dynamic_risk,2025-12-15,2025-12-14,2025-11-17,2025-12-14,0.9,100735.52180509259,0.0,64928.18844787092,0.0,64928.18844787092,9040.34114200926,9223.35178901852
A2_dynamic_risk,2025-12-16,2025-12-15,2025-11-18,2025-12-15,0.9,100895.6082898251,0.0,65225.53808232144,0.0,65225.53808232144,9223.35178901852,9105.665835203707
A2_dynamic_risk,2025-12-17,2025-12-16,2025-11-19,2025-12-16,0.9,101203.40425734568,0.0,65252.10617015444,0.0,65252.10617015444,9105.665835203707,9167.859502722227
A2_dynamic_risk,2025-12-18,2025-12-17,2025-11-20,2025-12-17,0.9,100659.4136784465,0.0,65094.45830916414,0.0,65094.45830916414,9167.859502722227,9178.667014287039
A2_dynamic_risk,2025-12-19,2025-12-18,2025-11-21,2025-12-18,0.9,53951.5783584465,0.0,28716.982225368207,0.0,28716.982225368207,9178.667014287039,9102.404252111111
A2_dynamic_risk,2025-12-20,2025-12-19,2025-11-22,2025-12-19,0.9,54347.33692760288,0.0,28879.10988903227,0.0,28879.10988903227,9102.404252111111,9306.932315481483
A2_dynamic_risk,2025-12-21,2025-12-20,2025-11-23,2025-12-20,0.9,100344.16077602882,0.0,64933.353034255284,0.0,64933.353034255284,9306.932315481483,9190.960070648152
A2_dynamic_risk,2025-12-22,2025-12-21,2025-11-24,2025-12-21,0.9,101704.68533674898,0.0,65694.99982221113,0.0,65694.99982221113,9190.960070648152,8937.253459305555
A2_dynamic_risk,2025-12-23,2025-12-22,2025-11-25,2025-12-22,0.9,102297.75271104938,0.0,66212.0112562677,0.0,66212.0112562677,8937.253459305555,9318.105468592594
A2_dynamic_risk,2025-12-24,2025-12-23,2025-11-26,2025-12-23,0.9,101579.15593600823,0.0,65571.10697084616,0.0,65571.10697084616,9318.105468592594,9035.93361957407
A2_dynamic_risk,2025-12-25,2025-12-24,2025-11-27,2025-12-24,0.9,101526.84115186214,0.0,65644.80206030428,0.0,65644.80206030428,9035.93361957407,9077.139687907405
A2_dynamic_risk,2025-12-26,2025-12-25,2025-11-28,2025-12-25,0.9,55081.87529914609,0.0,29396.795181068643,0.0,29396.795181068643,9077.139687907405,9644.382238925926
A2_dynamic_risk,2025-12-27,2025-12-26,2025-11-29,2025-12-26,0.9,54586.682264115225,0.0,29124.651362065004,0.0,29124.651362065004,9644.382238925926,9416.503900212963
A2_dynamic_risk,2025-12-28,2025-12-27,2025-11-30,2025-12-27,0.9,101424.65139281892,0.0,65747.37158474655,0.0,65747.37158474655,9416.503900212963,9435.31467912963
A2_dynamic_risk,2025-12-29,2025-12-28,2025-12-01,2025-12-28,0.9,102071.33758652263,0.0,66094.37284875952,0.0,66094.37284875952,9435.31467912963,9136.160473814814
A2_dynamic_risk,2025-12-30,2025-12-29,2025-12-02,2025-12-29,0.9,102249.31417465021,0.0,66114.48204096332,0.0,66114.48204096332,9136.160473814814,9264.100809129626
A2_dynamic_risk,2025-12-31,2025-12-30,2025-12-03,2025-12-30,0.8,98906.1446526749,0.0,63649.20729042193,0.0,63649.20729042193,9264.100809129626,8687.221346962964
A3_dynamic_plus_terminal_value,2025-02-01,2025-01-31,2025-01-04,2025-01-31,0.8,49651.77086100549,0.0,25636.21824942787,0.0,25636.21824942787,6000.0,9758.412549712346
A3_dynamic_plus_terminal_value,2025-02-02,2025-02-01,2025-01-05,2025-02-01,0.7,89727.4513243251,0.0,56855.00682400066,0.0,56855.00682400066,9758.412549712346,9303.149173364196
A3_dynamic_plus_terminal_value,2025-02-03,2025-02-02,2025-01-06,2025-02-02,0.7,89060.81289811112,0.0,56198.20912533566,0.0,56198.20912533566,9303.149173364196,9199.778057435806
A3_dynamic_plus_terminal_value,2025-02-04,2025-02-03,2025-01-07,2025-02-03,0.8,91343.08779281618,0.0,57768.21656620757,0.0,57768.21656620757,9199.778057435806,9481.523292517284
A3_dynamic_plus_terminal_value,2025-02-05,2025-02-04,2025-01-08,2025-02-04,0.8,91206.95957368589,0.0,57814.89399897045,0.0,57814.89399897045,9481.523292517284,9483.27935227284
A3_dynamic_plus_terminal_value,2025-02-06,2025-02-05,2025-01-09,2025-02-05,0.8,91278.90467506036,21.196847666666372,57922.870364082206,123.72250572816495,58046.592869810374,9483.27935227284,9425.868291534569
A3_dynamic_plus_terminal_value,2025-02-07,2025-02-06,2025-01-10,2025-02-06,0.8,44472.66731217271,0.0,23097.010041582464,0.0,23097.010041582464,9425.868291534569,9283.387921450614
A3_dynamic_plus_terminal_value,2025-02-08,2025-02-07,2025-01-11,2025-02-07,0.7,41183.62525460631,0.0,21308.394503071406,0.0,21308.394503071406,9283.387921450614,9200.045405181478
A3_dynamic_plus_terminal_value,2025-02-09,2025-02-08,2025-01-12,2025-02-08,0.7,87018.12579339849,0.0,54768.88699281879,0.0,54768.88699281879,9200.045405181478,8977.065902567896
A3_dynamic_plus_terminal_value,2025-02-10,2025-02-09,2025-01-13,2025-02-09,0.7,87177.10659171604,0.0,54720.34972812385,0.0,54720.34972812385,8977.065902567896,8930.174172469135
A3_dynamic_plus_terminal_value,2025-02-11,2025-02-10,2025-01-14,2025-02-10,0.7,85594.08978689986,0.0,53497.93626668014,0.0,53497.93626668014,8930.174172469135,8780.7209387963
A3_dynamic_plus_terminal_value,2025-02-12,2025-02-11,2025-01-15,2025-02-11,0.7,84764.43437956105,0.0,52907.451185490616,0.0,52907.451185490616,8780.7209387963,8861.568928913577
A3_dynamic_plus_terminal_value,2025-02-13,2025-02-12,2025-01-16,2025-02-12,0.7,83740.05753253773,0.0,52486.11750306832,0.0,52486.11750306832,8861.568928913577,8320.479153925924
A3_dynamic_plus_terminal_value,2025-02-14,2025-02-13,2025-01-17,2025-02-13,0.7,37161.399015360774,0.0,19303.681899850242,0.0,19303.681899850242,8320.479153925924,8030.881301592591
A3_dynamic_plus_terminal_value,2025-02-15,2025-02-14,2025-01-18,2025-02-14,0.7,37521.03781698835,0.0,19384.16750112888,0.0,19384.16750112888,8030.881301592591,8609.692105140126
A3_dynamic_plus_terminal_value,2025-02-16,2025-02-15,2025-01-19,2025-02-15,0.7,80952.79187925206,13.903166666666607,50136.9815836013,63.25245674999973,50200.23404035129,8609.692105140126,8688.87340322346
A3_dynamic_plus_terminal_value,2025-02-17,2025-02-16,2025-01-20,2025-02-16,0.7,81131.63069150728,6.798765277778671,50195.19439597093,47.428186577784004,50242.62258254872,8688.87340322346,8647.385688583332
A3_dynamic_plus_terminal_value,2025-02-18,2025-02-17,2025-01-21,2025-02-17,0.7,80161.96985919742,8.57666666666671,49412.77913435335,39.0195450000002,49451.79867935336,8647.385688583332,8817.047084071606
A3_dynamic_plus_terminal_value,2025-02-19,2025-02-18,2025-01-22,2025-02-18,0.7,80071.39825049933,75.02550527777532,49395.24700698097,346.9093992281776,49742.15640620915,8817.047084071606,8456.205895467901
A3_dynamic_plus_terminal_value,2025-02-20,2025-02-19,2025-01-23,2025-02-19,0.7,78666.18392209185,11.991848777777818,48754.51820734938,56.169819675111306,48810.68802702449,8456.205895467901,7557.778369198767
A3_dynamic_plus_terminal_value,2025-02-21,2025-02-20,2025-01-24,2025-02-20,0.7,35114.36974872222,0.0,18178.144974008177,0.0,18178.144974008177,7557.778369198767,7241.840995425312
A3_dynamic_plus_terminal_value,2025-02-22,2025-02-21,2025-01-25,2025-02-21,0.7,36488.7431702133,56.45778330555612,18668.197632378644,345.12642934686454,19013.324061725507,7241.840995425312,8570.719562728395
A3_dynamic_plus_terminal_value,2025-02-23,2025-02-22,2025-01-26,2025-02-22,0.8,79464.9605579518,0.0,49008.37475784063,0.0,49008.37475784063,8570.719562728395,8741.617012558027
A3_dynamic_plus_terminal_value,2025-02-24,2025-02-23,2025-01-27,2025-02-23,0.7,77349.14981441839,159.8037432555542,47489.17210815644,960.1434390091899,48449.31554716563,8741.617012558027,8648.987936091358
A3_dynamic_plus_terminal_value,2025-02-25,2025-02-24,2025-01-28,2025-02-24,0.8,78559.28536962825,28.528566666666734,48278.423560067655,128.56495738333362,48406.98851745098,8648.987936091358,8791.69893821605
A3_dynamic_plus_terminal_value,2025-02-26,2025-02-25,2025-01-29,2025-02-25,0.7,75616.45681381071,83.19311189111443,46294.26353435448,580.3551485524142,46874.61868290689,8791.69893821605,8652.995601200002
A3_dynamic_plus_terminal_value,2025-02-27,2025-02-26,2025-01-30,2025-02-26,0.8,75131.95372325514,32.718067405557306,46376.95637859843,157.8692718811948,46534.82565047962,8652.995601200002,7199.580346462964
A3_dynamic_plus_terminal_value,2025-02-28,2025-02-27,2025-01-31,2025-02-27,0.8,34438.24055380658,0.0,17865.941463642434,0.0,17865.941463642434,7199.580346462964,6966.689914777783
A3_dynamic_plus_terminal_value,2025-03-01,2025-02-28,2025-02-01,2025-02-28,0.8,36583.818605829896,0.0,18793.69774860025,0.0,18793.69774860025,6966.689914777783,9007.423430055556
A3_dynamic_plus_terminal_value,2025-03-02,2025-03-01,2025-02-02,2025-03-01,0.8,75217.88136993827,2525.0039012111138,46119.22638456094,17009.91271195237,63129.13909651331,9007.423430055556,8576.88834
A3_dynamic_plus_terminal_value,2025-03-03,2025-03-02,2025-02-03,2025-03-02,0.8,77287.76517822777,884.2697613833392,47360.49133746387,5955.686303214931,53316.17764067881,8576.88834,8596.808268351853
A3_dynamic_plus_terminal_value,2025-03-04,2025-03-03,2025-02-04,2025-03-03,0.8,78707.62959877572,0.0,48460.435188525094,0.0,48460.435188525094,8596.808268351853,8674.52932312963
A3_dynamic_plus_terminal_value,2025-03-05,2025-03-04,2025-02-05,2025-03-04,0.8,79610.56182485596,0.0,49023.14272104886,0.0,49023.14272104886,8674.52932312963,8784.112932438271
A3_dynamic_plus_terminal_value,2025-03-06,2025-03-05,2025-02-06,2025-03-05,0.8,76916.38990239368,0.0,47892.47212405714,0.0,47892.47212405714,8784.112932438271,6874.017800061728
A3_dynamic_plus_terminal_value,2025-03-07,2025-03-06,2025-02-07,2025-03-06,0.8,33073.21535296982,0.0,17178.490389539293,0.0,17178.490389539293,6874.017800061728,6412.440742685184
A3_dynamic_plus_terminal_value,2025-03-08,2025-03-07,2025-02-08,2025-03-07,0.8,35674.04072718794,0.0,18306.91573731166,0.0,18306.91573731166,6412.440742685184,8987.128022660498
A3_dynamic_plus_terminal_value,2025-03-09,2025-03-08,2025-02-09,2025-03-08,0.8,74384.40340194944,0.0,45454.30442450596,0.0,45454.30442450596,8987.128022660498,8802.49194312963
A3_dynamic_plus_terminal_value,2025-03-10,2025-03-09,2025-02-10,2025-03-09,0.8,73161.35969890947,0.0,44600.71244210246,0.0,44600.71244210246,8802.49194312963,8824.805985320987
A3_dynamic_plus_terminal_value,2025-03-11,2025-03-10,2025-02-11,2025-03-10,0.8,73901.4023812277,0.0,44957.9821244685,0.0,44957.9821244685,8824.805985320987,8751.626758074077
A3_dynamic_plus_terminal_value,2025-03-12,2025-03-11,2025-02-12,2025-03-11,0.8,73616.50708556926,0.0,44784.730558797986,0.0,44784.730558797986,8751.626758074077,8670.440036543212
A3_dynamic_plus_terminal_value,2025-03-13,2025-03-12,2025-02-13,2025-03-12,0.8,68590.89643535666,426.34438373333177,42289.06725469291,2964.154887358722,45253.222142051636,8670.440036543212,5528.445914845679
A3_dynamic_plus_terminal_value,2025-03-14,2025-03-13,2025-02-14,2025-03-13,0.9,32393.592499694787,0.0,16835.222046621526,0.0,16835.222046621526,5528.445914845679,5964.042069864196
A3_dynamic_plus_terminal_value,2025-03-15,2025-03-14,2025-02-15,2025-03-14,0.9,35382.88861073334,0.0,18198.815769963225,0.0,18198.815769963225,5964.042069864196,8856.481107589509
A3_dynamic_plus_terminal_value,2025-03-16,2025-03-15,2025-02-16,2025-03-15,0.9,73395.85876450274,1.6400000000001,44648.074016513485,7.461180000000455,44655.53519651349,8856.481107589509,9291.799213314818
A3_dynamic_plus_terminal_value,2025-03-17,2025-03-16,2025-02-17,2025-03-16,0.9,72642.98693561729,0.0,44199.534761617295,0.0,44199.534761617295,9291.799213314818,9224.677589608025
A3_dynamic_plus_terminal_value,2025-03-18,2025-03-17,2025-02-18,2025-03-17,0.9,71788.33364743141,0.0,43532.45311129473,0.0,43532.45311129473,9224.677589608025,9165.307962222221
A3_dynamic_plus_terminal_value,2025-03-19,2025-03-18,2025-02-19,2025-03-18,0.9,71036.11480286007,0.0,43111.529822575605,0.0,43111.529822575605,9165.307962222221,9262.696569138887
A3_dynamic_plus_terminal_value,2025-03-20,2025-03-19,2025-02-20,2025-03-19,0.9,66197.73418655693,0.0,41018.96131975066,0.0,41018.96131975066,9262.696569138887,5398.761614453704
A3_dynamic_plus_terminal_value,2025-03-21,2025-03-20,2025-02-21,2025-03-20,0.9,30343.901068947187,0.0,15832.654389092579,0.0,15832.654389092579,5398.761614453704,5081.168684311728
A3_dynamic_plus_terminal_value,2025-03-22,2025-03-21,2025-02-22,2025-03-21,0.9,35037.10846527092,0.0,17861.205794437257,0.0,17861.205794437257,5081.168684311728,9462.049011391971
A3_dynamic_plus_terminal_value,2025-03-23,2025-03-22,2025-02-23,2025-03-22,0.9,68284.60084878259,0.0,41483.507891207024,0.0,41483.507891207024,9462.049011391971,8960.44624328704
A3_dynamic_plus_terminal_value,2025-03-24,2025-03-23,2025-02-24,2025-03-23,0.9,68128.16946324073,0.0,41223.81165010265,0.0,41223.81165010265,8960.44624328704,9217.322127253086
A3_dynamic_plus_terminal_value,2025-03-25,2025-03-24,2025-02-25,2025-03-24,0.9,67339.94123354595,0.0,40658.060360767246,0.0,40658.060360767246,9217.322127253086,8867.12051052778
A3_dynamic_plus_terminal_value,2025-03-26,2025-03-25,2025-02-26,2025-03-25,0.9,67647.51949340534,0.0,40774.65098866554,0.0,40774.65098866554,8867.12051052778,9002.77860587963
A3_dynamic_plus_terminal_value,2025-03-27,2025-03-26,2025-02-27,2025-03-26,0.9,62518.7180824074,0.0,38638.471039309516,0.0,38638.471039309516,9002.77860587963,4841.774449314816
A3_dynamic_plus_terminal_value,2025-03-28,2025-03-27,2025-02-28,2025-03-27,0.9,29367.53812090535,0.0,15177.534372927552,0.0,15177.534372927552,4841.774449314816,4945.994722740741
A3_dynamic_plus_terminal_value,2025-03-29,2025-03-28,2025-03-01,2025-03-28,0.9,34266.75721703333,0.0,17276.794234805762,0.0,17276.794234805762,4945.994722740741,9271.717861416671
A3_dynamic_plus_terminal_value,2025-03-30,2025-03-29,2025-03-02,2025-03-29,0.9,64598.51080164607,0.0,39007.255204074136,0.0,39007.255204074136,9271.717861416671,9181.68437572222
A3_dynamic_plus_terminal_value,2025-03-31,2025-03-30,2025-03-03,2025-03-30,0.9,63494.46695547325,0.0,38267.42003069992,0.0,38267.42003069992,9181.68437572222,8954.082699962966
A3_dynamic_plus_terminal_value,2025-04-01,2025-03-31,2025-03-04,2025-03-31,0.9,64424.702608868305,0.0,38694.53589032416,0.0,38694.53589032416,8954.082699962966,8922.472758388889
A3_dynamic_plus_terminal_value,2025-04-02,2025-04-01,2025-03-05,2025-04-01,0.9,65004.3014016358,1527.972869166668,38870.40251166842,7604.210374029173,46474.61288569759,8922.472758388889,8993.886979092591
A3_dynamic_plus_terminal_value,2025-04-03,2025-04-02,2025-03-06,2025-04-02,0.9,60848.00491526749,0.0,37322.69723076048,0.0,37322.69723076048,8993.886979092591,4380.916481824077
A3_dynamic_plus_terminal_value,2025-04-04,2025-04-03,2025-03-07,2025-04-03,0.9,28705.502353528806,0.0,14774.815135250452,0.0,14774.815135250452,4380.916481824077,4676.918334055556
A3_dynamic_plus_terminal_value,2025-04-05,2025-04-04,2025-03-08,2025-04-04,0.9,34073.60577018333,0.0,17060.367375354548,0.0,17060.367375354548,4676.918334055556,9192.468954648146
A3_dynamic_plus_terminal_value,2025-04-06,2025-04-05,2025-03-09,2025-04-05,0.9,66094.2407575,0.0,39473.25356499597,0.0,39473.25356499597,9192.468954648146,8974.140529657408
A3_dynamic_plus_terminal_value,2025-04-07,2025-04-06,2025-03-10,2025-04-06,0.9,64823.76245368311,0.0,38683.85756470825,0.0,38683.85756470825,8974.140529657408,9185.613899120373
A3_dynamic_plus_terminal_value,2025-04-08,2025-04-07,2025-03-11,2025-04-07,0.9,63914.459998966566,0.0,38192.577408826175,0.0,38192.577408826175,9185.613899120373,8880.01100896296
A3_dynamic_plus_terminal_value,2025-04-09,2025-04-08,2025-03-12,2025-04-08,0.9,64004.66817968107,0.0,38192.411817222914,0.0,38192.411817222914,8880.01100896296,8846.972969101858
A3_dynamic_plus_terminal_value,2025-04-10,2025-04-09,2025-03-13,2025-04-09,0.9,60311.90648789845,0.0,36880.77704750109,0.0,36880.77704750109,8846.972969101858,4372.151615222221
A3_dynamic_plus_terminal_value,2025-04-11,2025-04-10,2025-03-14,2025-04-10,0.9,28191.700324324687,0.0,14398.867073227993,0.0,14398.867073227993,4372.151615222221,4402.613571231476
A3_dynamic_plus_terminal_value,2025-04-12,2025-04-11,2025-03-15,2025-04-11,0.9,33969.029284225006,0.0,16883.852618034813,0.0,16883.852618034813,4402.613571231476,9371.286362666666
A3_dynamic_plus_terminal_value,2025-04-13,2025-04-12,2025-03-16,2025-04-12,0.9,64052.663936080244,0.0,38144.066309238246,0.0,38144.066309238246,9371.286362666666,9172.210702722225
A3_dynamic_plus_terminal_value,2025-04-14,2025-04-13,2025-03-17,2025-04-13,0.9,63867.846721347734,0.0,37843.94606393281,0.0,37843.94606393281,9172.210702722225,8899.674623074074
A3_dynamic_plus_terminal_value,2025-04-15,2025-04-14,2025-03-18,2025-04-14,0.9,63425.87128869341,0.0,37720.64605498768,0.0,37720.64605498768,8899.674623074074,9161.07519721296
A3_dynamic_plus_terminal_value,2025-04-16,2025-04-15,2025-03-19,2025-04-15,0.9,62261.639879763374,0.0,37061.392556320956,0.0,37061.392556320956,9161.07519721296,9075.803566777779
A3_dynamic_plus_terminal_value,2025-04-17,2025-04-16,2025-03-20,2025-04-16,0.9,57709.79164217078,0.0,35260.08997784661,0.0,35260.08997784661,9075.803566777779,4175.203233259259
A3_dynamic_plus_terminal_value,2025-04-18,2025-04-17,2025-03-21,2025-04-17,0.9,27421.893503862964,0.0,13894.651021032281,0.0,13894.651021032281,4175.203233259259,4347.942358712964
A3_dynamic_plus_terminal_value,2025-04-19,2025-04-18,2025-03-22,2025-04-18,0.9,33048.15040299167,0.0,16218.216916639167,0.0,16218.216916639167,4347.942358712964,9393.204260287033
A3_dynamic_plus_terminal_value,2025-04-20,2025-04-19,2025-03-23,2025-04-19,0.9,62282.07694830247,0.0,36987.38111941416,0.0,36987.38111941416,9393.204260287033,9367.053613509263
A3_dynamic_plus_terminal_value,2025-04-21,2025-04-20,2025-03-24,2025-04-20,0.9,62764.293683837444,0.0,37135.39181696631,0.0,37135.39181696631,9367.053613509263,8985.202793777777
A3_dynamic_plus_terminal_value,2025-04-22,2025-04-21,2025-03-25,2025-04-21,0.9,61629.31067606996,0.0,36676.02691276265,0.0,36676.02691276265,8985.202793777777,9179.511600194444
A3_dynamic_plus_terminal_value,2025-04-23,2025-04-22,2025-03-26,2025-04-22,0.9,61574.92501770576,0.0,36512.728749094436,0.0,36512.728749094436,9179.511600194444,9288.838711370368
A3_dynamic_plus_terminal_value,2025-04-24,2025-04-23,2025-03-27,2025-04-23,0.9,54634.48174832304,0.0,33522.40548667824,0.0,33522.40548667824,9288.838711370368,3659.4387919166725
A3_dynamic_plus_terminal_value,2025-04-25,2025-04-24,2025-03-28,2025-04-24,0.9,26431.290248622732,0.0,13174.975295014985,0.0,13174.975295014985,3659.4387919166725,3532.876937722226
A3_dynamic_plus_terminal_value,2025-04-26,2025-04-25,2025-03-29,2025-04-25,0.9,32839.26971438333,0.0,15808.827253472677,0.0,15808.827253472677,3532.876937722226,9076.845303444443
A3_dynamic_plus_terminal_value,2025-04-27,2025-04-26,2025-03-30,2025-04-26,0.9,58133.3408821287,173.93928122747025,34399.490215248166,1213.4004258428324,35612.890641091,9076.845303444443,8750.40822861111
A3_dynamic_plus_terminal_value,2025-04-28,2025-04-27,2025-03-31,2025-04-27,0.9,58497.25095072377,2574.0210310666635,34695.75574251846,17453.911641127328,52149.667383645785,8750.40822861111,8777.14745775
A3_dynamic_plus_terminal_value,2025-04-29,2025-04-28,2025-04-01,2025-04-28,0.9,59523.67564761317,0.0,35373.78915431551,0.0,35373.78915431551,8777.14745775,9156.851233018522
A3_dynamic_plus_terminal_value,2025-04-30,2025-04-29,2025-04-02,2025-04-29,0.9,59568.98838908435,0.0,35504.370670745804,0.0,35504.370670745804,9156.851233018522,8959.783360138888
A3_dynamic_plus_terminal_value,2025-05-01,2025-04-30,2025-04-03,2025-04-30,0.9,52928.24244373457,1386.5329421249985,32822.21221337764,8811.132652622158,41633.344865999796,8959.783360138888,1974.591001888889
A3_dynamic_plus_terminal_value,2025-05-02,2025-05-01,2025-04-04,2025-05-01,0.9,28108.83444325103,1565.6834491666673,13956.981981269368,9583.595361728338,23540.577342997705,1974.591001888889,2304.648447
A3_dynamic_plus_terminal_value,2025-05-03,2025-05-02,2025-04-05,2025-05-02,0.9,34626.26260645062,1130.1630658333274,16754.28469503121,6459.768810937876,23214.05350596908,2304.648447,8464.828943120368
A3_dynamic_plus_terminal_value,2025-05-04,2025-05-03,2025-04-06,2025-05-03,0.9,61794.406781718106,1042.7601474999988,36567.5114968195,6501.300856295409,43068.8123531149,8464.828943120368,8326.282383277778
A3_dynamic_plus_terminal_value,2025-05-05,2025-05-04,2025-04-07,2025-05-04,0.9,62952.201058775725,1040.6634549999985,37107.43314704174,6861.279133773323,43968.71228081507,8326.282383277778,8396.25702223148
A3_dynamic_plus_terminal_value,2025-05-06,2025-05-05,2025-04-08,2025-05-05,0.9,63545.68469950618,728.7083933333317,37588.04421168761,4575.95356974999,42163.9977814376,8396.25702223148,8194.019146425926
A3_dynamic_plus_terminal_value,2025-05-07,2025-05-06,2025-04-09,2025-05-06,0.9,64691.35004021605,1047.6751383000042,38132.62223081099,7006.818930485629,45139.44116129662,8194.019146425926,8382.994490592593
A3_dynamic_plus_terminal_value,2025-05-08,2025-05-07,2025-04-10,2025-05-07,0.9,57953.447841059664,106.02534240833367,35997.48891397193,657.7865364037574,36655.27545037569,8382.994490592593,2895.15428562037
A3_dynamic_plus_terminal_value,2025-05-09,2025-05-08,2025-04-11,2025-05-08,0.9,29166.41430884774,0.0,15229.852901375896,0.0,15229.852901375896,2895.15428562037,3389.203106361114
A3_dynamic_plus_terminal_value,2025-05-10,2025-05-09,2025-04-12,2025-05-09,0.9,35412.634304989704,0.0,17976.264280504845,0.0,17976.264280504845,3389.203106361114,8808.379104870366
A3_dynamic_plus_terminal_value,2025-05-11,2025-05-10,2025-04-13,2025-05-10,0.9,65795.1019293107,183.14072999999746,39388.40046132723,1267.674092471649,40656.07455379887,8808.379104870366,8725.89378449074
A3_dynamic_plus_terminal_value,2025-05-12,2025-05-11,2025-04-14,2025-05-11,0.9,66966.90086144896,0.0,39990.984346612015,0.0,39990.984346612015,8725.89378449074,9025.462909055557
A3_dynamic_plus_terminal_value,2025-05-13,2025-05-12,2025-04-15,2025-05-12,0.9,65957.0499617181,0.0,39449.05034880423,0.0,39449.05034880423,9025.462909055557,8932.374880324078
A3_dynamic_plus_terminal_value,2025-05-14,2025-05-13,2025-04-16,2025-05-13,0.9,65880.00113660494,0.0,39446.545283409265,0.0,39446.545283409265,8932.374880324078,9081.656935046298
A3_dynamic_plus_terminal_value,2025-05-15,2025-05-14,2025-04-17,2025-05-14,0.9,58720.96167805555,0.0,36855.735144010265,0.0,36855.735144010265,9081.656935046298,3825.5262290648166
A3_dynamic_plus_terminal_value,2025-05-16,2025-05-15,2025-04-18,2025-05-15,0.9,28119.117684819033,0.0,15236.66355584891,0.0,15236.66355584891,3825.5262290648166,3438.854879972223
A3_dynamic_plus_terminal_value,2025-05-17,2025-05-16,2025-04-19,2025-05-16,0.9,35556.402505525,0.0,18425.045291632465,0.0,18425.045291632465,3438.854879972223,9392.046376361113
A3_dynamic_plus_terminal_value,2025-05-18,2025-05-17,2025-04-20,2025-05-17,0.9,64058.91453943415,0.0,38986.97488515092,0.0,38986.97488515092,9392.046376361113,9583.659488462961
A3_dynamic_plus_terminal_value,2025-05-19,2025-05-18,2025-04-21,2025-05-18,0.9,64098.34165696502,67.00333333333344,38832.26893452188,451.90398166666745,39284.172916188545,9583.659488462961,9276.151665555557
A3_dynamic_plus_terminal_value,2025-05-20,2025-05-19,2025-04-22,2025-05-19,0.9,63343.720204547324,0.0,38472.762026910386,0.0,38472.762026910386,9276.151665555557,9303.742466064816
A3_dynamic_plus_terminal_value,2025-05-21,2025-05-20,2025-04-23,2025-05-20,0.9,63768.8762874074,0.0,38672.35870737883,0.0,38672.35870737883,9303.742466064816,9408.566361638894
A3_dynamic_plus_terminal_value,2025-05-22,2025-05-21,2025-04-24,2025-05-21,0.9,56961.878198148144,0.0,36155.32094903334,0.0,36155.32094903334,9408.566361638894,3938.110559462963
A3_dynamic_plus_terminal_value,2025-05-23,2025-05-22,2025-04-25,2025-05-22,0.9,27954.136482985392,0.0,15376.098201527326,0.0,15376.098201527326,3938.110559462963,4099.322870324078
A3_dynamic_plus_terminal_value,2025-05-24,2025-05-23,2025-04-26,2025-05-23,0.9,35383.52181920833,0.0,18654.577918655166,0.0,18654.577918655166,4099.322870324078,10184.255161435185
A3_dynamic_plus_terminal_value,2025-05-25,2025-05-24,2025-04-27,2025-05-24,0.9,63168.72155998972,0.0,38850.494245893104,0.0,38850.494245893104,10184.255161435185,9761.805868972224
A3_dynamic_plus_terminal_value,2025-05-26,2025-05-25,2025-04-28,2025-05-25,0.9,62110.19716895061,0.0,38234.323813466435,0.0,38234.323813466435,9761.805868972224,9832.500955203705
A3_dynamic_plus_terminal_value,2025-05-27,2025-05-26,2025-04-29,2025-05-26,0.9,63177.71487193415,0.0,38739.635806274215,0.0,38739.635806274215,9832.500955203705,9631.56140837963
A3_dynamic_plus_terminal_value,2025-05-28,2025-05-27,2025-04-30,2025-05-27,0.9,62986.80377688271,0.0,38548.559550637954,0.0,38548.559550637954,9631.56140837963,9894.345039861115
A3_dynamic_plus_terminal_value,2025-05-29,2025-05-28,2025-05-01,2025-05-28,0.9,55402.044306769545,11.61212166666678,35288.41805882535,78.06248790416744,35366.480546729515,9894.345039861115,3888.3831486296317
A3_dynamic_plus_terminal_value,2025-05-30,2025-05-29,2025-05-02,2025-05-29,0.9,28373.62279612016,0.0,15632.578807727088,0.0,15632.578807727088,3888.3831486296317,4424.4087630462955
A3_dynamic_plus_terminal_value,2025-05-31,2025-05-30,2025-05-03,2025-05-30,0.9,35526.713609925,0.0,18835.91090376991,0.0,18835.91090376991,4424.4087630462955,10248.295842333328
A3_dynamic_plus_terminal_value,2025-06-01,2025-05-31,2025-05-04,2025-05-31,0.9,64562.941311409464,7379.589573808329,39598.10342092882,47865.79573826097,87463.89915918976,10248.295842333328,7939.601789324073
A3_dynamic_plus_terminal_value,2025-06-02,2025-06-01,2025-05-05,2025-06-01,0.9,70088.66594723251,4382.276627074997,42369.70619957439,29338.929211215567,71708.63541078997,7939.601789324073,7897.295772055555
A3_dynamic_plus_terminal_value,2025-06-03,2025-06-02,2025-05-06,2025-06-02,0.9,72931.13650110463,1307.6758351333258,44411.34544351617,8111.091976832836,52522.437420349,7897.295772055555,8101.708300990741
A3_dynamic_plus_terminal_value,2025-06-04,2025-06-03,2025-05-07,2025-06-03,0.9,74417.90444645277,515.0475881916635,45487.86465303348,3385.5423438421876,48873.40699687567,8101.708300990741,8119.707668648148
A3_dynamic_plus_terminal_value,2025-06-05,2025-06-04,2025-05-08,2025-06-04,0.9,69787.72279526747,903.884207449997,44124.59916087013,6104.102617806501,50228.70177867664,8119.707668648148,2002.4165253888884
A3_dynamic_plus_terminal_value,2025-06-06,2025-06-05,2025-05-09,2025-06-05,0.9,33904.3873377572,2346.653841691663,18799.014513953505,15288.569636327788,34087.58415028129,2002.4165253888884,2473.822555703703
A3_dynamic_plus_terminal_value,2025-06-07,2025-06-06,2025-05-10,2025-06-06,0.9,41140.24209401235,510.31305839999806,22216.304565627408,3559.9438953983863,25776.248461025796,2473.822555703703,8550.115734074074
A3_dynamic_plus_terminal_value,2025-06-08,2025-06-07,2025-05-11,2025-06-07,0.9,85727.9458537963,6.619385833333354,53764.25600363969,44.7440244329168,53809.0000280726,8550.115734074074,9163.611111018517
A3_dynamic_plus_terminal_value,2025-06-09,2025-06-08,2025-05-12,2025-06-08,0.9,83797.20777843622,3.3400000000001455,52584.27746870282,22.514940000000983,52606.79240870282,9163.611111018517,8910.070424175927
A3_dynamic_plus_terminal_value,2025-06-10,2025-06-09,2025-05-13,2025-06-09,0.9,84881.52836471194,0.0,53373.47645604183,0.0,53373.47645604183,8910.070424175927,9320.192870287037
A3_dynamic_plus_terminal_value,2025-06-11,2025-06-10,2025-05-14,2025-06-10,0.9,84992.23753475309,0.0,53351.68820901618,0.0,53351.68820901618,9320.192870287037,9361.123831990737
A3_dynamic_plus_terminal_value,2025-06-12,2025-06-11,2025-05-15,2025-06-11,0.9,79631.07482487656,0.0,51352.10808941086,0.0,51352.10808941086,9361.123831990737,4751.927892787036
A3_dynamic_plus_terminal_value,2025-06-13,2025-06-12,2025-05-16,2025-06-12,0.9,36465.74351506152,0.0,21458.150009678986,0.0,21458.150009678986,4751.927892787036,4637.979172768519
A3_dynamic_plus_terminal_value,2025-06-14,2025-06-13,2025-05-17,2025-06-13,0.9,44682.59275786008,0.0,25076.03823518985,0.0,25076.03823518985,4637.979172768519,9676.921902898148
A3_dynamic_plus_terminal_value,2025-06-15,2025-06-14,2025-05-18,2025-06-14,0.9,89099.5262586214,0.0,56792.32927363686,0.0,56792.32927363686,9676.921902898148,10354.838673999999
A3_dynamic_plus_terminal_value,2025-06-16,2025-06-15,2025-05-19,2025-06-15,0.9,87792.29357994856,0.0,56084.41993117744,0.0,56084.41993117744,10354.838673999999,10089.745383314817
A3_dynamic_plus_terminal_value,2025-06-17,2025-06-16,2025-05-20,2025-06-16,0.9,87418.53283488684,1.7330833333334112,55596.63849155105,11.683581291667192,55608.32207284272,10089.745383314817,9925.099800703705
A3_dynamic_plus_terminal_value,2025-06-18,2025-06-17,2025-05-21,2025-06-17,0.9,88661.7044069856,0.0,56321.50467317091,0.0,56321.50467317091,9925.099800703705,10201.253387814817
A3_dynamic_plus_terminal_value,2025-06-19,2025-06-18,2025-05-22,2025-06-18,0.9,83558.15798368312,12.659166666666692,54124.35344416466,85.34177208333351,54209.69521624799,10201.253387814817,6580.942673268514
A3_dynamic_plus_terminal_value,2025-06-20,2025-06-19,2025-05-23,2025-06-19,0.9,38820.926256823666,0.0,23063.78816573683,0.0,23063.78816573683,6580.942673268514,6525.30511052778
A3_dynamic_plus_terminal_value,2025-06-21,2025-06-20,2025-05-24,2025-06-20,0.9,43590.096091366664,0.0,25153.67023122422,0.0,25153.67023122422,6525.30511052778,10800.0
A3_dynamic_plus_terminal_value,2025-06-22,2025-06-21,2025-05-25,2025-06-21,0.9,85893.43941780864,0.0,55021.14980771556,0.0,55021.14980771556,10800.0,10558.900143453702
A3_dynamic_plus_terminal_value,2025-06-23,2025-06-22,2025-05-26,2025-06-22,0.9,84703.56563944445,0.0,54040.21073447265,0.0,54040.21073447265,10558.900143453702,10495.593332583334
A3_dynamic_plus_terminal_value,2025-06-24,2025-06-23,2025-05-27,2025-06-23,0.9,83528.84380851852,977.9711299416673,53224.057807500976,4656.0165701757,57880.074377676676,10495.593332583334,10546.708513824078
A3_dynamic_plus_terminal_value,2025-06-25,2025-06-24,2025-05-28,2025-06-24,0.9,85694.10071674897,0.0,54673.63773050975,0.0,54673.63773050975,10546.708513824078,10574.98930436111
A3_dynamic_plus_terminal_value,2025-06-26,2025-06-25,2025-05-29,2025-06-25,0.9,80986.05191717079,0.0,53062.69904754251,0.0,53062.69904754251,10574.98930436111,5865.798912638885
A3_dynamic_plus_terminal_value,2025-06-27,2025-06-26,2025-05-30,2025-06-26,0.9,39241.24554695844,0.0,23340.8321049665,0.0,23340.8321049665,5865.798912638885,7167.440947694447
A3_dynamic_plus_terminal_value,2025-06-28,2025-06-27,2025-05-31,2025-06-27,0.9,43086.216244175,0.0,24881.870398509494,0.0,24881.870398509494,7167.440947694447,10800.0
A3_dynamic_plus_terminal_value,2025-06-29,2025-06-28,2025-06-01,2025-06-28,0.9,86692.0235743107,0.0,55634.94404975459,0.0,55634.94404975459,10800.0,10772.226095907408
A3_dynamic_plus_terminal_value,2025-06-30,2025-06-29,2025-06-02,2025-06-29,0.9,85521.67059519546,0.0,54788.80698565487,0.0,54788.80698565487,10772.226095907408,10497.321467222222
A3_dynamic_plus_terminal_value,2025-07-01,2025-06-30,2025-06-03,2025-06-30,0.9,85613.70618672839,290.0827742833326,54751.40352497465,1614.071763489927,56365.475288464586,10497.321467222222,8311.15368699074
A3_dynamic_plus_terminal_value,2025-07-02,2025-07-01,2025-06-04,2025-07-01,0.9,87241.09103951647,407.79360833333243,55061.38074653772,2599.9602333166613,57661.34097985438,8311.15368699074,8311.855319712964
A3_dynamic_plus_terminal_value,2025-07-03,2025-07-02,2025-06-05,2025-07-02,0.9,79531.08855518518,580.9212169416636,51531.189969277926,3545.655705900044,55076.845675177974,8311.855319712964,2684.881324574073
A3_dynamic_plus_terminal_value,2025-07-04,2025-07-03,2025-06-06,2025-07-03,0.9,39577.76292501029,2127.181864158333,23290.967005705315,10024.140725977955,33315.10773168327,2684.881324574073,2685.753799583334
A3_dynamic_plus_terminal_value,2025-07-05,2025-07-04,2025-06-07,2025-07-04,0.8,43905.18268929012,3843.438698566668,24331.952748361586,19191.987776346752,43523.94052470834,2685.753799583334,8135.356376907408
A3_dynamic_plus_terminal_value,2025-07-06,2025-07-05,2025-06-08,2025-07-05,0.8,76747.13881100822,7254.806804652476,47643.75481178726,45959.63880308233,93603.39361486961,8135.356376907408,8058.151703666667
A3_dynamic_plus_terminal_value,2025-07-07,2025-07-06,2025-06-09,2025-07-06,0.9,82860.35296875144,195.10042804166724,51825.732477682715,1183.615443528169,53009.347921210894,8058.151703666667,8403.70283838889
A3_dynamic_plus_terminal_value,2025-07-08,2025-07-07,2025-06-10,2025-07-07,0.9,89089.2661653858,17.007000000000062,56418.90526202567,114.50813100000043,56533.413393025665,8403.70283838889,9504.826598768523
A3_dynamic_plus_terminal_value,2025-07-09,2025-07-08,2025-06-11,2025-07-08,0.9,86860.6014176854,30.92649166666638,55307.30708234789,208.5205267083314,55515.82760905623,9504.826598768523,9647.053579379628
A3_dynamic_plus_terminal_value,2025-07-10,2025-07-09,2025-06-12,2025-07-09,0.9,81115.82042473025,4.932250000000067,53123.090452446384,33.23568695833379,53156.32613940472,9647.053579379628,4393.034161120373
A3_dynamic_plus_terminal_value,2025-07-11,2025-07-10,2025-06-13,2025-07-10,0.9,43619.39926226533,0.0,26638.734343919466,0.0,26638.734343919466,4393.034161120373,4401.92786223148
A3_dynamic_plus_terminal_value,2025-07-12,2025-07-11,2025-06-14,2025-07-11,0.9,50010.041379824994,0.0,29126.921027463733,0.0,29126.921027463733,4401.92786223148,9515.468276601852
A3_dynamic_plus_terminal_value,2025-07-13,2025-07-12,2025-06-15,2025-07-12,0.9,87917.08184370278,29.505681666666874,55980.650560928494,198.37300967083473,56179.02357059934,9515.468276601852,9596.768789462965
A3_dynamic_plus_terminal_value,2025-07-14,2025-07-13,2025-06-16,2025-07-13,0.9,86806.92336202171,0.0,55105.6025894884,0.0,55105.6025894884,9596.768789462965,9493.886028583336
A3_dynamic_plus_terminal_value,2025-07-15,2025-07-14,2025-06-17,2025-07-14,0.9,91067.92512377573,0.0,58319.50254878432,0.0,58319.50254878432,9493.886028583336,10692.16322702778
A3_dynamic_plus_terminal_value,2025-07-16,2025-07-15,2025-06-18,2025-07-15,0.9,89410.42198746913,0.0,57343.81333844237,0.0,57343.81333844237,10692.16322702778,10524.55293037963
A3_dynamic_plus_terminal_value,2025-07-17,2025-07-16,2025-06-19,2025-07-16,0.9,82848.0297427109,0.0,54396.60082902333,0.0,54396.60082902333,10524.55293037963,5803.0069080185185
A3_dynamic_plus_terminal_value,2025-07-18,2025-07-17,2025-06-20,2025-07-17,0.9,45525.040527001445,0.0,28129.61382563254,0.0,28129.61382563254,5803.0069080185185,5832.8098714537055
A3_dynamic_plus_terminal_value,2025-07-19,2025-07-18,2025-06-21,2025-07-18,0.9,51703.562074025,0.0,30745.331192827238,0.0,30745.331192827238,5832.8098714537055,10202.984677083336
A3_dynamic_plus_terminal_value,2025-07-20,2025-07-19,2025-06-22,2025-07-19,0.9,90397.42343389918,0.0,57977.00778617781,0.0,57977.00778617781,10202.984677083336,10520.472117157407
A3_dynamic_plus_terminal_value,2025-07-21,2025-07-20,2025-06-23,2025-07-20,0.9,90567.34948730968,0.0,58250.11245476613,0.0,58250.11245476613,10520.472117157407,10681.622203712963
A3_dynamic_plus_terminal_value,2025-07-22,2025-07-21,2025-06-24,2025-07-21,0.9,93664.56208254116,0.0,60558.80491724029,0.0,60558.80491724029,10681.622203712963,10800.0
A3_dynamic_plus_terminal_value,2025-07-23,2025-07-22,2025-06-25,2025-07-22,0.9,93752.35346685186,0.0,60589.867277554615,0.0,60589.867277554615,10800.0,10800.0
A3_dynamic_plus_terminal_value,2025-07-24,2025-07-23,2025-06-26,2025-07-23,0.9,87440.8535078321,0.0,57849.50273502515,0.0,57849.50273502515,10800.0,7114.021592324078
A3_dynamic_plus_terminal_value,2025-07-25,2025-07-24,2025-06-27,2025-07-24,0.9,47184.349048328084,0.0,29454.8068372517,0.0,29454.8068372517,7114.021592324078,6876.5364116759265
A3_dynamic_plus_terminal_value,2025-07-26,2025-07-25,2025-06-28,2025-07-25,0.9,53306.859837824995,0.0,32211.536344107502,0.0,32211.536344107502,6876.5364116759265,10800.0
A3_dynamic_plus_terminal_value,2025-07-27,2025-07-26,2025-06-29,2025-07-26,0.9,92817.22366183129,0.0,60083.37580180756,0.0,60083.37580180756,10800.0,10800.0
A3_dynamic_plus_terminal_value,2025-07-28,2025-07-27,2025-06-30,2025-07-27,0.9,92706.92706997943,0.0,59989.27643128448,0.0,59989.27643128448,10800.0,10800.0
A3_dynamic_plus_terminal_value,2025-07-29,2025-07-28,2025-07-01,2025-07-28,0.9,94955.59588170782,0.0,61453.711535322574,0.0,61453.711535322574,10800.0,10800.0
A3_dynamic_plus_terminal_value,2025-07-30,2025-07-29,2025-07-02,2025-07-29,0.9,95453.62830925925,0.0,61700.89315394241,0.0,61700.89315394241,10800.0,10800.0
A3_dynamic_plus_terminal_value,2025-07-31,2025-07-30,2025-07-03,2025-07-30,0.9,90046.09465413581,0.0,59285.30347355371,0.0,59285.30347355371,10800.0,7384.95606840741
A3_dynamic_plus_terminal_value,2025-08-01,2025-07-31,2025-07-04,2025-07-31,0.9,47428.06404623169,0.0,29443.83007052503,0.0,29443.83007052503,7384.95606840741,7297.4950485463005
A3_dynamic_plus_terminal_value,2025-08-02,2025-08-01,2025-07-05,2025-08-01,0.8,49824.379957975,0.0,29823.27443914258,0.0,29823.27443914258,7297.4950485463005,10713.31967877778
A3_dynamic_plus_terminal_value,2025-08-03,2025-08-02,2025-07-06,2025-08-02,0.8,85404.90631203086,0.0,54592.65296720457,0.0,54592.65296720457,10713.31967877778,10015.192985166668
A3_dynamic_plus_terminal_value,2025-08-04,2025-08-03,2025-07-07,2025-08-03,0.8,83696.46254074074,0.0,53281.63229534983,0.0,53281.63229534983,10015.192985166668,10620.907712000002
A3_dynamic_plus_terminal_value,2025-08-05,2025-08-04,2025-07-08,2025-08-04,0.8,81127.59653304526,0.0,51912.122478230136,0.0,51912.122478230136,10620.907712000002,10533.750880425927
A3_dynamic_plus_terminal_value,2025-08-06,2025-08-05,2025-07-09,2025-08-05,0.8,79323.4814625926,0.0,50867.238738865424,0.0,50867.238738865424,10533.750880425927,10464.618095333333
A3_dynamic_plus_terminal_value,2025-08-07,2025-08-06,2025-07-10,2025-08-06,0.8,73056.1056738683,0.0,48268.21736455617,0.0,48268.21736455617,10464.618095333333,5514.964053203703
A3_dynamic_plus_terminal_value,2025-08-08,2025-08-07,2025-07-11,2025-08-07,0.8,43366.43687857757,0.0,26416.8443983775,0.0,26416.8443983775,5514.964053203703,5684.498255425932
A3_dynamic_plus_terminal_value,2025-08-09,2025-08-08,2025-07-12,2025-08-08,0.7,47286.222229283325,0.0,27586.8399306056,0.0,27586.8399306056,5684.498255425932,10011.430859037035
A3_dynamic_plus_terminal_value,2025-08-10,2025-08-09,2025-07-13,2025-08-09,0.7,75000.61945237654,0.0,48246.519283015616,0.0,48246.519283015616,10011.430859037035,9834.666227120371
A3_dynamic_plus_terminal_value,2025-08-11,2025-08-10,2025-07-14,2025-08-10,0.7,75390.33382226338,14.278833333333296,48346.58269794716,96.26075491666641,48442.84345286382,9834.666227120371,9647.937012009263
A3_dynamic_plus_terminal_value,2025-08-12,2025-08-11,2025-07-15,2025-08-11,0.7,74285.50014888014,0.09351333333336243,47554.65326645817,0.6286433833335289,47555.2819098415,9647.937012009263,9330.916828703703
A3_dynamic_plus_terminal_value,2025-08-13,2025-08-12,2025-07-16,2025-08-12,0.7,75698.85438899178,0.0,48326.234695489045,0.0,48326.234695489045,9330.916828703703,9814.49215374074
A3_dynamic_plus_terminal_value,2025-08-14,2025-08-13,2025-07-17,2025-08-13,0.7,69434.35045817902,8.761185833333343,45619.57651587318,61.1180323733334,45680.69454824652,9814.49215374074,4272.781813361112
A3_dynamic_plus_terminal_value,2025-08-15,2025-08-14,2025-07-18,2025-08-14,0.7,41638.26126753261,0.0,25024.779182870636,0.0,25024.779182870636,4272.781813361112,4303.32633876852
A3_dynamic_plus_terminal_value,2025-08-16,2025-08-15,2025-07-19,2025-08-15,0.7,47782.390982608325,0.0,27595.06517563734,0.0,27595.06517563734,4303.32633876852,9712.345124796295
A3_dynamic_plus_terminal_value,2025-08-17,2025-08-16,2025-07-20,2025-08-16,0.7,75147.43711335392,14.461517500000127,48104.73699108536,97.21755139375085,48201.9545424791,9712.345124796295,9666.076624305557
A3_dynamic_plus_terminal_value,2025-08-18,2025-08-17,2025-07-21,2025-08-17,0.7,74575.773640607,46.23601166666663,47628.30441347594,312.0105060274998,47940.314919503435,9666.076624305557,9552.04119150926
A3_dynamic_plus_terminal_value,2025-08-19,2025-08-18,2025-07-22,2025-08-18,0.7,74233.0620354218,38.858330833333184,47557.07984246532,262.06000553249896,47819.13984799782,9552.04119150926,9442.92207310185
A3_dynamic_plus_terminal_value,2025-08-20,2025-08-19,2025-07-23,2025-08-19,0.7,73996.36286367274,2061.503637333334,47400.63342420485,12808.338978609923,60208.972402814776,9442.92207310185,9052.327542583334
A3_dynamic_plus_terminal_value,2025-08-21,2025-08-20,2025-07-24,2025-08-20,0.7,70199.09051816873,0.0,45985.053194209395,0.0,45985.053194209395,9052.327542583334,4813.824885907408
A3_dynamic_plus_terminal_value,2025-08-22,2025-08-21,2025-07-25,2025-08-21,0.7,41803.88325308457,0.0,25003.26637507476,0.0,25003.26637507476,4813.824885907408,4661.773126194444
A3_dynamic_plus_terminal_value,2025-08-23,2025-08-22,2025-07-26,2025-08-22,0.7,47487.325311425,0.0,27478.541814611635,0.0,27478.541814611635,4661.773126194444,9533.994213564814
A3_dynamic_plus_terminal_value,2025-08-24,2025-08-23,2025-07-27,2025-08-23,0.7,77510.67805709876,0.0,49366.577997926826,0.0,49366.577997926826,9533.994213564814,9808.529768712966
A3_dynamic_plus_terminal_value,2025-08-25,2025-08-24,2025-07-28,2025-08-24,0.7,77388.87372097737,0.0,49284.764470969865,0.0,49284.764470969865,9808.529768712966,9527.037081453702
A3_dynamic_plus_terminal_value,2025-08-26,2025-08-25,2025-07-29,2025-08-25,0.7,77289.30685198559,0.0,49343.03170077444,0.0,49343.03170077444,9527.037081453702,9847.95935575
A3_dynamic_plus_terminal_value,2025-08-27,2025-08-26,2025-07-30,2025-08-26,0.7,76646.56826003086,0.0,49139.589816375184,0.0,49139.589816375184,9847.95935575,9485.537999314816
A3_dynamic_plus_terminal_value,2025-08-28,2025-08-27,2025-07-31,2025-08-27,0.7,72019.01114031894,28.300666666666757,47244.706612610105,190.6782806666673,47435.38489327677,9485.537999314816,4863.753417879629
A3_dynamic_plus_terminal_value,2025-08-29,2025-08-28,2025-08-01,2025-08-28,0.7,42458.64527073961,0.0,25577.72249933736,0.0,25577.72249933736,4863.753417879629,5044.1987872499985
A3_dynamic_plus_terminal_value,2025-08-30,2025-08-29,2025-08-02,2025-08-29,0.7,47352.549148975006,0.0,27526.43627397384,0.0,27526.43627397384,5044.1987872499985,9394.476486851854
A3_dynamic_plus_terminal_value,2025-08-31,2025-08-30,2025-08-03,2025-08-30,0.7,77056.82062977366,7.799217499999827,49134.43526886226,52.69541303874883,49187.13068190101,9394.476486851854,9605.459736231483
A3_dynamic_plus_terminal_value,2025-09-01,2025-08-31,2025-08-04,2025-08-31,0.7,76765.03946346708,0.0,48841.46161711843,0.0,48841.46161711843,9605.459736231483,10800.0
A3_dynamic_plus_terminal_value,2025-09-02,2025-09-01,2025-08-05,2025-09-01,0.7,74293.36195968107,0.0,47625.489085872665,0.0,47625.489085872665,10800.0,10800.0
A3_dynamic_plus_terminal_value,2025-09-03,2025-09-02,2025-08-06,2025-09-02,0.7,72889.27918553498,0.0,46904.42292053418,0.0,46904.42292053418,10800.0,10800.0
A3_dynamic_plus_terminal_value,2025-09-04,2025-09-03,2025-08-07,2025-09-03,0.7,67298.55350012345,0.0,44631.03522901104,0.0,44631.03522901104,10800.0,7823.933381620372
A3_dynamic_plus_terminal_value,2025-09-05,2025-09-04,2025-08-08,2025-09-04,0.7,37938.28270283796,0.0,23167.708487866083,0.0,23167.708487866083,7823.933381620372,7958.822069462962
A3_dynamic_plus_terminal_value,2025-09-06,2025-09-05,2025-08-09,2025-09-05,0.7,43335.57833415,0.0,25466.2131189067,0.0,25466.2131189067,7958.822069462962,10800.0
A3_dynamic_plus_terminal_value,2025-09-07,2025-09-06,2025-08-10,2025-09-06,0.7,71471.31075037036,0.0,46199.44619647095,0.0,46199.44619647095,10800.0,10800.0
A3_dynamic_plus_terminal_value,2025-09-08,2025-09-07,2025-08-11,2025-09-07,0.7,66602.19445018518,0.0,42531.92073175168,0.0,42531.92073175168,10800.0,10636.786791212962
A3_dynamic_plus_terminal_value,2025-09-09,2025-09-08,2025-08-12,2025-09-08,0.7,67513.72507650206,0.0,43037.906456944234,0.0,43037.906456944234,10636.786791212962,10556.695060055557
A3_dynamic_plus_terminal_value,2025-09-10,2025-09-09,2025-08-13,2025-09-09,0.7,66874.12339747942,296.376016666666,42703.21134540515,1462.1306876416631,44165.342033046814,10556.695060055557,9526.66107124074
A3_dynamic_plus_terminal_value,2025-09-11,2025-09-10,2025-08-14,2025-09-10,0.7,64685.479154166664,0.0,41943.63289624572,0.0,41943.63289624572,9526.66107124074,6458.129334175924
A3_dynamic_plus_terminal_value,2025-09-12,2025-09-11,2025-08-15,2025-09-11,0.7,34610.78745664908,0.0,20368.84370178982,0.0,20368.84370178982,6458.129334175924,6562.169404425922
A3_dynamic_plus_terminal_value,2025-09-13,2025-09-12,2025-08-16,2025-09-12,0.7,40300.785756850004,0.0,22818.33462198374,0.0,22818.33462198374,6562.169404425922,10800.0
A3_dynamic_plus_terminal_value,2025-09-14,2025-09-13,2025-08-17,2025-09-13,0.7,66706.67035420783,0.0,42673.39587400292,0.0,42673.39587400292,10800.0,10298.408434361112
A3_dynamic_plus_terminal_value,2025-09-15,2025-09-14,2025-08-18,2025-09-14,0.8,67874.6194803601,1.1717666666667128,42699.46733972528,7.89360615000031,42707.360945875276,10298.408434361112,9787.870872037038
A3_dynamic_plus_terminal_value,2025-09-16,2025-09-15,2025-08-19,2025-09-15,0.8,66953.09990831275,0.0,42285.850513307785,0.0,42285.850513307785,9787.870872037038,9497.869740611111
A3_dynamic_plus_terminal_value,2025-09-17,2025-09-16,2025-08-20,2025-09-16,0.8,68184.91730382717,3.0407500000001164,42826.742365267666,13.83389212500053,42840.57625739267,9497.869740611111,9681.588036611112
A3_dynamic_plus_terminal_value,2025-09-18,2025-09-17,2025-08-21,2025-09-17,0.8,63696.322813107,0.0,41066.82569652596,0.0,41066.82569652596,9681.588036611112,5364.706293925926
A3_dynamic_plus_terminal_value,2025-09-19,2025-09-18,2025-08-22,2025-09-18,0.8,34401.30152373827,0.0,19599.003916784437,0.0,19599.003916784437,5364.706293925926,6226.714787796294
A3_dynamic_plus_terminal_value,2025-09-20,2025-09-19,2025-08-23,2025-09-19,0.8,38544.13787598333,0.0,21354.010042430767,0.0,21354.010042430767,6226.714787796294,10131.893746444448
A3_dynamic_plus_terminal_value,2025-09-21,2025-09-20,2025-08-24,2025-09-20,0.8,70242.43819057613,0.0,44253.972631858094,0.0,44253.972631858094,10131.893746444448,9522.384951962964
A3_dynamic_plus_terminal_value,2025-09-22,2025-09-21,2025-08-25,2025-09-21,0.8,68232.78548096708,19.555900000000065,42530.11310543492,131.78740035000044,42661.90050578492,9522.384951962964,8839.972121666666
A3_dynamic_plus_terminal_value,2025-09-23,2025-09-22,2025-08-26,2025-09-22,0.8,69318.88238067902,66.97170953333054,43133.81323668587,322.442444647754,43456.25568133363,8839.972121666666,8769.567616499999
A3_dynamic_plus_terminal_value,2025-09-24,2025-09-23,2025-08-27,2025-09-23,0.8,69569.51417467078,0.0,43209.58988247538,0.0,43209.58988247538,8769.567616499999,9121.509727222225
A3_dynamic_plus_terminal_value,2025-09-25,2025-09-24,2025-08-28,2025-09-24,0.8,64476.53566032923,15.37166666666667,41198.64700573006,103.4974316666667,41302.14443739673,9121.509727222225,4950.364885203707
A3_dynamic_plus_terminal_value,2025-09-26,2025-09-25,2025-08-29,2025-09-25,0.8,33809.76484014403,0.0,18819.232154381363,0.0,18819.232154381363,4950.364885203707,5496.351906648153
A3_dynamic_plus_terminal_value,2025-09-27,2025-09-26,2025-08-30,2025-09-26,0.8,37783.81317401666,0.0,20577.298261047996,0.0,20577.298261047996,5496.351906648153,8737.400393592596
A3_dynamic_plus_terminal_value,2025-09-28,2025-09-27,2025-08-31,2025-09-27,0.8,71159.50247211933,5.868333333333453,44376.133170148634,39.561369166667475,44415.6945393153,8737.400393592596,8904.171146407409
A3_dynamic_plus_terminal_value,2025-09-29,2025-09-28,2025-09-01,2025-09-28,0.8,70354.65329683127,144.96138333333238,43717.24507582228,947.6115378149931,44664.85661363727,8904.171146407409,8599.558341277778
A3_dynamic_plus_terminal_value,2025-09-30,2025-09-29,2025-09-02,2025-09-29,0.8,71365.80773893005,31.411150000000134,44460.370802451755,212.2294349750009,44672.600237426755,8599.558341277778,8767.767208666668
A3_dynamic_plus_terminal_value,2025-10-01,2025-09-30,2025-09-03,2025-09-30,0.9,75397.55702383745,0.0,47123.187538167855,0.0,47123.187538167855,8767.767208666668,10633.616409861113
A3_dynamic_plus_terminal_value,2025-10-02,2025-10-01,2025-09-04,2025-10-01,0.9,66797.65947191358,0.0,43054.08625012568,0.0,43054.08625012568,10633.616409861113,7792.4487371666655
A3_dynamic_plus_terminal_value,2025-10-03,2025-10-02,2025-09-05,2025-10-02,0.9,32280.833928669344,0.0,18145.587375632276,0.0,18145.587375632276,7792.4487371666655,7891.328468638891
A3_dynamic_plus_terminal_value,2025-10-04,2025-10-03,2025-09-06,2025-10-03,0.9,36328.01454822499,0.0,20028.21281453014,0.0,20028.21281453014,7891.328468638891,10800.0
A3_dynamic_plus_terminal_value,2025-10-05,2025-10-04,2025-09-07,2025-10-04,0.9,67156.65606182098,0.0,42595.3854312646,0.0,42595.3854312646,10800.0,10596.024612240739
A3_dynamic_plus_terminal_value,2025-10-06,2025-10-05,2025-09-08,2025-10-05,0.9,66151.12810865226,0.0,42006.46294626522,0.0,42006.46294626522,10596.024612240739,10407.787890907408
A3_dynamic_plus_terminal_value,2025-10-07,2025-10-06,2025-09-09,2025-10-06,0.9,67922.78440666667,0.0,43047.31176502024,0.0,43047.31176502024,10407.787890907408,10599.14257649074
A3_dynamic_plus_terminal_value,2025-10-08,2025-10-07,2025-09-10,2025-10-07,0.9,66983.79033980452,0.0,41847.69238385226,0.0,41847.69238385226,10599.14257649074,9890.84216489815
A3_dynamic_plus_terminal_value,2025-10-09,2025-10-08,2025-09-11,2025-10-08,0.9,64447.59497493827,0.0,40901.64772394714,0.0,40901.64772394714,9890.84216489815,6774.717479499999
A3_dynamic_plus_terminal_value,2025-10-10,2025-10-09,2025-09-12,2025-10-09,0.9,32295.221004314197,0.0,17454.615707276083,0.0,17454.615707276083,6774.717479499999,7106.131411944444
A3_dynamic_plus_terminal_value,2025-10-11,2025-10-10,2025-09-13,2025-10-10,0.9,36228.06303508334,0.0,19331.431181308602,0.0,19331.431181308602,7106.131411944444,9970.229481499999
A3_dynamic_plus_terminal_value,2025-10-12,2025-10-11,2025-09-14,2025-10-11,0.9,67970.95911619341,11.468379166666523,42502.08112167341,53.717888016665995,42555.799009690076,9970.229481499999,9678.774910694445
A3_dynamic_plus_terminal_value,2025-10-13,2025-10-12,2025-09-15,2025-10-12,0.9,68731.65439479423,0.0,42941.59202441974,0.0,42941.59202441974,9678.774910694445,9610.658570166668
A3_dynamic_plus_terminal_value,2025-10-14,2025-10-13,2025-09-16,2025-10-13,0.9,68645.31010277777,0.0,42919.80266029278,0.0,42919.80266029278,9610.658570166668,9641.610851833339
A3_dynamic_plus_terminal_value,2025-10-15,2025-10-14,2025-09-17,2025-10-14,0.9,68301.60158275718,0.0,42301.06757537447,0.0,42301.06757537447,9641.610851833339,9108.027191518519
A3_dynamic_plus_terminal_value,2025-10-16,2025-10-15,2025-09-18,2025-10-15,0.9,67078.78921570987,489.9395974083311,42047.17631593115,3417.818631520518,45464.99494745167,9108.027191518519,6140.940704685184
A3_dynamic_plus_terminal_value,2025-10-17,2025-10-16,2025-09-19,2025-10-16,0.9,33281.29686522634,0.0,17569.061348336643,0.0,17569.061348336643,6140.940704685184,6495.868563305555
A3_dynamic_plus_terminal_value,2025-10-18,2025-10-17,2025-09-20,2025-10-17,0.9,36352.64491455762,0.0,19029.18969593891,0.0,19029.18969593891,6495.868563305555,9580.667351555552
A3_dynamic_plus_terminal_value,2025-10-19,2025-10-18,2025-09-21,2025-10-18,0.9,72052.07278877572,0.0,44614.66145060983,0.0,44614.66145060983,9580.667351555552,8966.597806453707
A3_dynamic_plus_terminal_value,2025-10-20,2025-10-19,2025-09-22,2025-10-19,0.9,73716.4235621502,0.0,45630.66811531634,0.0,45630.66811531634,8966.597806453707,8978.02449063889
A3_dynamic_plus_terminal_value,2025-10-21,2025-10-20,2025-09-23,2025-10-20,0.9,74058.23619879628,0.0,45802.6510796644,0.0,45802.6510796644,8978.02449063889,9122.984850398147
A3_dynamic_plus_terminal_value,2025-10-22,2025-10-21,2025-09-24,2025-10-21,0.9,73640.50164020577,186.99591457500046,45240.043905677114,1027.9089180292965,46267.95282370641,9122.984850398147,8567.177786027778
A3_dynamic_plus_terminal_value,2025-10-23,2025-10-22,2025-09-25,2025-10-22,0.9,72620.39192884773,0.0,45302.31498055211,0.0,45302.31498055211,8567.177786027778,6455.085533231485
A3_dynamic_plus_terminal_value,2025-10-24,2025-10-23,2025-09-26,2025-10-23,0.9,33661.82018512346,144.6772778583324,17522.105587395807,749.9296611142358,18272.035248510045,6455.085533231485,6514.5560655555555
A3_dynamic_plus_terminal_value,2025-10-25,2025-10-24,2025-09-27,2025-10-24,0.9,36402.0124276749,0.0,18732.077911311022,0.0,18732.077911311022,6514.5560655555555,8596.594000888892
A3_dynamic_plus_terminal_value,2025-10-26,2025-10-25,2025-09-28,2025-10-25,0.9,75909.56749247941,0.0,46918.31931853258,0.0,46918.31931853258,8596.594000888892,9010.884148092593
A3_dynamic_plus_terminal_value,2025-10-27,2025-10-26,2025-09-29,2025-10-26,0.9,75174.9970052572,25.422201349997522,46585.081837688784,132.08988941758258,46717.17172710637,9010.884148092593,8638.475297675926
A3_dynamic_plus_terminal_value,2025-10-28,2025-10-27,2025-09-30,2025-10-27,0.9,75256.38169779835,0.0,46472.73540145723,0.0,46472.73540145723,8638.475297675926,8776.917027583337
A3_dynamic_plus_terminal_value,2025-10-29,2025-10-28,2025-10-01,2025-10-28,0.9,75023.38918412552,114.81600787499687,46370.49948658265,719.7926434058329,47090.29212998849,8776.917027583337,8599.857572768517
A3_dynamic_plus_terminal_value,2025-10-30,2025-10-29,2025-10-02,2025-10-29,0.9,74253.14778431368,1.8234750000000304,46456.28235437282,8.541156900000143,46464.82351127283,8599.857572768517,6710.2558944722205
A3_dynamic_plus_terminal_value,2025-10-31,2025-10-30,2025-10-03,2025-10-30,0.9,34832.048247602885,0.0,18282.89959420494,0.0,18282.89959420494,6710.2558944722205,6908.735361351854
A3_dynamic_plus_terminal_value,2025-11-01,2025-10-31,2025-10-04,2025-10-31,0.9,36982.449049341565,0.0,19247.445347951107,0.0,19247.445347951107,6908.735361351854,9010.232580425929
A3_dynamic_plus_terminal_value,2025-11-02,2025-11-01,2025-10-05,2025-11-01,0.9,78488.93193430678,160.32706666666672,48862.07625369761,1099.8989559716667,49961.97520966928,9010.232580425929,8702.91780450926
A3_dynamic_plus_terminal_value,2025-11-03,2025-11-02,2025-10-06,2025-11-02,0.9,79562.58674578456,0.0,49599.677700532106,0.0,49599.677700532106,8702.91780450926,8964.142847564815
A3_dynamic_plus_terminal_value,2025-11-04,2025-11-03,2025-10-07,2025-11-03,0.9,79080.56559823354,225.14241979999525,49190.70329345587,1488.1558096628683,50678.85910311873,8964.142847564815,8664.158236601852
A3_dynamic_plus_terminal_value,2025-11-05,2025-11-04,2025-10-08,2025-11-04,0.9,79853.12338739506,0.0,49820.7904576541,0.0,49820.7904576541,8664.158236601852,9020.546728157411
A3_dynamic_plus_terminal_value,2025-11-06,2025-11-05,2025-10-09,2025-11-05,0.9,77125.11778996451,0.0,48520.731849902586,0.0,48520.731849902586,9020.546728157411,7103.4129545462965
A3_dynamic_plus_terminal_value,2025-11-07,2025-11-06,2025-10-10,2025-11-06,0.9,35785.7816521605,0.0,18948.162636517245,0.0,18948.162636517245,7103.4129545462965,7393.632424453705
A3_dynamic_plus_terminal_value,2025-11-08,2025-11-07,2025-10-11,2025-11-07,0.9,37362.50592630658,0.0,19543.628554623217,0.0,19543.628554623217,7393.632424453705,9036.872860101852
A3_dynamic_plus_terminal_value,2025-11-09,2025-11-08,2025-10-12,2025-11-08,0.9,80297.17306318405,0.0,50339.75101130251,0.0,50339.75101130251,9036.872860101852,8831.05573062037
A3_dynamic_plus_terminal_value,2025-11-10,2025-11-09,2025-10-13,2025-11-09,0.9,81265.3692070782,63.98944804166947,50932.239539173956,390.6381263566858,51322.87766553064,8831.05573062037,8713.513774944446
A3_dynamic_plus_terminal_value,2025-11-11,2025-11-10,2025-10-14,2025-11-10,0.9,82038.43446548353,0.0,51463.245022450086,0.0,51463.245022450086,8713.513774944446,8903.569081472218
A3_dynamic_plus_terminal_value,2025-11-12,2025-11-11,2025-10-15,2025-11-11,0.9,81918.77373329218,0.0,51479.16743650364,0.0,51479.16743650364,8903.569081472218,8876.494679351854
A3_dynamic_plus_terminal_value,2025-11-13,2025-11-12,2025-10-16,2025-11-12,0.9,81189.07944786007,27.90037333333339,51275.578686423,194.63300437333373,51470.211690796335,8876.494679351854,8061.76397437037
A3_dynamic_plus_terminal_value,2025-11-14,2025-11-13,2025-10-17,2025-11-13,0.9,37189.45528752058,0.0,19829.64803681615,0.0,19829.64803681615,8061.76397437037,8433.630330750004
A3_dynamic_plus_terminal_value,2025-11-15,2025-11-14,2025-10-18,2025-11-14,0.9,37548.35651408436,0.0,19927.839345281605,0.0,19927.839345281605,8433.630330750004,8986.035918064817
A3_dynamic_plus_terminal_value,2025-11-16,2025-11-15,2025-10-19,2025-11-15,0.9,83501.13794810699,0.0,52707.68261731886,0.0,52707.68261731886,8986.035918064817,8951.267489166668
A3_dynamic_plus_terminal_value,2025-11-17,2025-11-16,2025-10-20,2025-11-16,0.9,84475.8393155144,0.0,53336.43926218142,0.0,53336.43926218142,8951.267489166668,9149.64101762037
A3_dynamic_plus_terminal_value,2025-11-18,2025-11-17,2025-10-21,2025-11-17,0.9,84220.50179550411,0.0,53212.77606414,0.0,53212.77606414,9149.64101762037,9019.471564805555
A3_dynamic_plus_terminal_value,2025-11-19,2025-11-18,2025-10-22,2025-11-18,0.9,84787.84708161521,1.3850000000001046,53546.631818285794,6.301057500000476,53552.932875785795,9019.471564805555,8766.635053305554
A3_dynamic_plus_terminal_value,2025-11-20,2025-11-19,2025-10-23,2025-11-19,0.9,84623.42337029835,0.0,53654.55774917959,0.0,53654.55774917959,8766.635053305554,8371.062685611118
A3_dynamic_plus_terminal_value,2025-11-21,2025-11-20,2025-10-24,2025-11-20,0.9,38707.83311875514,0.0,20585.832394601388,0.0,20585.832394601388,8371.062685611118,8732.385352509258
A3_dynamic_plus_terminal_value,2025-11-22,2025-11-21,2025-10-25,2025-11-21,0.9,39328.38490987654,0.0,20780.124616464593,0.0,20780.124616464593,8732.385352509258,9025.720422972221
A3_dynamic_plus_terminal_value,2025-11-23,2025-11-22,2025-10-26,2025-11-22,0.9,86196.06975490742,0.0,54545.68825797881,0.0,54545.68825797881,9025.720422972221,9025.00974112963
A3_dynamic_plus_terminal_value,2025-11-24,2025-11-23,2025-10-27,2025-11-23,0.9,86056.88151484566,14.523873333333086,54461.422872710624,68.02982269333218,54529.45269540396,9025.00974112963,8719.001777351854
A3_dynamic_plus_terminal_value,2025-11-25,2025-11-24,2025-10-28,2025-11-24,0.9,86173.84888769547,0.0,54427.817477886405,0.0,54427.817477886405,8719.001777351854,8968.189466055557
A3_dynamic_plus_terminal_value,2025-11-26,2025-11-25,2025-10-29,2025-11-25,0.9,86207.44385031893,25.97770333333324,54561.93775539854,121.67956241333289,54683.61731781188,8968.189466055557,9098.91003826852
A3_dynamic_plus_terminal_value,2025-11-27,2025-11-26,2025-10-30,2025-11-26,0.9,85914.42082907406,0.0,54672.287934148255,0.0,54672.287934148255,9098.91003826852,8697.7220472037
A3_dynamic_plus_terminal_value,2025-11-28,2025-11-27,2025-10-31,2025-11-27,0.9,40159.63905006173,0.0,21248.674814337806,0.0,21248.674814337806,8697.7220472037,8846.744022370369
A3_dynamic_plus_terminal_value,2025-11-29,2025-11-28,2025-11-01,2025-11-28,0.9,40911.49118168724,0.0,21610.877081268074,0.0,21610.877081268074,8846.744022370369,9096.04137859259
A3_dynamic_plus_terminal_value,2025-11-30,2025-11-29,2025-11-02,2025-11-29,0.9,88659.209026286,0.0,56379.17170204005,0.0,56379.17170204005,9096.04137859259,8939.156199629628
A3_dynamic_plus_terminal_value,2025-12-01,2025-11-30,2025-11-03,2025-11-30,0.9,89468.4890633745,2944.4587590083343,56847.91943568965,14364.71531137792,71212.63474706757,8939.156199629628,8853.864288305556
A3_dynamic_plus_terminal_value,2025-12-02,2025-12-01,2025-11-04,2025-12-01,0.9,90066.0296961111,3438.0656722750036,57324.3152179225,16752.934517030433,74077.24973495293,8853.864288305556,8690.574701981488
A3_dynamic_plus_terminal_value,2025-12-03,2025-12-02,2025-11-05,2025-12-02,0.9,91559.91141098764,1134.3323291916688,58474.62561376867,5619.11642404208,64093.74203781075,8690.574701981488,8938.511935546296
A3_dynamic_plus_terminal_value,2025-12-04,2025-12-03,2025-11-06,2025-12-03,0.9,92146.29293,2201.9372907500065,59029.99807720983,10831.153745959367,69861.15182316919,8938.511935546296,8830.797702351852
A3_dynamic_plus_terminal_value,2025-12-05,2025-12-04,2025-11-07,2025-12-04,0.9,45845.94564288066,476.3726134999971,24185.30038371528,2409.0968647191517,26594.397248434427,8830.797702351852,8900.65775474074
A3_dynamic_plus_terminal_value,2025-12-06,2025-12-05,2025-11-08,2025-12-05,0.9,46461.25491511317,1072.1277743333349,24419.607112691512,5686.069175155295,30105.67628784681,8900.65775474074,8621.000879833333
A3_dynamic_plus_terminal_value,2025-12-07,2025-12-06,2025-11-09,2025-12-06,0.9,94380.2718510391,27.375708333333023,60557.5696057575,159.01180185416484,60716.581407611666,8621.000879833333,8819.632073703702
A3_dynamic_plus_terminal_value,2025-12-08,2025-12-07,2025-11-10,2025-12-07,0.9,97195.49083774691,0.0,62447.6558569341,0.0,62447.6558569341,8819.632073703702,9067.064320268519
A3_dynamic_plus_terminal_value,2025-12-09,2025-12-08,2025-11-11,2025-12-08,0.9,97246.83182492798,44.082704166666986,62594.092063886725,256.94594938958517,62851.03801327631,9067.064320268519,8981.918330305556
A3_dynamic_plus_terminal_value,2025-12-10,2025-12-09,2025-11-12,2025-12-09,0.9,97370.43791577159,0.0,62615.57231032769,0.0,62615.57231032769,8981.918330305556,9025.341574564813
A3_dynamic_plus_terminal_value,2025-12-11,2025-12-10,2025-11-13,2025-12-10,0.9,97787.14785409466,0.0,63027.168464501076,0.0,63027.168464501076,9025.341574564813,9090.964121685183
A3_dynamic_plus_terminal_value,2025-12-12,2025-12-11,2025-11-14,2025-12-11,0.9,50681.85268458848,0.0,26751.109145793125,0.0,26751.109145793125,9090.964121685183,9108.72496926852
A3_dynamic_plus_terminal_value,2025-12-13,2025-12-12,2025-11-15,2025-12-12,0.9,51715.12303096708,0.0,27236.638351587942,0.0,27236.638351587942,9108.72496926852,9200.714860981481
A3_dynamic_plus_terminal_value,2025-12-14,2025-12-13,2025-11-16,2025-12-13,0.9,98371.82699437242,0.0,63447.502700156154,0.0,63447.502700156154,9200.714860981481,9040.34114200926
A3_dynamic_plus_terminal_value,2025-12-15,2025-12-14,2025-11-17,2025-12-14,0.9,100735.52180509259,0.0,64928.18844787092,0.0,64928.18844787092,9040.34114200926,9223.35178901852
A3_dynamic_plus_terminal_value,2025-12-16,2025-12-15,2025-11-18,2025-12-15,0.9,100895.6082898251,0.0,65225.53808232144,0.0,65225.53808232144,9223.35178901852,9105.665835203707
A3_dynamic_plus_terminal_value,2025-12-17,2025-12-16,2025-11-19,2025-12-16,0.9,101203.40425734568,0.0,65252.10617015444,0.0,65252.10617015444,9105.665835203707,9167.859502722227
A3_dynamic_plus_terminal_value,2025-12-18,2025-12-17,2025-11-20,2025-12-17,0.9,100659.4136784465,0.0,65094.45830916414,0.0,65094.45830916414,9167.859502722227,9178.667014287039
A3_dynamic_plus_terminal_value,2025-12-19,2025-12-18,2025-11-21,2025-12-18,0.9,53951.5783584465,0.0,28716.982225368207,0.0,28716.982225368207,9178.667014287039,9102.404252111111
A3_dynamic_plus_terminal_value,2025-12-20,2025-12-19,2025-11-22,2025-12-19,0.9,54347.33692760288,0.0,28879.10988903227,0.0,28879.10988903227,9102.404252111111,9306.932315481483
A3_dynamic_plus_terminal_value,2025-12-21,2025-12-20,2025-11-23,2025-12-20,0.9,100344.16077602882,0.0,64933.353034255284,0.0,64933.353034255284,9306.932315481483,9190.960070648152
A3_dynamic_plus_terminal_value,2025-12-22,2025-12-21,2025-11-24,2025-12-21,0.9,101704.68533674898,0.0,65694.99982221113,0.0,65694.99982221113,9190.960070648152,8937.253459305555
A3_dynamic_plus_terminal_value,2025-12-23,2025-12-22,2025-11-25,2025-12-22,0.9,102297.75271104938,0.0,66212.0112562677,0.0,66212.0112562677,8937.253459305555,9318.105468592594
A3_dynamic_plus_terminal_value,2025-12-24,2025-12-23,2025-11-26,2025-12-23,0.9,101579.15593600823,0.0,65571.10697084616,0.0,65571.10697084616,9318.105468592594,9035.93361957407
A3_dynamic_plus_terminal_value,2025-12-25,2025-12-24,2025-11-27,2025-12-24,0.9,101526.84115186214,0.0,65644.80206030428,0.0,65644.80206030428,9035.93361957407,9077.139687907405
A3_dynamic_plus_terminal_value,2025-12-26,2025-12-25,2025-11-28,2025-12-25,0.9,55081.87529914609,0.0,29396.795181068643,0.0,29396.795181068643,9077.139687907405,9644.382238925926
A3_dynamic_plus_terminal_value,2025-12-27,2025-12-26,2025-11-29,2025-12-26,0.9,54586.682264115225,0.0,29124.651362065004,0.0,29124.651362065004,9644.382238925926,9416.503900212963
A3_dynamic_plus_terminal_value,2025-12-28,2025-12-27,2025-11-30,2025-12-27,0.9,101424.65139281892,0.0,65747.37158474655,0.0,65747.37158474655,9416.503900212963,9435.31467912963
A3_dynamic_plus_terminal_value,2025-12-29,2025-12-28,2025-12-01,2025-12-28,0.9,102071.33758652263,0.0,66094.37284875952,0.0,66094.37284875952,9435.31467912963,9136.160473814814
A3_dynamic_plus_terminal_value,2025-12-30,2025-12-29,2025-12-02,2025-12-29,0.9,102249.31417465021,0.0,66114.48204096332,0.0,66114.48204096332,9136.160473814814,9264.100809129626
A3_dynamic_plus_terminal_value,2025-12-31,2025-12-30,2025-12-03,2025-12-30,0.8,98906.1446526749,0.0,63649.20729042193,0.0,63649.20729042193,9264.100809129626,8687.221346962964
O2_online_scheme_reconstruction,2025-02-01,2025-01-31,2025-01-04,2025-01-31,0.8,52227.08773347056,0.0,26793.07738059046,0.0,26793.07738059046,6000.0,10800.0
O2_online_scheme_reconstruction,2025-02-02,2025-02-01,2025-01-05,2025-02-01,0.7,91275.56761393792,0.0,57616.784833941114,0.0,57616.784833941114,10800.0,10800.0
O2_online_scheme_reconstruction,2025-02-03,2025-02-02,2025-01-06,2025-02-02,0.7,89696.57616393655,0.0,56460.48599711373,0.0,56460.48599711373,10800.0,10800.0
O2_online_scheme_reconstruction,2025-02-04,2025-02-03,2025-01-07,2025-02-03,0.8,91538.24510953497,0.0,57739.15617277498,0.0,57739.15617277498,10800.0,10800.0
O2_online_scheme_reconstruction,2025-02-05,2025-02-04,2025-01-08,2025-02-04,0.7,90066.69299794649,0.0,56737.25390277103,0.0,56737.25390277103,10800.0,10800.0
O2_online_scheme_reconstruction,2025-02-06,2025-02-05,2025-01-09,2025-02-05,0.8,91701.15454576406,21.05286666666666,57954.90845995855,122.98032063333329,58077.88878059188,10800.0,10800.0
O2_online_scheme_reconstruction,2025-02-07,2025-02-06,2025-01-10,2025-02-06,0.7,43298.76619306584,0.0,22337.878793605152,0.0,22337.878793605152,10800.0,10800.0
O2_online_scheme_reconstruction,2025-02-08,2025-02-07,2025-01-11,2025-02-07,0.7,42120.53387809911,0.0,21774.887592064846,0.0,21774.887592064846,10800.0,10800.0
O2_online_scheme_reconstruction,2025-02-09,2025-02-08,2025-01-12,2025-02-08,0.7,87686.99684243862,0.0,55073.10578815159,0.0,55073.10578815159,10800.0,10800.0
O2_online_scheme_reconstruction,2025-02-10,2025-02-09,2025-01-13,2025-02-09,0.7,87520.45785152298,0.0,54864.9644657263,0.0,54864.9644657263,10800.0,10800.0
O2_online_scheme_reconstruction,2025-02-11,2025-02-10,2025-01-14,2025-02-10,0.7,85971.96132280453,0.0,53697.209558657945,0.0,53697.209558657945,10800.0,10800.0
O2_online_scheme_reconstruction,2025-02-12,2025-02-11,2025-01-15,2025-02-11,0.7,84896.45217141014,0.0,53012.15906755877,0.0,53012.15906755877,10800.0,10800.0
O2_online_scheme_reconstruction,2025-02-13,2025-02-12,2025-01-16,2025-02-12,0.7,84352.42408137381,0.0,52696.13709980075,0.0,52696.13709980075,10800.0,10800.0
O2_online_scheme_reconstruction,2025-02-14,2025-02-13,2025-01-17,2025-02-13,0.7,37808.66190829278,0.0,19481.437994646858,0.0,19481.437994646858,10800.0,10800.0
O2_online_scheme_reconstruction,2025-02-15,2025-02-14,2025-01-18,2025-02-14,0.7,37285.897807444446,24.765304505554536,19225.1858437426,118.02408821910913,19343.209931961712,10800.0,10757.215089375
O2_online_scheme_reconstruction,2025-02-16,2025-02-15,2025-01-19,2025-02-15,0.7,80705.50300315971,21.334583333333285,49984.69982960262,97.06168687499978,50081.76151647762,10757.215089375,10790.88020533642
O2_online_scheme_reconstruction,2025-02-17,2025-02-16,2025-01-20,2025-02-16,0.7,80833.72778175924,48.703640388890676,49983.282904872656,339.75659535290134,50323.039500225554,10790.88020533642,10758.30230486111
O2_online_scheme_reconstruction,2025-02-18,2025-02-17,2025-01-21,2025-02-17,0.7,79741.09776622085,11.864723222223802,49071.96577995324,73.88934128156652,49145.85512123481,10758.30230486111,10800.0
O2_online_scheme_reconstruction,2025-02-19,2025-02-18,2025-01-22,2025-02-18,0.7,79906.88267030624,155.3566335833333,49199.18055967561,820.5806961981657,50019.761255873775,10800.0,10678.512214625001
O2_online_scheme_reconstruction,2025-02-20,2025-02-19,2025-01-23,2025-02-19,0.7,79306.93458119138,13.583030555555524,48845.87065856997,63.622915122222075,48909.49357369219,10678.512214625001,10800.0
O2_online_scheme_reconstruction,2025-02-21,2025-02-20,2025-01-24,2025-02-20,0.7,35635.05743475,0.0,18263.77538551551,0.0,18263.77538551551,10800.0,10800.0
O2_online_scheme_reconstruction,2025-02-22,2025-02-21,2025-01-25,2025-02-21,0.7,34935.84328847223,281.2520927822162,17853.35632947171,1719.2940431776876,19572.650372649397,10800.0,10746.391493976851
O2_online_scheme_reconstruction,2025-02-23,2025-02-22,2025-01-26,2025-02-22,0.8,78403.55347874961,20.151349986112766,48286.725173413535,91.9882545074232,48378.71342792096,10746.391493976851,10742.54772025
O2_online_scheme_reconstruction,2025-02-24,2025-02-23,2025-01-27,2025-02-23,0.8,78154.3410992469,121.68096342666433,48050.427268390275,725.9641322879102,48776.391400678185,10742.54772025,10800.0
O2_online_scheme_reconstruction,2025-02-25,2025-02-24,2025-01-28,2025-02-24,0.8,77333.5891707963,62.21583333333331,47474.73606381017,277.8316362499999,47752.56770006017,10800.0,10800.0
O2_online_scheme_reconstruction,2025-02-26,2025-02-25,2025-01-29,2025-02-25,0.8,75904.44316622222,129.94320701167157,46496.74693389103,895.992305245921,47392.73923913696,10800.0,10800.0
O2_online_scheme_reconstruction,2025-02-27,2025-02-26,2025-01-30,2025-02-26,0.8,75655.60578986214,316.56400238499936,46345.734603807476,1558.8265299015295,47904.56113370901,10800.0,10800.0
O2_online_scheme_reconstruction,2025-02-28,2025-02-27,2025-01-31,2025-02-27,0.8,34664.98502549999,0.0,17792.014893748164,0.0,17792.014893748164,10800.0,10800.0
O2_online_scheme_reconstruction,2025-03-01,2025-02-28,2025-02-01,2025-02-28,0.8,34035.00896466667,34.00090775333416,17470.5150110899,159.28128114529846,17629.7962922352,10800.0,10792.682632759259
O2_online_scheme_reconstruction,2025-03-02,2025-03-01,2025-02-02,2025-03-01,0.8,73682.61132889095,3628.94863067999,45034.74710514124,24388.411497294648,69423.15860243587,10792.682632759259,10744.28214825
O2_online_scheme_reconstruction,2025-03-03,2025-03-02,2025-02-03,2025-03-02,0.9,78283.57406808333,239.8376687324941,48152.72654191954,1521.686854684948,49674.41339660449,10744.28214825,10798.742065499999
O2_online_scheme_reconstruction,2025-03-04,2025-03-03,2025-02-04,2025-03-03,0.9,79635.92305375001,0.0,49260.568711041946,0.0,49260.568711041946,10798.742065499999,10800.0
O2_online_scheme_reconstruction,2025-03-05,2025-03-04,2025-02-05,2025-03-04,0.9,80726.52194442079,0.0,49921.705217775714,0.0,49921.705217775714,10800.0,10800.0
O2_online_scheme_reconstruction,2025-03-06,2025-03-05,2025-02-06,2025-03-05,0.9,80513.53258365123,0.0,49842.43759275654,0.0,49842.43759275654,10800.0,10800.0
O2_online_scheme_reconstruction,2025-03-07,2025-03-06,2025-02-07,2025-03-06,0.9,34982.82268608334,0.0,18115.916693558018,0.0,18115.916693558018,10800.0,10800.0
O2_online_scheme_reconstruction,2025-03-08,2025-03-07,2025-02-08,2025-03-07,0.9,34485.21784041666,0.0,17902.187813549666,0.0,17902.187813549666,10800.0,10800.0
O2_online_scheme_reconstruction,2025-03-09,2025-03-08,2025-02-09,2025-03-08,0.9,76555.362457,0.0,46948.042345624344,0.0,46948.042345624344,10800.0,10800.0
O2_online_scheme_reconstruction,2025-03-10,2025-03-09,2025-02-10,2025-03-09,0.9,75224.9826263325,0.0,45961.70463960863,0.0,45961.70463960863,10800.0,10800.0
O2_online_scheme_reconstruction,2025-03-11,2025-03-10,2025-02-11,2025-03-10,0.9,76132.23317934082,0.0,46500.64623291927,0.0,46500.64623291927,10800.0,10800.0
O2_online_scheme_reconstruction,2025-03-12,2025-03-11,2025-02-12,2025-03-11,0.9,75964.29789259084,0.0,46375.36507073439,0.0,46375.36507073439,10800.0,10800.0
O2_online_scheme_reconstruction,2025-03-13,2025-03-12,2025-02-13,2025-03-12,0.9,74496.15424542798,0.0,45399.04340390916,0.0,45399.04340390916,10800.0,10800.0
O2_online_scheme_reconstruction,2025-03-14,2025-03-13,2025-02-14,2025-03-13,0.9,33653.21617558334,0.0,17386.68235034073,0.0,17386.68235034073,10800.0,10800.0
O2_online_scheme_reconstruction,2025-03-15,2025-03-14,2025-02-15,2025-03-14,0.9,33449.329806333335,0.0,17374.66639602537,0.0,17374.66639602537,10800.0,10800.0
O2_online_scheme_reconstruction,2025-03-16,2025-03-15,2025-02-16,2025-03-15,0.9,74495.73103890431,0.0,45355.22762360146,0.0,45355.22762360146,10800.0,10800.0
O2_online_scheme_reconstruction,2025-03-17,2025-03-16,2025-02-17,2025-03-16,0.9,74189.173839107,0.0,45122.84955674618,0.0,45122.84955674618,10800.0,10800.0
O2_online_scheme_reconstruction,2025-03-18,2025-03-17,2025-02-18,2025-03-17,0.9,73480.14331948868,0.0,44585.67981359225,0.0,44585.67981359225,10800.0,10800.0
O2_online_scheme_reconstruction,2025-03-19,2025-03-18,2025-02-19,2025-03-18,0.9,72719.61874312449,0.0,44161.56304972505,0.0,44161.56304972505,10800.0,10800.0
O2_online_scheme_reconstruction,2025-03-20,2025-03-19,2025-02-20,2025-03-19,0.9,71987.98572208332,0.0,43781.840927544545,0.0,43781.840927544545,10800.0,10800.0
O2_online_scheme_reconstruction,2025-03-21,2025-03-20,2025-02-21,2025-03-20,0.9,32595.569210916667,0.0,16786.0648349357,0.0,16786.0648349357,10800.0,10800.0
O2_online_scheme_reconstruction,2025-03-22,2025-03-21,2025-02-22,2025-03-21,0.9,32300.500639083333,0.0,16682.448535398667,0.0,16682.448535398667,10800.0,10800.0
O2_online_scheme_reconstruction,2025-03-23,2025-03-22,2025-02-23,2025-03-22,0.9,70217.85966855555,0.0,42628.15781934576,0.0,42628.15781934576,10800.0,10800.0
O2_online_scheme_reconstruction,2025-03-24,2025-03-23,2025-02-24,2025-03-23,0.9,69531.08860509671,0.0,42129.03715347581,0.0,42129.03715347581,10800.0,10800.0
O2_online_scheme_reconstruction,2025-03-25,2025-03-24,2025-02-25,2025-03-24,0.9,69255.6844801358,0.0,41820.91120066073,0.0,41820.91120066073,10800.0,10800.0
O2_online_scheme_reconstruction,2025-03-26,2025-03-25,2025-02-26,2025-03-25,0.9,69223.82995101235,0.0,41798.483185803605,0.0,41798.483185803605,10800.0,10800.0
O2_online_scheme_reconstruction,2025-03-27,2025-03-26,2025-02-27,2025-03-26,0.9,68821.59553838684,0.0,41610.99415413076,0.0,41610.99415413076,10800.0,10800.0
O2_online_scheme_reconstruction,2025-03-28,2025-03-27,2025-02-28,2025-03-27,0.9,31466.45799508333,0.0,16043.57194489845,0.0,16043.57194489845,10800.0,10800.0
O2_online_scheme_reconstruction,2025-03-29,2025-03-28,2025-03-01,2025-03-28,0.9,31423.59539933333,0.0,16065.264261027201,0.0,16065.264261027201,10800.0,10800.0
O2_online_scheme_reconstruction,2025-03-30,2025-03-29,2025-03-02,2025-03-29,0.9,65732.8298868004,0.0,39606.24610822079,0.0,39606.24610822079,10800.0,10800.0
O2_online_scheme_reconstruction,2025-03-31,2025-03-30,2025-03-03,2025-03-30,0.9,64206.86529146193,0.0,38659.04083830636,0.0,38659.04083830636,10800.0,10800.0
O2_online_scheme_reconstruction,2025-04-01,2025-03-31,2025-03-04,2025-03-31,0.9,64760.010900088484,127.92560818083916,38829.14125782612,889.815221735784,39718.9564795619,10800.0,10800.0
O2_online_scheme_reconstruction,2025-04-02,2025-04-01,2025-03-05,2025-04-01,0.9,65632.44004440328,1791.5666434625,39213.69680901954,8985.493933393562,48199.1907424131,10800.0,10800.0
O2_online_scheme_reconstruction,2025-04-03,2025-04-02,2025-03-06,2025-04-02,0.9,67124.61018201955,0.0,40097.52741462784,0.0,40097.52741462784,10800.0,10800.0
O2_online_scheme_reconstruction,2025-04-04,2025-04-03,2025-03-07,2025-04-03,0.9,30862.553684,0.0,15637.121590046603,0.0,15637.121590046603,10800.0,10800.0
O2_online_scheme_reconstruction,2025-04-05,2025-04-04,2025-03-08,2025-04-04,0.9,31246.2419985,0.0,15827.800092899794,0.0,15827.800092899794,10800.0,10800.0
O2_online_scheme_reconstruction,2025-04-06,2025-04-05,2025-03-09,2025-04-05,0.9,67392.01747944445,0.0,40202.514298851034,0.0,40202.514298851034,10800.0,10800.0
O2_online_scheme_reconstruction,2025-04-07,2025-04-06,2025-03-10,2025-04-06,0.9,66076.99117807201,0.0,39407.088855325695,0.0,39407.088855325695,10800.0,10800.0
O2_online_scheme_reconstruction,2025-04-08,2025-04-07,2025-03-11,2025-04-07,0.9,64932.849778090706,0.0,38706.46583376911,0.0,38706.46583376911,10800.0,10800.0
O2_online_scheme_reconstruction,2025-04-09,2025-04-08,2025-03-12,2025-04-08,0.9,64847.080506283964,0.0,38677.29667859833,0.0,38677.29667859833,10800.0,10800.0
O2_online_scheme_reconstruction,2025-04-10,2025-04-09,2025-03-13,2025-04-09,0.9,66894.3615728282,0.0,39885.39486977908,0.0,39885.39486977908,10800.0,10800.0
O2_online_scheme_reconstruction,2025-04-11,2025-04-10,2025-03-14,2025-04-10,0.9,30610.812849416667,0.0,15374.982032933342,0.0,15374.982032933342,10800.0,10800.0
O2_online_scheme_reconstruction,2025-04-12,2025-04-11,2025-03-15,2025-04-11,0.9,30904.619744416665,0.0,15534.532234488564,0.0,15534.532234488564,10800.0,10800.0
O2_online_scheme_reconstruction,2025-04-13,2025-04-12,2025-03-16,2025-04-12,0.9,65335.02027234054,0.0,38792.01840703564,0.0,38792.01840703564,10800.0,10800.0
O2_online_scheme_reconstruction,2025-04-14,2025-04-13,2025-03-17,2025-04-13,0.9,64957.486147706804,0.0,38448.66508326876,0.0,38448.66508326876,10800.0,10800.0
O2_online_scheme_reconstruction,2025-04-15,2025-04-14,2025-03-18,2025-04-14,0.9,64052.73658353189,0.0,38034.550469613365,0.0,38034.550469613365,10800.0,10800.0
O2_online_scheme_reconstruction,2025-04-16,2025-04-15,2025-03-19,2025-04-15,0.9,63103.22851561522,0.0,37470.676349583024,0.0,37470.676349583024,10800.0,10800.0
O2_online_scheme_reconstruction,2025-04-17,2025-04-16,2025-03-20,2025-04-16,0.9,64477.48788561831,0.0,38228.90438426389,0.0,38228.90438426389,10800.0,10800.0
O2_online_scheme_reconstruction,2025-04-18,2025-04-17,2025-03-21,2025-04-17,0.9,30074.151842416668,0.0,14936.682224484692,0.0,14936.682224484692,10800.0,10800.0
O2_online_scheme_reconstruction,2025-04-19,2025-04-18,2025-03-22,2025-04-18,0.9,29847.041349916668,0.0,14768.7598763875,0.0,14768.7598763875,10800.0,10800.0
O2_online_scheme_reconstruction,2025-04-20,2025-04-19,2025-03-23,2025-04-19,0.9,63695.47538105761,0.0,37702.29090156015,0.0,37702.29090156015,10800.0,10800.0
O2_online_scheme_reconstruction,2025-04-21,2025-04-20,2025-03-24,2025-04-20,0.9,63944.86063402058,0.0,37713.60225261039,0.0,37713.60225261039,10800.0,10800.0
O2_online_scheme_reconstruction,2025-04-22,2025-04-21,2025-03-25,2025-04-21,0.9,62645.813604860086,0.0,37195.16595484453,0.0,37195.16595484453,10800.0,10800.0
O2_online_scheme_reconstruction,2025-04-23,2025-04-22,2025-03-26,2025-04-22,0.9,62454.29574561214,0.0,36965.11336770648,0.0,36965.11336770648,10800.0,10800.0
O2_online_scheme_reconstruction,2025-04-24,2025-04-23,2025-03-27,2025-04-23,0.9,62109.84419449074,0.0,36763.906313698644,0.0,36763.906313698644,10800.0,10800.0
O2_online_scheme_reconstruction,2025-04-25,2025-04-24,2025-03-28,2025-04-24,0.9,29087.846124916665,0.0,14224.743184301926,0.0,14224.743184301926,10800.0,10800.0
O2_online_scheme_reconstruction,2025-04-26,2025-04-25,2025-03-29,2025-04-25,0.9,28970.03596616667,0.0,14120.973700506649,0.0,14120.973700506649,10800.0,10800.0
O2_online_scheme_reconstruction,2025-04-27,2025-04-26,2025-03-30,2025-04-26,0.9,59291.24628457407,62.46078830499562,35022.093563549366,435.7264592156494,35457.820022765016,10800.0,10800.0
O2_online_scheme_reconstruction,2025-04-28,2025-04-27,2025-03-31,2025-04-27,0.9,59026.95145868416,2200.1160851449986,35010.67865561118,14920.26776974593,49930.94642535711,10800.0,10800.0
O2_online_scheme_reconstruction,2025-04-29,2025-04-28,2025-04-01,2025-04-28,0.9,60804.33440093005,0.0,36075.80101393596,0.0,36075.80101393596,10800.0,10800.0
O2_online_scheme_reconstruction,2025-04-30,2025-04-29,2025-04-02,2025-04-29,0.9,60818.84753220576,0.0,36181.81957052405,0.0,36181.81957052405,10800.0,10800.0
O2_online_scheme_reconstruction,2025-05-01,2025-04-30,2025-04-03,2025-04-30,0.9,60359.664391845676,1350.5242879999987,36064.63038982818,8776.00901188766,44840.63940171584,10800.0,10340.84483775
O2_online_scheme_reconstruction,2025-05-02,2025-05-01,2025-04-04,2025-05-01,0.9,29578.986070358333,1489.7307659999988,14570.954716566092,9196.9008478147,23767.85556438079,10340.84483775,10524.439326750004
O2_online_scheme_reconstruction,2025-05-03,2025-05-02,2025-04-05,2025-05-02,0.9,29780.755446841667,967.2110578441608,14779.14423119184,5372.293045773366,20151.437276965207,10524.439326750004,10714.77655725
O2_online_scheme_reconstruction,2025-05-04,2025-05-03,2025-04-06,2025-05-03,0.9,62372.305490012346,818.9193954166637,37105.784613818476,5090.788229651229,42196.57284346971,10714.77655725,10565.739511125
O2_online_scheme_reconstruction,2025-05-05,2025-05-04,2025-04-07,2025-05-04,0.9,63668.04887849074,654.9134167958318,37784.65348296355,4408.741209821173,42193.39469278472,10565.739511125,10707.0294585
O2_online_scheme_reconstruction,2025-05-06,2025-05-05,2025-04-08,2025-05-05,0.9,64668.99577192079,201.52428823332951,38640.031372415986,1263.4562391751324,39903.48761159112,10707.0294585,10533.891058875
O2_online_scheme_reconstruction,2025-05-07,2025-05-06,2025-04-09,2025-05-06,0.9,65868.19682747325,415.6000224858294,39249.81663630027,2899.225756861146,42149.04239316141,10533.891058875,10754.030817939816
O2_online_scheme_reconstruction,2025-05-08,2025-05-07,2025-04-10,2025-05-07,0.9,64918.85395995782,35.999250000000075,39371.0498077775,243.2289326250005,39614.2787404025,10754.030817939816,10800.0
O2_online_scheme_reconstruction,2025-05-09,2025-05-08,2025-04-11,2025-05-08,0.9,31561.562861416667,0.0,16540.407114624566,0.0,16540.407114624566,10800.0,10800.0
O2_online_scheme_reconstruction,2025-05-10,2025-05-09,2025-04-12,2025-05-09,0.9,31757.145941250004,0.0,16679.677085622203,0.0,16679.677085622203,10800.0,10800.0
O2_online_scheme_reconstruction,2025-05-11,2025-05-10,2025-04-13,2025-05-10,0.9,66966.6318615708,41.18071666666674,40326.78092086638,277.36103945833383,40604.14196032472,10800.0,10800.0
O2_online_scheme_reconstruction,2025-05-12,2025-05-11,2025-04-14,2025-05-11,0.9,68230.51239288169,0.0,41036.45086777035,0.0,41036.45086777035,10800.0,10800.0
O2_online_scheme_reconstruction,2025-05-13,2025-05-12,2025-04-15,2025-05-12,0.9,67371.69802140226,0.0,40522.23891702807,0.0,40522.23891702807,10800.0,10800.0
O2_online_scheme_reconstruction,2025-05-14,2025-05-13,2025-04-16,2025-05-13,0.9,67256.11461902366,0.0,40440.610671596834,0.0,40440.610671596834,10800.0,10800.0
O2_online_scheme_reconstruction,2025-05-15,2025-05-14,2025-04-17,2025-05-14,0.9,67092.88665942798,0.0,40744.14435704556,0.0,40744.14435704556,10800.0,10800.0
O2_online_scheme_reconstruction,2025-05-16,2025-05-15,2025-04-18,2025-05-15,0.9,31692.60660775,0.0,16908.87168711931,0.0,16908.87168711931,10800.0,10800.0
O2_online_scheme_reconstruction,2025-05-17,2025-05-16,2025-04-19,2025-05-16,0.9,31891.358436166665,0.0,17014.118157040382,0.0,17014.118157040382,10800.0,10800.0
O2_online_scheme_reconstruction,2025-05-18,2025-05-17,2025-04-20,2025-05-17,0.9,65774.49038855454,0.33883333333346854,39982.74770416355,2.285261416667579,39985.03296558022,10800.0,10800.0
O2_online_scheme_reconstruction,2025-05-19,2025-05-18,2025-04-21,2025-05-18,0.9,66354.08211468416,67.00333333333344,40185.90570792101,451.90398166666745,40637.80968958768,10800.0,10800.0
O2_online_scheme_reconstruction,2025-05-20,2025-05-19,2025-04-22,2025-05-19,0.9,65097.252261840535,0.0,39562.2203224414,0.0,39562.2203224414,10800.0,10800.0
O2_online_scheme_reconstruction,2025-05-21,2025-05-20,2025-04-23,2025-05-20,0.9,65553.55280063889,0.0,39760.29914549677,0.0,39760.29914549677,10800.0,10800.0
O2_online_scheme_reconstruction,2025-05-22,2025-05-21,2025-04-24,2025-05-21,0.9,66366.08796001029,0.0,40622.221188121424,0.0,40622.221188121424,10800.0,10800.0
O2_online_scheme_reconstruction,2025-05-23,2025-05-22,2025-04-25,2025-05-22,0.9,31979.964499416663,0.0,17294.8491032089,0.0,17294.8491032089,10800.0,10800.0
O2_online_scheme_reconstruction,2025-05-24,2025-05-23,2025-04-26,2025-05-23,0.9,32337.327616833332,0.0,17547.625211556242,0.0,17547.625211556242,10800.0,10800.0
O2_online_scheme_reconstruction,2025-05-25,2025-05-24,2025-04-27,2025-05-24,0.9,66024.31516555452,0.0,40484.94625184407,0.0,40484.94625184407,10800.0,10800.0
O2_online_scheme_reconstruction,2025-05-26,2025-05-25,2025-04-28,2025-05-25,0.9,64622.40106001748,0.0,39704.40533163621,0.0,39704.40533163621,10800.0,10800.0
O2_online_scheme_reconstruction,2025-05-27,2025-05-26,2025-04-29,2025-05-26,0.9,65246.45257501132,0.0,39949.78681963552,0.0,39949.78681963552,10800.0,10800.0
O2_online_scheme_reconstruction,2025-05-28,2025-05-27,2025-04-30,2025-05-27,0.9,65000.49854767593,0.0,39750.39941472408,0.0,39750.39941472408,10800.0,10800.0
O2_online_scheme_reconstruction,2025-05-29,2025-05-28,2025-05-01,2025-05-28,0.9,65444.6268041461,0.0,40184.13102584811,0.0,40184.13102584811,10800.0,10800.0
O2_online_scheme_reconstruction,2025-05-30,2025-05-29,2025-05-02,2025-05-29,0.9,32581.743542,0.0,17732.186589273875,0.0,17732.186589273875,10800.0,10800.0
O2_online_scheme_reconstruction,2025-05-31,2025-05-30,2025-05-03,2025-05-30,0.9,33001.163811000006,0.0,18043.091103499435,0.0,18043.091103499435,10800.0,10800.0
O2_online_scheme_reconstruction,2025-06-01,2025-05-31,2025-05-04,2025-05-31,0.9,67409.81215781378,6653.786925024167,41235.17466539212,43264.81904755298,84499.99371294508,10800.0,10385.827816874998
O2_online_scheme_reconstruction,2025-06-02,2025-06-01,2025-05-05,2025-06-01,0.9,71232.85505612963,3396.458841389167,43289.95350513244,22896.311205600097,66186.26471073253,10385.827816874998,10325.354641124999
O2_online_scheme_reconstruction,2025-06-03,2025-06-02,2025-05-06,2025-06-02,0.9,74132.70890998116,635.383318015827,45365.25717316049,3926.2716483331446,49291.52882149364,10325.354641124999,10495.045895624999
O2_online_scheme_reconstruction,2025-06-04,2025-06-03,2025-05-07,2025-06-03,0.9,75962.95667481789,108.1532688333333,46730.28392310785,736.176999540958,47466.4609226488,10495.045895624999,10527.352625712037
O2_online_scheme_reconstruction,2025-06-05,2025-06-04,2025-05-08,2025-06-04,0.9,78136.1653706646,463.58886008284753,48211.77363507199,3146.135085337361,51357.90872040935,10527.352625712037,10535.459736273146
O2_online_scheme_reconstruction,2025-06-06,2025-06-05,2025-05-09,2025-06-05,0.9,36086.79801702084,1615.4219475833302,20009.35023785624,11020.957368041647,31030.307605897884,10535.459736273146,10719.932450205557
O2_online_scheme_reconstruction,2025-06-07,2025-06-06,2025-05-10,2025-06-06,0.9,37655.840257815,146.5401966874972,21178.831008218916,1022.2644120919805,22201.095420310896,10719.932450205557,10800.0
O2_online_scheme_reconstruction,2025-06-08,2025-06-07,2025-05-11,2025-06-07,0.9,87291.019283857,0.0,54852.38530523972,0.0,54852.38530523972,10800.0,10800.0
O2_online_scheme_reconstruction,2025-06-09,2025-06-08,2025-05-12,2025-06-08,0.9,86072.6468607253,18.000925166666775,53933.15000360756,121.30429938525073,54054.45430299281,10800.0,10800.0
O2_online_scheme_reconstruction,2025-06-10,2025-06-09,2025-05-13,2025-06-09,0.9,86805.13390998353,0.0,54581.80507707758,0.0,54581.80507707758,10800.0,10800.0
O2_online_scheme_reconstruction,2025-06-11,2025-06-10,2025-05-14,2025-06-10,0.9,87280.11786901337,0.0,54728.708649206426,0.0,54728.708649206426,10800.0,10800.0
O2_online_scheme_reconstruction,2025-06-12,2025-06-11,2025-05-15,2025-06-11,0.9,87343.43858454525,0.0,54968.72458435791,0.0,54968.72458435791,10800.0,10800.0
O2_online_scheme_reconstruction,2025-06-13,2025-06-12,2025-05-16,2025-06-12,0.9,40669.39475671166,0.0,23254.168061633296,0.0,23254.168061633296,10800.0,10800.0
O2_online_scheme_reconstruction,2025-06-14,2025-06-13,2025-05-17,2025-06-13,0.9,42785.1427341025,0.0,24382.42680943638,0.0,24382.42680943638,10800.0,10800.0
O2_online_scheme_reconstruction,2025-06-15,2025-06-14,2025-05-18,2025-06-14,0.9,91533.07502463374,0.0,58119.944773437375,0.0,58119.944773437375,10800.0,10800.0
O2_online_scheme_reconstruction,2025-06-16,2025-06-15,2025-05-19,2025-06-15,0.9,90797.58764174485,0.0,57632.56862554775,0.0,57632.56862554775,10800.0,10800.0
O2_online_scheme_reconstruction,2025-06-17,2025-06-16,2025-05-20,2025-06-16,0.9,90333.35767913477,0.0,57225.45727198647,0.0,57225.45727198647,10800.0,10800.0
O2_online_scheme_reconstruction,2025-06-18,2025-06-17,2025-05-21,2025-06-17,0.9,91274.13380558333,0.0,57786.577207548034,0.0,57786.577207548034,10800.0,10800.0
O2_online_scheme_reconstruction,2025-06-19,2025-06-18,2025-05-22,2025-06-18,0.9,90642.73517041668,14.373000000000047,57458.35121745746,96.89557950000032,57555.246796957465,10800.0,10800.0
O2_online_scheme_reconstruction,2025-06-20,2025-06-19,2025-05-23,2025-06-19,0.9,43306.22298591498,0.0,24901.92694546146,0.0,24901.92694546146,10800.0,10800.0
O2_online_scheme_reconstruction,2025-06-21,2025-06-20,2025-05-24,2025-06-20,0.9,43198.86208278333,0.0,24933.010301610622,0.0,24933.010301610622,10800.0,10800.0
O2_online_scheme_reconstruction,2025-06-22,2025-06-21,2025-05-25,2025-06-21,0.9,90110.18251576852,0.0,57266.31276093285,0.0,57266.31276093285,10800.0,10800.0
O2_online_scheme_reconstruction,2025-06-23,2025-06-22,2025-05-26,2025-06-22,0.9,88456.20142552983,0.0,56050.40909146012,0.0,56050.40909146012,10800.0,10800.0
O2_online_scheme_reconstruction,2025-06-24,2025-06-23,2025-05-27,2025-06-23,0.9,87374.92541942798,608.0044429516636,55350.33939062098,2831.803650418609,58182.14304103959,10800.0,10800.0
O2_online_scheme_reconstruction,2025-06-25,2025-06-24,2025-05-28,2025-06-24,0.9,89975.54193891873,0.0,57060.38809584949,0.0,57060.38809584949,10800.0,10800.0
O2_online_scheme_reconstruction,2025-06-26,2025-06-25,2025-05-29,2025-06-25,0.9,90655.96160216666,0.0,57783.32847388091,0.0,57783.32847388091,10800.0,10800.0
O2_online_scheme_reconstruction,2025-06-27,2025-06-26,2025-05-30,2025-06-26,0.9,43981.91203327,0.0,25487.05348382741,0.0,25487.05348382741,10800.0,10800.0
O2_online_scheme_reconstruction,2025-06-28,2025-06-27,2025-05-31,2025-06-27,0.9,44222.84151014667,0.0,25596.73528197303,0.0,25596.73528197303,10800.0,10800.0
O2_online_scheme_reconstruction,2025-06-29,2025-06-28,2025-06-01,2025-06-28,0.9,92635.69579898147,0.0,59333.67828048571,0.0,59333.67828048571,10800.0,10800.0
O2_online_scheme_reconstruction,2025-06-30,2025-06-29,2025-06-02,2025-06-29,0.9,90153.88362623766,0.0,57488.79144662961,0.0,57488.79144662961,10800.0,10800.0
O2_online_scheme_reconstruction,2025-07-01,2025-06-30,2025-06-03,2025-06-30,0.8,84949.65870165022,386.03731266666887,53692.7317401815,2156.2534909061815,55848.98523108769,10800.0,10586.89312575
O2_online_scheme_reconstruction,2025-07-02,2025-07-01,2025-06-04,2025-07-01,0.8,84373.95004601873,469.5134039616672,53029.29675328692,2952.824180950174,55982.1209342371,10586.89312575,10525.88617039815
O2_online_scheme_reconstruction,2025-07-03,2025-07-02,2025-06-05,2025-07-02,0.8,82550.32330209817,2068.425592358336,51839.56226666198,11808.641306950247,63648.203573612234,10525.88617039815,10528.369827
O2_online_scheme_reconstruction,2025-07-04,2025-07-03,2025-06-06,2025-07-03,0.8,40152.18744686667,2748.4899548266612,23330.33829494071,12815.496882815634,36145.835177756344,10528.369827,10452.14306175
O2_online_scheme_reconstruction,2025-07-05,2025-07-04,2025-06-07,2025-07-04,0.8,40528.88651709167,2857.689353438336,23302.149146343025,14737.686998736493,38039.83614507952,10452.14306175,10524.74860875
O2_online_scheme_reconstruction,2025-07-06,2025-07-05,2025-06-08,2025-07-05,0.8,76873.4029206461,6959.38092583833,47999.91580406445,44727.95263085917,92727.86843492361,10524.74860875,10493.357054249998
O2_online_scheme_reconstruction,2025-07-07,2025-07-06,2025-06-09,2025-07-06,0.8,78208.43074072634,472.57336149999946,48913.00206633351,2789.966299421913,51702.96836575542,10493.357054249998,10475.725112249998
O2_online_scheme_reconstruction,2025-07-08,2025-07-07,2025-06-10,2025-07-07,0.8,82575.3835361794,457.107668636667,51776.52669003514,3177.708189159389,54954.234879194526,10475.725112249998,10800.0
O2_online_scheme_reconstruction,2025-07-09,2025-07-08,2025-06-11,2025-07-08,0.8,81547.47820491152,68.45661749999977,51347.14923243849,461.58631787083175,51808.73555030932,10800.0,10800.0
O2_online_scheme_reconstruction,2025-07-10,2025-07-09,2025-06-12,2025-07-09,0.8,81841.14506317078,94.07758333333334,51641.64144476293,633.9899115000001,52275.63135626294,10800.0,10800.0
O2_online_scheme_reconstruction,2025-07-11,2025-07-10,2025-06-13,2025-07-10,0.8,43813.22172833334,542.9752920783303,25751.33799943875,2197.4843690237362,27948.82236846249,10800.0,10800.0
O2_online_scheme_reconstruction,2025-07-12,2025-07-11,2025-06-14,2025-07-11,0.8,44292.82474933333,0.0,25768.576960762948,0.0,25768.576960762948,10800.0,10800.0
O2_online_scheme_reconstruction,2025-07-13,2025-07-12,2025-06-15,2025-07-12,0.9,86778.92485853215,69.34931658333346,54722.80719840151,466.64291168437586,55189.45011008589,10800.0,10800.0
O2_online_scheme_reconstruction,2025-07-14,2025-07-13,2025-06-16,2025-07-13,0.9,85883.2586672797,0.0,54055.72586009347,0.0,54055.72586009347,10800.0,10800.0
O2_online_scheme_reconstruction,2025-07-15,2025-07-14,2025-06-17,2025-07-14,0.9,89325.9710666358,0.0,56624.591892605946,0.0,56624.591892605946,10800.0,10800.0
O2_online_scheme_reconstruction,2025-07-16,2025-07-15,2025-06-18,2025-07-15,0.9,88967.78256309553,0.0,56169.86388801593,0.0,56169.86388801593,10800.0,10800.0
O2_online_scheme_reconstruction,2025-07-17,2025-07-16,2025-06-19,2025-07-16,0.9,88154.6102274771,0.0,55767.20071855695,0.0,55767.20071855695,10800.0,10800.0
O2_online_scheme_reconstruction,2025-07-18,2025-07-17,2025-06-20,2025-07-17,0.9,48247.72065141667,0.0,28722.307043951376,0.0,28722.307043951376,10800.0,10800.0
O2_online_scheme_reconstruction,2025-07-19,2025-07-18,2025-06-21,2025-07-18,0.9,48638.42651783333,0.0,28866.93156583784,0.0,28866.93156583784,10800.0,10800.0
O2_online_scheme_reconstruction,2025-07-20,2025-07-19,2025-06-22,2025-07-19,0.9,90197.84614956894,0.0,57053.06118544839,0.0,57053.06118544839,10800.0,10800.0
O2_online_scheme_reconstruction,2025-07-21,2025-07-20,2025-06-23,2025-07-20,0.9,90516.69656371167,0.0,57342.2882134114,0.0,57342.2882134114,10800.0,10800.0
O2_online_scheme_reconstruction,2025-07-22,2025-07-21,2025-06-24,2025-07-21,0.9,94982.63979886317,0.0,60603.49528500561,0.0,60603.49528500561,10800.0,10800.0
O2_online_scheme_reconstruction,2025-07-23,2025-07-22,2025-06-25,2025-07-22,0.9,94293.32143753603,0.0,60081.19027694847,0.0,60081.19027694847,10800.0,10800.0
O2_online_scheme_reconstruction,2025-07-24,2025-07-23,2025-06-26,2025-07-23,0.9,93613.48556007414,0.0,59778.24495352884,0.0,59778.24495352884,10800.0,10800.0
O2_online_scheme_reconstruction,2025-07-25,2025-07-24,2025-06-27,2025-07-24,0.9,51351.79112566667,0.0,30884.772835518357,0.0,30884.772835518357,10800.0,10800.0
O2_online_scheme_reconstruction,2025-07-26,2025-07-25,2025-06-28,2025-07-25,0.9,51783.744739166665,0.0,31157.257124792704,0.0,31157.257124792704,10800.0,10800.0
O2_online_scheme_reconstruction,2025-07-27,2025-07-26,2025-06-29,2025-07-26,0.9,93905.40461597222,0.0,59930.878266168904,0.0,59930.878266168904,10800.0,10800.0
O2_online_scheme_reconstruction,2025-07-28,2025-07-27,2025-06-30,2025-07-27,0.9,94461.35994605452,0.0,60327.48282533524,0.0,60327.48282533524,10800.0,10800.0
O2_online_scheme_reconstruction,2025-07-29,2025-07-28,2025-07-01,2025-07-28,0.9,99527.53385209155,0.0,63889.894153944886,0.0,63889.894153944886,10800.0,10800.0
O2_online_scheme_reconstruction,2025-07-30,2025-07-29,2025-07-02,2025-07-29,0.9,99940.56375562346,0.0,64118.15220358967,0.0,64118.15220358967,10800.0,10800.0
O2_online_scheme_reconstruction,2025-07-31,2025-07-30,2025-07-03,2025-07-30,0.9,99680.7366403539,0.0,64007.03971988916,0.0,64007.03971988916,10800.0,10800.0
O2_online_scheme_reconstruction,2025-08-01,2025-07-31,2025-07-04,2025-07-31,0.9,53446.19795008334,0.0,32339.109335503268,0.0,32339.109335503268,10800.0,10800.0
O2_online_scheme_reconstruction,2025-08-02,2025-08-01,2025-07-05,2025-08-01,0.9,52837.80667633333,0.0,32039.11483859733,0.0,32039.11483859733,10800.0,10800.0
O2_online_scheme_reconstruction,2025-08-03,2025-08-02,2025-07-06,2025-08-02,0.9,94526.5460779362,0.0,60431.86809503174,0.0,60431.86809503174,10800.0,10800.0
O2_online_scheme_reconstruction,2025-08-04,2025-08-03,2025-07-07,2025-08-03,0.8,87225.75196018931,0.0,55286.98661973288,0.0,55286.98661973288,10800.0,10800.0
O2_online_scheme_reconstruction,2025-08-05,2025-08-04,2025-07-08,2025-08-04,0.8,84786.83344216537,0.0,53739.861483691406,0.0,53739.861483691406,10800.0,10800.0
O2_online_scheme_reconstruction,2025-08-06,2025-08-05,2025-07-09,2025-08-05,0.8,82405.11899442182,0.0,52286.64358575981,0.0,52286.64358575981,10800.0,10800.0
O2_online_scheme_reconstruction,2025-08-07,2025-08-06,2025-07-10,2025-08-06,0.8,81875.85398577573,0.0,52071.16082638669,0.0,52071.16082638669,10800.0,10800.0
O2_online_scheme_reconstruction,2025-08-08,2025-08-07,2025-07-11,2025-08-07,0.8,46957.50346633333,0.0,27772.14840228373,0.0,27772.14840228373,10800.0,10800.0
O2_online_scheme_reconstruction,2025-08-09,2025-08-08,2025-07-12,2025-08-08,0.8,46719.96434983333,0.0,27693.092185676855,0.0,27693.092185676855,10800.0,10800.0
O2_online_scheme_reconstruction,2025-08-10,2025-08-09,2025-07-13,2025-08-09,0.7,75921.51203090946,0.0,48500.11863117105,0.0,48500.11863117105,10800.0,10800.0
O2_online_scheme_reconstruction,2025-08-11,2025-08-10,2025-07-14,2025-08-10,0.7,76005.87535126955,11.736499999999864,48417.27841020722,79.12161474999908,48496.40002495721,10800.0,10800.0
O2_online_scheme_reconstruction,2025-08-12,2025-08-11,2025-07-15,2025-08-11,0.7,74511.87697498978,130.57611591249884,47373.643524057916,907.9327447120918,48281.57626877001,10800.0,10800.0
O2_online_scheme_reconstruction,2025-08-13,2025-08-12,2025-07-16,2025-08-12,0.7,75411.92452996399,27.935207749999904,47908.86248443362,192.43002171187436,48101.292506145495,10800.0,10800.0
O2_online_scheme_reconstruction,2025-08-14,2025-08-13,2025-07-17,2025-08-13,0.7,75635.44887409876,63.81331499999999,47894.38869579285,435.0309172499999,48329.419613042846,10800.0,10800.0
O2_online_scheme_reconstruction,2025-08-15,2025-08-14,2025-07-18,2025-08-14,0.7,42867.77886266666,0.0,24973.09876580001,0.0,24973.09876580001,10800.0,10800.0
O2_online_scheme_reconstruction,2025-08-16,2025-08-15,2025-07-19,2025-08-15,0.7,42895.32744783333,0.0,25001.685467012558,0.0,25001.685467012558,10800.0,10800.0
O2_online_scheme_reconstruction,2025-08-17,2025-08-16,2025-07-20,2025-08-16,0.7,73336.19833855388,77.07297983333376,46653.46492627822,519.167183673628,47172.632109951846,10800.0,10800.0
O2_online_scheme_reconstruction,2025-08-18,2025-08-17,2025-07-21,2025-08-17,0.7,72360.652815121,167.84645683333372,45922.975267303926,1135.796448090211,47058.771715394134,10800.0,10800.0
O2_online_scheme_reconstruction,2025-08-19,2025-08-18,2025-07-22,2025-08-18,0.7,71865.62926545987,100.6158330833332,45714.55247887368,678.8121925973325,46393.36467147102,10800.0,10800.0
O2_online_scheme_reconstruction,2025-08-20,2025-08-19,2025-07-23,2025-08-19,0.7,71432.54199041665,3989.6645906075005,45540.50209511601,25202.553044824956,70743.05513994096,10800.0,10800.0
O2_online_scheme_reconstruction,2025-08-21,2025-08-20,2025-07-24,2025-08-20,0.8,75533.38137075308,0.3888333333333094,47786.34317386082,2.622486416666505,47788.96566027748,10800.0,10800.0
O2_online_scheme_reconstruction,2025-08-22,2025-08-21,2025-07-25,2025-08-21,0.8,42865.182798333335,0.0,24900.899778264535,0.0,24900.899778264535,10800.0,10800.0
O2_online_scheme_reconstruction,2025-08-23,2025-08-22,2025-07-26,2025-08-22,0.8,42720.38036283333,0.0,24894.318878684786,0.0,24894.318878684786,10800.0,10800.0
O2_online_scheme_reconstruction,2025-08-24,2025-08-23,2025-07-27,2025-08-23,0.8,77285.34914740124,0.0,48780.280082397876,0.0,48780.280082397876,10800.0,10800.0
O2_online_scheme_reconstruction,2025-08-25,2025-08-24,2025-07-28,2025-08-24,0.8,77207.01421954115,255.2383232849969,48688.7062383955,1775.6300153851384,50464.33625378064,10800.0,10800.0
O2_online_scheme_reconstruction,2025-08-26,2025-08-25,2025-07-29,2025-08-25,0.8,76458.69335894239,3.2354641666665884,48444.49016498012,21.79570435874947,48466.28586933887,10800.0,10800.0
O2_online_scheme_reconstruction,2025-08-27,2025-08-26,2025-07-30,2025-08-26,0.8,76384.51052193827,35.56550000000004,48509.88581182983,239.6077772500003,48749.49358907983,10800.0,10800.0
O2_online_scheme_reconstruction,2025-08-28,2025-08-27,2025-07-31,2025-08-27,0.8,76850.54934016461,66.97906549999993,48838.67111101298,451.29157875908294,49289.96268977206,10800.0,10800.0
O2_online_scheme_reconstruction,2025-08-29,2025-08-28,2025-08-01,2025-08-28,0.8,43522.230115666665,0.0,25539.625950756716,0.0,25539.625950756716,10800.0,10800.0
O2_online_scheme_reconstruction,2025-08-30,2025-08-29,2025-08-02,2025-08-29,0.9,44711.497935,0.0,26355.645828414188,0.0,26355.645828414188,10800.0,10800.0
O2_online_scheme_reconstruction,2025-08-31,2025-08-30,2025-08-03,2025-08-30,0.9,81365.1910709496,0.0,51677.67250302624,0.0,51677.67250302624,10800.0,10800.0
O2_online_scheme_reconstruction,2025-09-01,2025-08-31,2025-08-04,2025-08-31,0.9,81779.5399216965,0.0,51779.735672605464,0.0,51779.735672605464,10800.0,10800.0
O2_online_scheme_reconstruction,2025-09-02,2025-09-01,2025-08-05,2025-09-01,0.9,80837.05607042387,0.0,51016.753550076784,0.0,51016.753550076784,10800.0,10800.0
O2_online_scheme_reconstruction,2025-09-03,2025-09-02,2025-08-06,2025-09-02,0.9,79906.21858915123,0.0,50516.077123231575,0.0,50516.077123231575,10800.0,10800.0
O2_online_scheme_reconstruction,2025-09-04,2025-09-03,2025-08-07,2025-09-03,0.9,79569.76030523457,0.0,50416.478509434186,0.0,50416.478509434186,10800.0,10800.0
O2_online_scheme_reconstruction,2025-09-05,2025-09-04,2025-08-08,2025-09-04,0.9,44288.996969583335,0.0,26135.90178424291,0.0,26135.90178424291,10800.0,10800.0
O2_online_scheme_reconstruction,2025-09-06,2025-09-05,2025-08-09,2025-09-05,0.9,44352.79687425,0.0,26174.690113497134,0.0,26174.690113497134,10800.0,10800.0
O2_online_scheme_reconstruction,2025-09-07,2025-09-06,2025-08-10,2025-09-06,0.9,79128.10704509876,0.0,50329.66832296978,0.0,50329.66832296978,10800.0,10800.0
O2_online_scheme_reconstruction,2025-09-08,2025-09-07,2025-08-11,2025-09-07,0.9,76078.24112226543,0.0,48014.11046863883,0.0,48014.11046863883,10800.0,10800.0
O2_online_scheme_reconstruction,2025-09-09,2025-09-08,2025-08-12,2025-09-08,0.9,76820.64544924485,0.0,48523.02999278003,0.0,48523.02999278003,10800.0,10800.0
O2_online_scheme_reconstruction,2025-09-10,2025-09-09,2025-08-13,2025-09-09,0.9,76010.56600000925,0.0,48003.296527448394,0.0,48003.296527448394,10800.0,10800.0
O2_online_scheme_reconstruction,2025-09-11,2025-09-10,2025-08-14,2025-09-10,0.9,77699.57139436831,0.0,49245.84615213327,0.0,49245.84615213327,10800.0,10800.0
O2_online_scheme_reconstruction,2025-09-12,2025-09-11,2025-08-15,2025-09-11,0.9,41674.96128025,0.0,24220.646282418176,0.0,24220.646282418176,10800.0,10800.0
O2_online_scheme_reconstruction,2025-09-13,2025-09-12,2025-08-16,2025-09-12,0.9,42041.96272616667,0.0,24431.966985528154,0.0,24431.966985528154,10800.0,10800.0
O2_online_scheme_reconstruction,2025-09-14,2025-09-13,2025-08-17,2025-09-13,0.9,76212.475072643,0.0,48464.87153014605,0.0,48464.87153014605,10800.0,10800.0
O2_online_scheme_reconstruction,2025-09-15,2025-09-14,2025-08-18,2025-09-14,0.9,74768.1000907037,0.0,47022.82343955508,0.0,47022.82343955508,10800.0,10800.0
O2_online_scheme_reconstruction,2025-09-16,2025-09-15,2025-08-19,2025-09-15,0.9,73332.01732415226,0.0,46306.554304463556,0.0,46306.554304463556,10800.0,10800.0
O2_online_scheme_reconstruction,2025-09-17,2025-09-16,2025-08-20,2025-09-16,0.9,74056.7308559712,2.663416666666649,46589.60432993776,12.117214124999919,46601.72154406276,10800.0,10800.0
O2_online_scheme_reconstruction,2025-09-18,2025-09-17,2025-08-21,2025-09-17,0.9,74014.92967284672,0.0,46623.09729895329,0.0,46623.09729895329,10800.0,10800.0
O2_online_scheme_reconstruction,2025-09-19,2025-09-18,2025-08-22,2025-09-18,0.9,38803.442344250005,0.0,22054.769177355996,0.0,22054.769177355996,10800.0,10800.0
O2_online_scheme_reconstruction,2025-09-20,2025-09-19,2025-08-23,2025-09-19,0.9,38675.993806833336,0.0,21911.527258506627,0.0,21911.527258506627,10800.0,10800.0
O2_online_scheme_reconstruction,2025-09-21,2025-09-20,2025-08-24,2025-09-20,0.8,71408.33930572635,0.0,44749.23739638488,0.0,44749.23739638488,10800.0,10800.0
O2_online_scheme_reconstruction,2025-09-22,2025-09-21,2025-08-25,2025-09-21,0.8,67756.80583581686,424.6377213633365,41989.85201783097,2633.0389801787014,44622.89099800967,10800.0,10763.3330655
O2_online_scheme_reconstruction,2025-09-23,2025-09-22,2025-08-26,2025-09-22,0.8,67794.03916238682,869.4464659366678,42030.19213960861,5685.604177860961,47715.79631746956,10763.3330655,10735.202580000001
O2_online_scheme_reconstruction,2025-09-24,2025-09-23,2025-08-27,2025-09-23,0.8,68130.21296798147,198.79423597000337,42173.63790443899,980.8590070271455,43154.496911466136,10735.202580000001,10800.0
O2_online_scheme_reconstruction,2025-09-25,2025-09-24,2025-08-28,2025-09-24,0.8,67561.79231777367,362.98049451833526,41967.247584727105,1991.8813618740733,43959.12894660117,10800.0,10653.719484
O2_online_scheme_reconstruction,2025-09-26,2025-09-25,2025-08-29,2025-09-25,0.8,33594.96937323334,0.0,18102.56743351555,0.0,18102.56743351555,10653.719484,10800.0
O2_online_scheme_reconstruction,2025-09-27,2025-09-26,2025-08-30,2025-09-26,0.9,35323.78067758334,35.151147727496266,19360.264856052585,245.21440654701394,19605.479262599598,10800.0,10800.0
O2_online_scheme_reconstruction,2025-09-28,2025-09-27,2025-08-31,2025-09-27,0.9,72198.8369871111,5.868333333333453,44999.77264094897,39.561369166667475,45039.334010115635,10800.0,10800.0
O2_online_scheme_reconstruction,2025-09-29,2025-09-28,2025-09-01,2025-09-28,0.9,69658.84527181996,831.948979524997,42940.3159967353,5653.398472536837,48593.714469272134,10800.0,10462.557004124998
O2_online_scheme_reconstruction,2025-09-30,2025-09-29,2025-09-02,2025-09-29,0.9,71069.94795392593,705.865543689999,43963.00707603198,4694.695682623308,48657.70275865529,10462.557004124998,10653.772489874998
O2_online_scheme_reconstruction,2025-10-01,2025-09-30,2025-09-03,2025-09-30,0.9,72254.46798235804,0.0,44754.215639682945,0.0,44754.215639682945,10653.772489874998,10800.0
O2_online_scheme_reconstruction,2025-10-02,2025-10-01,2025-09-04,2025-10-01,0.9,69579.84721544341,0.0,43205.626191144984,0.0,43205.626191144984,10800.0,10800.0
O2_online_scheme_reconstruction,2025-10-03,2025-10-02,2025-09-05,2025-10-02,0.9,33628.58174175,0.0,17967.487255465727,0.0,17967.487255465727,10800.0,10800.0
O2_online_scheme_reconstruction,2025-10-04,2025-10-03,2025-09-06,2025-10-03,0.9,33950.93581616667,0.0,18212.790009097385,0.0,18212.790009097385,10800.0,10800.0
O2_online_scheme_reconstruction,2025-10-05,2025-10-04,2025-09-07,2025-10-04,0.9,66830.77673225309,0.0,41468.65528413395,0.0,41468.65528413395,10800.0,10800.0
O2_online_scheme_reconstruction,2025-10-06,2025-10-05,2025-09-08,2025-10-05,0.9,65688.50676123456,0.0,40806.71855228106,0.0,40806.71855228106,10800.0,10800.0
O2_online_scheme_reconstruction,2025-10-07,2025-10-06,2025-09-09,2025-10-06,0.9,67362.5659071142,0.0,41868.7508321335,0.0,41868.7508321335,10800.0,10800.0
O2_online_scheme_reconstruction,2025-10-08,2025-10-07,2025-09-10,2025-10-07,0.9,67502.07950176645,0.0,41511.840167687136,0.0,41511.840167687136,10800.0,10800.0
O2_online_scheme_reconstruction,2025-10-09,2025-10-08,2025-09-11,2025-10-08,0.9,67608.09061734466,0.0,41676.35189979161,0.0,41676.35189979161,10800.0,10800.0
O2_online_scheme_reconstruction,2025-10-10,2025-10-09,2025-09-12,2025-10-09,0.9,33547.822044249995,0.0,17589.25556307906,0.0,17589.25556307906,10800.0,10800.0
O2_online_scheme_reconstruction,2025-10-11,2025-10-10,2025-09-13,2025-10-10,0.9,34318.814493833335,0.0,18121.954020612,0.0,18121.954020612,10800.0,10800.0
O2_online_scheme_reconstruction,2025-10-12,2025-10-11,2025-09-14,2025-10-11,0.9,68176.73338855657,20.92993333333345,42196.53608371726,98.0358077333339,42294.5718914506,10800.0,10800.0
O2_online_scheme_reconstruction,2025-10-13,2025-10-12,2025-09-15,2025-10-12,0.9,68468.65472086112,0.0,42422.43445315218,0.0,42422.43445315218,10800.0,10800.0
O2_online_scheme_reconstruction,2025-10-14,2025-10-13,2025-09-16,2025-10-13,0.9,68705.46282331893,0.0,42646.43084004361,0.0,42646.43084004361,10800.0,10800.0
O2_online_scheme_reconstruction,2025-10-15,2025-10-14,2025-09-17,2025-10-14,0.9,68512.04003363271,0.0,42143.30138372749,0.0,42143.30138372749,10800.0,10800.0
O2_online_scheme_reconstruction,2025-10-16,2025-10-15,2025-09-18,2025-10-15,0.9,70055.95960596605,780.8590407716649,43128.434612994315,5435.703620109493,48564.138233103804,10800.0,10800.0
O2_online_scheme_reconstruction,2025-10-17,2025-10-16,2025-09-19,2025-10-16,0.9,34167.67600491667,0.0,17800.34178094035,0.0,17800.34178094035,10800.0,10800.0
O2_online_scheme_reconstruction,2025-10-18,2025-10-17,2025-09-20,2025-10-17,0.9,34865.352325583335,0.0,18302.612869482924,0.0,18302.612869482924,10800.0,10800.0
O2_online_scheme_reconstruction,2025-10-19,2025-10-18,2025-09-21,2025-10-18,0.9,72825.91893539918,0.0,44876.69987983812,0.0,44876.69987983812,10800.0,10800.0
O2_online_scheme_reconstruction,2025-10-20,2025-10-19,2025-09-22,2025-10-19,0.9,73954.00208263683,118.72171004999973,45701.25809890329,582.2869700675569,46283.545068970845,10800.0,10800.0
O2_online_scheme_reconstruction,2025-10-21,2025-10-20,2025-09-23,2025-10-20,0.9,74426.29518609258,0.0,46035.89806641125,0.0,46035.89806641125,10800.0,10800.0
O2_online_scheme_reconstruction,2025-10-22,2025-10-21,2025-09-24,2025-10-21,0.9,74097.97219054424,438.9289268658317,45357.11622773451,2450.081066521444,47807.19729425595,10800.0,10759.126717874999
O2_online_scheme_reconstruction,2025-10-23,2025-10-22,2025-09-25,2025-10-22,0.9,75269.72694619032,0.0,46399.01068834127,0.0,46399.01068834127,10759.126717874999,10800.0
O2_online_scheme_reconstruction,2025-10-24,2025-10-23,2025-09-26,2025-10-23,0.9,34439.650112,270.74233088166443,17772.76778542543,1479.667094017948,19252.434879443375,10800.0,10771.870058925002
O2_online_scheme_reconstruction,2025-10-25,2025-10-24,2025-09-27,2025-10-24,0.9,35246.685479634165,0.0,18300.906076216263,0.0,18300.906076216263,10771.870058925002,10800.0
O2_online_scheme_reconstruction,2025-10-26,2025-10-25,2025-09-28,2025-10-25,0.9,75992.66123349898,0.0,46943.51511327166,0.0,46943.51511327166,10800.0,10800.0
O2_online_scheme_reconstruction,2025-10-27,2025-10-26,2025-09-29,2025-10-26,0.9,75928.59500390329,9.571547416666476,46991.2510213929,44.83312809966578,47036.08414949256,10800.0,10800.0
O2_online_scheme_reconstruction,2025-10-28,2025-10-27,2025-09-30,2025-10-27,0.9,75431.60174666153,0.0,46582.20077594897,0.0,46582.20077594897,10800.0,10800.0
O2_online_scheme_reconstruction,2025-10-29,2025-10-28,2025-10-01,2025-10-28,0.9,74536.96665848148,486.42932549999904,45782.07782689676,3130.355626101952,48912.43345299871,10800.0,10761.905822625002
O2_online_scheme_reconstruction,2025-10-30,2025-10-29,2025-10-02,2025-10-29,0.9,76117.77349451085,143.14314835583366,47024.69052271782,780.6002208928045,47805.290743610625,10761.905822625002,10767.318914625
O2_online_scheme_reconstruction,2025-10-31,2025-10-30,2025-10-03,2025-10-30,0.9,35182.62886800417,172.2121272741644,18259.649181513225,857.2036909640514,19116.852872477277,10767.318914625,10739.953230375002
O2_online_scheme_reconstruction,2025-11-01,2025-10-31,2025-10-04,2025-10-31,0.9,35782.4963901625,0.0,18643.589620296716,0.0,18643.589620296716,10739.953230375002,10800.0
O2_online_scheme_reconstruction,2025-11-02,2025-11-01,2025-10-05,2025-11-01,0.9,78865.67104535145,200.8276420275015,48944.94958199613,1386.3503078863505,50331.29988988248,10800.0,10800.0
O2_online_scheme_reconstruction,2025-11-03,2025-11-02,2025-10-06,2025-11-02,0.9,79614.4740463562,0.0,49575.903364301106,0.0,49575.903364301106,10800.0,10800.0
O2_online_scheme_reconstruction,2025-11-04,2025-11-03,2025-10-07,2025-11-03,0.9,79440.78410515375,290.59303448333003,49330.712727843114,1902.3783063759433,51233.09103421906,10800.0,10800.0
O2_online_scheme_reconstruction,2025-11-05,2025-11-04,2025-10-08,2025-11-04,0.9,79833.08958395576,0.0,49772.24492517923,0.0,49772.24492517923,10800.0,10800.0
O2_online_scheme_reconstruction,2025-11-06,2025-11-05,2025-10-09,2025-11-05,0.9,79547.9696665103,0.0,49659.8839217714,0.0,49659.8839217714,10800.0,10800.0
O2_online_scheme_reconstruction,2025-11-07,2025-11-06,2025-10-10,2025-11-06,0.9,36507.595040416665,0.0,19249.701670055452,0.0,19249.701670055452,10800.0,10800.0
O2_online_scheme_reconstruction,2025-11-08,2025-11-07,2025-10-11,2025-11-07,0.9,36664.55766133334,0.0,19270.014396144845,0.0,19270.014396144845,10800.0,10800.0
O2_online_scheme_reconstruction,2025-11-09,2025-11-08,2025-10-12,2025-11-08,0.9,80906.98149868665,0.0,50694.53835358887,0.0,50694.53835358887,10800.0,10800.0
O2_online_scheme_reconstruction,2025-11-10,2025-11-09,2025-10-13,2025-11-09,0.9,81673.34247185287,48.27880291249644,51216.44899186042,306.02398316945016,51522.47297502987,10800.0,10800.0
O2_online_scheme_reconstruction,2025-11-11,2025-11-10,2025-10-14,2025-11-10,0.9,82554.79531416255,0.0,51810.191238432686,0.0,51810.191238432686,10800.0,10800.0
O2_online_scheme_reconstruction,2025-11-12,2025-11-11,2025-10-15,2025-11-11,0.9,82409.26154899487,0.0,51764.10185976658,0.0,51764.10185976658,10800.0,10800.0
O2_online_scheme_reconstruction,2025-11-13,2025-11-12,2025-10-16,2025-11-12,0.9,82447.85607515021,0.0,51896.751054807304,0.0,51896.751054807304,10800.0,10800.0
O2_online_scheme_reconstruction,2025-11-14,2025-11-13,2025-10-17,2025-11-13,0.9,37875.09428183333,0.0,20158.838776680357,0.0,20158.838776680357,10800.0,10800.0
O2_online_scheme_reconstruction,2025-11-15,2025-11-14,2025-10-18,2025-11-14,0.9,37893.80925316667,0.0,20100.291348241626,0.0,20100.291348241626,10800.0,10800.0
O2_online_scheme_reconstruction,2025-11-16,2025-11-15,2025-10-19,2025-11-15,0.9,83912.43118434156,0.0,52925.86186406709,0.0,52925.86186406709,10800.0,10800.0
O2_online_scheme_reconstruction,2025-11-17,2025-11-16,2025-10-20,2025-11-16,0.9,84710.65436762449,0.0,53440.01328604293,0.0,53440.01328604293,10800.0,10800.0
O2_online_scheme_reconstruction,2025-11-18,2025-11-17,2025-10-21,2025-11-17,0.9,84590.31602649999,0.0,53314.17147493719,0.0,53314.17147493719,10800.0,10800.0
O2_online_scheme_reconstruction,2025-11-19,2025-11-18,2025-10-22,2025-11-18,0.9,84938.85519889815,1.3850000000001046,53594.3794252114,6.301057500000476,53600.68048271141,10800.0,10800.0
O2_online_scheme_reconstruction,2025-11-20,2025-11-19,2025-10-23,2025-11-19,0.9,84867.81224654114,0.0,53588.23270095039,0.0,53588.23270095039,10800.0,10800.0
O2_online_scheme_reconstruction,2025-11-21,2025-11-20,2025-10-24,2025-11-20,0.9,39074.82576110917,0.0,20860.228366002622,0.0,20860.228366002622,10800.0,10800.0
O2_online_scheme_reconstruction,2025-11-22,2025-11-21,2025-10-25,2025-11-21,0.9,39360.183742392495,0.0,20904.903736869295,0.0,20904.903736869295,10800.0,10800.0
O2_online_scheme_reconstruction,2025-11-23,2025-11-22,2025-10-26,2025-11-22,0.9,86372.32270318003,0.0,54549.65541433332,0.0,54549.65541433332,10800.0,10800.0
O2_online_scheme_reconstruction,2025-11-24,2025-11-23,2025-10-27,2025-11-23,0.9,86525.18688975515,6.3483814999999595,54713.68733700918,29.73581894599981,54743.42315595518,10800.0,10800.0
O2_online_scheme_reconstruction,2025-11-25,2025-11-24,2025-10-28,2025-11-24,0.9,86196.66002242902,0.0,54458.84703955269,0.0,54458.84703955269,10800.0,10800.0
O2_online_scheme_reconstruction,2025-11-26,2025-11-25,2025-10-29,2025-11-25,0.9,86605.2599004825,24.082569000000035,54798.79712184974,112.80275319600017,54911.59987504574,10800.0,10800.0
O2_online_scheme_reconstruction,2025-11-27,2025-11-26,2025-10-30,2025-11-26,0.9,86628.22862967901,0.0,54918.80590458789,0.0,54918.80590458789,10800.0,10800.0
O2_online_scheme_reconstruction,2025-11-28,2025-11-27,2025-10-31,2025-11-27,0.9,40342.27720434083,0.0,21483.84881050643,0.0,21483.84881050643,10800.0,10800.0
O2_online_scheme_reconstruction,2025-11-29,2025-11-28,2025-11-01,2025-11-28,0.9,40709.57049209583,0.0,21619.84157175517,0.0,21619.84157175517,10800.0,10800.0
O2_online_scheme_reconstruction,2025-11-30,2025-11-29,2025-11-02,2025-11-29,0.9,88968.05189941666,0.0,56499.68201530601,0.0,56499.68201530601,10800.0,10800.0
O2_online_scheme_reconstruction,2025-12-01,2025-11-30,2025-11-03,2025-11-30,0.9,89650.18321591665,3149.4653517191705,56899.77252818293,15352.517617464971,72252.29014564792,10800.0,10800.0
O2_online_scheme_reconstruction,2025-12-02,2025-12-01,2025-11-04,2025-12-01,0.9,90291.57977226749,3525.847005323335,57463.56410245811,17151.028549715047,74614.59265217316,10800.0,10800.0
O2_online_scheme_reconstruction,2025-12-03,2025-12-02,2025-11-05,2025-12-02,0.9,91967.14719374383,914.4053889516713,58770.75511277812,4515.770785774172,63286.52589855229,10800.0,10800.0
O2_online_scheme_reconstruction,2025-12-04,2025-12-03,2025-11-06,2025-12-03,0.9,93348.02025700411,1673.3097950316678,59777.44438453926,8262.172219177643,68039.6166037169,10800.0,10800.0
O2_online_scheme_reconstruction,2025-12-05,2025-12-04,2025-11-07,2025-12-04,0.9,47348.47649831275,19.943023699999777,24938.89347375239,96.72366494499892,25035.617138697387,10800.0,10800.0
O2_online_scheme_reconstruction,2025-12-06,2025-12-05,2025-11-08,2025-12-05,0.9,48178.103605711935,79.02073379583037,25272.52696277908,374.29350556215684,25646.820468341237,10800.0,10800.0
O2_online_scheme_reconstruction,2025-12-07,2025-12-06,2025-11-09,2025-12-06,0.9,95840.39665556891,6.347958333333281,61523.62784011138,36.87211597916636,61560.499956090556,10800.0,10800.0
O2_online_scheme_reconstruction,2025-12-08,2025-12-07,2025-11-10,2025-12-07,0.9,97639.48531077777,0.0,62682.75924306289,0.0,62682.75924306289,10800.0,10800.0
O2_online_scheme_reconstruction,2025-12-09,2025-12-08,2025-11-11,2025-12-08,0.9,97822.3483189352,43.016783916666895,62828.28880876174,250.79503149920964,63079.08384026095,10800.0,10800.0
O2_online_scheme_reconstruction,2025-12-10,2025-12-09,2025-11-12,2025-12-09,0.9,97951.34796917386,0.0,62910.97477446681,0.0,62910.97477446681,10800.0,10800.0
O2_online_scheme_reconstruction,2025-12-11,2025-12-10,2025-11-13,2025-12-10,0.9,98474.56171332509,0.0,63358.81428219903,0.0,63358.81428219903,10800.0,10800.0
O2_online_scheme_reconstruction,2025-12-12,2025-12-11,2025-11-14,2025-12-11,0.9,51489.82813385289,0.0,27143.493881614126,0.0,27143.493881614126,10800.0,10800.0
O2_online_scheme_reconstruction,2025-12-13,2025-12-12,2025-11-15,2025-12-12,0.9,52682.66765468622,0.0,27722.250109008528,0.0,27722.250109008528,10800.0,10800.0
O2_online_scheme_reconstruction,2025-12-14,2025-12-13,2025-11-16,2025-12-13,0.9,99475.97028286317,0.0,64007.02343704298,0.0,64007.02343704298,10800.0,10800.0
O2_online_scheme_reconstruction,2025-12-15,2025-12-14,2025-11-17,2025-12-14,0.9,101237.45015754012,0.0,65113.7631765065,0.0,65113.7631765065,10800.0,10800.0
O2_online_scheme_reconstruction,2025-12-16,2025-12-15,2025-11-18,2025-12-15,0.9,101687.85912915946,0.0,65533.736468365445,0.0,65533.736468365445,10800.0,10800.0
O2_online_scheme_reconstruction,2025-12-17,2025-12-16,2025-11-19,2025-12-16,0.9,102029.70809548971,0.0,65692.1610345052,0.0,65692.1610345052,10800.0,10800.0
O2_online_scheme_reconstruction,2025-12-18,2025-12-17,2025-11-20,2025-12-17,0.9,101602.55017946195,0.0,65595.62607808877,0.0,65595.62607808877,10800.0,10800.0
O2_online_scheme_reconstruction,2025-12-19,2025-12-18,2025-11-21,2025-12-18,0.9,54873.59234279835,0.0,29150.87941898183,0.0,29150.87941898183,10800.0,10800.0
O2_online_scheme_reconstruction,2025-12-20,2025-12-19,2025-11-22,2025-12-19,0.9,55265.79136441872,0.0,29361.28177712689,0.0,29361.28177712689,10800.0,10800.0
O2_online_scheme_reconstruction,2025-12-21,2025-12-20,2025-11-23,2025-12-20,0.9,101418.70205264815,0.0,65467.91800145391,0.0,65467.91800145391,10800.0,10800.0
O2_online_scheme_reconstruction,2025-12-22,2025-12-21,2025-11-24,2025-12-21,0.9,103163.37648333333,0.0,66556.6015811597,0.0,66556.6015811597,10800.0,10800.0
O2_online_scheme_reconstruction,2025-12-23,2025-12-22,2025-11-25,2025-12-22,0.9,103353.70267508333,0.0,66822.8020757868,0.0,66822.8020757868,10800.0,10800.0
O2_online_scheme_reconstruction,2025-12-24,2025-12-23,2025-11-26,2025-12-23,0.9,103082.29618241667,0.0,66431.51784607029,0.0,66431.51784607029,10800.0,10800.0
O2_online_scheme_reconstruction,2025-12-25,2025-12-24,2025-11-27,2025-12-24,0.9,102884.43216283334,0.0,66496.50521724441,0.0,66496.50521724441,10800.0,10800.0
O2_online_scheme_reconstruction,2025-12-26,2025-12-25,2025-11-28,2025-12-25,0.9,56479.045413218104,0.0,30149.704232074164,0.0,30149.704232074164,10800.0,10800.0
O2_online_scheme_reconstruction,2025-12-27,2025-12-26,2025-11-29,2025-12-26,0.9,56701.87727867592,0.0,30183.730725204914,0.0,30183.730725204914,10800.0,10800.0
O2_online_scheme_reconstruction,2025-12-28,2025-12-27,2025-11-30,2025-12-27,0.9,103141.71041024999,0.0,66704.28701536366,0.0,66704.28701536366,10800.0,10800.0
O2_online_scheme_reconstruction,2025-12-29,2025-12-28,2025-12-01,2025-12-28,0.9,104808.25858425,0.0,67764.74252709205,0.0,67764.74252709205,10800.0,10800.0
O2_online_scheme_reconstruction,2025-12-30,2025-12-29,2025-12-02,2025-12-29,0.9,104480.65177775,0.0,67527.75755841745,0.0,67527.75755841745,10800.0,10800.0
O2_online_scheme_reconstruction,2025-12-31,2025-12-30,2025-12-03,2025-12-30,0.8,101024.82531707201,0.0,64892.684071521086,0.0,64892.684071521086,10800.0,10800.0
